13:32:57.931 -> ESP-ROM:esp32s3-20210327
13:32:57.931 -> [    51][V][esp32-hal-periman.c:248] perimanSetBusDeinit(): Deinit function for type USB_DM (45) successfully set to 0x4202a814
13:32:57.931 -> [    62][V][esp32-hal-periman.c:173] perimanSetPinBus(): Pin 19 successfully set to type USB_DM (45) with bus 0x3fca2364
13:32:57.931 -> [    73][V][esp32-hal-periman.c:248] perimanSetBusDeinit(): Deinit function for type USB_DP (46) successfully set to 0x4202a814
13:32:57.931 -> [    84][V][esp32-hal-periman.c:173] perimanSetPinBus(): Pin 20 successfully set to type USB_DP (46) with bus 0x3fca2364
13:32:57.931 -> =========== Before Setup Start ===========
13:32:57.931 -> Chip Info:
13:32:57.931 -> ------------------------------------------
13:32:57.931 ->   Model             : ESP32-S3
13:32:57.931 ->   Package           : 0
13:32:57.931 ->   Revision          : 0.02
13:32:57.931 ->   Cores             : 2
13:32:57.931 ->   CPU Frequency     : 240 MHz
13:32:57.978 ->   XTAL Frequency    : 40 MHz
13:32:57.978 ->   Features Bitfield : 0x00000012
13:32:57.978 ->   Embedded Flash    : No
13:32:57.978 ->   Embedded PSRAM    : No
13:32:57.978 ->   2.4GHz WiFi       : Yes
13:32:57.978 ->   Classic BT        : No
13:32:57.978 ->   BT Low Energy     : Yes
13:32:57.978 ->   IEEE 802.15.4     : No
13:32:57.978 -> ------------------------------------------
13:32:57.978 -> INTERNAL Memory Info:
13:32:57.978 -> ------------------------------------------
13:32:57.978 ->   Total Size        :   334016 B ( 326.2 KB)
13:32:57.978 ->   Free Bytes        :   294500 B ( 287.6 KB)
13:32:57.978 ->   Allocated Bytes   :    33884 B (  33.1 KB)
13:32:57.978 ->   Minimum Free Bytes:   289232 B ( 282.5 KB)
13:32:57.978 ->   Largest Free Block:   237556 B ( 232.0 KB)
13:32:57.978 -> ------------------------------------------
13:32:57.978 -> Flash Info:
13:32:57.978 -> ------------------------------------------
13:32:57.978 ->   Chip Size         :  8388608B (8 MB)
13:32:57.978 ->   Block Size        :    65536B (  64.0 KB)
13:32:57.978 ->   Sector Size       :     4096B (   4.0 KB)
13:32:57.978 ->   Page Size         :      256B (   0.2 KB)
13:32:57.978 ->   Bus Speed         : 80 MHz
13:32:57.978 ->   Flash Frequency   : 80 MHz (source: 80 MHz, divider: 1)
13:32:57.978 ->   Bus Mode          : QIO
13:32:57.978 -> ------------------------------------------
13:32:57.978 -> Partitions Info:
13:32:57.978 -> ------------------------------------------
13:32:57.978 ->                 nvs : addr: 0x00009000, size:    20.0 KB, type: DATA, subtype: NVS
13:32:57.978 ->             otadata : addr: 0x0000E000, size:     8.0 KB, type: DATA, subtype: OTA
13:32:57.978 ->                app0 : addr: 0x00010000, size:  3264.0 KB, type:  APP, subtype: OTA_0
13:32:57.978 ->                app1 : addr: 0x00340000, size:  3264.0 KB, type:  APP, subtype: OTA_1
13:32:57.978 ->              spiffs : addr: 0x00670000, size:  1536.0 KB, type: DATA, subtype: SPIFFS
13:32:57.978 ->            coredump : addr: 0x007F0000, size:    64.0 KB, type: DATA, subtype: COREDUMP
13:32:57.978 -> ------------------------------------------
13:32:57.978 -> Software Info:
13:32:57.978 -> ------------------------------------------
13:32:57.978 ->   Compile Date/Time : Jul  1 2026 12:16:53
13:32:57.978 ->   Compile Host OS   : windows
13:32:57.978 ->   ESP-IDF Version   : v5.5.4
13:32:57.978 ->   Arduino Version   : 3.3.10
13:32:57.978 -> ------------------------------------------
13:32:57.978 -> Board Info:
13:32:57.978 -> ------------------------------------------
13:32:57.978 ->   Arduino Board     : XIAO_ESP32S3
13:32:57.978 ->   Arduino Variant   : XIAO_ESP32S3
13:32:57.978 ->   Arduino FQBN      : esp32:esp32:XIAO_ESP32S3:JTAGAdapter=default,PSRAM=disabled,FlashMode=qio,FlashSize=8M,LoopCore=1,EventsCore=1,USBMode=hwcdc,CDCOnBoot=default,MSCOnBoot=default,DFUOnBoot=default,UploadMode=default,PartitionScheme=default_8MB,CPUFreq=240,UploadSpeed=115200,DebugLevel=verbose,EraseFlash=none
13:32:57.978 -> ============ Before Setup End ============
13:32:58.071 -> [   208][V][esp32-hal-uart.c:807] uartSetPins(): UART0: Driver not yet installed, storing pins for later attachment (RX:44, TX:43)
13:32:58.071 -> [   209][I][esp32-hal-periman.c:151] perimanSetPinBus(): Pin 19 already has type USB_DM (45) with bus 0x3fca2364
13:32:58.071 -> [   209][I][esp32-hal-periman.c:151] perimanSetPinBus(): Pin 20 already has type USB_DP (46) with bus 0x3fca2364
13:32:58.071 -> 
13:32:58.071 -> [AeroSniffer] Booting...
13:32:58.071 -> C,boot,fw=local-dev git=unknown board=DeskBuddy2
13:32:58.071 -> [HW] DeskBuddy 2.0 — XIAO ESP32S3 + ST7789 240x240
13:32:58.071 -> [   210][V][esp32-hal-periman.c:248] perimanSetBusDeinit(): Deinit function for type GPIO (1) successfully set to 0x420cfacc
13:32:58.071 -> [   211][V][esp32-hal-periman.c:173] perimanSetPinBus(): Pin 3 successfully set to type GPIO (1) with bus 0x4
13:32:58.071 -> [   211][V][esp32-hal-periman.c:248] perimanSetBusDeinit(): Deinit function for type GPIO (1) successfully set to 0x420cfacc
13:32:58.071 -> [   212][V][esp32-hal-periman.c:173] perimanSetPinBus(): Pin 4 successfully set to type GPIO (1) with bus 0x5
13:32:58.071 -> [   212][V][esp32-hal-periman.c:248] perimanSetBusDeinit(): Deinit function for type SPI_MASTER_SCK (34) successfully set to 0x4202a0ac
13:32:58.071 -> [   213][V][esp32-hal-periman.c:248] perimanSetBusDeinit(): Deinit function for type SPI_MASTER_MISO (35) successfully set to 0x42029fd4
13:32:58.071 -> [   214][V][esp32-hal-periman.c:248] perimanSetBusDeinit(): Deinit function for type SPI_MASTER_MOSI (36) successfully set to 0x42029ef4
13:32:58.071 -> [   215][V][esp32-hal-periman.c:248] perimanSetBusDeinit(): Deinit function for type SPI_MASTER_SS (37) successfully set to 0x42029ddc
13:32:58.071 -> [   215][V][esp32-hal-periman.c:248] perimanSetBusDeinit(): Deinit function for type GPIO (1) successfully set to 0x420cfacc
13:32:58.071 -> [   216][V][esp32-hal-periman.c:173] perimanSetPinBus(): Pin 7 successfully set to type GPIO (1) with bus 0x8
13:32:58.071 -> [   217][V][esp32-hal-periman.c:173] perimanSetPinBus(): Pin 7 successfully set to type SPI_MASTER_SCK (34) with bus 0x2
13:32:58.071 -> [   217][V][esp32-hal-periman.c:248] perimanSetBusDeinit(): Deinit function for type GPIO (1) successfully set to 0x420cfacc
13:32:58.071 -> [   218][V][esp32-hal-periman.c:173] perimanSetPinBus(): Pin 9 successfully set to type GPIO (1) with bus 0xa
13:32:58.071 -> [   218][V][esp32-hal-periman.c:173] perimanSetPinBus(): Pin 9 successfully set to type SPI_MASTER_MOSI (36) with bus 0x2
13:32:58.676 -> [EMOTION] Boot -> IDLE
13:32:58.676 -> EVT:{"type":"timeline","text":"Creature Awakened","tag":"system"}
13:32:58.676 -> [MOOD] begin -> RELAXED
13:32:58.721 -> [PERSIST] Boot 60 | touches=54 | runtime=1045 min | playful=9 | anxious=0
13:32:58.721 -> [   846][V][Preferences.cpp:423] getUInt(): nvs_get_u32 fail: boot_count NOT_FOUND
13:32:58.721 -> [MEM] begin -> 0 records (boot=0)
13:32:58.721 -> [ATTN] begin -> SOFT_FOCUS
13:32:58.721 -> [EVENTBUS] WARN: exceeded MAX_SUBSCRIBERS (32)
13:32:58.721 -> [EVENTBUS] WARN: exceeded MAX_SUBSCRIBERS (32)
13:32:58.721 -> [EVENTBUS] WARN: exceeded MAX_SUBSCRIBERS (32)
13:32:58.721 -> [EVENTBUS] WARN: exceeded MAX_SUBSCRIBERS (32)
13:32:58.721 -> [EVENTBUS] WARN: exceeded MAX_SUBSCRIBERS (32)
13:32:58.721 -> [EVENTBUS] WARN: exceeded MAX_SUBSCRIBERS (32)
13:32:58.721 -> [   849][V][Preferences.cpp:399] getUShort(): nvs_get_u16 fail: c_col NOT_FOUND
13:32:58.721 -> [   850][V][Preferences.cpp:399] getUShort(): nvs_get_u16 fail: w_col NOT_FOUND
13:32:58.721 -> [   850][E][Preferences.cpp:506] getString(): nvs_get_str len fail: dev_name NOT_FOUND
13:32:58.721 -> [   851][E][Preferences.cpp:506] getString(): nvs_get_str len fail: ap_ssid NOT_FOUND
13:32:58.721 -> [   851][E][Preferences.cpp:506] getString(): nvs_get_str len fail: ap_pass NOT_FOUND
13:32:58.721 -> [   852][V][Preferences.cpp:375] getUChar(): nvs_get_u8 fail: hg_enable NOT_FOUND
13:32:58.721 -> [BOOT] Aviation Enabled preference: true
13:32:58.721 -> [   853][V][esp32-hal-periman.c:248] perimanSetBusDeinit(): Deinit function for type GPIO (1) successfully set to 0x420cfacc
13:32:58.721 -> [   854][V][esp32-hal-periman.c:173] perimanSetPinBus(): Pin 43 successfully set to type GPIO (1) with bus 0x2c
13:32:58.721 -> [INPUT] Capacitive touch on GPIO 43
13:32:58.721 -> [INPUT] Short tap = interact | Long press = mode switch
13:33:01.599 -> {"ready":1,"mode":"pet"}
13:33:01.646 -> [FACE] heartbeat
13:33:01.646 -> C,mood_str,50
13:33:01.646 -> C,ts_engage_write,3782492
13:33:01.646 -> C,engage_lvl,992
13:33:01.646 -> C,modifier,0
13:33:01.646 -> C,engage_floor,0
13:33:01.646 -> C,loop_us,387
13:33:01.646 -> [TOUCH] boot raw=1 pressed=1 active=0 ms=3782
13:33:01.646 -> [TOUCH] transition raw=1 pressed=1 ms=3782
13:33:01.646 -> [TOUCH] START raw=1 ms=3782
13:33:01.646 -> =========== After Setup Start ============
13:33:01.646 -> INTERNAL Memory Info:
13:33:01.646 -> ------------------------------------------
13:33:01.646 ->   Total Size        :   334016 B ( 326.2 KB)
13:33:01.646 ->   Free Bytes        :   150736 B ( 147.2 KB)
13:33:01.646 ->   Allocated Bytes   :   177424 B ( 173.3 KB)
13:33:01.646 ->   Minimum Free Bytes:   150736 B ( 147.2 KB)
13:33:01.646 ->   Largest Free Block:   104436 B ( 102.0 KB)
13:33:01.646 -> ------------------------------------------
13:33:01.646 -> GPIO Info:
13:33:01.646 -> ------------------------------------------
13:33:01.646 ->   GPIO : BUS_TYPE[bus/unit][chan]
13:33:01.646 ->   --------------------------------------  
13:33:01.646 ->      3 : GPIO
13:33:01.646 ->      4 : GPIO
13:33:01.646 ->      7 : SPI_MASTER_SCK[1]
13:33:01.646 ->      9 : SPI_MASTER_MOSI[1]
13:33:01.646 ->     19 : USB_DM
13:33:01.646 ->     20 : USB_DP
13:33:01.646 ->     43 : GPIO
13:33:01.646 -> ============ After Setup End =============
13:33:01.731 -> C,ts_engage_write,3870417
13:33:01.731 -> [TOUCH] transition raw=0 pressed=0 ms=3870
13:33:01.731 -> [TOUCH] RELEASE raw=0 duration=88 ms=3870
13:33:01.731 -> [TOUCH] TAP
13:33:01.731 -> [EMOTION] IDLE -> EXCITED
13:33:01.731 -> EVT:{"type":"timeline","text":"User tap interaction","tag":"touch"}
13:33:01.826 -> C,ts_engage_write,3962445
13:33:01.924 -> C,ts_engage_write,4050387
13:33:01.924 -> [TOUCH] boot raw=0 pressed=0 active=0 ms=4050
13:33:02.020 -> C,ts_engage_write,4138389
13:33:02.067 -> C,ts_engage_write,4226388
13:33:02.160 -> C,ts_engage_write,4314395
13:33:02.160 -> C,engage_lvl,990
13:33:02.160 -> [TOUCH] boot raw=0 pressed=0 active=0 ms=4314
13:33:02.242 -> C,ts_engage_write,4402388
13:33:02.334 -> C,ts_engage_write,4490398
13:33:02.428 -> C,ts_engage_write,4578389
13:33:02.428 -> [TOUCH] boot raw=0 pressed=0 active=0 ms=4578
13:33:02.521 -> C,ts_engage_write,4666390
13:33:02.615 -> C,ts_engage_write,4754394
13:33:02.709 -> [FACE] heartbeat
13:33:02.709 -> C,mood_str,50
13:33:02.709 -> C,ts_engage_write,4842494
13:33:02.709 -> C,engage_lvl,989
13:33:02.709 -> C,modifier,0
13:33:02.709 -> C,engage_floor,0
13:33:02.709 -> C,loop_us,295
13:33:02.709 -> [TOUCH] boot raw=0 pressed=0 active=0 ms=4842
13:33:02.801 -> C,ts_engage_write,4930390
13:33:02.894 -> C,ts_engage_write,5018396
13:33:02.942 -> C,ts_engage_write,5106390
13:33:02.942 -> [TOUCH] boot raw=0 pressed=0 active=0 ms=5106
13:33:03.035 -> C,ts_engage_write,5194392
13:33:03.127 -> C,ts_engage_write,5282394
13:33:03.221 -> C,ts_engage_write,5370395
13:33:03.221 -> C,engage_lvl,987
13:33:03.221 -> [TOUCH] boot raw=0 pressed=0 active=0 ms=5370
13:33:03.314 -> C,ts_engage_write,5458386
13:33:03.406 -> C,ts_engage_write,5546399
13:33:03.499 -> C,ts_engage_write,5634388
13:33:03.499 -> [TOUCH] boot raw=0 pressed=0 active=0 ms=5634
13:33:03.591 -> C,ts_engage_write,5722382
13:33:03.683 -> C,ts_engage_write,5810374
13:33:03.775 -> [FACE] heartbeat
13:33:03.775 -> C,mood_str,50
13:33:03.775 -> C,ts_engage_write,5898502
13:33:03.775 -> C,engage_lvl,986
13:33:03.775 -> C,modifier,0
13:33:03.775 -> C,engage_floor,0
13:33:03.775 -> C,loop_us,296
13:33:03.775 -> [TOUCH] boot raw=0 pressed=0 active=0 ms=5898
13:33:03.823 -> C,ts_engage_write,5986380
13:33:03.916 -> C,ts_engage_write,6074380
13:33:04.010 -> C,ts_engage_write,6162376
13:33:04.010 -> [TOUCH] boot raw=0 pressed=0 active=0 ms=6162
13:33:04.104 -> C,ts_engage_write,6250385
13:33:04.196 -> C,ts_engage_write,6338376
13:33:04.289 -> C,ts_engage_write,6426377
13:33:04.289 -> C,engage_lvl,985
13:33:04.289 -> [TOUCH] boot raw=0 pressed=0 active=0 ms=6426
13:33:04.382 -> C,ts_engage_write,6514381
13:33:04.476 -> C,ts_engage_write,6602376
13:33:04.568 -> C,ts_engage_write,6690376
13:33:04.568 -> [TOUCH] boot raw=0 pressed=0 active=0 ms=6690
13:33:04.616 -> C,ts_engage_write,6778382
13:33:04.710 -> C,ts_engage_write,6866381
13:33:04.805 -> [FACE] heartbeat
13:33:04.805 -> C,mood_str,50
13:33:04.805 -> C,ts_engage_write,6954493
13:33:04.805 -> C,engage_lvl,983
13:33:04.805 -> C,modifier,0
13:33:04.805 -> C,engage_floor,0
13:33:04.805 -> C,loop_us,276
13:33:04.805 -> [TOUCH] boot raw=0 pressed=0 active=0 ms=6954
13:33:04.898 -> C,ts_engage_write,7042377
13:33:04.991 -> C,ts_engage_write,7130380
13:33:05.084 -> C,ts_engage_write,7218376
13:33:05.084 -> [TOUCH] boot raw=0 pressed=0 active=0 ms=7218
13:33:05.179 -> C,ts_engage_write,7306382
13:33:05.272 -> C,ts_engage_write,7394376
13:33:05.318 -> C,ts_engage_write,7482378
13:33:05.318 -> C,engage_lvl,982
13:33:05.318 -> [TOUCH] boot raw=0 pressed=0 active=0 ms=7482
13:33:05.412 -> C,ts_engage_write,7570383
13:33:05.504 -> C,ts_engage_write,7658378
13:33:05.596 -> C,ts_engage_write,7746375
13:33:05.596 -> [TOUCH] boot raw=0 pressed=0 active=0 ms=7746
13:33:05.689 -> C,ts_engage_write,7834385
13:33:05.782 -> C,ts_engage_write,7922378
13:33:05.875 -> [FACE] heartbeat
13:33:05.875 -> C,mood_str,50
13:33:05.875 -> C,ts_engage_write,8010499
13:33:05.875 -> C,engage_lvl,980
13:33:05.875 -> C,modifier,0
13:33:05.875 -> C,engage_floor,0
13:33:05.875 -> C,loop_us,291
13:33:05.875 -> [TOUCH] boot raw=0 pressed=0 active=0 ms=8010
13:33:05.966 -> C,ts_engage_write,8098374
13:33:06.059 -> C,ts_engage_write,8186380
13:33:06.151 -> C,ts_engage_write,8274376
13:33:06.151 -> [TOUCH] boot raw=0 pressed=0 active=0 ms=8274
13:33:06.197 -> C,ts_engage_write,8362385
13:33:06.290 -> C,ts_engage_write,8450376
13:33:06.381 -> C,ts_engage_write,8538378
13:33:06.381 -> C,engage_lvl,979
13:33:06.381 -> [TOUCH] boot raw=0 pressed=0 active=0 ms=8538
13:33:06.474 -> C,ts_engage_write,8626383
13:33:06.568 -> C,ts_engage_write,8714378
13:33:06.660 -> C,ts_engage_write,8802377
13:33:06.753 -> [EMOTION] EXCITED -> IDLE (timeout)
13:33:06.753 -> C,ts_engage_write,8890465
13:33:06.847 -> C,ts_engage_write,8978380
13:33:06.939 -> [FACE] heartbeat
13:33:06.939 -> C,mood_str,50
13:33:06.939 -> C,ts_engage_write,9066468
13:33:06.939 -> C,engage_lvl,978
13:33:06.939 -> C,modifier,0
13:33:06.939 -> C,engage_floor,0
13:33:06.939 -> C,loop_us,261
13:33:07.032 -> C,ts_engage_write,9154366
13:33:07.078 -> C,ts_engage_write,9242369
13:33:07.171 -> C,ts_engage_write,9330368
13:33:07.264 -> C,ts_engage_write,9418369
13:33:07.357 -> C,ts_engage_write,9506368
13:33:07.450 -> C,ts_engage_write,9594369
13:33:07.450 -> C,engage_lvl,976
13:33:07.542 -> C,ts_engage_write,9682368
13:33:07.636 -> C,ts_engage_write,9770367
13:33:07.729 -> C,ts_engage_write,9858370
13:33:07.824 -> C,ts_engage_write,9946369
13:33:07.869 -> C,ts_engage_write,10034370
13:33:07.962 -> [FACE] heartbeat
13:33:07.962 -> C,mood_str,50
13:33:07.962 -> C,ts_engage_write,10122452
13:33:07.962 -> C,engage_lvl,975
13:33:07.962 -> C,modifier,0
13:33:07.962 -> C,engage_floor,0
13:33:07.962 -> C,loop_us,252
13:33:08.056 -> C,ts_engage_write,10210368
13:33:08.150 -> C,ts_engage_write,10298369
13:33:08.243 -> C,ts_engage_write,10386368
13:33:08.243 -> [TOUCH] transition raw=1 pressed=1 ms=10386
13:33:08.243 -> [TOUCH] START raw=1 ms=10386
13:33:08.335 -> C,ts_engage_write,10474378
13:33:08.430 -> C,ts_engage_write,10562374
13:33:08.522 -> C,ts_engage_write,10650369
13:33:08.522 -> C,engage_lvl,973
13:33:08.522 -> [TOUCH] transition raw=0 pressed=0 ms=10650
13:33:08.522 -> [TOUCH] RELEASE raw=0 duration=264 ms=10650
13:33:08.522 -> [TOUCH] TAP
13:33:08.522 -> [EMOTION] IDLE -> LOVE
13:33:08.522 -> EVT:{"type":"timeline","text":"User tap interaction","tag":"touch"}
13:33:08.614 -> C,ts_engage_write,10742443
13:33:08.708 -> C,ts_engage_write,10830389
13:33:08.755 -> C,ts_engage_write,10918395
13:33:08.848 -> C,ts_engage_write,11006390
13:33:08.942 -> C,ts_engage_write,11094391
13:33:09.034 -> [FACE] heartbeat
13:33:09.034 -> C,mood_str,50
13:33:09.034 -> C,ts_engage_write,11182503
13:33:09.034 -> C,engage_lvl,972
13:33:09.034 -> C,modifier,15
13:33:09.034 -> C,engage_floor,0
13:33:09.034 -> C,loop_us,309
13:33:09.128 -> C,ts_engage_write,11270388
13:33:09.128 -> [TOUCH] transition raw=1 pressed=1 ms=11270
13:33:09.128 -> [TOUCH] START raw=1 ms=11270
13:33:09.220 -> C,ts_engage_write,11358395
13:33:09.314 -> C,ts_engage_write,11446389
13:33:09.407 -> C,ts_engage_write,11534389
13:33:09.500 -> C,ts_engage_write,11622391
13:33:09.546 -> C,ts_engage_write,11710390
13:33:09.546 -> C,engage_lvl,971
13:33:09.639 -> C,ts_engage_write,11798391
13:33:09.732 -> C,ts_engage_write,11886393
13:33:09.826 -> C,ts_engage_write,11974389
13:33:09.826 -> [TOUCH] transition raw=0 pressed=0 ms=11974
13:33:09.826 -> [TOUCH] RELEASE raw=0 duration=704 ms=11974
13:33:09.826 -> [TOUCH] TAP
13:33:09.826 -> EVT:{"type":"timeline","text":"User tap interaction","tag":"touch"}
13:33:09.917 -> C,ts_engage_write,12066445
13:33:10.010 -> C,ts_engage_write,12154387
13:33:10.104 -> [FACE] heartbeat
13:33:10.104 -> C,mood_str,50
13:33:10.104 -> C,ts_engage_write,12242521
13:33:10.104 -> C,engage_lvl,969
13:33:10.104 -> C,modifier,15
13:33:10.104 -> C,engage_floor,0
13:33:10.104 -> C,loop_us,311
13:33:10.198 -> C,ts_engage_write,12330385
13:33:10.290 -> C,ts_engage_write,12418390
13:33:10.383 -> C,ts_engage_write,12506388
13:33:10.430 -> C,ts_engage_write,12594389
13:33:10.524 -> C,ts_engage_write,12682386
13:33:10.616 -> C,ts_engage_write,12770385
13:33:10.616 -> C,engage_lvl,968
13:33:10.709 -> C,ts_engage_write,12858389
13:33:10.803 -> C,ts_engage_write,12946388
13:33:10.896 -> C,ts_engage_write,13034386
13:33:10.990 -> C,ts_engage_write,13122390
13:33:11.084 -> C,ts_engage_write,13210388
13:33:11.175 -> [FACE] heartbeat
13:33:11.175 -> C,mood_str,50
13:33:11.175 -> C,ts_engage_write,13298506
13:33:11.175 -> C,engage_lvl,966
13:33:11.175 -> C,modifier,15
13:33:11.175 -> C,engage_floor,0
13:33:11.175 -> C,loop_us,297
13:33:11.222 -> C,ts_engage_write,13386384
13:33:11.315 -> C,ts_engage_write,13474387
13:33:11.410 -> C,ts_engage_write,13562386
13:33:11.501 -> C,ts_engage_write,13650389
13:33:11.596 -> C,ts_engage_write,13738389
13:33:11.596 -> [TOUCH] transition raw=1 pressed=1 ms=13738
13:33:11.596 -> [TOUCH] START raw=1 ms=13738
13:33:11.689 -> C,ts_engage_write,13826394
13:33:11.689 -> C,engage_lvl,965
13:33:11.689 -> [TOUCH] transition raw=0 pressed=0 ms=13826
13:33:11.689 -> [TOUCH] RELEASE raw=0 duration=88 ms=13826
13:33:11.689 -> [TOUCH] TAP
13:33:11.689 -> [EMOTION] LOVE -> HAPPY
13:33:11.689 -> EVT:{"type":"timeline","text":"User tap interaction","tag":"touch"}
13:33:11.782 -> C,ts_engage_write,13918444
13:33:11.878 -> C,ts_engage_write,14007387
13:33:11.972 -> C,ts_engage_write,14095387
13:33:12.019 -> C,ts_engage_write,14183386
13:33:12.113 -> C,ts_engage_write,14271384
13:33:12.207 -> [FACE] heartbeat
13:33:12.207 -> C,mood_str,50
13:33:12.207 -> C,ts_engage_write,14359518
13:33:12.207 -> C,engage_lvl,963
13:33:12.207 -> C,modifier,15
13:33:12.207 -> C,engage_floor,0
13:33:12.207 -> C,loop_us,315
13:33:12.299 -> C,ts_engage_write,14448386
13:33:12.392 -> C,ts_engage_write,14536387
13:33:12.486 -> C,ts_engage_write,14624388
13:33:12.577 -> C,ts_engage_write,14712386
13:33:12.669 -> C,ts_engage_write,14800387
13:33:12.763 -> C,ts_engage_write,14888385
13:33:12.763 -> C,engage_lvl,962
13:33:12.855 -> C,ts_engage_write,14976387
13:33:12.902 -> C,ts_engage_write,15064385
13:33:12.995 -> C,ts_engage_write,15152388
13:33:13.087 -> C,ts_engage_write,15240388
13:33:13.180 -> C,ts_engage_write,15328388
13:33:13.273 -> [FACE] heartbeat
13:33:13.273 -> C,mood_str,50
13:33:13.273 -> C,ts_engage_write,15416482
13:33:13.273 -> C,engage_lvl,961
13:33:13.273 -> C,modifier,15
13:33:13.273 -> C,engage_floor,0
13:33:13.273 -> C,loop_us,281
13:33:13.365 -> C,ts_engage_write,15505388
13:33:13.459 -> C,ts_engage_write,15593386
13:33:13.554 -> C,ts_engage_write,15681378
13:33:13.648 -> C,ts_engage_write,15769375
13:33:13.695 -> C,ts_engage_write,15857380
13:33:13.788 -> C,ts_engage_write,15945377
13:33:13.788 -> C,engage_lvl,959
13:33:13.881 -> C,ts_engage_write,16033378
13:33:13.974 -> C,ts_engage_write,16121377
13:33:14.066 -> C,ts_engage_write,16209378
13:33:14.160 -> C,ts_engage_write,16297377
13:33:14.251 -> C,ts_engage_write,16385378
13:33:14.344 -> [FACE] heartbeat
13:33:14.344 -> C,mood_str,50
13:33:14.344 -> C,ts_engage_write,16473468
13:33:14.344 -> C,engage_lvl,958
13:33:14.344 -> C,modifier,15
13:33:14.344 -> C,engage_floor,0
13:33:14.344 -> C,loop_us,270
13:33:14.437 -> C,ts_engage_write,16561382
13:33:14.484 -> C,ts_engage_write,16649377
13:33:14.577 -> C,ts_engage_write,16737378
13:33:14.669 -> C,ts_engage_write,16825375
13:33:14.762 -> C,ts_engage_write,16913381
13:33:14.855 -> C,ts_engage_write,17001377
13:33:14.855 -> C,engage_lvl,956
13:33:14.948 -> C,ts_engage_write,17089378
13:33:15.042 -> C,ts_engage_write,17177379
13:33:15.135 -> C,ts_engage_write,17265381
13:33:15.229 -> C,ts_engage_write,17353377
13:33:15.277 -> C,ts_engage_write,17441378
13:33:15.369 -> [FACE] heartbeat
13:33:15.369 -> C,mood_str,50
13:33:15.369 -> C,ts_engage_write,17529490
13:33:15.369 -> C,engage_lvl,955
13:33:15.369 -> C,modifier,15
13:33:15.369 -> C,engage_floor,0
13:33:15.369 -> C,loop_us,291
13:33:15.462 -> C,ts_engage_write,17617376
13:33:15.555 -> C,ts_engage_write,17705377
13:33:15.648 -> C,ts_engage_write,17793376
13:33:15.741 -> C,ts_engage_write,17881380
13:33:15.834 -> C,ts_engage_write,17969380
13:33:15.928 -> C,ts_engage_write,18057377
13:33:15.928 -> C,engage_lvl,954
13:33:16.022 -> C,ts_engage_write,18145378
13:33:16.068 -> C,ts_engage_write,18233377
13:33:16.161 -> C,ts_engage_write,18321378
13:33:16.255 -> C,ts_engage_write,18409377
13:33:16.348 -> C,ts_engage_write,18497380
13:33:16.441 -> [FACE] heartbeat
13:33:16.441 -> C,mood_str,50
13:33:16.441 -> C,ts_engage_write,18585491
13:33:16.441 -> C,engage_lvl,952
13:33:16.441 -> C,modifier,15
13:33:16.441 -> C,engage_floor,0
13:33:16.441 -> C,loop_us,299
13:33:16.532 -> C,ts_engage_write,18673379
13:33:16.626 -> C,ts_engage_write,18761375
13:33:16.719 -> [EMOTION] HAPPY -> IDLE (timeout)
13:33:16.719 -> C,ts_engage_write,18849467
13:33:16.812 -> C,ts_engage_write,18937381
13:33:16.905 -> C,ts_engage_write,19025372
13:33:16.950 -> C,ts_engage_write,19113371
13:33:16.950 -> C,engage_lvl,951
13:33:17.043 -> C,ts_engage_write,19201369
13:33:17.135 -> C,ts_engage_write,19289367
13:33:17.227 -> C,ts_engage_write,19377369
13:33:17.320 -> C,ts_engage_write,19465367
13:33:17.412 -> C,ts_engage_write,19553369
13:33:17.503 -> [FACE] heartbeat
13:33:17.503 -> C,mood_str,50
13:33:17.503 -> C,ts_engage_write,19641472
13:33:17.503 -> C,engage_lvl,949
13:33:17.503 -> C,modifier,15
13:33:17.503 -> C,engage_floor,0
13:33:17.503 -> C,loop_us,275
13:33:17.597 -> C,ts_engage_write,19729370
13:33:17.690 -> C,ts_engage_write,19817366
13:33:17.783 -> C,ts_engage_write,19905369
13:33:17.829 -> C,ts_engage_write,19993368
13:33:17.922 -> C,ts_engage_write,20081369
13:33:18.016 -> C,ts_engage_write,20169368
13:33:18.016 -> C,engage_lvl,948
13:33:18.110 -> C,ts_engage_write,20257369
13:33:18.205 -> C,ts_engage_write,20345368
13:33:18.298 -> C,ts_engage_write,20433369
13:33:18.390 -> C,ts_engage_write,20521368
13:33:18.484 -> C,ts_engage_write,20609369
13:33:18.577 -> [FACE] heartbeat
13:33:18.577 -> C,mood_str,50
13:33:18.577 -> C,ts_engage_write,20697452
13:33:18.577 -> C,engage_lvl,947
13:33:18.577 -> C,modifier,15
13:33:18.577 -> C,engage_floor,0
13:33:18.577 -> C,loop_us,257
13:33:18.623 -> C,ts_engage_write,20785366
13:33:18.716 -> C,ts_engage_write,20873370
13:33:18.809 -> C,ts_engage_write,20961369
13:33:18.901 -> C,ts_engage_write,21049368
13:33:18.995 -> C,ts_engage_write,21137370
13:33:19.088 -> C,ts_engage_write,21225368
13:33:19.088 -> C,engage_lvl,945
13:33:19.181 -> C,ts_engage_write,21313369
13:33:19.276 -> C,ts_engage_write,21401368
13:33:19.368 -> C,ts_engage_write,21489369
13:33:19.415 -> C,ts_engage_write,21577368
13:33:19.506 -> C,ts_engage_write,21665369
13:33:19.600 -> [FACE] heartbeat
13:33:19.600 -> C,mood_str,50
13:33:19.600 -> C,ts_engage_write,21753473
13:33:19.600 -> C,engage_lvl,944
13:33:19.600 -> C,modifier,15
13:33:19.600 -> C,engage_floor,0
13:33:19.600 -> C,loop_us,273
13:33:19.693 -> C,ts_engage_write,21841366
13:33:19.789 -> C,ts_engage_write,21929368
13:33:19.882 -> C,ts_engage_write,22017368
13:33:19.977 -> C,ts_engage_write,22105368
13:33:20.070 -> C,ts_engage_write,22193369
13:33:20.117 -> C,ts_engage_write,22281368
13:33:20.117 -> C,engage_lvl,942
13:33:20.209 -> C,ts_engage_write,22369369
13:33:20.303 -> C,ts_engage_write,22457368
13:33:20.396 -> C,ts_engage_write,22545369
13:33:20.490 -> C,ts_engage_write,22633368
13:33:20.582 -> C,ts_engage_write,22721369
13:33:20.675 -> [FACE] heartbeat
13:33:20.675 -> C,mood_str,50
13:33:20.675 -> C,ts_engage_write,22809464
13:33:20.675 -> C,engage_lvl,941
13:33:20.675 -> C,modifier,15
13:33:20.675 -> C,engage_floor,0
13:33:20.675 -> C,loop_us,251
13:33:20.768 -> C,ts_engage_write,22897370
13:33:20.860 -> C,ts_engage_write,22985368
13:33:20.954 -> C,ts_engage_write,23073371
13:33:21.000 -> C,ts_engage_write,23161372
13:33:21.094 -> C,ts_engage_write,23249369
13:33:21.188 -> C,ts_engage_write,23337368
13:33:21.188 -> C,engage_lvl,940
13:33:21.280 -> C,ts_engage_write,23425369
13:33:21.373 -> C,ts_engage_write,23513368
13:33:21.465 -> C,ts_engage_write,23601369
13:33:21.558 -> C,ts_engage_write,23689369
13:33:21.651 -> C,ts_engage_write,23777366
13:33:21.745 -> [FACE] heartbeat
13:33:21.745 -> C,mood_str,50
13:33:21.745 -> C,ts_engage_write,23865474
13:33:21.745 -> C,engage_lvl,938
13:33:21.745 -> C,modifier,15
13:33:21.745 -> C,engage_floor,0
13:33:21.745 -> C,loop_us,275
13:33:21.791 -> C,ts_engage_write,23953365
13:33:21.885 -> C,ts_engage_write,24041368
13:33:21.979 -> C,ts_engage_write,24129368
13:33:22.071 -> C,ts_engage_write,24217368
13:33:22.164 -> C,ts_engage_write,24305369
13:33:22.258 -> C,ts_engage_write,24393368
13:33:22.258 -> C,engage_lvl,937
13:33:22.350 -> C,ts_engage_write,24481369
13:33:22.444 -> C,ts_engage_write,24569368
13:33:22.538 -> C,ts_engage_write,24657369
13:33:22.584 -> C,ts_engage_write,24745366
13:33:22.677 -> C,ts_engage_write,24833370
13:33:22.770 -> [FACE] heartbeat
13:33:22.770 -> C,mood_str,50
13:33:22.770 -> C,ts_engage_write,24921473
13:33:22.770 -> C,engage_lvl,935
13:33:22.770 -> C,modifier,15
13:33:22.770 -> C,engage_floor,0
13:33:22.770 -> C,loop_us,274
13:33:22.864 -> C,ts_engage_write,25009365
13:33:22.957 -> C,ts_engage_write,25097368
13:33:23.049 -> C,ts_engage_write,25185368
13:33:23.142 -> C,ts_engage_write,25273368
13:33:23.233 -> C,ts_engage_write,25361369
13:33:23.326 -> C,ts_engage_write,25449368
13:33:23.326 -> C,engage_lvl,934
13:33:23.373 -> C,ts_engage_write,25537369
13:33:23.466 -> C,ts_engage_write,25625368
13:33:23.559 -> C,ts_engage_write,25713369
13:33:23.651 -> C,ts_engage_write,25801366
13:33:23.744 -> C,ts_engage_write,25889370
13:33:23.838 -> [FACE] heartbeat
13:33:23.838 -> C,mood_str,50
13:33:23.838 -> C,ts_engage_write,25977454
13:33:23.838 -> C,engage_lvl,933
13:33:23.838 -> C,modifier,15
13:33:23.838 -> C,engage_floor,0
13:33:23.838 -> C,loop_us,266
13:33:23.931 -> C,ts_engage_write,26065369
13:33:24.025 -> C,ts_engage_write,26153368
13:33:24.119 -> C,ts_engage_write,26241369
13:33:24.165 -> C,ts_engage_write,26329368
13:33:24.259 -> C,ts_engage_write,26417369
13:33:24.352 -> C,ts_engage_write,26505368
13:33:24.352 -> C,engage_lvl,931
13:33:24.444 -> C,ts_engage_write,26593370
13:33:24.538 -> C,ts_engage_write,26681369
13:33:24.632 -> C,ts_engage_write,26769372
13:33:24.726 -> C,ts_engage_write,26857370
13:33:24.819 -> C,ts_engage_write,26945369
13:33:24.912 -> [FACE] heartbeat
13:33:24.912 -> C,mood_str,50
13:33:24.912 -> C,ts_engage_write,27033455
13:33:24.912 -> C,engage_lvl,930
13:33:24.912 -> C,modifier,15
13:33:24.912 -> C,engage_floor,0
13:33:24.912 -> C,loop_us,266
13:33:24.959 -> C,ts_engage_write,27121365
13:33:25.051 -> C,ts_engage_write,27209368
13:33:25.144 -> C,ts_engage_write,27297369
13:33:25.237 -> C,ts_engage_write,27385368
13:33:25.331 -> C,ts_engage_write,27473369
13:33:25.423 -> C,ts_engage_write,27561368
13:33:25.423 -> C,engage_lvl,928
13:33:25.516 -> C,ts_engage_write,27649369
13:33:25.609 -> C,ts_engage_write,27737368
13:33:25.702 -> C,ts_engage_write,27825366
13:33:25.749 -> C,ts_engage_write,27913370
13:33:25.841 -> C,ts_engage_write,28001369
13:33:25.934 -> [FACE] heartbeat
13:33:25.934 -> C,mood_str,50
13:33:25.934 -> C,ts_engage_write,28089475
13:33:25.934 -> C,engage_lvl,927
13:33:25.934 -> C,modifier,15
13:33:25.934 -> C,engage_floor,0
13:33:25.934 -> C,loop_us,272
13:33:26.026 -> C,ts_engage_write,28177365
13:33:26.119 -> C,ts_engage_write,28265368
13:33:26.211 -> C,ts_engage_write,28353368
13:33:26.304 -> C,ts_engage_write,28441368
13:33:26.397 -> C,ts_engage_write,28529369
13:33:26.491 -> C,ts_engage_write,28617368
13:33:26.491 -> C,engage_lvl,926
13:33:26.584 -> C,ts_engage_write,28705369
13:33:26.630 -> C,ts_engage_write,28793366
13:33:26.724 -> C,ts_engage_write,28881370
13:33:26.817 -> C,ts_engage_write,28969368
13:33:26.910 -> C,ts_engage_write,29057369
13:33:27.002 -> [FACE] heartbeat
13:33:27.002 -> C,mood_str,50
13:33:27.002 -> C,ts_engage_write,29145468
13:33:27.002 -> C,engage_lvl,924
13:33:27.002 -> C,modifier,15
13:33:27.002 -> C,engage_floor,0
13:33:27.002 -> C,loop_us,265
13:33:27.095 -> C,ts_engage_write,29233368
13:33:27.187 -> C,ts_engage_write,29321368
13:33:27.280 -> C,ts_engage_write,29409368
13:33:27.372 -> C,ts_engage_write,29497368
13:33:27.465 -> C,ts_engage_write,29585369
13:33:27.512 -> C,ts_engage_write,29673368
13:33:27.512 -> C,engage_lvl,923
13:33:27.604 -> C,ts_engage_write,29761366
13:33:27.698 -> C,ts_engage_write,29849370
13:33:27.791 -> C,ts_engage_write,29937369
13:33:27.883 -> C,ts_engage_write,30025368
13:33:27.976 -> C,ts_engage_write,30113369
13:33:28.069 -> [FACE] heartbeat
13:33:28.069 -> C,mood_str,50
13:33:28.069 -> C,ts_engage_write,30201454
13:33:28.069 -> C,engage_lvl,921
13:33:28.069 -> C,modifier,15
13:33:28.069 -> C,engage_floor,0
13:33:28.069 -> C,loop_us,258
13:33:28.162 -> C,ts_engage_write,30289365
13:33:28.256 -> C,ts_engage_write,30377368
13:33:28.303 -> C,ts_engage_write,30465369
13:33:28.396 -> C,ts_engage_write,30553368
13:33:28.490 -> C,ts_engage_write,30641371
13:33:28.583 -> C,ts_engage_write,30729372
13:33:28.583 -> C,engage_lvl,920
13:33:28.677 -> C,ts_engage_write,30817366
13:33:28.769 -> C,ts_engage_write,30905370
13:33:28.861 -> C,ts_engage_write,30993369
13:33:28.954 -> C,ts_engage_write,31081368
13:33:29.048 -> C,ts_engage_write,31169369
13:33:29.095 -> [FACE] heartbeat
13:33:29.095 -> C,mood_str,50
13:33:29.095 -> C,ts_engage_write,31257467
13:33:29.095 -> C,engage_lvl,918
13:33:29.095 -> C,modifier,15
13:33:29.095 -> C,engage_floor,0
13:33:29.095 -> C,loop_us,272
13:33:29.189 -> C,ts_engage_write,31345365
13:33:29.282 -> C,ts_engage_write,31433368
13:33:29.376 -> C,ts_engage_write,31521368
13:33:29.470 -> C,ts_engage_write,31609368
13:33:29.560 -> C,ts_engage_write,31697369
13:33:29.655 -> C,ts_engage_write,31785366
13:33:29.655 -> C,engage_lvl,917
13:33:29.748 -> C,ts_engage_write,31873370
13:33:29.796 -> C,ts_engage_write,31961368
13:33:29.889 -> C,ts_engage_write,32049370
13:33:29.982 -> C,ts_engage_write,32137368
13:33:30.076 -> C,ts_engage_write,32225369
13:33:30.168 -> [FACE] heartbeat
13:33:30.168 -> C,mood_str,50
13:33:30.168 -> C,ts_engage_write,32313474
13:33:30.168 -> C,engage_lvl,916
13:33:30.168 -> C,modifier,15
13:33:30.168 -> C,engage_floor,0
13:33:30.168 -> C,loop_us,263
13:33:30.262 -> C,ts_engage_write,32401365
13:33:30.355 -> C,ts_engage_write,32489368
13:33:30.448 -> C,ts_engage_write,32577368
13:33:30.542 -> C,ts_engage_write,32665368
13:33:30.589 -> C,ts_engage_write,32753366
13:33:30.682 -> C,ts_engage_write,32841370
13:33:30.682 -> C,engage_lvl,914
13:33:30.776 -> C,ts_engage_write,32929369
13:33:30.869 -> C,ts_engage_write,33017368
13:33:30.963 -> C,ts_engage_write,33105369
13:33:31.056 -> C,ts_engage_write,33193368
13:33:31.148 -> C,ts_engage_write,33281369
13:33:31.241 -> [FACE] heartbeat
13:33:31.241 -> C,mood_str,50
13:33:31.241 -> C,ts_engage_write,33369454
13:33:31.241 -> C,engage_lvl,913
13:33:31.241 -> C,modifier,15
13:33:31.241 -> C,engage_floor,0
13:33:31.241 -> C,loop_us,254
13:33:31.333 -> C,ts_engage_write,33457365
13:33:31.380 -> C,ts_engage_write,33545368
13:33:31.473 -> C,ts_engage_write,33633369
13:33:31.567 -> C,ts_engage_write,33721368
13:33:31.660 -> C,ts_engage_write,33809366
13:33:31.753 -> C,ts_engage_write,33897370
13:33:31.753 -> C,engage_lvl,911
13:33:31.846 -> C,ts_engage_write,33985369
13:33:31.940 -> C,ts_engage_write,34073368
13:33:32.032 -> C,ts_engage_write,34161369
13:33:32.126 -> C,ts_engage_write,34249368
13:33:32.172 -> C,ts_engage_write,34337371
13:33:32.265 -> [FACE] heartbeat
13:33:32.265 -> C,mood_str,50
13:33:32.265 -> C,ts_engage_write,34425460
13:33:32.265 -> C,engage_lvl,910
13:33:32.265 -> C,modifier,15
13:33:32.265 -> C,engage_floor,0
13:33:32.265 -> C,loop_us,257
13:33:32.358 -> C,ts_engage_write,34513365
13:33:32.451 -> C,ts_engage_write,34601368
13:33:32.545 -> C,ts_engage_write,34689369
13:33:32.638 -> C,ts_engage_write,34777366
13:33:32.730 -> C,ts_engage_write,34865370
13:33:32.824 -> C,ts_engage_write,34953368
13:33:32.824 -> C,engage_lvl,909
13:33:32.915 -> C,ts_engage_write,35041369
13:33:33.009 -> C,ts_engage_write,35129368
13:33:33.056 -> C,ts_engage_write,35217369
13:33:33.148 -> C,ts_engage_write,35305368
13:33:33.241 -> C,ts_engage_write,35393369
13:33:33.334 -> [FACE] heartbeat
13:33:33.334 -> C,mood_str,50
13:33:33.334 -> C,ts_engage_write,35481455
13:33:33.334 -> C,engage_lvl,907
13:33:33.334 -> C,modifier,15
13:33:33.334 -> C,engage_floor,0
13:33:33.334 -> C,loop_us,266
13:33:33.428 -> C,ts_engage_write,35569365
13:33:33.520 -> C,ts_engage_write,35657368
13:33:33.613 -> C,ts_engage_write,35745366
13:33:33.706 -> C,ts_engage_write,35833370
13:33:33.799 -> C,ts_engage_write,35921369
13:33:33.846 -> C,ts_engage_write,36009368
13:33:33.846 -> C,engage_lvl,906
13:33:33.939 -> C,ts_engage_write,36097369
13:33:34.033 -> C,ts_engage_write,36185368
13:33:34.126 -> C,ts_engage_write,36273369
13:33:34.219 -> C,ts_engage_write,36361368
13:33:34.312 -> C,ts_engage_write,36449369
13:33:34.405 -> [FACE] heartbeat
13:33:34.405 -> C,mood_str,50
13:33:34.405 -> C,ts_engage_write,36537466
13:33:34.405 -> C,engage_lvl,904
13:33:34.405 -> C,modifier,15
13:33:34.405 -> C,engage_floor,0
13:33:34.405 -> C,loop_us,263
13:33:34.498 -> C,ts_engage_write,36625369
13:33:34.591 -> C,ts_engage_write,36713368
13:33:34.591 -> [TOUCH] transition raw=1 pressed=1 ms=36713
13:33:34.591 -> [TOUCH] START raw=1 ms=36713
13:33:34.637 -> C,ts_engage_write,36801375
13:33:34.637 -> [TOUCH] transition raw=0 pressed=0 ms=36801
13:33:34.637 -> [TOUCH] RELEASE raw=0 duration=88 ms=36801
13:33:34.637 -> [TOUCH] TAP
13:33:34.637 -> [EMOTION] IDLE -> SURPRISED
13:33:34.683 -> EVT:{"type":"timeline","text":"User tap interaction","tag":"touch"}
13:33:34.729 -> C,ts_engage_write,36893442
13:33:34.822 -> C,ts_engage_write,36981386
13:33:34.916 -> C,ts_engage_write,37069385
13:33:34.916 -> C,engage_lvl,903
13:33:35.011 -> C,ts_engage_write,37157385
13:33:35.105 -> C,ts_engage_write,37245385
13:33:35.198 -> C,ts_engage_write,37333384
13:33:35.291 -> C,ts_engage_write,37421385
13:33:35.383 -> C,ts_engage_write,37509385
13:33:35.476 -> [FACE] heartbeat
13:33:35.476 -> C,mood_str,50
13:33:35.476 -> C,ts_engage_write,37597499
13:33:35.476 -> C,engage_lvl,902
13:33:35.476 -> C,modifier,15
13:33:35.476 -> C,engage_floor,0
13:33:35.476 -> C,loop_us,299
13:33:35.522 -> C,ts_engage_write,37685384
13:33:35.616 -> C,ts_engage_write,37773383
13:33:35.709 -> C,ts_engage_write,37861385
13:33:35.804 -> C,ts_engage_write,37949385
13:33:35.896 -> C,ts_engage_write,38037385
13:33:35.989 -> C,ts_engage_write,38125384
13:33:35.989 -> C,engage_lvl,900
13:33:36.082 -> C,ts_engage_write,38213385
13:33:36.175 -> C,ts_engage_write,38301385
13:33:36.267 -> C,ts_engage_write,38389384
13:33:36.313 -> C,ts_engage_write,38477385
13:33:36.407 -> C,ts_engage_write,38565386
13:33:36.500 -> [FACE] heartbeat
13:33:36.500 -> C,mood_str,50
13:33:36.500 -> C,ts_engage_write,38653494
13:33:36.500 -> C,engage_lvl,899
13:33:36.500 -> C,modifier,15
13:33:36.500 -> C,engage_floor,0
13:33:36.500 -> C,loop_us,303
13:33:36.592 -> C,ts_engage_write,38741375
13:33:36.685 -> C,ts_engage_write,38829375
13:33:36.779 -> C,ts_engage_write,38917380
13:33:36.873 -> C,ts_engage_write,39005377
13:33:36.966 -> C,ts_engage_write,39093376
13:33:37.059 -> C,ts_engage_write,39181376
13:33:37.059 -> C,engage_lvl,897
13:33:37.105 -> C,ts_engage_write,39269376
13:33:37.198 -> C,ts_engage_write,39357378
13:33:37.291 -> C,ts_engage_write,39445375
13:33:37.384 -> C,ts_engage_write,39533377
13:33:37.478 -> C,ts_engage_write,39621376
13:33:37.570 -> [FACE] heartbeat
13:33:37.570 -> C,mood_str,50
13:33:37.570 -> C,ts_engage_write,39709466
13:33:37.570 -> C,engage_lvl,896
13:33:37.570 -> C,modifier,15
13:33:37.570 -> C,engage_floor,0
13:33:37.570 -> C,loop_us,276
13:33:37.664 -> C,ts_engage_write,39797374
13:33:37.664 -> [TOUCH] transition raw=1 pressed=1 ms=39797
13:33:37.664 -> [TOUCH] START raw=1 ms=39797
13:33:37.757 -> C,ts_engage_write,39885384
13:33:37.850 -> C,ts_engage_write,39973375
13:33:37.850 -> [TOUCH] transition raw=0 pressed=0 ms=39973
13:33:37.850 -> [TOUCH] RELEASE raw=0 duration=176 ms=39973
13:33:37.850 -> [TOUCH] TAP
13:33:37.850 -> [EMOTION] SURPRISED -> EXCITED
13:33:37.850 -> EVT:{"type":"timeline","text":"User tap interaction","tag":"touch"}
13:33:37.944 -> C,ts_engage_write,40065444
13:33:37.992 -> C,ts_engage_write,40153396
13:33:38.085 -> C,ts_engage_write,40241397
13:33:38.085 -> C,engage_lvl,895
13:33:38.178 -> C,ts_engage_write,40329395
13:33:38.271 -> C,ts_engage_write,40417395
13:33:38.363 -> C,ts_engage_write,40505395
13:33:38.457 -> C,ts_engage_write,40593393
13:33:38.550 -> C,ts_engage_write,40681395
13:33:38.642 -> [FACE] heartbeat
13:33:38.642 -> C,mood_str,50
13:33:38.642 -> C,ts_engage_write,40769530
13:33:38.642 -> C,engage_lvl,893
13:33:38.642 -> C,modifier,15
13:33:38.642 -> C,engage_floor,0
13:33:38.642 -> C,loop_us,317
13:33:38.734 -> C,ts_engage_write,40857396
13:33:38.781 -> C,ts_engage_write,40945395
13:33:38.872 -> C,ts_engage_write,41033395
13:33:38.964 -> C,ts_engage_write,41121395
13:33:39.057 -> C,ts_engage_write,41209395
13:33:39.150 -> C,ts_engage_write,41297395
13:33:39.150 -> C,engage_lvl,892
13:33:39.245 -> C,ts_engage_write,41385395
13:33:39.339 -> C,ts_engage_write,41473395
13:33:39.432 -> C,ts_engage_write,41561395
13:33:39.524 -> C,ts_engage_write,41649395
13:33:39.617 -> C,ts_engage_write,41737395
13:33:39.664 -> [FACE] heartbeat
13:33:39.664 -> C,mood_str,50
13:33:39.664 -> C,ts_engage_write,41825497
13:33:39.664 -> C,engage_lvl,890
13:33:39.664 -> C,modifier,15
13:33:39.664 -> C,engage_floor,0
13:33:39.664 -> C,loop_us,300
13:33:39.757 -> C,ts_engage_write,41913375
13:33:39.851 -> C,ts_engage_write,42001379
13:33:39.943 -> C,ts_engage_write,42089381
13:33:40.036 -> C,ts_engage_write,42177384
13:33:40.129 -> C,ts_engage_write,42265379
13:33:40.223 -> C,ts_engage_write,42353375
13:33:40.223 -> C,engage_lvl,889
13:33:40.315 -> C,ts_engage_write,42441378
13:33:40.408 -> C,ts_engage_write,42529378
13:33:40.455 -> C,ts_engage_write,42617378
13:33:40.548 -> C,ts_engage_write,42705379
13:33:40.641 -> C,ts_engage_write,42793377
13:33:40.734 -> [FACE] heartbeat
13:33:40.734 -> C,mood_str,50
13:33:40.734 -> C,ts_engage_write,42881490
13:33:40.734 -> C,engage_lvl,888
13:33:40.734 -> C,modifier,15
13:33:40.734 -> C,engage_floor,0
13:33:40.734 -> C,loop_us,289
13:33:40.828 -> C,ts_engage_write,42969379
13:33:40.923 -> C,ts_engage_write,43057379
13:33:41.015 -> C,ts_engage_write,43145381
13:33:41.108 -> C,ts_engage_write,43233378
13:33:41.201 -> C,ts_engage_write,43321378
13:33:41.248 -> C,ts_engage_write,43409379
13:33:41.248 -> C,engage_lvl,886
13:33:41.344 -> C,ts_engage_write,43497379
13:33:41.438 -> C,ts_engage_write,43585379
13:33:41.530 -> C,ts_engage_write,43673379
13:33:41.622 -> C,ts_engage_write,43761377
13:33:41.715 -> C,ts_engage_write,43849382
13:33:41.809 -> [FACE] heartbeat
13:33:41.809 -> C,mood_str,50
13:33:41.809 -> C,ts_engage_write,43937487
13:33:41.809 -> C,engage_lvl,885
13:33:41.809 -> C,modifier,15
13:33:41.809 -> C,engage_floor,0
13:33:41.809 -> C,loop_us,286
13:33:41.901 -> C,ts_engage_write,44025379
13:33:41.948 -> C,ts_engage_write,44113379
13:33:42.040 -> C,ts_engage_write,44201379
13:33:42.134 -> C,ts_engage_write,44289379
13:33:42.227 -> C,ts_engage_write,44377379
13:33:42.320 -> C,ts_engage_write,44465378
13:33:42.320 -> C,engage_lvl,883
13:33:42.410 -> C,ts_engage_write,44553378
13:33:42.503 -> C,ts_engage_write,44641379
13:33:42.595 -> C,ts_engage_write,44729379
13:33:42.689 -> C,ts_engage_write,44817377
13:33:42.782 -> C,ts_engage_write,44905380
13:33:42.828 -> [FACE] heartbeat
13:33:42.828 -> [EMOTION] EXCITED -> IDLE (timeout)
13:33:42.828 -> C,mood_str,50
13:33:42.828 -> C,ts_engage_write,44993554
13:33:42.828 -> C,engage_lvl,882
13:33:42.828 -> C,modifier,15
13:33:42.828 -> C,engage_floor,0
13:33:42.828 -> C,loop_us,351
13:33:42.922 -> C,ts_engage_write,45081373
13:33:43.015 -> C,ts_engage_write,45169370
13:33:43.108 -> C,ts_engage_write,45257365
13:33:43.201 -> C,ts_engage_write,45345368
13:33:43.295 -> C,ts_engage_write,45433365
13:33:43.389 -> C,ts_engage_write,45521368
13:33:43.389 -> C,engage_lvl,880
13:33:43.481 -> C,ts_engage_write,45609364
13:33:43.573 -> C,ts_engage_write,45697371
13:33:43.621 -> C,ts_engage_write,45785367
13:33:43.714 -> C,ts_engage_write,45873370
13:33:43.806 -> C,ts_engage_write,45961365
13:33:43.899 -> [FACE] heartbeat
13:33:43.899 -> C,mood_str,50
13:33:43.899 -> C,ts_engage_write,46049460
13:33:43.899 -> C,engage_lvl,879
13:33:43.899 -> C,modifier,15
13:33:43.899 -> C,engage_floor,0
13:33:43.899 -> C,loop_us,260
13:33:43.992 -> C,ts_engage_write,46137361
13:33:44.085 -> C,ts_engage_write,46225369
13:33:44.178 -> C,ts_engage_write,46313368
13:33:44.271 -> C,ts_engage_write,46401370
13:33:44.365 -> C,ts_engage_write,46489368
13:33:44.412 -> C,ts_engage_write,46577370
13:33:44.412 -> C,engage_lvl,878
13:33:44.505 -> C,ts_engage_write,46665366
13:33:44.598 -> C,ts_engage_write,46753369
13:33:44.693 -> C,ts_engage_write,46841368
13:33:44.787 -> C,ts_engage_write,46929370
13:33:44.881 -> C,ts_engage_write,47017368
13:33:44.975 -> [FACE] heartbeat
13:33:44.975 -> C,mood_str,50
13:33:44.975 -> C,ts_engage_write,47105461
13:33:44.975 -> C,engage_lvl,876
13:33:44.975 -> C,modifier,15
13:33:44.975 -> C,engage_floor,0
13:33:44.975 -> C,loop_us,263
13:33:45.069 -> C,ts_engage_write,47193360
13:33:45.116 -> C,ts_engage_write,47281371
13:33:45.208 -> C,ts_engage_write,47369366
13:33:45.302 -> C,ts_engage_write,47457370
13:33:45.395 -> C,ts_engage_write,47545368
13:33:45.489 -> C,ts_engage_write,47633370
13:33:45.489 -> C,engage_lvl,875
13:33:45.582 -> C,ts_engage_write,47721366
13:33:45.676 -> C,ts_engage_write,47809369
13:33:45.769 -> C,ts_engage_write,47897368
13:33:45.863 -> C,ts_engage_write,47985370
13:33:45.911 -> C,ts_engage_write,48073368
13:33:46.004 -> [FACE] heartbeat
13:33:46.004 -> C,mood_str,50
13:33:46.004 -> C,ts_engage_write,48161463
13:33:46.004 -> C,engage_lvl,873
13:33:46.004 -> C,modifier,15
13:33:46.004 -> C,engage_floor,0
13:33:46.004 -> C,loop_us,254
13:33:46.096 -> C,ts_engage_write,48249360
13:33:46.188 -> C,ts_engage_write,48337371
13:33:46.281 -> C,ts_engage_write,48425366
13:33:46.374 -> C,ts_engage_write,48513370
13:33:46.467 -> C,ts_engage_write,48601368
13:33:46.560 -> C,ts_engage_write,48689370
13:33:46.560 -> C,engage_lvl,872
13:33:46.654 -> C,ts_engage_write,48777365
13:33:46.701 -> C,ts_engage_write,48865372
13:33:46.794 -> C,ts_engage_write,48953366
13:33:46.887 -> C,ts_engage_write,49041370
13:33:46.980 -> C,ts_engage_write,49129368
13:33:47.073 -> [FACE] heartbeat
13:33:47.073 -> C,mood_str,50
13:33:47.073 -> C,ts_engage_write,49217463
13:33:47.073 -> C,engage_lvl,871
13:33:47.073 -> C,modifier,15
13:33:47.073 -> C,engage_floor,0
13:33:47.073 -> C,loop_us,237
13:33:47.166 -> C,ts_engage_write,49305360
13:33:47.260 -> C,ts_engage_write,49393371
13:33:47.354 -> C,ts_engage_write,49481366
13:33:47.447 -> C,ts_engage_write,49569372
13:33:47.493 -> C,ts_engage_write,49657372
13:33:47.587 -> C,ts_engage_write,49745367
13:33:47.587 -> C,engage_lvl,869
13:33:47.679 -> C,ts_engage_write,49833368
13:33:47.772 -> C,ts_engage_write,49921371
13:33:47.865 -> C,ts_engage_write,50009366
13:33:47.958 -> C,ts_engage_write,50097370
13:33:48.050 -> C,ts_engage_write,50185368
13:33:48.143 -> [FACE] heartbeat
13:33:48.143 -> C,mood_str,50
13:33:48.143 -> C,ts_engage_write,50273455
13:33:48.143 -> C,engage_lvl,868
13:33:48.143 -> C,modifier,15
13:33:48.143 -> C,engage_floor,0
13:33:48.143 -> C,loop_us,253
13:33:48.236 -> C,ts_engage_write,50361363
13:33:48.283 -> C,ts_engage_write,50449371
13:33:48.375 -> C,ts_engage_write,50537366
13:33:48.467 -> C,ts_engage_write,50625370
13:33:48.560 -> C,ts_engage_write,50713368
13:33:48.652 -> C,ts_engage_write,50801367
13:33:48.652 -> C,engage_lvl,866
13:33:48.745 -> C,ts_engage_write,50889368
13:33:48.838 -> C,ts_engage_write,50977371
13:33:48.932 -> C,ts_engage_write,51065366
13:33:49.025 -> C,ts_engage_write,51153370
13:33:49.119 -> C,ts_engage_write,51241368
13:33:49.166 -> [FACE] heartbeat
13:33:49.166 -> C,mood_str,50
13:33:49.166 -> C,ts_engage_write,51329469
13:33:49.166 -> C,engage_lvl,865
13:33:49.166 -> C,modifier,15
13:33:49.166 -> C,engage_floor,0
13:33:49.166 -> C,loop_us,281
13:33:49.258 -> C,ts_engage_write,51417367
13:33:49.351 -> C,ts_engage_write,51505371
13:33:49.445 -> C,ts_engage_write,51593367
13:33:49.539 -> C,ts_engage_write,51681370
13:33:49.633 -> C,ts_engage_write,51769366
13:33:49.726 -> C,ts_engage_write,51857371
13:33:49.726 -> C,engage_lvl,864
13:33:49.818 -> C,ts_engage_write,51945366
13:33:49.912 -> C,ts_engage_write,52033371
13:33:49.957 -> C,ts_engage_write,52121366
13:33:50.050 -> C,ts_engage_write,52209370
13:33:50.143 -> C,ts_engage_write,52297368
13:33:50.236 -> [FACE] heartbeat
13:33:50.236 -> C,mood_str,50
13:33:50.236 -> C,ts_engage_write,52385455
13:33:50.236 -> C,engage_lvl,862
13:33:50.236 -> C,modifier,15
13:33:50.236 -> C,engage_floor,0
13:33:50.236 -> C,loop_us,254
13:33:50.330 -> C,ts_engage_write,52473366
13:33:50.422 -> C,ts_engage_write,52561371
13:33:50.515 -> C,ts_engage_write,52649366
13:33:50.608 -> C,ts_engage_write,52737370
13:33:50.700 -> C,ts_engage_write,52825368
13:33:50.748 -> C,ts_engage_write,52913371
13:33:50.748 -> C,engage_lvl,861
13:33:50.841 -> C,ts_engage_write,53001366
13:33:50.935 -> C,ts_engage_write,53089371
13:33:51.028 -> C,ts_engage_write,53177366
13:33:51.120 -> C,ts_engage_write,53265370
13:33:51.214 -> C,ts_engage_write,53353368
13:33:51.308 -> [FACE] heartbeat
13:33:51.308 -> C,mood_str,50
13:33:51.308 -> C,ts_engage_write,53441455
13:33:51.308 -> C,engage_lvl,859
13:33:51.308 -> C,modifier,15
13:33:51.308 -> C,engage_floor,0
13:33:51.308 -> C,loop_us,257
13:33:51.402 -> C,ts_engage_write,53529366
13:33:51.495 -> C,ts_engage_write,53617371
13:33:51.541 -> C,ts_engage_write,53705366
13:33:51.632 -> C,ts_engage_write,53793367
13:33:51.726 -> C,ts_engage_write,53881370
13:33:51.819 -> C,ts_engage_write,53969370
13:33:51.819 -> C,engage_lvl,858
13:33:51.914 -> C,ts_engage_write,54057366
13:33:52.006 -> C,ts_engage_write,54145373
13:33:52.100 -> C,ts_engage_write,54233371
13:33:52.195 -> C,ts_engage_write,54321370
13:33:52.288 -> C,ts_engage_write,54409368
13:33:52.334 -> [FACE] heartbeat
13:33:52.334 -> C,mood_str,50
13:33:52.334 -> C,ts_engage_write,54497456
13:33:52.334 -> C,engage_lvl,857
13:33:52.334 -> C,modifier,15
13:33:52.334 -> C,engage_floor,0
13:33:52.334 -> C,loop_us,254
13:33:52.429 -> C,ts_engage_write,54585363
13:33:52.523 -> C,ts_engage_write,54673371
13:33:52.615 -> C,ts_engage_write,54761365
13:33:52.707 -> C,ts_engage_write,54849371
13:33:52.799 -> C,ts_engage_write,54937368
13:33:52.893 -> C,ts_engage_write,55025370
13:33:52.893 -> C,engage_lvl,855
13:33:52.985 -> C,ts_engage_write,55113366
13:33:53.078 -> C,ts_engage_write,55201371
13:33:53.124 -> C,ts_engage_write,55289366
13:33:53.216 -> C,ts_engage_write,55377370
13:33:53.310 -> C,ts_engage_write,55465368
13:33:53.403 -> [FACE] heartbeat
13:33:53.403 -> C,mood_str,50
13:33:53.403 -> C,ts_engage_write,55553455
13:33:53.403 -> C,engage_lvl,854
13:33:53.403 -> C,modifier,15
13:33:53.403 -> C,engage_floor,0
13:33:53.403 -> C,loop_us,253
13:33:53.496 -> C,ts_engage_write,55641363
13:33:53.590 -> C,ts_engage_write,55729371
13:33:53.683 -> C,ts_engage_write,55817365
13:33:53.776 -> C,ts_engage_write,55905371
13:33:53.868 -> C,ts_engage_write,55993368
13:33:53.960 -> C,ts_engage_write,56081370
13:33:53.960 -> C,engage_lvl,852
13:33:54.007 -> C,ts_engage_write,56169366
13:33:54.101 -> C,ts_engage_write,56257371
13:33:54.194 -> C,ts_engage_write,56345366
13:33:54.288 -> C,ts_engage_write,56433370
13:33:54.382 -> C,ts_engage_write,56521368
13:33:54.474 -> [FACE] heartbeat
13:33:54.474 -> C,mood_str,50
13:33:54.474 -> C,ts_engage_write,56609455
13:33:54.474 -> C,engage_lvl,851
13:33:54.474 -> C,modifier,15
13:33:54.474 -> C,engage_floor,0
13:33:54.474 -> C,loop_us,229
13:33:54.568 -> C,ts_engage_write,56697363
13:33:54.660 -> C,ts_engage_write,56785369
13:33:54.706 -> C,ts_engage_write,56873368
13:33:54.799 -> C,ts_engage_write,56961370
13:33:54.891 -> C,ts_engage_write,57049368
13:33:54.985 -> C,ts_engage_write,57137370
13:33:54.985 -> C,engage_lvl,850
13:33:55.078 -> C,ts_engage_write,57225366
13:33:55.172 -> C,ts_engage_write,57313371
13:33:55.264 -> C,ts_engage_write,57401366
13:33:55.357 -> C,ts_engage_write,57489370
13:33:55.448 -> C,ts_engage_write,57577368
13:33:55.542 -> [FACE] heartbeat
13:33:55.542 -> C,mood_str,50
13:33:55.542 -> C,ts_engage_write,57665455
13:33:55.542 -> C,engage_lvl,848
13:33:55.542 -> C,modifier,15
13:33:55.542 -> C,engage_floor,0
13:33:55.542 -> C,loop_us,253
13:33:55.589 -> C,ts_engage_write,57753362
13:33:55.683 -> C,ts_engage_write,57841372
13:33:55.777 -> C,ts_engage_write,57929366
13:33:55.870 -> C,ts_engage_write,58017370
13:33:55.962 -> C,ts_engage_write,58105368
13:33:56.054 -> C,ts_engage_write,58193372
13:33:56.054 -> C,engage_lvl,847
13:33:56.148 -> C,ts_engage_write,58281371
13:33:56.241 -> C,ts_engage_write,58369371
13:33:56.335 -> C,ts_engage_write,58457366
13:33:56.381 -> C,ts_engage_write,58545370
13:33:56.474 -> C,ts_engage_write,58633368
13:33:56.566 -> [FACE] heartbeat
13:33:56.566 -> C,mood_str,50
13:33:56.566 -> C,ts_engage_write,58721476
13:33:56.566 -> C,engage_lvl,845
13:33:56.566 -> C,modifier,15
13:33:56.566 -> C,engage_floor,0
13:33:56.566 -> C,loop_us,269
13:33:56.659 -> C,ts_engage_write,58809360
13:33:56.752 -> C,ts_engage_write,58897372
13:33:56.845 -> C,ts_engage_write,58985367
13:33:56.938 -> C,ts_engage_write,59073370
13:33:57.030 -> C,ts_engage_write,59161368
13:33:57.124 -> C,ts_engage_write,59249370
13:33:57.124 -> C,engage_lvl,844
13:33:57.170 -> C,ts_engage_write,59337366
13:33:57.264 -> C,ts_engage_write,59425371
13:33:57.356 -> C,ts_engage_write,59513366
13:33:57.449 -> C,ts_engage_write,59601370
13:33:57.541 -> C,ts_engage_write,59689368
13:33:57.637 -> [FACE] heartbeat
13:33:57.637 -> C,mood_str,50
13:33:57.637 -> C,ts_engage_write,59777470
13:33:57.637 -> C,engage_lvl,842
13:33:57.637 -> C,modifier,15
13:33:57.637 -> C,engage_floor,0
13:33:57.637 -> C,loop_us,272
13:33:57.729 -> C,ts_engage_write,59865365
13:33:57.821 -> C,ts_engage_write,59953371
13:33:57.916 -> C,dom_touch,64
13:33:57.916 -> C,dom_sec,0
13:33:57.916 -> [MEM] tick: records=2 strength=64
13:33:57.916 -> C,rec_count,2
13:33:57.916 -> C,ts_engage_write,60041520
13:33:57.963 -> C,ts_engage_write,60129378
13:33:58.055 -> C,ts_engage_write,60217368
13:33:58.148 -> C,ts_engage_write,60305370
13:33:58.148 -> C,engage_lvl,841
13:33:58.242 -> C,ts_engage_write,60393366
13:33:58.334 -> C,ts_engage_write,60481371
13:33:58.427 -> C,ts_engage_write,60569366
13:33:58.519 -> C,ts_engage_write,60657370
13:33:58.611 -> C,ts_engage_write,60745366
13:33:58.705 -> [FACE] heartbeat
13:33:58.705 -> C,mood_str,50
13:33:58.705 -> C,ts_engage_write,60833471
13:33:58.705 -> C,engage_lvl,840
13:33:58.705 -> C,modifier,15
13:33:58.705 -> C,engage_floor,0
13:33:58.705 -> C,loop_us,275
13:33:58.798 -> C,ts_engage_write,60924733
13:33:58.891 -> C,ts_engage_write,61012397
13:33:58.938 -> C,ts_engage_write,61100372
13:33:59.031 -> C,ts_engage_write,61188371
13:33:59.124 -> C,ts_engage_write,61276371
13:33:59.217 -> C,ts_engage_write,61364371
13:33:59.217 -> C,engage_lvl,838
13:33:59.309 -> C,ts_engage_write,61452371
13:33:59.404 -> C,ts_engage_write,61540371
13:33:59.497 -> C,ts_engage_write,61628371
13:33:59.591 -> C,ts_engage_write,61716371
13:33:59.683 -> C,ts_engage_write,61804370
13:33:59.730 -> [FACE] heartbeat
13:33:59.730 -> C,mood_str,50
13:33:59.730 -> C,ts_engage_write,61892468
13:33:59.730 -> C,engage_lvl,837
13:33:59.730 -> C,modifier,15
13:33:59.730 -> C,engage_floor,0
13:33:59.730 -> C,loop_us,267
13:33:59.824 -> C,ts_engage_write,61980375
13:33:59.917 -> C,ts_engage_write,62068372
13:34:00.010 -> C,ts_engage_write,62156371
13:34:00.105 -> C,ts_engage_write,62244371
13:34:00.197 -> C,ts_engage_write,62332371
13:34:00.291 -> C,ts_engage_write,62420371
13:34:00.291 -> C,engage_lvl,835
13:34:00.383 -> C,ts_engage_write,62508371
13:34:00.429 -> C,ts_engage_write,62596371
13:34:00.522 -> C,ts_engage_write,62684371
13:34:00.615 -> C,ts_engage_write,62772370
13:34:00.708 -> C,ts_engage_write,62860371
13:34:00.802 -> [FACE] heartbeat
13:34:00.802 -> C,mood_str,50
13:34:00.802 -> C,ts_engage_write,62948460
13:34:00.802 -> C,engage_lvl,834
13:34:00.802 -> C,modifier,15
13:34:00.802 -> C,engage_floor,0
13:34:00.802 -> C,loop_us,236
13:34:00.895 -> C,ts_engage_write,63036367
13:34:00.989 -> C,ts_engage_write,63124371
13:34:01.082 -> C,ts_engage_write,63212371
13:34:01.173 -> C,ts_engage_write,63300371
13:34:01.266 -> C,ts_engage_write,63388371
13:34:01.312 -> C,ts_engage_write,63476371
13:34:01.312 -> C,engage_lvl,833
13:34:01.406 -> C,ts_engage_write,63564371
13:34:01.498 -> C,ts_engage_write,63652371
13:34:01.592 -> C,ts_engage_write,63740371
13:34:01.685 -> C,ts_engage_write,63828370
13:34:01.777 -> C,ts_engage_write,63916371
13:34:01.870 -> [FACE] heartbeat
13:34:01.870 -> C,mood_str,50
13:34:01.870 -> C,ts_engage_write,64004460
13:34:01.870 -> C,engage_lvl,831
13:34:01.870 -> C,modifier,15
13:34:01.870 -> C,engage_floor,0
13:34:01.870 -> C,loop_us,259
13:34:01.964 -> C,ts_engage_write,64092367
13:34:02.056 -> C,ts_engage_write,64180371
13:34:02.102 -> C,ts_engage_write,64268371
13:34:02.197 -> C,ts_engage_write,64356371
13:34:02.289 -> C,ts_engage_write,64444371
13:34:02.383 -> C,ts_engage_write,64532371
13:34:02.383 -> C,engage_lvl,830
13:34:02.477 -> C,ts_engage_write,64620371
13:34:02.569 -> C,ts_engage_write,64708371
13:34:02.662 -> C,ts_engage_write,64796370
13:34:02.754 -> C,ts_engage_write,64884371
13:34:02.846 -> C,ts_engage_write,64972371
13:34:02.939 -> [FACE] heartbeat
13:34:02.939 -> C,mood_str,50
13:34:02.939 -> C,ts_engage_write,65060483
13:34:02.939 -> C,engage_lvl,828
13:34:02.939 -> C,modifier,15
13:34:02.939 -> C,engage_floor,0
13:34:02.939 -> C,loop_us,275
13:34:02.984 -> C,ts_engage_write,65148368
13:34:03.077 -> C,ts_engage_write,65236371
13:34:03.169 -> C,ts_engage_write,65324371
13:34:03.262 -> C,ts_engage_write,65412371
13:34:03.354 -> C,ts_engage_write,65500371
13:34:03.446 -> C,ts_engage_write,65588371
13:34:03.446 -> C,engage_lvl,827
13:34:03.539 -> C,ts_engage_write,65676371
13:34:03.631 -> C,ts_engage_write,65764369
13:34:03.723 -> C,ts_engage_write,65852371
13:34:03.816 -> C,ts_engage_write,65940371
13:34:03.863 -> C,ts_engage_write,66028371
13:34:03.954 -> [FACE] heartbeat
13:34:03.954 -> C,mood_str,50
13:34:03.954 -> C,ts_engage_write,66116482
13:34:03.954 -> C,engage_lvl,826
13:34:03.954 -> C,modifier,15
13:34:03.954 -> C,engage_floor,0
13:34:03.954 -> C,loop_us,274
13:34:04.046 -> C,ts_engage_write,66204368
13:34:04.139 -> C,ts_engage_write,66292373
13:34:04.139 -> [TOUCH] transition raw=1 pressed=1 ms=66292
13:34:04.139 -> [TOUCH] START raw=1 ms=66292
13:34:04.233 -> C,ts_engage_write,66380383
13:34:04.233 -> [TOUCH] transition raw=0 pressed=0 ms=66380
13:34:04.233 -> [TOUCH] RELEASE raw=0 duration=88 ms=66380
13:34:04.233 -> [TOUCH] TAP
13:34:04.233 -> [EMOTION] IDLE -> SURPRISED
13:34:04.233 -> EVT:{"type":"timeline","text":"User tap interaction","tag":"touch"}
13:34:04.327 -> C,ts_engage_write,66472438
13:34:04.420 -> C,ts_engage_write,66560388
13:34:04.514 -> C,ts_engage_write,66648384
13:34:04.514 -> C,engage_lvl,824
13:34:04.609 -> C,ts_engage_write,66736384
13:34:04.701 -> C,ts_engage_write,66824380
13:34:04.748 -> C,ts_engage_write,66912386
13:34:04.841 -> C,ts_engage_write,67000385
13:34:04.935 -> C,ts_engage_write,67088381
13:34:05.028 -> [FACE] heartbeat
13:34:05.028 -> C,mood_str,50
13:34:05.028 -> C,ts_engage_write,67176499
13:34:05.028 -> C,engage_lvl,823
13:34:05.028 -> C,modifier,15
13:34:05.028 -> C,engage_floor,0
13:34:05.028 -> C,loop_us,302
13:34:05.119 -> C,ts_engage_write,67264381
13:34:05.211 -> C,ts_engage_write,67352381
13:34:05.305 -> C,ts_engage_write,67440385
13:34:05.398 -> C,ts_engage_write,67528384
13:34:05.492 -> C,ts_engage_write,67616381
13:34:05.538 -> C,ts_engage_write,67704383
13:34:05.538 -> C,engage_lvl,821
13:34:05.631 -> C,ts_engage_write,67792383
13:34:05.726 -> C,ts_engage_write,67880383
13:34:05.818 -> C,ts_engage_write,67968384
13:34:05.912 -> C,ts_engage_write,68056381
13:34:06.006 -> C,ts_engage_write,68144385
13:34:06.098 -> [FACE] heartbeat
13:34:06.098 -> C,mood_str,50
13:34:06.098 -> C,ts_engage_write,68232473
13:34:06.098 -> C,engage_lvl,820
13:34:06.098 -> C,modifier,15
13:34:06.098 -> C,engage_floor,0
13:34:06.098 -> C,loop_us,273
13:34:06.191 -> C,ts_engage_write,68320376
13:34:06.284 -> C,ts_engage_write,68408374
13:34:06.330 -> C,ts_engage_write,68496376
13:34:06.424 -> C,ts_engage_write,68584374
13:34:06.518 -> C,ts_engage_write,68672376
13:34:06.611 -> C,ts_engage_write,68760372
13:34:06.611 -> C,engage_lvl,819
13:34:06.704 -> C,ts_engage_write,68848378
13:34:06.798 -> C,ts_engage_write,68936374
13:34:06.893 -> C,ts_engage_write,69024376
13:34:06.987 -> C,ts_engage_write,69112374
13:34:07.033 -> C,ts_engage_write,69200376
13:34:07.127 -> [FACE] heartbeat
13:34:07.127 -> C,mood_str,50
13:34:07.127 -> C,ts_engage_write,69288473
13:34:07.127 -> C,engage_lvl,817
13:34:07.127 -> C,modifier,15
13:34:07.127 -> C,engage_floor,0
13:34:07.127 -> C,loop_us,271
13:34:07.219 -> C,ts_engage_write,69376376
13:34:07.311 -> C,ts_engage_write,69464374
13:34:07.405 -> C,ts_engage_write,69552376
13:34:07.498 -> C,ts_engage_write,69640374
13:34:07.590 -> C,ts_engage_write,69728376
13:34:07.682 -> C,ts_engage_write,69816372
13:34:07.682 -> C,engage_lvl,816
13:34:07.776 -> C,ts_engage_write,69904378
13:34:07.869 -> C,ts_engage_write,69992374
13:34:07.916 -> C,ts_engage_write,70080376
13:34:08.008 -> C,ts_engage_write,70168374
13:34:08.100 -> C,ts_engage_write,70256376
13:34:08.193 -> [FACE] heartbeat
13:34:08.193 -> C,mood_str,50
13:34:08.193 -> C,ts_engage_write,70344477
13:34:08.193 -> C,engage_lvl,814
13:34:08.193 -> C,modifier,15
13:34:08.193 -> C,engage_floor,0
13:34:08.193 -> C,loop_us,277
13:34:08.285 -> C,ts_engage_write,70432374
13:34:08.379 -> C,ts_engage_write,70520374
13:34:08.471 -> C,ts_engage_write,70608379
13:34:08.564 -> C,ts_engage_write,70696378
13:34:08.657 -> C,ts_engage_write,70784374
13:34:08.750 -> C,ts_engage_write,70872376
13:34:08.750 -> C,engage_lvl,813
13:34:08.796 -> C,ts_engage_write,70960376
13:34:08.889 -> C,ts_engage_write,71048374
13:34:08.983 -> C,ts_engage_write,71136378
13:34:09.076 -> C,ts_engage_write,71224374
13:34:09.168 -> C,ts_engage_write,71312376
13:34:09.260 -> [FACE] heartbeat
13:34:09.260 -> [EMOTION] SURPRISED -> IDLE (timeout)
13:34:09.260 -> C,mood_str,50
13:34:09.260 -> C,ts_engage_write,71400539
13:34:09.260 -> C,engage_lvl,812
13:34:09.260 -> C,modifier,15
13:34:09.260 -> C,engage_floor,0
13:34:09.260 -> C,loop_us,336
13:34:09.352 -> C,ts_engage_write,71488374
13:34:09.445 -> C,ts_engage_write,71576367
13:34:09.538 -> C,ts_engage_write,71664367
13:34:09.630 -> C,ts_engage_write,71752362
13:34:09.675 -> C,ts_engage_write,71840368
13:34:09.768 -> C,ts_engage_write,71928363
13:34:09.768 -> C,engage_lvl,810
13:34:09.860 -> C,ts_engage_write,72016368
13:34:09.953 -> C,ts_engage_write,72104363
13:34:10.047 -> C,ts_engage_write,72192367
13:34:10.139 -> C,ts_engage_write,72280364
13:34:10.232 -> C,ts_engage_write,72368367
13:34:10.323 -> [FACE] heartbeat
13:34:10.323 -> C,mood_str,50
13:34:10.323 -> C,ts_engage_write,72456445
13:34:10.323 -> C,engage_lvl,809
13:34:10.323 -> C,modifier,15
13:34:10.323 -> C,engage_floor,0
13:34:10.323 -> C,loop_us,234
13:34:10.418 -> C,ts_engage_write,72544368
13:34:10.512 -> C,ts_engage_write,72632363
13:34:10.559 -> C,ts_engage_write,72720367
13:34:10.653 -> C,ts_engage_write,72808362
13:34:10.746 -> C,ts_engage_write,72896368
13:34:10.839 -> C,ts_engage_write,72984363
13:34:10.839 -> C,engage_lvl,807
13:34:10.934 -> C,ts_engage_write,73072368
13:34:11.027 -> C,ts_engage_write,73160363
13:34:11.119 -> C,ts_engage_write,73248367
13:34:11.212 -> C,ts_engage_write,73336364
13:34:11.258 -> C,ts_engage_write,73424367
13:34:11.352 -> [FACE] heartbeat
13:34:11.352 -> C,mood_str,50
13:34:11.352 -> C,ts_engage_write,73512444
13:34:11.352 -> C,engage_lvl,806
13:34:11.352 -> C,modifier,15
13:34:11.352 -> C,engage_floor,0
13:34:11.352 -> C,loop_us,239
13:34:11.446 -> C,ts_engage_write,73600368
13:34:11.540 -> C,ts_engage_write,73688363
13:34:11.632 -> C,ts_engage_write,73776365
13:34:11.727 -> C,ts_engage_write,73864366
13:34:11.821 -> C,ts_engage_write,73952367
13:34:11.914 -> C,ts_engage_write,74040363
13:34:11.914 -> C,engage_lvl,804
13:34:12.007 -> C,ts_engage_write,74128368
13:34:12.053 -> C,ts_engage_write,74216363
13:34:12.146 -> C,ts_engage_write,74304367
13:34:12.240 -> C,ts_engage_write,74392364
13:34:12.333 -> C,ts_engage_write,74480367
13:34:12.426 -> [FACE] heartbeat
13:34:12.426 -> C,mood_str,50
13:34:12.426 -> C,ts_engage_write,74568444
13:34:12.426 -> C,engage_lvl,803
13:34:12.426 -> C,modifier,15
13:34:12.426 -> C,engage_floor,0
13:34:12.426 -> C,loop_us,240
13:34:12.519 -> C,ts_engage_write,74656368
13:34:12.613 -> C,ts_engage_write,74744361
13:34:12.705 -> C,ts_engage_write,74832368
13:34:12.800 -> C,ts_engage_write,74920364
13:34:12.847 -> C,ts_engage_write,75008372
13:34:12.941 -> C,ts_engage_write,75096370
13:34:12.941 -> C,engage_lvl,802
13:34:13.034 -> C,ts_engage_write,75184370
13:34:13.127 -> C,ts_engage_write,75272365
13:34:13.221 -> C,ts_engage_write,75360369
13:34:13.313 -> C,ts_engage_write,75448366
13:34:13.407 -> C,ts_engage_write,75536369
13:34:13.500 -> [FACE] heartbeat
13:34:13.500 -> C,mood_str,50
13:34:13.500 -> C,ts_engage_write,75624448
13:34:13.500 -> C,engage_lvl,800
13:34:13.500 -> C,modifier,15
13:34:13.500 -> C,engage_floor,0
13:34:13.500 -> C,loop_us,263
13:34:13.546 -> C,ts_engage_write,75712370
13:34:13.639 -> C,ts_engage_write,75800363
13:34:13.733 -> C,ts_engage_write,75888370
13:34:13.826 -> C,ts_engage_write,75976366
13:34:13.919 -> C,ts_engage_write,76064369
13:34:14.012 -> C,ts_engage_write,76152365
13:34:14.012 -> C,engage_lvl,799
13:34:14.107 -> C,ts_engage_write,76240370
13:34:14.200 -> C,ts_engage_write,76328365
13:34:14.294 -> C,ts_engage_write,76416369
13:34:14.341 -> C,ts_engage_write,76504366
13:34:14.435 -> C,ts_engage_write,76592369
13:34:14.529 -> [FACE] heartbeat
13:34:14.529 -> C,mood_str,50
13:34:14.529 -> C,ts_engage_write,76680449
13:34:14.529 -> C,engage_lvl,797
13:34:14.529 -> C,modifier,15
13:34:14.529 -> C,engage_floor,0
13:34:14.529 -> C,loop_us,226
13:34:14.622 -> C,ts_engage_write,76768368
13:34:14.716 -> C,ts_engage_write,76856366
13:34:14.808 -> C,ts_engage_write,76944369
13:34:14.901 -> C,ts_engage_write,77032366
13:34:14.995 -> C,ts_engage_write,77120369
13:34:15.041 -> C,ts_engage_write,77208365
13:34:15.041 -> C,engage_lvl,796
13:34:15.134 -> C,ts_engage_write,77296370
13:34:15.227 -> C,ts_engage_write,77384365
13:34:15.320 -> C,ts_engage_write,77472369
13:34:15.412 -> C,ts_engage_write,77560366
13:34:15.506 -> C,ts_engage_write,77648369
13:34:15.599 -> [FACE] heartbeat
13:34:15.599 -> C,mood_str,50
13:34:15.599 -> C,ts_engage_write,77736462
13:34:15.599 -> C,engage_lvl,795
13:34:15.599 -> C,modifier,15
13:34:15.599 -> C,engage_floor,0
13:34:15.599 -> C,loop_us,270
13:34:15.691 -> C,ts_engage_write,77824366
13:34:15.784 -> C,ts_engage_write,77912366
13:34:15.875 -> C,ts_engage_write,78000369
13:34:15.921 -> C,ts_engage_write,78088366
13:34:16.014 -> C,ts_engage_write,78176369
13:34:16.107 -> C,ts_engage_write,78264365
13:34:16.107 -> C,engage_lvl,793
13:34:16.199 -> C,ts_engage_write,78352370
13:34:16.292 -> C,ts_engage_write,78440365
13:34:16.385 -> C,ts_engage_write,78528369
13:34:16.478 -> C,ts_engage_write,78616366
13:34:16.571 -> C,ts_engage_write,78704369
13:34:16.665 -> [FACE] heartbeat
13:34:16.665 -> C,mood_str,50
13:34:16.665 -> C,ts_engage_write,78792464
13:34:16.665 -> C,engage_lvl,792
13:34:16.665 -> C,modifier,15
13:34:16.665 -> C,engage_floor,0
13:34:16.665 -> C,loop_us,251
13:34:16.759 -> C,ts_engage_write,78880372
13:34:16.759 -> [TOUCH] transition raw=1 pressed=1 ms=78880
13:34:16.759 -> [TOUCH] START raw=1 ms=78880
13:34:16.805 -> C,ts_engage_write,78968374
13:34:16.805 -> [TOUCH] transition raw=0 pressed=0 ms=78968
13:34:16.805 -> [TOUCH] RELEASE raw=0 duration=88 ms=78968
13:34:16.805 -> [TOUCH] TAP
13:34:16.805 -> [EMOTION] IDLE -> SURPRISED
13:34:16.805 -> EVT:{"type":"timeline","text":"User tap interaction","tag":"touch"}
13:34:16.899 -> C,ts_engage_write,79060443
13:34:16.991 -> C,ts_engage_write,79148384
13:34:17.083 -> C,ts_engage_write,79236385
13:34:17.175 -> C,ts_engage_write,79324382
13:34:17.175 -> C,engage_lvl,790
13:34:17.269 -> C,ts_engage_write,79412386
13:34:17.361 -> C,ts_engage_write,79500380
13:34:17.454 -> C,ts_engage_write,79588386
13:34:17.547 -> C,ts_engage_write,79676382
13:34:17.641 -> C,ts_engage_write,79764384
13:34:17.688 -> [FACE] heartbeat
13:34:17.688 -> C,mood_str,50
13:34:17.688 -> C,ts_engage_write,79852503
13:34:17.688 -> C,engage_lvl,789
13:34:17.688 -> C,modifier,15
13:34:17.688 -> C,engage_floor,0
13:34:17.688 -> C,loop_us,288
13:34:17.781 -> C,ts_engage_write,79940384
13:34:17.874 -> C,ts_engage_write,80028380
13:34:17.968 -> C,ts_engage_write,80116386
13:34:18.060 -> C,ts_engage_write,80204381
13:34:18.154 -> C,ts_engage_write,80292386
13:34:18.247 -> C,ts_engage_write,80380380
13:34:18.247 -> C,engage_lvl,788
13:34:18.340 -> C,ts_engage_write,80468386
13:34:18.431 -> C,ts_engage_write,80556381
13:34:18.480 -> C,ts_engage_write,80644386
13:34:18.574 -> C,ts_engage_write,80732380
13:34:18.668 -> C,ts_engage_write,80820376
13:34:18.761 -> [FACE] heartbeat
13:34:18.761 -> C,mood_str,50
13:34:18.761 -> C,ts_engage_write,80908480
13:34:18.761 -> C,engage_lvl,786
13:34:18.761 -> C,modifier,15
13:34:18.761 -> C,engage_floor,0
13:34:18.761 -> C,loop_us,289
13:34:18.854 -> C,ts_engage_write,80996378
13:34:18.946 -> C,ts_engage_write,81084375
13:34:19.038 -> C,ts_engage_write,81172377
13:34:19.129 -> C,ts_engage_write,81260376
13:34:19.223 -> C,ts_engage_write,81348378
13:34:19.269 -> C,ts_engage_write,81436375
13:34:19.269 -> C,engage_lvl,785
13:34:19.362 -> C,ts_engage_write,81524377
13:34:19.455 -> C,ts_engage_write,81612376
13:34:19.548 -> C,ts_engage_write,81700378
13:34:19.641 -> C,ts_engage_write,81788374
13:34:19.735 -> C,ts_engage_write,81876379
13:34:19.829 -> [FACE] heartbeat
13:34:19.829 -> C,mood_str,50
13:34:19.829 -> C,ts_engage_write,81964467
13:34:19.829 -> C,engage_lvl,783
13:34:19.829 -> C,modifier,15
13:34:19.829 -> C,engage_floor,0
13:34:19.829 -> C,loop_us,267
13:34:19.923 -> C,ts_engage_write,82052375
13:34:20.016 -> C,ts_engage_write,82140375
13:34:20.062 -> C,ts_engage_write,82228377
13:34:20.155 -> C,ts_engage_write,82316376
13:34:20.249 -> C,ts_engage_write,82404378
13:34:20.341 -> C,ts_engage_write,82492375
13:34:20.341 -> C,engage_lvl,782
13:34:20.433 -> C,ts_engage_write,82580377
13:34:20.527 -> C,ts_engage_write,82668376
13:34:20.621 -> C,ts_engage_write,82756382
13:34:20.713 -> C,ts_engage_write,82844377
13:34:20.807 -> C,ts_engage_write,82932380
13:34:20.854 -> [FACE] heartbeat
13:34:20.854 -> C,mood_str,50
13:34:20.854 -> C,ts_engage_write,83020485
13:34:20.854 -> C,engage_lvl,781
13:34:20.854 -> C,modifier,15
13:34:20.854 -> C,engage_floor,0
13:34:20.854 -> C,loop_us,279
13:34:20.947 -> C,ts_engage_write,83108374
13:34:21.039 -> C,ts_engage_write,83196375
13:34:21.133 -> C,ts_engage_write,83284377
13:34:21.226 -> C,ts_engage_write,83372376
13:34:21.318 -> C,ts_engage_write,83460378
13:34:21.410 -> C,ts_engage_write,83548375
13:34:21.410 -> C,engage_lvl,779
13:34:21.503 -> C,ts_engage_write,83636377
13:34:21.597 -> C,ts_engage_write,83724376
13:34:21.690 -> C,ts_engage_write,83812375
13:34:21.735 -> C,ts_engage_write,83900377
13:34:21.828 -> [EMOTION] SURPRISED -> IDLE (timeout)
13:34:21.828 -> C,ts_engage_write,83988463
13:34:21.922 -> [FACE] heartbeat
13:34:21.922 -> C,mood_str,50
13:34:21.922 -> C,ts_engage_write,84076500
13:34:21.922 -> C,engage_lvl,778
13:34:21.922 -> C,modifier,15
13:34:21.922 -> C,engage_floor,0
13:34:21.922 -> C,loop_us,302
13:34:22.016 -> C,ts_engage_write,84164372
13:34:22.109 -> C,ts_engage_write,84252369
13:34:22.202 -> C,ts_engage_write,84340369
13:34:22.295 -> C,ts_engage_write,84428370
13:34:22.295 -> [TOUCH] transition raw=1 pressed=1 ms=84428
13:34:22.295 -> [TOUCH] START raw=1 ms=84428
13:34:22.388 -> C,ts_engage_write,84516378
13:34:22.388 -> [TOUCH] transition raw=0 pressed=0 ms=84516
13:34:22.388 -> [TOUCH] RELEASE raw=0 duration=88 ms=84516
13:34:22.388 -> [TOUCH] TAP
13:34:22.481 -> C,ts_engage_write,84604402
13:34:22.481 -> C,engage_lvl,776
13:34:22.528 -> C,ts_engage_write,84692374
13:34:22.621 -> C,ts_engage_write,84780370
13:34:22.714 -> C,ts_engage_write,84868373
13:34:22.806 -> C,ts_engage_write,84956370
13:34:22.898 -> C,ts_engage_write,85044371
13:34:22.992 -> [FACE] heartbeat
13:34:22.992 -> C,mood_str,50
13:34:22.992 -> C,ts_engage_write,85132459
13:34:22.992 -> C,engage_lvl,775
13:34:22.992 -> C,modifier,15
13:34:22.992 -> C,engage_floor,0
13:34:22.992 -> C,loop_us,259
13:34:23.087 -> C,ts_engage_write,85220367
13:34:23.179 -> C,ts_engage_write,85308370
13:34:23.273 -> C,ts_engage_write,85396371
13:34:23.320 -> C,ts_engage_write,85484370
13:34:23.413 -> C,ts_engage_write,85572371
13:34:23.505 -> C,ts_engage_write,85660370
13:34:23.505 -> C,engage_lvl,774
13:34:23.598 -> C,ts_engage_write,85748369
13:34:23.692 -> C,ts_engage_write,85836371
13:34:23.783 -> C,ts_engage_write,85924371
13:34:23.877 -> C,ts_engage_write,86012370
13:34:23.971 -> C,ts_engage_write,86100371
13:34:24.062 -> [FACE] heartbeat
13:34:24.062 -> C,mood_str,50
13:34:24.062 -> C,ts_engage_write,86188470
13:34:24.062 -> C,engage_lvl,772
13:34:24.062 -> C,modifier,15
13:34:24.062 -> C,engage_floor,0
13:34:24.062 -> C,loop_us,268
13:34:24.155 -> C,ts_engage_write,86276371
13:34:24.201 -> C,ts_engage_write,86364370
13:34:24.296 -> C,ts_engage_write,86452371
13:34:24.386 -> C,ts_engage_write,86540370
13:34:24.480 -> C,ts_engage_write,86628377
13:34:24.572 -> C,ts_engage_write,86716371
13:34:24.572 -> C,engage_lvl,771
13:34:24.664 -> C,ts_engage_write,86804369
13:34:24.757 -> C,ts_engage_write,86892371
13:34:24.849 -> C,ts_engage_write,86980371
13:34:24.943 -> C,ts_engage_write,87068370
13:34:24.990 -> C,ts_engage_write,87156371
13:34:25.083 -> [FACE] heartbeat
13:34:25.083 -> C,mood_str,50
13:34:25.083 -> C,ts_engage_write,87244468
13:34:25.083 -> C,engage_lvl,769
13:34:25.083 -> C,modifier,15
13:34:25.083 -> C,engage_floor,0
13:34:25.083 -> C,loop_us,266
13:34:25.176 -> C,ts_engage_write,87332371
13:34:25.268 -> C,ts_engage_write,87420370
13:34:25.362 -> C,ts_engage_write,87508371
13:34:25.456 -> C,ts_engage_write,87596370
13:34:25.548 -> C,ts_engage_write,87684371
13:34:25.641 -> C,ts_engage_write,87772367
13:34:25.641 -> C,engage_lvl,768
13:34:25.734 -> C,ts_engage_write,87860372
13:34:25.734 -> [TOUCH] transition raw=1 pressed=1 ms=87860
13:34:25.734 -> [TOUCH] START raw=1 ms=87860
13:34:25.781 -> C,ts_engage_write,87948378
13:34:25.781 -> [TOUCH] transition raw=0 pressed=0 ms=87948
13:34:25.781 -> [TOUCH] RELEASE raw=0 duration=88 ms=87948
13:34:25.781 -> [TOUCH] TAP
13:34:25.781 -> [EMOTION] IDLE -> EXCITED
13:34:25.827 -> EVT:{"type":"timeline","text":"User tap interaction","tag":"touch"}
13:34:25.874 -> C,ts_engage_write,88040442
13:34:25.967 -> C,ts_engage_write,88128397
13:34:26.061 -> C,ts_engage_write,88216405
13:34:26.155 -> [FACE] heartbeat
13:34:26.155 -> C,mood_str,50
13:34:26.155 -> C,ts_engage_write,88304536
13:34:26.155 -> C,engage_lvl,766
13:34:26.155 -> C,modifier,15
13:34:26.155 -> C,engage_floor,0
13:34:26.155 -> C,loop_us,319
13:34:26.248 -> C,ts_engage_write,88392402
13:34:26.340 -> C,ts_engage_write,88480397
13:34:26.433 -> C,ts_engage_write,88568402
13:34:26.526 -> C,ts_engage_write,88656397
13:34:26.619 -> C,ts_engage_write,88744397
13:34:26.665 -> C,ts_engage_write,88832398
13:34:26.665 -> C,engage_lvl,765
13:34:26.757 -> C,ts_engage_write,88920402
13:34:26.851 -> C,ts_engage_write,89008397
13:34:26.944 -> C,ts_engage_write,89096401
13:34:27.037 -> C,ts_engage_write,89184397
13:34:27.130 -> C,ts_engage_write,89272401
13:34:27.222 -> [FACE] heartbeat
13:34:27.222 -> C,mood_str,50
13:34:27.222 -> C,ts_engage_write,89360540
13:34:27.222 -> C,engage_lvl,764
13:34:27.222 -> C,modifier,15
13:34:27.222 -> C,engage_floor,0
13:34:27.222 -> C,loop_us,350
13:34:27.315 -> C,ts_engage_write,89448398
13:34:27.406 -> C,ts_engage_write,89536398
13:34:27.499 -> C,ts_engage_write,89624397
13:34:27.591 -> C,ts_engage_write,89712402
13:34:27.638 -> C,ts_engage_write,89800389
13:34:27.730 -> C,ts_engage_write,89888396
13:34:27.730 -> C,engage_lvl,762
13:34:27.823 -> C,ts_engage_write,89976392
13:34:27.916 -> C,ts_engage_write,90064396
13:34:28.010 -> C,ts_engage_write,90152392
13:34:28.102 -> C,ts_engage_write,90240392
13:34:28.196 -> C,ts_engage_write,90328392
13:34:28.290 -> [FACE] heartbeat
13:34:28.290 -> C,mood_str,50
13:34:28.290 -> C,ts_engage_write,90416524
13:34:28.290 -> C,engage_lvl,761
13:34:28.290 -> C,modifier,15
13:34:28.290 -> C,engage_floor,0
13:34:28.290 -> C,loop_us,338
13:34:28.336 -> C,ts_engage_write,90504393
13:34:28.429 -> C,ts_engage_write,90592395
13:34:28.522 -> C,ts_engage_write,90680393
13:34:28.617 -> C,ts_engage_write,90768393
13:34:28.711 -> C,ts_engage_write,90856394
13:34:28.804 -> C,ts_engage_write,90944395
13:34:28.804 -> C,engage_lvl,759
13:34:28.896 -> C,ts_engage_write,91032393
13:34:28.990 -> C,ts_engage_write,91120393
13:34:29.083 -> C,ts_engage_write,91208395
13:34:29.129 -> C,ts_engage_write,91296393
13:34:29.223 -> C,ts_engage_write,91384395
13:34:29.316 -> [FACE] heartbeat
13:34:29.316 -> C,mood_str,50
13:34:29.316 -> C,ts_engage_write,91472495
13:34:29.316 -> C,engage_lvl,758
13:34:29.316 -> C,modifier,15
13:34:29.316 -> C,engage_floor,0
13:34:29.316 -> C,loop_us,313
13:34:29.408 -> C,ts_engage_write,91560393
13:34:29.502 -> C,ts_engage_write,91648393
13:34:29.597 -> C,ts_engage_write,91736395
13:34:29.690 -> C,ts_engage_write,91824391
13:34:29.783 -> C,ts_engage_write,91912394
13:34:29.878 -> C,ts_engage_write,92000393
13:34:29.878 -> C,engage_lvl,757
13:34:29.924 -> C,ts_engage_write,92088395
13:34:30.018 -> C,ts_engage_write,92176390
13:34:30.111 -> C,ts_engage_write,92264393
13:34:30.205 -> C,ts_engage_write,92352390
13:34:30.298 -> C,ts_engage_write,92440393
13:34:30.392 -> [FACE] heartbeat
13:34:30.392 -> C,mood_str,50
13:34:30.392 -> C,ts_engage_write,92528527
13:34:30.392 -> C,engage_lvl,755
13:34:30.392 -> C,modifier,15
13:34:30.392 -> C,engage_floor,0
13:34:30.392 -> C,loop_us,333
13:34:30.484 -> C,ts_engage_write,92616393
13:34:30.578 -> C,ts_engage_write,92704393
13:34:30.625 -> C,ts_engage_write,92792390
13:34:30.718 -> C,ts_engage_write,92880396
13:34:30.811 -> [EMOTION] EXCITED -> IDLE (timeout)
13:34:30.811 -> C,ts_engage_write,92968483
13:34:30.904 -> C,ts_engage_write,93056374
13:34:30.904 -> C,engage_lvl,754
13:34:30.998 -> C,ts_engage_write,93144369
13:34:31.091 -> C,ts_engage_write,93232368
13:34:31.184 -> C,ts_engage_write,93320367
13:34:31.278 -> C,ts_engage_write,93408369
13:34:31.371 -> C,ts_engage_write,93496367
13:34:31.418 -> [FACE] heartbeat
13:34:31.418 -> C,mood_str,50
13:34:31.418 -> C,ts_engage_write,93584475
13:34:31.418 -> C,engage_lvl,752
13:34:31.418 -> C,modifier,15
13:34:31.418 -> C,engage_floor,0
13:34:31.418 -> C,loop_us,277
13:34:31.509 -> C,ts_engage_write,93672369
13:34:31.603 -> C,ts_engage_write,93760367
13:34:31.695 -> C,ts_engage_write,93848370
13:34:31.786 -> C,ts_engage_write,93936367
13:34:31.881 -> C,ts_engage_write,94024369
13:34:31.976 -> C,ts_engage_write,94112367
13:34:31.976 -> C,engage_lvl,751
13:34:32.069 -> C,ts_engage_write,94200368
13:34:32.162 -> C,ts_engage_write,94288368
13:34:32.255 -> C,ts_engage_write,94376368
13:34:32.301 -> C,ts_engage_write,94464367
13:34:32.395 -> C,ts_engage_write,94552369
13:34:32.489 -> [FACE] heartbeat
13:34:32.489 -> C,mood_str,50
13:34:32.489 -> C,ts_engage_write,94640453
13:34:32.489 -> C,engage_lvl,750
13:34:32.489 -> C,modifier,15
13:34:32.489 -> C,engage_floor,0
13:34:32.489 -> C,loop_us,254
13:34:32.582 -> C,ts_engage_write,94728372
13:34:32.675 -> C,ts_engage_write,94816369
13:34:32.768 -> C,ts_engage_write,94904369
13:34:32.862 -> C,ts_engage_write,94992367
13:34:32.955 -> C,ts_engage_write,95080369
13:34:33.002 -> C,ts_engage_write,95168367
13:34:33.002 -> C,engage_lvl,748
13:34:33.094 -> C,ts_engage_write,95256368
13:34:33.188 -> C,ts_engage_write,95344368
13:34:33.282 -> C,ts_engage_write,95432368
13:34:33.376 -> C,ts_engage_write,95520367
13:34:33.468 -> C,ts_engage_write,95608369
13:34:33.560 -> [FACE] heartbeat
13:34:33.560 -> C,mood_str,50
13:34:33.560 -> C,ts_engage_write,95696467
13:34:33.560 -> C,engage_lvl,747
13:34:33.560 -> C,modifier,15
13:34:33.560 -> C,engage_floor,0
13:34:33.560 -> C,loop_us,252
13:34:33.655 -> C,ts_engage_write,95784366
13:34:33.748 -> C,ts_engage_write,95872370
13:34:33.795 -> C,ts_engage_write,95960368
13:34:33.887 -> C,ts_engage_write,96048367
13:34:33.979 -> C,ts_engage_write,96136369
13:34:34.072 -> C,ts_engage_write,96224367
13:34:34.072 -> C,engage_lvl,745
13:34:34.165 -> C,ts_engage_write,96312368
13:34:34.259 -> C,ts_engage_write,96400368
13:34:34.354 -> C,ts_engage_write,96488368
13:34:34.447 -> C,ts_engage_write,96576367
13:34:34.539 -> C,ts_engage_write,96664369
13:34:34.586 -> [FACE] heartbeat
13:34:34.586 -> C,mood_str,50
13:34:34.586 -> C,ts_engage_write,96752451
13:34:34.586 -> C,engage_lvl,744
13:34:34.586 -> C,modifier,15
13:34:34.586 -> C,engage_floor,0
13:34:34.586 -> C,loop_us,263
13:34:34.679 -> C,ts_engage_write,96840369
13:34:34.772 -> C,ts_engage_write,96928368
13:34:34.865 -> C,ts_engage_write,97016368
13:34:34.958 -> C,ts_engage_write,97104367
13:34:35.052 -> C,ts_engage_write,97192369
13:34:35.145 -> C,ts_engage_write,97280367
13:34:35.145 -> C,engage_lvl,743
13:34:35.239 -> C,ts_engage_write,97368368
13:34:35.332 -> C,ts_engage_write,97456368
13:34:35.378 -> C,ts_engage_write,97544368
13:34:35.472 -> C,ts_engage_write,97632367
13:34:35.565 -> C,ts_engage_write,97720369
13:34:35.658 -> [FACE] heartbeat
13:34:35.658 -> C,mood_str,50
13:34:35.658 -> C,ts_engage_write,97808475
13:34:35.658 -> C,engage_lvl,741
13:34:35.658 -> C,modifier,15
13:34:35.658 -> C,engage_floor,0
13:34:35.658 -> C,loop_us,273
13:34:35.752 -> C,ts_engage_write,97896365
13:34:35.845 -> C,ts_engage_write,97984368
13:34:35.939 -> C,ts_engage_write,98072368
13:34:36.032 -> C,ts_engage_write,98160367
13:34:36.126 -> C,ts_engage_write,98248369
13:34:36.172 -> C,ts_engage_write,98336367
13:34:36.172 -> C,engage_lvl,740
13:34:36.264 -> C,ts_engage_write,98424368
13:34:36.356 -> C,ts_engage_write,98512368
13:34:36.449 -> C,ts_engage_write,98600368
13:34:36.542 -> C,ts_engage_write,98688367
13:34:36.637 -> C,ts_engage_write,98776367
13:34:36.729 -> [FACE] heartbeat
13:34:36.729 -> C,mood_str,50
13:34:36.729 -> C,ts_engage_write,98864456
13:34:36.729 -> C,engage_lvl,738
13:34:36.729 -> C,modifier,15
13:34:36.729 -> C,engage_floor,0
13:34:36.729 -> C,loop_us,268
13:34:36.822 -> C,ts_engage_write,98952368
13:34:36.915 -> C,ts_engage_write,99040368
13:34:36.962 -> C,ts_engage_write,99128372
13:34:37.056 -> C,ts_engage_write,99216368
13:34:37.149 -> C,ts_engage_write,99304370
13:34:37.243 -> C,ts_engage_write,99392367
13:34:37.243 -> C,engage_lvl,737
13:34:37.336 -> C,ts_engage_write,99480368
13:34:37.428 -> C,ts_engage_write,99568368
13:34:37.520 -> C,ts_engage_write,99656368
13:34:37.612 -> C,ts_engage_write,99744366
13:34:37.706 -> C,ts_engage_write,99832370
13:34:37.753 -> [FACE] heartbeat
13:34:37.753 -> C,mood_str,50
13:34:37.753 -> C,ts_engage_write,99920469
13:34:37.753 -> C,engage_lvl,736
13:34:37.753 -> C,modifier,15
13:34:37.753 -> C,engage_floor,0
13:34:37.753 -> C,loop_us,265
13:34:37.846 -> C,ts_engage_write,100008368
13:34:37.939 -> C,ts_engage_write,100096368
13:34:38.031 -> C,ts_engage_write,100184368
13:34:38.125 -> C,ts_engage_write,100272367
13:34:38.218 -> C,ts_engage_write,100360369
13:34:38.310 -> C,ts_engage_write,100448367
13:34:38.310 -> C,engage_lvl,734
13:34:38.403 -> C,ts_engage_write,100536368
13:34:38.497 -> C,ts_engage_write,100624368
13:34:38.590 -> C,ts_engage_write,100712368
13:34:38.637 -> C,ts_engage_write,100800367
13:34:38.730 -> C,ts_engage_write,100888369
13:34:38.823 -> [FACE] heartbeat
13:34:38.823 -> C,mood_str,50
13:34:38.823 -> C,ts_engage_write,100976479
13:34:38.823 -> C,engage_lvl,733
13:34:38.823 -> C,modifier,15
13:34:38.823 -> C,engage_floor,0
13:34:38.823 -> C,loop_us,276
13:34:38.916 -> C,ts_engage_write,101064363
13:34:39.009 -> C,ts_engage_write,101152368
13:34:39.102 -> C,ts_engage_write,101240368
13:34:39.196 -> C,ts_engage_write,101328367
13:34:39.290 -> C,ts_engage_write,101416369
13:34:39.383 -> C,ts_engage_write,101504367
13:34:39.383 -> C,engage_lvl,731
13:34:39.429 -> C,ts_engage_write,101592368
13:34:39.521 -> C,ts_engage_write,101680368
13:34:39.616 -> C,ts_engage_write,101768366
13:34:39.710 -> C,ts_engage_write,101856369
13:34:39.803 -> C,ts_engage_write,101944369
13:34:39.896 -> [FACE] heartbeat
13:34:39.896 -> C,mood_str,50
13:34:39.896 -> C,ts_engage_write,102032474
13:34:39.896 -> C,engage_lvl,730
13:34:39.896 -> C,modifier,15
13:34:39.896 -> C,engage_floor,0
13:34:39.896 -> C,loop_us,275
13:34:39.991 -> C,ts_engage_write,102120365
13:34:40.084 -> C,ts_engage_write,102208368
13:34:40.131 -> C,ts_engage_write,102296368
13:34:40.224 -> C,ts_engage_write,102384367
13:34:40.317 -> C,ts_engage_write,102472369
13:34:40.410 -> C,ts_engage_write,102560367
13:34:40.410 -> C,engage_lvl,729
13:34:40.503 -> C,ts_engage_write,102648368
13:34:40.596 -> C,ts_engage_write,102736368
13:34:40.689 -> C,ts_engage_write,102824367
13:34:40.782 -> C,ts_engage_write,102912367
13:34:40.875 -> C,ts_engage_write,103000369
13:34:40.922 -> [FACE] heartbeat
13:34:40.922 -> C,mood_str,50
13:34:40.922 -> C,ts_engage_write,103088453
13:34:40.922 -> C,engage_lvl,727
13:34:40.922 -> C,modifier,15
13:34:40.922 -> C,engage_floor,0
13:34:40.922 -> C,loop_us,253
13:34:41.016 -> C,ts_engage_write,103176368
13:34:41.109 -> C,ts_engage_write,103264368
13:34:41.200 -> C,ts_engage_write,103352368
13:34:41.295 -> C,ts_engage_write,103440367
13:34:41.295 -> [TOUCH] transition raw=1 pressed=1 ms=103440
13:34:41.295 -> [TOUCH] START raw=1 ms=103440
13:34:41.388 -> C,ts_engage_write,103528379
13:34:41.388 -> [TOUCH] transition raw=0 pressed=0 ms=103528
13:34:41.388 -> [TOUCH] RELEASE raw=0 duration=88 ms=103528
13:34:41.388 -> [TOUCH] TAP
13:34:41.388 -> [EMOTION] IDLE -> HAPPY
13:34:41.388 -> EVT:{"type":"timeline","text":"User tap interaction","tag":"touch"}
13:34:41.479 -> C,ts_engage_write,103620442
13:34:41.479 -> C,engage_lvl,726
13:34:41.572 -> C,ts_engage_write,103709392
13:34:41.665 -> C,ts_engage_write,103798392
13:34:41.760 -> C,ts_engage_write,103887392
13:34:41.850 -> C,ts_engage_write,103976392
13:34:41.944 -> C,ts_engage_write,104065392
13:34:41.990 -> [FACE] heartbeat
13:34:41.990 -> C,mood_str,50
13:34:41.990 -> C,ts_engage_write,104154498
13:34:41.990 -> C,engage_lvl,724
13:34:41.990 -> C,modifier,15
13:34:41.990 -> C,engage_floor,0
13:34:41.990 -> C,loop_us,296
13:34:42.083 -> C,ts_engage_write,104243393
13:34:42.176 -> C,ts_engage_write,104332391
13:34:42.270 -> C,ts_engage_write,104421393
13:34:42.363 -> C,ts_engage_write,104510391
13:34:42.457 -> C,ts_engage_write,104599392
13:34:42.551 -> C,ts_engage_write,104688392
13:34:42.551 -> C,engage_lvl,723
13:34:42.642 -> C,ts_engage_write,104777390
13:34:42.736 -> C,ts_engage_write,104866392
13:34:42.830 -> C,ts_engage_write,104955393
13:34:42.923 -> C,ts_engage_write,105044391
13:34:42.969 -> C,ts_engage_write,105133393
13:34:43.064 -> [FACE] heartbeat
13:34:43.064 -> C,mood_str,50
13:34:43.064 -> C,ts_engage_write,105222484
13:34:43.064 -> C,engage_lvl,721
13:34:43.064 -> C,modifier,15
13:34:43.064 -> C,engage_floor,0
13:34:43.064 -> C,loop_us,261
13:34:43.156 -> C,ts_engage_write,105311391
13:34:43.248 -> C,ts_engage_write,105399391
13:34:43.341 -> C,ts_engage_write,105487392
13:34:43.435 -> C,ts_engage_write,105575390
13:34:43.527 -> C,ts_engage_write,105663392
13:34:43.621 -> C,ts_engage_write,105751387
13:34:43.621 -> C,engage_lvl,720
13:34:43.713 -> C,ts_engage_write,105839391
13:34:43.805 -> C,ts_engage_write,105927390
13:34:43.852 -> C,ts_engage_write,106015392
13:34:43.945 -> C,ts_engage_write,106103391
13:34:44.039 -> C,ts_engage_write,106191392
13:34:44.132 -> [FACE] heartbeat
13:34:44.132 -> C,mood_str,50
13:34:44.132 -> C,ts_engage_write,106279501
13:34:44.132 -> C,engage_lvl,719
13:34:44.132 -> C,modifier,15
13:34:44.132 -> C,engage_floor,0
13:34:44.132 -> C,loop_us,308
13:34:44.225 -> C,ts_engage_write,106368392
13:34:44.317 -> C,ts_engage_write,106456388
13:34:44.410 -> C,ts_engage_write,106544392
13:34:44.503 -> C,ts_engage_write,106632390
13:34:44.595 -> C,ts_engage_write,106720392
13:34:44.641 -> C,ts_engage_write,106808389
13:34:44.641 -> C,engage_lvl,717
13:34:44.732 -> C,ts_engage_write,106896391
13:34:44.825 -> C,ts_engage_write,106984391
13:34:44.918 -> C,ts_engage_write,107072391
13:34:45.010 -> C,ts_engage_write,107160390
13:34:45.102 -> C,ts_engage_write,107248392
13:34:45.193 -> [FACE] heartbeat
13:34:45.193 -> C,mood_str,50
13:34:45.193 -> C,ts_engage_write,107336492
13:34:45.193 -> C,engage_lvl,716
13:34:45.193 -> C,modifier,15
13:34:45.193 -> C,engage_floor,0
13:34:45.193 -> C,loop_us,291
13:34:45.287 -> C,ts_engage_write,107425391
13:34:45.380 -> C,ts_engage_write,107513391
13:34:45.473 -> C,ts_engage_write,107601390
13:34:45.566 -> C,ts_engage_write,107689393
13:34:45.613 -> C,ts_engage_write,107777390
13:34:45.708 -> C,ts_engage_write,107865385
13:34:45.708 -> C,engage_lvl,714
13:34:45.801 -> C,ts_engage_write,107953393
13:34:45.894 -> C,ts_engage_write,108041390
13:34:45.989 -> C,ts_engage_write,108129394
13:34:46.081 -> C,ts_engage_write,108217392
13:34:46.176 -> C,ts_engage_write,108305392
13:34:46.270 -> [FACE] heartbeat
13:34:46.270 -> C,mood_str,50
13:34:46.270 -> C,ts_engage_write,108393504
13:34:46.270 -> C,engage_lvl,713
13:34:46.270 -> C,modifier,15
13:34:46.270 -> C,engage_floor,0
13:34:46.270 -> C,loop_us,313
13:34:46.316 -> C,ts_engage_write,108482391
13:34:46.409 -> [EMOTION] HAPPY -> IDLE (timeout)
13:34:46.409 -> C,ts_engage_write,108570480
13:34:46.501 -> C,ts_engage_write,108658375
13:34:46.595 -> C,ts_engage_write,108746369
13:34:46.687 -> C,ts_engage_write,108834370
13:34:46.779 -> C,ts_engage_write,108922368
13:34:46.779 -> C,engage_lvl,712
13:34:46.873 -> C,ts_engage_write,109010370
13:34:46.966 -> C,ts_engage_write,109098368
13:34:47.060 -> C,ts_engage_write,109186369
13:34:47.107 -> C,ts_engage_write,109274369
13:34:47.200 -> C,ts_engage_write,109362369
13:34:47.293 -> [FACE] heartbeat
13:34:47.293 -> C,mood_str,50
13:34:47.293 -> C,ts_engage_write,109450468
13:34:47.293 -> C,engage_lvl,710
13:34:47.293 -> C,modifier,15
13:34:47.293 -> C,engage_floor,0
13:34:47.293 -> C,loop_us,272
13:34:47.388 -> C,ts_engage_write,109538370
13:34:47.481 -> C,ts_engage_write,109626369
13:34:47.572 -> C,ts_engage_write,109714368
13:34:47.666 -> C,ts_engage_write,109802367
13:34:47.760 -> C,ts_engage_write,109890370
13:34:47.853 -> C,ts_engage_write,109978368
13:34:47.853 -> C,engage_lvl,709
13:34:47.900 -> C,ts_engage_write,110066369
13:34:47.995 -> C,ts_engage_write,110154369
13:34:48.087 -> C,ts_engage_write,110242369
13:34:48.180 -> C,ts_engage_write,110330368
13:34:48.180 -> [TOUCH] transition raw=1 pressed=1 ms=110330
13:34:48.180 -> [TOUCH] START raw=1 ms=110330
13:34:48.272 -> C,ts_engage_write,110418378
13:34:48.272 -> [TOUCH] transition raw=0 pressed=0 ms=110418
13:34:48.272 -> [TOUCH] RELEASE raw=0 duration=88 ms=110418
13:34:48.272 -> [TOUCH] TAP
13:34:48.272 -> [EMOTION] IDLE -> SURPRISED
13:34:48.272 -> EVT:{"type":"timeline","text":"User tap interaction","tag":"touch"}
13:34:48.363 -> [FACE] heartbeat
13:34:48.363 -> C,mood_str,50
13:34:48.363 -> C,ts_engage_write,110510589
13:34:48.363 -> C,engage_lvl,707
13:34:48.363 -> C,modifier,15
13:34:48.363 -> C,engage_floor,0
13:34:48.363 -> C,loop_us,398
13:34:48.457 -> C,ts_engage_write,110599379
13:34:48.549 -> C,ts_engage_write,110687379
13:34:48.644 -> C,ts_engage_write,110775379
13:34:48.738 -> C,ts_engage_write,110863381
13:34:48.785 -> C,ts_engage_write,110951377
13:34:48.879 -> C,ts_engage_write,111039382
13:34:48.879 -> C,engage_lvl,706
13:34:48.971 -> C,ts_engage_write,111127378
13:34:49.064 -> C,ts_engage_write,111215381
13:34:49.157 -> C,ts_engage_write,111303379
13:34:49.250 -> C,ts_engage_write,111391379
13:34:49.343 -> C,ts_engage_write,111479385
13:34:49.434 -> [FACE] heartbeat
13:34:49.434 -> C,mood_str,50
13:34:49.434 -> C,ts_engage_write,111567494
13:34:49.434 -> C,engage_lvl,705
13:34:49.434 -> C,modifier,15
13:34:49.434 -> C,engage_floor,0
13:34:49.434 -> C,loop_us,293
13:34:49.526 -> C,ts_engage_write,111655375
13:34:49.619 -> C,ts_engage_write,111743382
13:34:49.665 -> C,ts_engage_write,111831378
13:34:49.757 -> C,ts_engage_write,111919381
13:34:49.850 -> C,ts_engage_write,112007379
13:34:49.943 -> C,ts_engage_write,112095380
13:34:49.943 -> C,engage_lvl,703
13:34:50.036 -> C,ts_engage_write,112183376
13:34:50.128 -> C,ts_engage_write,112271377
13:34:50.222 -> C,ts_engage_write,112359372
13:34:50.308 -> C,ts_engage_write,112447372
13:34:50.402 -> C,ts_engage_write,112535373
13:34:50.495 -> [FACE] heartbeat
13:34:50.495 -> C,mood_str,50
13:34:50.495 -> C,ts_engage_write,112623472
13:34:50.495 -> C,engage_lvl,702
13:34:50.495 -> C,modifier,15
13:34:50.495 -> C,engage_floor,0
13:34:50.495 -> C,loop_us,264
13:34:50.588 -> C,ts_engage_write,112711371
13:34:50.634 -> C,ts_engage_write,112799373
13:34:50.726 -> C,ts_engage_write,112887373
13:34:50.819 -> C,ts_engage_write,112975373
13:34:50.912 -> C,ts_engage_write,113063373
13:34:51.005 -> C,ts_engage_write,113151373
13:34:51.005 -> C,engage_lvl,700
13:34:51.098 -> C,ts_engage_write,113239370
13:34:51.192 -> C,ts_engage_write,113327375
13:34:51.284 -> C,ts_engage_write,113415372
13:34:51.377 -> C,ts_engage_write,113503372
13:34:51.423 -> C,ts_engage_write,113591373
13:34:51.517 -> [FACE] heartbeat
13:34:51.517 -> C,mood_str,50
13:34:51.517 -> C,ts_engage_write,113679474
13:34:51.517 -> C,engage_lvl,699
13:34:51.517 -> C,modifier,15
13:34:51.517 -> C,engage_floor,0
13:34:51.517 -> C,loop_us,259
13:34:51.610 -> C,ts_engage_write,113767368
13:34:51.701 -> C,ts_engage_write,113855375
13:34:51.795 -> C,ts_engage_write,113943371
13:34:51.890 -> C,ts_engage_write,114031373
13:34:51.982 -> C,ts_engage_write,114119373
13:34:52.075 -> C,ts_engage_write,114207373
13:34:52.075 -> C,engage_lvl,697
13:34:52.168 -> C,ts_engage_write,114295373
13:34:52.215 -> C,ts_engage_write,114383373
13:34:52.308 -> C,ts_engage_write,114471372
13:34:52.402 -> C,ts_engage_write,114559374
13:34:52.495 -> C,ts_engage_write,114647370
13:34:52.587 -> [FACE] heartbeat
13:34:52.587 -> C,mood_str,50
13:34:52.587 -> C,ts_engage_write,114735464
13:34:52.587 -> C,engage_lvl,696
13:34:52.587 -> C,modifier,15
13:34:52.587 -> C,engage_floor,0
13:34:52.587 -> C,loop_us,251
13:34:52.680 -> C,ts_engage_write,114823368
13:34:52.773 -> C,ts_engage_write,114911376
13:34:52.865 -> C,ts_engage_write,114999371
13:34:52.959 -> C,ts_engage_write,115087373
13:34:53.051 -> C,ts_engage_write,115175373
13:34:53.098 -> C,ts_engage_write,115263373
13:34:53.098 -> C,engage_lvl,695
13:34:53.191 -> C,ts_engage_write,115351370
13:34:53.284 -> [EMOTION] SURPRISED -> IDLE (timeout)
13:34:53.284 -> C,ts_engage_write,115439459
13:34:53.377 -> C,ts_engage_write,115527375
13:34:53.471 -> C,ts_engage_write,115615373
13:34:53.565 -> C,ts_engage_write,115703367
13:34:53.656 -> [FACE] heartbeat
13:34:53.656 -> C,mood_str,50
13:34:53.656 -> C,ts_engage_write,115791489
13:34:53.656 -> C,engage_lvl,693
13:34:53.656 -> C,modifier,15
13:34:53.656 -> C,engage_floor,0
13:34:53.656 -> C,loop_us,284
13:34:53.749 -> C,ts_engage_write,115879369
13:34:53.841 -> C,ts_engage_write,115967370
13:34:53.888 -> C,ts_engage_write,116055367
13:34:53.980 -> C,ts_engage_write,116143370
13:34:54.073 -> C,ts_engage_write,116231367
13:34:54.164 -> C,ts_engage_write,116319370
13:34:54.164 -> C,engage_lvl,692
13:34:54.256 -> C,ts_engage_write,116407367
13:34:54.349 -> C,ts_engage_write,116495370
13:34:54.443 -> C,ts_engage_write,116583367
13:34:54.534 -> C,ts_engage_write,116671370
13:34:54.628 -> C,ts_engage_write,116759365
13:34:54.720 -> [FACE] heartbeat
13:34:54.720 -> C,mood_str,50
13:34:54.720 -> C,ts_engage_write,116847473
13:34:54.720 -> C,engage_lvl,690
13:34:54.720 -> C,modifier,15
13:34:54.720 -> C,engage_floor,0
13:34:54.720 -> C,loop_us,270
13:34:54.767 -> C,ts_engage_write,116935366
13:34:54.860 -> C,ts_engage_write,117023370
13:34:54.952 -> C,ts_engage_write,117111367
13:34:55.045 -> C,ts_engage_write,117199370
13:34:55.137 -> C,ts_engage_write,117287367
13:34:55.230 -> C,ts_engage_write,117375370
13:34:55.230 -> C,engage_lvl,689
13:34:55.324 -> C,ts_engage_write,117463367
13:34:55.417 -> C,ts_engage_write,117551370
13:34:55.510 -> C,ts_engage_write,117639367
13:34:55.602 -> C,ts_engage_write,117727370
13:34:55.649 -> C,ts_engage_write,117815365
13:34:55.743 -> [FACE] heartbeat
13:34:55.743 -> C,mood_str,50
13:34:55.743 -> C,ts_engage_write,117903479
13:34:55.743 -> C,engage_lvl,688
13:34:55.743 -> C,modifier,15
13:34:55.743 -> C,engage_floor,0
13:34:55.743 -> C,loop_us,279
13:34:55.838 -> C,ts_engage_write,117991362
13:34:55.929 -> C,ts_engage_write,118079370
13:34:56.023 -> C,ts_engage_write,118167367
13:34:56.116 -> C,ts_engage_write,118255370
13:34:56.210 -> C,ts_engage_write,118343367
13:34:56.304 -> C,ts_engage_write,118431370
13:34:56.304 -> C,engage_lvl,686
13:34:56.398 -> C,ts_engage_write,118519367
13:34:56.445 -> C,ts_engage_write,118607370
13:34:56.538 -> C,ts_engage_write,118695367
13:34:56.631 -> C,ts_engage_write,118783367
13:34:56.725 -> C,ts_engage_write,118871368
13:34:56.818 -> [FACE] heartbeat
13:34:56.818 -> C,mood_str,50
13:34:56.818 -> C,ts_engage_write,118959468
13:34:56.818 -> C,engage_lvl,685
13:34:56.818 -> C,modifier,15
13:34:56.818 -> C,engage_floor,0
13:34:56.818 -> C,loop_us,265
13:34:56.911 -> C,ts_engage_write,119047366
13:34:57.004 -> C,ts_engage_write,119135370
13:34:57.097 -> C,ts_engage_write,119223367
13:34:57.143 -> C,ts_engage_write,119311370
13:34:57.237 -> C,ts_engage_write,119399367
13:34:57.331 -> C,ts_engage_write,119487370
13:34:57.331 -> C,engage_lvl,683
13:34:57.423 -> C,ts_engage_write,119575368
13:34:57.518 -> C,ts_engage_write,119663375
13:34:57.610 -> C,ts_engage_write,119751365
13:34:57.704 -> C,ts_engage_write,119839371
13:34:57.797 -> C,ts_engage_write,119927367
13:34:57.891 -> [FACE] heartbeat
13:34:57.891 -> C,mood_str,50
13:34:57.891 -> C,ts_engage_write,120015477
13:34:57.891 -> C,engage_lvl,682
13:34:57.891 -> C,modifier,15
13:34:57.891 -> C,engage_floor,0
13:34:57.891 -> C,loop_us,275
13:34:57.938 -> C,dom_touch,100
13:34:57.938 -> C,dom_sec,0
13:34:57.938 -> [MEM] tick: records=2 strength=100
13:34:57.938 -> C,rec_count,2
13:34:57.938 -> C,ts_engage_write,120103515
13:34:58.032 -> C,ts_engage_write,120191378
13:34:58.125 -> C,ts_engage_write,120279367
13:34:58.218 -> C,ts_engage_write,120367370
13:34:58.312 -> C,ts_engage_write,120455367
13:34:58.406 -> C,ts_engage_write,120543370
13:34:58.406 -> C,engage_lvl,681
13:34:58.500 -> C,ts_engage_write,120631367
13:34:58.593 -> C,ts_engage_write,120719370
13:34:58.639 -> C,ts_engage_write,120807365
13:34:58.731 -> C,ts_engage_write,120895372
13:34:58.824 -> C,ts_engage_write,120986746
13:34:58.919 -> [FACE] heartbeat
13:34:58.919 -> C,mood_str,50
13:34:58.919 -> C,ts_engage_write,121074529
13:34:58.919 -> C,engage_lvl,679
13:34:58.919 -> C,modifier,15
13:34:58.919 -> C,engage_floor,0
13:34:58.919 -> C,loop_us,323
13:34:59.014 -> C,ts_engage_write,121162367
13:34:59.106 -> C,ts_engage_write,121250371
13:34:59.199 -> C,ts_engage_write,121338370
13:34:59.292 -> C,ts_engage_write,121426371
13:34:59.384 -> C,ts_engage_write,121514370
13:34:59.478 -> C,ts_engage_write,121602371
13:34:59.478 -> C,engage_lvl,678
13:34:59.524 -> C,ts_engage_write,121690370
13:34:59.616 -> C,ts_engage_write,121778370
13:34:59.710 -> C,ts_engage_write,121866370
13:34:59.804 -> C,ts_engage_write,121954371
13:34:59.898 -> C,ts_engage_write,122042370
13:34:59.991 -> [FACE] heartbeat
13:34:59.991 -> C,mood_str,50
13:34:59.991 -> C,ts_engage_write,122130479
13:34:59.991 -> C,engage_lvl,676
13:34:59.991 -> C,modifier,15
13:34:59.991 -> C,engage_floor,0
13:34:59.991 -> C,loop_us,283
13:35:00.084 -> C,ts_engage_write,122218370
13:35:00.176 -> C,ts_engage_write,122306371
13:35:00.269 -> C,ts_engage_write,122394369
13:35:00.316 -> C,ts_engage_write,122482371
13:35:00.409 -> C,ts_engage_write,122570370
13:35:00.504 -> C,ts_engage_write,122658371
13:35:00.504 -> C,engage_lvl,675
13:35:00.598 -> C,ts_engage_write,122746369
13:35:00.691 -> C,ts_engage_write,122834371
13:35:00.784 -> C,ts_engage_write,122922370
13:35:00.878 -> C,ts_engage_write,123010371
13:35:00.969 -> C,ts_engage_write,123098370
13:35:01.064 -> [FACE] heartbeat
13:35:01.064 -> C,mood_str,50
13:35:01.064 -> C,ts_engage_write,123186460
13:35:01.064 -> C,engage_lvl,674
13:35:01.064 -> C,modifier,15
13:35:01.064 -> C,engage_floor,0
13:35:01.064 -> C,loop_us,266
13:35:01.110 -> C,ts_engage_write,123274370
13:35:01.203 -> C,ts_engage_write,123362371
13:35:01.295 -> C,ts_engage_write,123450371
13:35:01.388 -> C,ts_engage_write,123538377
13:35:01.480 -> C,ts_engage_write,123626370
13:35:01.574 -> C,ts_engage_write,123714371
13:35:01.574 -> C,engage_lvl,672
13:35:01.668 -> C,ts_engage_write,123802369
13:35:01.760 -> C,ts_engage_write,123890371
13:35:01.854 -> C,ts_engage_write,123978370
13:35:01.900 -> C,ts_engage_write,124066371
13:35:01.994 -> C,ts_engage_write,124154370
13:35:02.087 -> [FACE] heartbeat
13:35:02.087 -> C,mood_str,50
13:35:02.087 -> C,ts_engage_write,124242461
13:35:02.087 -> C,engage_lvl,671
13:35:02.087 -> C,modifier,15
13:35:02.087 -> C,engage_floor,0
13:35:02.087 -> C,loop_us,270
13:35:02.180 -> C,ts_engage_write,124330366
13:35:02.275 -> C,ts_engage_write,124418371
13:35:02.367 -> C,ts_engage_write,124506370
13:35:02.461 -> C,ts_engage_write,124594371
13:35:02.552 -> C,ts_engage_write,124682370
13:35:02.645 -> C,ts_engage_write,124770370
13:35:02.645 -> C,engage_lvl,669
13:35:02.691 -> C,ts_engage_write,124858370
13:35:02.785 -> C,ts_engage_write,124946371
13:35:02.878 -> C,ts_engage_write,125034370
13:35:02.971 -> C,ts_engage_write,125122371
13:35:03.065 -> C,ts_engage_write,125210370
13:35:03.158 -> [FACE] heartbeat
13:35:03.158 -> C,mood_str,50
13:35:03.158 -> C,ts_engage_write,125298463
13:35:03.158 -> C,engage_lvl,668
13:35:03.158 -> C,modifier,15
13:35:03.158 -> C,engage_floor,0
13:35:03.158 -> C,loop_us,259
13:35:03.250 -> C,ts_engage_write,125386365
13:35:03.345 -> C,ts_engage_write,125474371
13:35:03.438 -> C,ts_engage_write,125562370
13:35:03.485 -> C,ts_engage_write,125650371
13:35:03.578 -> C,ts_engage_write,125738370
13:35:03.670 -> C,ts_engage_write,125826370
13:35:03.670 -> C,engage_lvl,667
13:35:03.764 -> C,ts_engage_write,125914370
13:35:03.857 -> C,ts_engage_write,126002371
13:35:03.950 -> C,ts_engage_write,126090370
13:35:04.045 -> C,ts_engage_write,126178371
13:35:04.139 -> C,ts_engage_write,126266370
13:35:04.232 -> [FACE] heartbeat
13:35:04.232 -> C,mood_str,50
13:35:04.232 -> C,ts_engage_write,126354467
13:35:04.232 -> C,engage_lvl,665
13:35:04.232 -> C,modifier,15
13:35:04.232 -> C,engage_floor,0
13:35:04.232 -> C,loop_us,268
13:35:04.278 -> C,ts_engage_write,126442363
13:35:04.370 -> C,ts_engage_write,126530371
13:35:04.464 -> C,ts_engage_write,126618370
13:35:04.556 -> C,ts_engage_write,126706371
13:35:04.649 -> C,ts_engage_write,126794369
13:35:04.744 -> C,ts_engage_write,126882371
13:35:04.744 -> C,engage_lvl,664
13:35:04.838 -> C,ts_engage_write,126970370
13:35:04.932 -> C,ts_engage_write,127058371
13:35:04.978 -> C,ts_engage_write,127146370
13:35:05.071 -> C,ts_engage_write,127234371
13:35:05.164 -> C,ts_engage_write,127322370
13:35:05.257 -> [FACE] heartbeat
13:35:05.257 -> C,mood_str,50
13:35:05.257 -> C,ts_engage_write,127410466
13:35:05.257 -> C,engage_lvl,662
13:35:05.257 -> C,modifier,15
13:35:05.257 -> C,engage_floor,0
13:35:05.257 -> C,loop_us,260
13:35:05.350 -> C,ts_engage_write,127498363
13:35:05.444 -> C,ts_engage_write,127586371
13:35:05.536 -> C,ts_engage_write,127674370
13:35:05.630 -> C,ts_engage_write,127762371
13:35:05.722 -> C,ts_engage_write,127850378
13:35:05.813 -> C,ts_engage_write,127938371
13:35:05.813 -> C,engage_lvl,661
13:35:05.860 -> C,ts_engage_write,128026370
13:35:05.954 -> C,ts_engage_write,128114371
13:35:06.046 -> C,ts_engage_write,128202370
13:35:06.140 -> C,ts_engage_write,128290371
13:35:06.232 -> C,ts_engage_write,128378370
13:35:06.324 -> [FACE] heartbeat
13:35:06.324 -> C,mood_str,50
13:35:06.324 -> C,ts_engage_write,128466467
13:35:06.324 -> C,engage_lvl,659
13:35:06.324 -> C,modifier,15
13:35:06.324 -> C,engage_floor,0
13:35:06.324 -> C,loop_us,245
13:35:06.416 -> C,ts_engage_write,128554366
13:35:06.510 -> C,ts_engage_write,128642371
13:35:06.603 -> C,ts_engage_write,128730370
13:35:06.649 -> C,ts_engage_write,128818370
13:35:06.744 -> C,ts_engage_write,128906370
13:35:06.837 -> C,ts_engage_write,128994371
13:35:06.837 -> C,engage_lvl,658
13:35:06.929 -> C,ts_engage_write,129082370
13:35:07.021 -> C,ts_engage_write,129170371
13:35:07.115 -> C,ts_engage_write,129258372
13:35:07.206 -> C,ts_engage_write,129346371
13:35:07.298 -> C,ts_engage_write,129434370
13:35:07.391 -> [FACE] heartbeat
13:35:07.391 -> C,mood_str,50
13:35:07.391 -> C,ts_engage_write,129522470
13:35:07.391 -> C,engage_lvl,657
13:35:07.391 -> C,modifier,15
13:35:07.391 -> C,engage_floor,0
13:35:07.391 -> C,loop_us,272
13:35:07.484 -> C,ts_engage_write,129610369
13:35:07.531 -> C,ts_engage_write,129698371
13:35:07.624 -> C,ts_engage_write,129786370
13:35:07.717 -> C,ts_engage_write,129874371
13:35:07.810 -> C,ts_engage_write,129962370
13:35:07.904 -> C,ts_engage_write,130050371
13:35:07.904 -> C,engage_lvl,655
13:35:07.998 -> C,ts_engage_write,130138370
13:35:08.091 -> C,ts_engage_write,130226371
13:35:08.184 -> C,ts_engage_write,130314370
13:35:08.278 -> C,ts_engage_write,130402371
13:35:08.325 -> C,ts_engage_write,130490370
13:35:08.418 -> [FACE] heartbeat
13:35:08.418 -> C,mood_str,50
13:35:08.418 -> C,ts_engage_write,130578471
13:35:08.418 -> C,engage_lvl,654
13:35:08.418 -> C,modifier,15
13:35:08.418 -> C,engage_floor,0
13:35:08.418 -> C,loop_us,262
13:35:08.511 -> C,ts_engage_write,130666366
13:35:08.606 -> C,ts_engage_write,130754370
13:35:08.700 -> C,ts_engage_write,130842370
13:35:08.793 -> C,ts_engage_write,130930371
13:35:08.887 -> C,ts_engage_write,131018370
13:35:08.979 -> C,ts_engage_write,131106371
13:35:08.979 -> C,engage_lvl,652
13:35:09.025 -> C,ts_engage_write,131194369
13:35:09.119 -> C,ts_engage_write,131282371
13:35:09.213 -> C,ts_engage_write,131370370
13:35:09.309 -> C,ts_engage_write,131458371
13:35:09.402 -> C,ts_engage_write,131546370
13:35:09.495 -> [FACE] heartbeat
13:35:09.495 -> C,mood_str,50
13:35:09.495 -> C,ts_engage_write,131634458
13:35:09.495 -> C,engage_lvl,651
13:35:09.495 -> C,modifier,15
13:35:09.495 -> C,engage_floor,0
13:35:09.495 -> C,loop_us,275
13:35:09.588 -> C,ts_engage_write,131722366
13:35:09.680 -> C,ts_engage_write,131810370
13:35:09.774 -> C,ts_engage_write,131898370
13:35:09.820 -> C,ts_engage_write,131986371
13:35:09.914 -> C,ts_engage_write,132074371
13:35:10.007 -> C,ts_engage_write,132162377
13:35:10.007 -> C,engage_lvl,650
13:35:10.099 -> C,ts_engage_write,132250370
13:35:10.192 -> C,ts_engage_write,132338371
13:35:10.286 -> C,ts_engage_write,132426370
13:35:10.380 -> C,ts_engage_write,132514371
13:35:10.471 -> C,ts_engage_write,132602370
13:35:10.565 -> [FACE] heartbeat
13:35:10.565 -> C,mood_str,50
13:35:10.565 -> C,ts_engage_write,132690458
13:35:10.565 -> C,engage_lvl,648
13:35:10.565 -> C,modifier,15
13:35:10.565 -> C,engage_floor,0
13:35:10.565 -> C,loop_us,264
13:35:10.612 -> C,ts_engage_write,132778369
13:35:10.707 -> C,ts_engage_write,132866371
13:35:10.798 -> C,ts_engage_write,132954370
13:35:10.891 -> C,ts_engage_write,133042371
13:35:10.985 -> C,ts_engage_write,133130370
13:35:11.078 -> C,ts_engage_write,133218371
13:35:11.078 -> C,engage_lvl,647
13:35:11.170 -> C,ts_engage_write,133306370
13:35:11.263 -> C,ts_engage_write,133394371
13:35:11.356 -> C,ts_engage_write,133482370
13:35:11.404 -> C,ts_engage_write,133570371
13:35:11.497 -> C,ts_engage_write,133658370
13:35:11.590 -> [FACE] heartbeat
13:35:11.590 -> C,mood_str,50
13:35:11.590 -> C,ts_engage_write,133746458
13:35:11.590 -> C,engage_lvl,645
13:35:11.590 -> C,modifier,15
13:35:11.590 -> C,engage_floor,0
13:35:11.590 -> C,loop_us,257
13:35:11.685 -> C,ts_engage_write,133834366
13:35:11.777 -> C,ts_engage_write,133922371
13:35:11.870 -> C,ts_engage_write,134010370
13:35:11.963 -> C,ts_engage_write,134098371
13:35:12.056 -> C,ts_engage_write,134186370
13:35:12.150 -> C,ts_engage_write,134274371
13:35:12.150 -> C,engage_lvl,644
13:35:12.196 -> C,ts_engage_write,134362370
13:35:12.290 -> C,ts_engage_write,134450371
13:35:12.385 -> C,ts_engage_write,134538370
13:35:12.479 -> C,ts_engage_write,134626371
13:35:12.573 -> C,ts_engage_write,134714370
13:35:12.666 -> [FACE] heartbeat
13:35:12.666 -> C,mood_str,50
13:35:12.666 -> C,ts_engage_write,134802459
13:35:12.666 -> C,engage_lvl,643
13:35:12.666 -> C,modifier,15
13:35:12.666 -> C,engage_floor,0
13:35:12.666 -> C,loop_us,261
13:35:12.758 -> C,ts_engage_write,134890366
13:35:12.851 -> C,ts_engage_write,134978371
13:35:12.898 -> C,ts_engage_write,135066370
13:35:12.990 -> C,ts_engage_write,135154371
13:35:13.085 -> C,ts_engage_write,135242370
13:35:13.179 -> C,ts_engage_write,135330371
13:35:13.179 -> C,engage_lvl,641
13:35:13.272 -> C,ts_engage_write,135418370
13:35:13.365 -> C,ts_engage_write,135506371
13:35:13.459 -> C,ts_engage_write,135594370
13:35:13.551 -> C,ts_engage_write,135682371
13:35:13.645 -> C,ts_engage_write,135770369
13:35:13.691 -> [FACE] heartbeat
13:35:13.691 -> C,mood_str,50
13:35:13.691 -> C,ts_engage_write,135858470
13:35:13.691 -> C,engage_lvl,640
13:35:13.691 -> C,modifier,15
13:35:13.691 -> C,engage_floor,0
13:35:13.691 -> C,loop_us,262
13:35:13.784 -> C,ts_engage_write,135946363
13:35:13.878 -> C,ts_engage_write,136034371
13:35:13.972 -> C,ts_engage_write,136122370
13:35:14.066 -> C,ts_engage_write,136210371
13:35:14.159 -> C,ts_engage_write,136298370
13:35:14.251 -> C,ts_engage_write,136386371
13:35:14.251 -> C,engage_lvl,638
13:35:14.346 -> C,ts_engage_write,136474372
13:35:14.440 -> C,ts_engage_write,136562377
13:35:14.486 -> C,ts_engage_write,136650370
13:35:14.579 -> C,ts_engage_write,136738371
13:35:14.672 -> C,ts_engage_write,136826369
13:35:14.766 -> [FACE] heartbeat
13:35:14.766 -> C,mood_str,50
13:35:14.766 -> C,ts_engage_write,136914458
13:35:14.766 -> C,engage_lvl,637
13:35:14.766 -> C,modifier,15
13:35:14.766 -> C,engage_floor,0
13:35:14.766 -> C,loop_us,252
13:35:14.858 -> C,ts_engage_write,137002366
13:35:14.952 -> C,ts_engage_write,137090371
13:35:15.045 -> C,ts_engage_write,137178370
13:35:15.139 -> C,ts_engage_write,137266371
13:35:15.186 -> C,ts_engage_write,137354370
13:35:15.279 -> C,ts_engage_write,137442371
13:35:15.279 -> C,engage_lvl,636
13:35:15.372 -> C,ts_engage_write,137530370
13:35:15.465 -> C,ts_engage_write,137618371
13:35:15.556 -> C,ts_engage_write,137706370
13:35:15.649 -> C,ts_engage_write,137794370
13:35:15.744 -> C,ts_engage_write,137882370
13:35:15.838 -> [FACE] heartbeat
13:35:15.838 -> C,mood_str,50
13:35:15.838 -> C,ts_engage_write,137970478
13:35:15.838 -> C,engage_lvl,634
13:35:15.838 -> C,modifier,15
13:35:15.838 -> C,engage_floor,0
13:35:15.838 -> C,loop_us,274
13:35:15.931 -> C,ts_engage_write,138058363
13:35:15.978 -> C,ts_engage_write,138146371
13:35:16.070 -> C,ts_engage_write,138234369
13:35:16.164 -> C,ts_engage_write,138322371
13:35:16.257 -> C,ts_engage_write,138410370
13:35:16.350 -> C,ts_engage_write,138498371
13:35:16.350 -> C,engage_lvl,633
13:35:16.443 -> C,ts_engage_write,138586370
13:35:16.535 -> C,ts_engage_write,138674371
13:35:16.629 -> C,ts_engage_write,138762369
13:35:16.723 -> C,ts_engage_write,138850371
13:35:16.770 -> C,ts_engage_write,138938370
13:35:16.863 -> [FACE] heartbeat
13:35:16.863 -> C,mood_str,50
13:35:16.863 -> C,ts_engage_write,139026470
13:35:16.863 -> C,engage_lvl,631
13:35:16.863 -> C,modifier,15
13:35:16.863 -> C,engage_floor,0
13:35:16.863 -> C,loop_us,248
13:35:16.956 -> C,ts_engage_write,139114366
13:35:17.050 -> C,ts_engage_write,139202371
13:35:17.145 -> C,ts_engage_write,139290370
13:35:17.238 -> C,ts_engage_write,139378371
13:35:17.331 -> C,ts_engage_write,139466370
13:35:17.423 -> C,ts_engage_write,139554371
13:35:17.423 -> C,engage_lvl,630
13:35:17.516 -> C,ts_engage_write,139642370
13:35:17.562 -> C,ts_engage_write,139730371
13:35:17.656 -> C,ts_engage_write,139818369
13:35:17.749 -> C,ts_engage_write,139906371
13:35:17.843 -> C,ts_engage_write,139994370
13:35:17.936 -> [FACE] heartbeat
13:35:17.936 -> C,mood_str,50
13:35:17.936 -> C,ts_engage_write,140082471
13:35:17.936 -> C,engage_lvl,629
13:35:17.936 -> C,modifier,15
13:35:17.936 -> C,engage_floor,0
13:35:17.936 -> C,loop_us,262
13:35:18.029 -> C,ts_engage_write,140170369
13:35:18.122 -> C,ts_engage_write,140258371
13:35:18.216 -> C,ts_engage_write,140346369
13:35:18.309 -> C,ts_engage_write,140434371
13:35:18.356 -> C,ts_engage_write,140522370
13:35:18.449 -> C,ts_engage_write,140610371
13:35:18.449 -> C,engage_lvl,627
13:35:18.544 -> C,ts_engage_write,140698370
13:35:18.639 -> C,ts_engage_write,140786371
13:35:18.732 -> C,ts_engage_write,140874378
13:35:18.825 -> C,ts_engage_write,140962371
13:35:18.918 -> C,ts_engage_write,141050370
13:35:19.010 -> [FACE] heartbeat
13:35:19.010 -> C,mood_str,50
13:35:19.010 -> C,ts_engage_write,141138475
13:35:19.010 -> C,engage_lvl,626
13:35:19.010 -> C,modifier,15
13:35:19.010 -> C,engage_floor,0
13:35:19.010 -> C,loop_us,267
13:35:19.102 -> C,ts_engage_write,141226367
13:35:19.149 -> C,ts_engage_write,141314371
13:35:19.241 -> C,ts_engage_write,141402369
13:35:19.334 -> C,ts_engage_write,141490371
13:35:19.427 -> C,ts_engage_write,141578370
13:35:19.519 -> C,ts_engage_write,141666371
13:35:19.519 -> C,engage_lvl,624
13:35:19.612 -> C,ts_engage_write,141754369
13:35:19.705 -> C,ts_engage_write,141842371
13:35:19.798 -> C,ts_engage_write,141930370
13:35:19.890 -> C,ts_engage_write,142018371
13:35:19.938 -> C,ts_engage_write,142106370
13:35:20.032 -> [FACE] heartbeat
13:35:20.032 -> C,mood_str,50
13:35:20.032 -> C,ts_engage_write,142194458
13:35:20.032 -> C,engage_lvl,623
13:35:20.032 -> C,modifier,15
13:35:20.032 -> C,engage_floor,0
13:35:20.032 -> C,loop_us,262
13:35:20.125 -> C,ts_engage_write,142282370
13:35:20.218 -> C,ts_engage_write,142370371
13:35:20.311 -> C,ts_engage_write,142458370
13:35:20.404 -> C,ts_engage_write,142546371
13:35:20.495 -> C,ts_engage_write,142634372
13:35:20.588 -> C,ts_engage_write,142722371
13:35:20.588 -> C,engage_lvl,622
13:35:20.682 -> C,ts_engage_write,142810369
13:35:20.776 -> C,ts_engage_write,142898371
13:35:20.823 -> C,ts_engage_write,142986370
13:35:20.918 -> C,ts_engage_write,143074371
13:35:21.011 -> C,ts_engage_write,143162370
13:35:21.106 -> [FACE] heartbeat
13:35:21.106 -> C,mood_str,50
13:35:21.106 -> C,ts_engage_write,143250479
13:35:21.106 -> C,engage_lvl,620
13:35:21.106 -> C,modifier,15
13:35:21.106 -> C,engage_floor,0
13:35:21.106 -> C,loop_us,272
13:35:21.199 -> C,ts_engage_write,143338367
13:35:21.292 -> C,ts_engage_write,143426371
13:35:21.384 -> C,ts_engage_write,143514369
13:35:21.478 -> C,ts_engage_write,143602371
13:35:21.525 -> C,ts_engage_write,143690370
13:35:21.618 -> C,ts_engage_write,143778370
13:35:21.618 -> C,engage_lvl,619
13:35:21.712 -> C,ts_engage_write,143866370
13:35:21.804 -> C,ts_engage_write,143954371
13:35:21.897 -> C,ts_engage_write,144042370
13:35:21.991 -> C,ts_engage_write,144130371
13:35:22.083 -> C,ts_engage_write,144218370
13:35:22.176 -> [FACE] heartbeat
13:35:22.176 -> C,mood_str,50
13:35:22.176 -> C,ts_engage_write,144306472
13:35:22.176 -> C,engage_lvl,617
13:35:22.176 -> C,modifier,15
13:35:22.176 -> C,engage_floor,0
13:35:22.176 -> C,loop_us,264
13:35:22.269 -> C,ts_engage_write,144394366
13:35:22.316 -> C,ts_engage_write,144482371
13:35:22.410 -> C,ts_engage_write,144570370
13:35:22.504 -> C,ts_engage_write,144658371
13:35:22.596 -> C,ts_engage_write,144746369
13:35:22.689 -> C,ts_engage_write,144834371
13:35:22.689 -> C,engage_lvl,616
13:35:22.783 -> C,ts_engage_write,144922370
13:35:22.876 -> C,ts_engage_write,145010372
13:35:22.969 -> C,ts_engage_write,145098378
13:35:23.062 -> C,ts_engage_write,145186371
13:35:23.109 -> C,ts_engage_write,145274370
13:35:23.201 -> [FACE] heartbeat
13:35:23.201 -> C,mood_str,50
13:35:23.201 -> C,ts_engage_write,145362478
13:35:23.201 -> C,engage_lvl,614
13:35:23.201 -> C,modifier,15
13:35:23.201 -> C,engage_floor,0
13:35:23.201 -> C,loop_us,279
13:35:23.295 -> C,ts_engage_write,145450367
13:35:23.388 -> C,ts_engage_write,145538371
13:35:23.480 -> C,ts_engage_write,145626369
13:35:23.576 -> C,ts_engage_write,145714371
13:35:23.669 -> C,ts_engage_write,145802369
13:35:23.761 -> C,ts_engage_write,145890371
13:35:23.761 -> C,engage_lvl,613
13:35:23.855 -> C,ts_engage_write,145978370
13:35:23.901 -> C,ts_engage_write,146066371
13:35:23.994 -> C,ts_engage_write,146154370
13:35:24.088 -> C,ts_engage_write,146242371
13:35:24.181 -> C,ts_engage_write,146330370
13:35:24.274 -> [FACE] heartbeat
13:35:24.274 -> C,mood_str,50
13:35:24.274 -> C,ts_engage_write,146418470
13:35:24.274 -> C,engage_lvl,612
13:35:24.274 -> C,modifier,15
13:35:24.274 -> C,engage_floor,0
13:35:24.274 -> C,loop_us,261
13:35:24.368 -> C,ts_engage_write,146506370
13:35:24.461 -> C,ts_engage_write,146594371
13:35:24.555 -> C,ts_engage_write,146682370
13:35:24.601 -> C,ts_engage_write,146770370
13:35:24.695 -> C,ts_engage_write,146858370
13:35:24.787 -> C,ts_engage_write,146946371
13:35:24.787 -> C,engage_lvl,610
13:35:24.881 -> C,ts_engage_write,147034370
13:35:24.975 -> C,ts_engage_write,147122371
13:35:25.068 -> C,ts_engage_write,147210370
13:35:25.161 -> C,ts_engage_write,147298371
13:35:25.254 -> C,ts_engage_write,147386370
13:35:25.347 -> [FACE] heartbeat
13:35:25.347 -> C,mood_str,50
13:35:25.347 -> C,ts_engage_write,147474458
13:35:25.347 -> C,engage_lvl,609
13:35:25.347 -> C,modifier,15
13:35:25.347 -> C,engage_floor,0
13:35:25.347 -> C,loop_us,261
13:35:25.393 -> C,ts_engage_write,147562366
13:35:25.485 -> C,ts_engage_write,147650371
13:35:25.578 -> C,ts_engage_write,147738370
13:35:25.670 -> C,ts_engage_write,147826370
13:35:25.764 -> C,ts_engage_write,147914370
13:35:25.857 -> C,ts_engage_write,148002371
13:35:25.857 -> C,engage_lvl,607
13:35:25.950 -> C,ts_engage_write,148090370
13:35:26.046 -> C,ts_engage_write,148178371
13:35:26.138 -> C,ts_engage_write,148266370
13:35:26.231 -> C,ts_engage_write,148354371
13:35:26.278 -> C,ts_engage_write,148442370
13:35:26.372 -> [FACE] heartbeat
13:35:26.372 -> C,mood_str,50
13:35:26.372 -> C,ts_engage_write,148530457
13:35:26.372 -> C,engage_lvl,606
13:35:26.372 -> C,modifier,15
13:35:26.372 -> C,engage_floor,0
13:35:26.372 -> C,loop_us,259
13:35:26.465 -> C,ts_engage_write,148618366
13:35:26.558 -> C,ts_engage_write,148706371
13:35:26.651 -> C,ts_engage_write,148794370
13:35:26.745 -> C,ts_engage_write,148882377
13:35:26.838 -> C,ts_engage_write,148970370
13:35:26.930 -> C,ts_engage_write,149058371
13:35:26.930 -> C,engage_lvl,605
13:35:26.978 -> C,ts_engage_write,149146370
13:35:27.069 -> C,ts_engage_write,149234371
13:35:27.164 -> C,ts_engage_write,149322370
13:35:27.257 -> C,ts_engage_write,149410371
13:35:27.350 -> C,ts_engage_write,149498370
13:35:27.444 -> [FACE] heartbeat
13:35:27.444 -> C,mood_str,50
13:35:27.444 -> C,ts_engage_write,149586457
13:35:27.444 -> C,engage_lvl,603
13:35:27.444 -> C,modifier,15
13:35:27.444 -> C,engage_floor,0
13:35:27.444 -> C,loop_us,234
13:35:27.538 -> C,ts_engage_write,149674366
13:35:27.631 -> C,ts_engage_write,149762370
13:35:27.724 -> C,ts_engage_write,149850370
13:35:27.770 -> C,ts_engage_write,149938371
13:35:27.863 -> C,ts_engage_write,150026370
13:35:27.956 -> C,ts_engage_write,150114371
13:35:27.956 -> C,engage_lvl,602
13:35:28.050 -> C,ts_engage_write,150202370
13:35:28.143 -> C,ts_engage_write,150290371
13:35:28.236 -> C,ts_engage_write,150378370
13:35:28.330 -> C,ts_engage_write,150466371
13:35:28.425 -> C,ts_engage_write,150554370
13:35:28.518 -> [FACE] heartbeat
13:35:28.518 -> C,mood_str,50
13:35:28.518 -> C,ts_engage_write,150642478
13:35:28.518 -> C,engage_lvl,600
13:35:28.518 -> C,modifier,15
13:35:28.518 -> C,engage_floor,0
13:35:28.518 -> C,loop_us,281
13:35:28.565 -> C,ts_engage_write,150730367
13:35:28.657 -> C,ts_engage_write,150818370
13:35:28.749 -> C,ts_engage_write,150906369
13:35:28.843 -> C,ts_engage_write,150994371
13:35:28.936 -> C,ts_engage_write,151082370
13:35:29.028 -> C,ts_engage_write,151170371
13:35:29.028 -> C,engage_lvl,599
13:35:29.121 -> C,ts_engage_write,151258370
13:35:29.212 -> C,ts_engage_write,151346371
13:35:29.306 -> C,ts_engage_write,151434370
13:35:29.354 -> C,ts_engage_write,151522371
13:35:29.447 -> C,ts_engage_write,151610370
13:35:29.539 -> [FACE] heartbeat
13:35:29.539 -> C,mood_str,50
13:35:29.539 -> C,ts_engage_write,151698471
13:35:29.539 -> C,engage_lvl,598
13:35:29.539 -> C,modifier,15
13:35:29.539 -> C,engage_floor,0
13:35:29.539 -> C,loop_us,269
13:35:29.633 -> C,ts_engage_write,151786369
13:35:29.727 -> C,ts_engage_write,151874371
13:35:29.819 -> C,ts_engage_write,151962370
13:35:29.912 -> C,ts_engage_write,152050371
13:35:30.006 -> C,ts_engage_write,152138370
13:35:30.100 -> C,ts_engage_write,152226371
13:35:30.100 -> C,engage_lvl,596
13:35:30.146 -> C,ts_engage_write,152314370
13:35:30.240 -> C,ts_engage_write,152402371
13:35:30.331 -> C,ts_engage_write,152490370
13:35:30.424 -> C,ts_engage_write,152578371
13:35:30.518 -> C,ts_engage_write,152666370
13:35:30.610 -> [FACE] heartbeat
13:35:30.610 -> C,mood_str,50
13:35:30.610 -> C,ts_engage_write,152754460
13:35:30.610 -> C,engage_lvl,595
13:35:30.610 -> C,modifier,15
13:35:30.610 -> C,engage_floor,0
13:35:30.610 -> C,loop_us,259
13:35:30.701 -> C,ts_engage_write,152842366
13:35:30.794 -> C,ts_engage_write,152930371
13:35:30.886 -> C,ts_engage_write,153018370
13:35:30.978 -> C,ts_engage_write,153106372
13:35:31.025 -> C,ts_engage_write,153194378
13:35:31.119 -> C,ts_engage_write,153282371
13:35:31.119 -> C,engage_lvl,593
13:35:31.119 -> [TOUCH] transition raw=1 pressed=1 ms=153282
13:35:31.119 -> [TOUCH] START raw=1 ms=153282
13:35:31.211 -> C,ts_engage_write,153370378
13:35:31.211 -> [TOUCH] transition raw=0 pressed=0 ms=153370
13:35:31.211 -> [TOUCH] RELEASE raw=0 duration=88 ms=153370
13:35:31.211 -> [TOUCH] TAP
13:35:31.211 -> [EMOTION] IDLE -> SURPRISED
13:35:31.211 -> EVT:{"type":"timeline","text":"User tap interaction","tag":"touch"}
13:35:31.304 -> C,ts_engage_write,153462441
13:35:31.396 -> C,ts_engage_write,153550386
13:35:31.489 -> C,ts_engage_write,153638385
13:35:31.581 -> C,ts_engage_write,153726384
13:35:31.673 -> [FACE] heartbeat
13:35:31.673 -> C,mood_str,50
13:35:31.673 -> C,ts_engage_write,153814500
13:35:31.673 -> C,engage_lvl,592
13:35:31.673 -> C,modifier,15
13:35:31.673 -> C,engage_floor,0
13:35:31.673 -> C,loop_us,298
13:35:31.765 -> C,ts_engage_write,153902383
13:35:31.862 -> C,ts_engage_write,153990385
13:35:31.909 -> C,ts_engage_write,154078384
13:35:32.004 -> C,ts_engage_write,154166384
13:35:32.097 -> C,ts_engage_write,154254384
13:35:32.190 -> C,ts_engage_write,154342385
13:35:32.190 -> C,engage_lvl,591
13:35:32.283 -> C,ts_engage_write,154430383
13:35:32.378 -> C,ts_engage_write,154518385
13:35:32.472 -> C,ts_engage_write,154606384
13:35:32.564 -> C,ts_engage_write,154694384
13:35:32.656 -> C,ts_engage_write,154782382
13:35:32.703 -> [FACE] heartbeat
13:35:32.703 -> C,mood_str,50
13:35:32.703 -> C,ts_engage_write,154870485
13:35:32.703 -> C,engage_lvl,589
13:35:32.703 -> C,modifier,15
13:35:32.703 -> C,engage_floor,0
13:35:32.703 -> C,loop_us,290
13:35:32.796 -> C,ts_engage_write,154958383
13:35:32.890 -> C,ts_engage_write,155046383
13:35:32.982 -> C,ts_engage_write,155134385
13:35:33.074 -> C,ts_engage_write,155222375
13:35:33.168 -> C,ts_engage_write,155310376
13:35:33.262 -> C,ts_engage_write,155398376
13:35:33.262 -> C,engage_lvl,588
13:35:33.355 -> C,ts_engage_write,155486375
13:35:33.448 -> C,ts_engage_write,155574376
13:35:33.494 -> C,ts_engage_write,155662376
13:35:33.589 -> C,ts_engage_write,155750374
13:35:33.682 -> C,ts_engage_write,155838378
13:35:33.775 -> [FACE] heartbeat
13:35:33.775 -> C,mood_str,50
13:35:33.775 -> C,ts_engage_write,155926459
13:35:33.775 -> C,engage_lvl,586
13:35:33.775 -> C,modifier,15
13:35:33.775 -> C,engage_floor,0
13:35:33.775 -> C,loop_us,272
13:35:33.868 -> C,ts_engage_write,156014376
13:35:33.961 -> C,ts_engage_write,156102376
13:35:34.054 -> C,ts_engage_write,156190376
13:35:34.148 -> C,ts_engage_write,156278376
13:35:34.241 -> C,ts_engage_write,156366376
13:35:34.287 -> C,ts_engage_write,156454376
13:35:34.287 -> C,engage_lvl,585
13:35:34.380 -> C,ts_engage_write,156542376
13:35:34.473 -> C,ts_engage_write,156630376
13:35:34.566 -> C,ts_engage_write,156718376
13:35:34.659 -> C,ts_engage_write,156806374
13:35:34.750 -> C,ts_engage_write,156894378
13:35:34.843 -> [FACE] heartbeat
13:35:34.843 -> C,mood_str,50
13:35:34.843 -> C,ts_engage_write,156982458
13:35:34.843 -> C,engage_lvl,584
13:35:34.843 -> C,modifier,15
13:35:34.843 -> C,engage_floor,0
13:35:34.843 -> C,loop_us,275
13:35:34.935 -> C,ts_engage_write,157070376
13:35:35.028 -> C,ts_engage_write,157158376
13:35:35.121 -> C,ts_engage_write,157246379
13:35:35.168 -> C,ts_engage_write,157334381
13:35:35.260 -> C,ts_engage_write,157422376
13:35:35.354 -> C,ts_engage_write,157510376
13:35:35.354 -> C,engage_lvl,582
13:35:35.447 -> C,ts_engage_write,157598376
13:35:35.541 -> C,ts_engage_write,157686376
13:35:35.633 -> C,ts_engage_write,157774374
13:35:35.726 -> C,ts_engage_write,157862378
13:35:35.819 -> C,ts_engage_write,157950376
13:35:35.914 -> [FACE] heartbeat
13:35:35.914 -> C,mood_str,50
13:35:35.914 -> C,ts_engage_write,158038469
13:35:35.914 -> C,engage_lvl,581
13:35:35.914 -> C,modifier,15
13:35:35.914 -> C,engage_floor,0
13:35:35.914 -> C,loop_us,267
13:35:35.961 -> C,ts_engage_write,158126376
13:35:36.054 -> C,ts_engage_write,158214376
13:35:36.146 -> C,ts_engage_write,158302376
13:35:36.239 -> [EMOTION] SURPRISED -> IDLE (timeout)
13:35:36.239 -> C,ts_engage_write,158390457
13:35:36.333 -> C,ts_engage_write,158478382
13:35:36.425 -> C,ts_engage_write,158566372
13:35:36.425 -> C,engage_lvl,579
13:35:36.518 -> C,ts_engage_write,158654370
13:35:36.610 -> C,ts_engage_write,158742370
13:35:36.703 -> C,ts_engage_write,158830368
13:35:36.750 -> C,ts_engage_write,158918371
13:35:36.843 -> C,ts_engage_write,159006370
13:35:36.937 -> [FACE] heartbeat
13:35:36.937 -> C,mood_str,50
13:35:36.937 -> C,ts_engage_write,159094450
13:35:36.937 -> C,engage_lvl,578
13:35:36.937 -> C,modifier,15
13:35:36.937 -> C,engage_floor,0
13:35:36.937 -> C,loop_us,255
13:35:37.029 -> C,ts_engage_write,159182369
13:35:37.123 -> C,ts_engage_write,159270370
13:35:37.216 -> C,ts_engage_write,159358370
13:35:37.309 -> C,ts_engage_write,159446370
13:35:37.401 -> C,ts_engage_write,159534370
13:35:37.496 -> C,ts_engage_write,159622370
13:35:37.496 -> C,engage_lvl,576
13:35:37.542 -> C,ts_engage_write,159710370
13:35:37.634 -> C,ts_engage_write,159798367
13:35:37.727 -> C,ts_engage_write,159886372
13:35:37.822 -> C,ts_engage_write,159974370
13:35:37.915 -> C,ts_engage_write,160062370
13:35:38.009 -> [FACE] heartbeat
13:35:38.009 -> C,mood_str,50
13:35:38.009 -> C,ts_engage_write,160150449
13:35:38.009 -> C,engage_lvl,575
13:35:38.009 -> C,modifier,15
13:35:38.009 -> C,engage_floor,0
13:35:38.009 -> C,loop_us,253
13:35:38.103 -> C,ts_engage_write,160238369
13:35:38.196 -> C,ts_engage_write,160326370
13:35:38.289 -> C,ts_engage_write,160414372
13:35:38.336 -> C,ts_engage_write,160502370
13:35:38.429 -> C,ts_engage_write,160590370
13:35:38.523 -> C,ts_engage_write,160678370
13:35:38.523 -> C,engage_lvl,574
13:35:38.616 -> C,ts_engage_write,160766368
13:35:38.709 -> C,ts_engage_write,160854371
13:35:38.801 -> C,ts_engage_write,160942370
13:35:38.895 -> C,ts_engage_write,161030370
13:35:38.988 -> C,ts_engage_write,161118370
13:35:39.080 -> [FACE] heartbeat
13:35:39.080 -> C,mood_str,50
13:35:39.080 -> C,ts_engage_write,161206454
13:35:39.080 -> C,engage_lvl,572
13:35:39.080 -> C,modifier,15
13:35:39.080 -> C,engage_floor,0
13:35:39.080 -> C,loop_us,260
13:35:39.128 -> C,ts_engage_write,161294369
13:35:39.222 -> C,ts_engage_write,161382372
13:35:39.315 -> C,ts_engage_write,161470375
13:35:39.409 -> C,ts_engage_write,161558370
13:35:39.502 -> C,ts_engage_write,161646370
13:35:39.595 -> C,ts_engage_write,161734370
13:35:39.595 -> C,engage_lvl,571
13:35:39.687 -> C,ts_engage_write,161822368
13:35:39.779 -> C,ts_engage_write,161910371
13:35:39.873 -> C,ts_engage_write,161998370
13:35:39.921 -> C,ts_engage_write,162086370
13:35:40.014 -> C,ts_engage_write,162174370
13:35:40.107 -> [FACE] heartbeat
13:35:40.107 -> C,mood_str,50
13:35:40.107 -> C,ts_engage_write,162262475
13:35:40.107 -> C,engage_lvl,569
13:35:40.107 -> C,modifier,15
13:35:40.107 -> C,engage_floor,0
13:35:40.107 -> C,loop_us,278
13:35:40.200 -> C,ts_engage_write,162350369
13:35:40.293 -> C,ts_engage_write,162438370
13:35:40.386 -> C,ts_engage_write,162526370
13:35:40.479 -> C,ts_engage_write,162614370
13:35:40.573 -> C,ts_engage_write,162702370
13:35:40.621 -> C,ts_engage_write,162790367
13:35:40.621 -> C,engage_lvl,568
13:35:40.715 -> C,ts_engage_write,162878372
13:35:40.808 -> C,ts_engage_write,162966370
13:35:40.901 -> C,ts_engage_write,163054370
13:35:40.996 -> C,ts_engage_write,163142370
13:35:41.088 -> C,ts_engage_write,163230370
13:35:41.182 -> [FACE] heartbeat
13:35:41.182 -> C,mood_str,50
13:35:41.182 -> C,ts_engage_write,163318475
13:35:41.182 -> C,engage_lvl,567
13:35:41.182 -> C,modifier,15
13:35:41.182 -> C,engage_floor,0
13:35:41.182 -> C,loop_us,277
13:35:41.274 -> C,ts_engage_write,163406366
13:35:41.367 -> C,ts_engage_write,163494370
13:35:41.458 -> C,ts_engage_write,163582370
13:35:41.504 -> C,ts_engage_write,163670370
13:35:41.598 -> C,ts_engage_write,163758368
13:35:41.691 -> C,ts_engage_write,163846371
13:35:41.691 -> C,engage_lvl,565
13:35:41.691 -> [TOUCH] transition raw=1 pressed=1 ms=163846
13:35:41.691 -> [TOUCH] START raw=1 ms=163846
13:35:41.784 -> C,ts_engage_write,163934376
13:35:41.784 -> [TOUCH] transition raw=0 pressed=0 ms=163934
13:35:41.784 -> [TOUCH] RELEASE raw=0 duration=88 ms=163934
13:35:41.784 -> [TOUCH] TAP
13:35:41.784 -> [EMOTION] IDLE -> HAPPY
13:35:41.784 -> EVT:{"type":"timeline","text":"User tap interaction","tag":"touch"}
13:35:41.878 -> C,ts_engage_write,164026441
13:35:41.972 -> C,ts_engage_write,164115393
13:35:42.065 -> C,ts_engage_write,164204396
13:35:42.158 -> C,ts_engage_write,164293390
13:35:42.250 -> [FACE] heartbeat
13:35:42.250 -> C,mood_str,50
13:35:42.250 -> C,ts_engage_write,164382513
13:35:42.250 -> C,engage_lvl,564
13:35:42.250 -> C,modifier,15
13:35:42.250 -> C,engage_floor,0
13:35:42.250 -> C,loop_us,307
13:35:42.345 -> C,ts_engage_write,164471391
13:35:42.392 -> C,ts_engage_write,164560388
13:35:42.486 -> C,ts_engage_write,164649393
13:35:42.579 -> C,ts_engage_write,164738394
13:35:42.672 -> C,ts_engage_write,164827388
13:35:42.764 -> C,ts_engage_write,164916390
13:35:42.764 -> C,engage_lvl,562
13:35:42.856 -> C,ts_engage_write,165005392
13:35:42.949 -> C,ts_engage_write,165094397
13:35:43.044 -> C,ts_engage_write,165183391
13:35:43.137 -> C,ts_engage_write,165272394
13:35:43.229 -> C,ts_engage_write,165361391
13:35:43.322 -> [FACE] heartbeat
13:35:43.322 -> C,mood_str,50
13:35:43.322 -> C,ts_engage_write,165450509
13:35:43.322 -> C,engage_lvl,561
13:35:43.322 -> C,modifier,15
13:35:43.322 -> C,engage_floor,0
13:35:43.322 -> C,loop_us,311
13:35:43.415 -> C,ts_engage_write,165539392
13:35:43.462 -> C,ts_engage_write,165628393
13:35:43.555 -> C,ts_engage_write,165717392
13:35:43.648 -> C,ts_engage_write,165805393
13:35:43.741 -> C,ts_engage_write,165893391
13:35:43.835 -> C,ts_engage_write,165981395
13:35:43.835 -> C,engage_lvl,560
13:35:43.928 -> C,ts_engage_write,166069391
13:35:44.022 -> C,ts_engage_write,166157395
13:35:44.114 -> C,ts_engage_write,166245393
13:35:44.207 -> C,ts_engage_write,166333395
13:35:44.253 -> C,ts_engage_write,166421393
13:35:44.348 -> [FACE] heartbeat
13:35:44.348 -> C,mood_str,50
13:35:44.348 -> C,ts_engage_write,166509499
13:35:44.348 -> C,engage_lvl,558
13:35:44.348 -> C,modifier,15
13:35:44.348 -> C,engage_floor,0
13:35:44.348 -> C,loop_us,304
13:35:44.441 -> C,ts_engage_write,166598389
13:35:44.533 -> C,ts_engage_write,166686395
13:35:44.626 -> C,ts_engage_write,166774389
13:35:44.719 -> C,ts_engage_write,166862395
13:35:44.813 -> C,ts_engage_write,166950393
13:35:44.907 -> C,ts_engage_write,167038395
13:35:44.907 -> C,engage_lvl,557
13:35:44.998 -> C,ts_engage_write,167126393
13:35:45.045 -> C,ts_engage_write,167214395
13:35:45.138 -> C,ts_engage_write,167302391
13:35:45.231 -> C,ts_engage_write,167390395
13:35:45.326 -> C,ts_engage_write,167478391
13:35:45.418 -> [FACE] heartbeat
13:35:45.418 -> C,mood_str,50
13:35:45.418 -> C,ts_engage_write,167566508
13:35:45.418 -> C,engage_lvl,555
13:35:45.418 -> C,modifier,15
13:35:45.418 -> C,engage_floor,0
13:35:45.418 -> C,loop_us,316
13:35:45.510 -> C,ts_engage_write,167655390
13:35:45.603 -> C,ts_engage_write,167743395
13:35:45.696 -> C,ts_engage_write,167831392
13:35:45.789 -> C,ts_engage_write,167919395
13:35:45.882 -> C,ts_engage_write,168007391
13:35:45.929 -> C,ts_engage_write,168095395
13:35:45.929 -> C,engage_lvl,554
13:35:46.022 -> C,ts_engage_write,168183391
13:35:46.115 -> C,ts_engage_write,168271395
13:35:46.209 -> C,ts_engage_write,168359393
13:35:46.301 -> C,ts_engage_write,168447395
13:35:46.395 -> C,ts_engage_write,168535393
13:35:46.488 -> [FACE] heartbeat
13:35:46.488 -> C,mood_str,50
13:35:46.488 -> C,ts_engage_write,168623498
13:35:46.488 -> C,engage_lvl,553
13:35:46.488 -> C,modifier,15
13:35:46.488 -> C,engage_floor,0
13:35:46.488 -> C,loop_us,303
13:35:46.580 -> C,ts_engage_write,168712389
13:35:46.673 -> C,ts_engage_write,168800393
13:35:46.719 -> C,ts_engage_write,168888390
13:35:46.813 -> [EMOTION] HAPPY -> IDLE (timeout)
13:35:46.813 -> C,ts_engage_write,168976482
13:35:46.906 -> C,ts_engage_write,169064376
13:35:46.999 -> C,ts_engage_write,169152370
13:35:46.999 -> C,engage_lvl,551
13:35:47.091 -> C,ts_engage_write,169240369
13:35:47.183 -> C,ts_engage_write,169328368
13:35:47.276 -> C,ts_engage_write,169416370
13:35:47.368 -> C,ts_engage_write,169504368
13:35:47.461 -> C,ts_engage_write,169592369
13:35:47.555 -> [FACE] heartbeat
13:35:47.555 -> C,mood_str,50
13:35:47.555 -> C,ts_engage_write,169680454
13:35:47.555 -> C,engage_lvl,550
13:35:47.555 -> C,modifier,15
13:35:47.555 -> C,engage_floor,0
13:35:47.555 -> C,loop_us,255
13:35:47.601 -> C,ts_engage_write,169768365
13:35:47.696 -> C,ts_engage_write,169856371
13:35:47.788 -> C,ts_engage_write,169944369
13:35:47.881 -> C,ts_engage_write,170032368
13:35:47.975 -> C,ts_engage_write,170120370
13:35:48.068 -> C,ts_engage_write,170208372
13:35:48.068 -> C,engage_lvl,548
13:35:48.162 -> C,ts_engage_write,170296371
13:35:48.254 -> C,ts_engage_write,170384369
13:35:48.347 -> C,ts_engage_write,170472369
13:35:48.393 -> C,ts_engage_write,170560368
13:35:48.488 -> C,ts_engage_write,170648370
13:35:48.581 -> [FACE] heartbeat
13:35:48.581 -> C,mood_str,50
13:35:48.581 -> C,ts_engage_write,170736447
13:35:48.581 -> C,engage_lvl,547
13:35:48.581 -> C,modifier,15
13:35:48.581 -> C,engage_floor,0
13:35:48.581 -> C,loop_us,222
13:35:48.674 -> C,ts_engage_write,170824364
13:35:48.768 -> C,ts_engage_write,170912369
13:35:48.861 -> C,ts_engage_write,171000369
13:35:48.955 -> C,ts_engage_write,171088368
13:35:49.048 -> C,ts_engage_write,171176370
13:35:49.141 -> C,ts_engage_write,171264368
13:35:49.141 -> C,engage_lvl,545
13:35:49.188 -> C,ts_engage_write,171352369
13:35:49.281 -> C,ts_engage_write,171440369
13:35:49.373 -> C,ts_engage_write,171528369
13:35:49.466 -> C,ts_engage_write,171616368
13:35:49.558 -> C,ts_engage_write,171704370
13:35:49.650 -> [FACE] heartbeat
13:35:49.650 -> C,mood_str,50
13:35:49.650 -> C,ts_engage_write,171792454
13:35:49.650 -> C,engage_lvl,544
13:35:49.650 -> C,modifier,15
13:35:49.650 -> C,engage_floor,0
13:35:49.650 -> C,loop_us,265
13:35:49.743 -> C,ts_engage_write,171880370
13:35:49.837 -> C,ts_engage_write,171968369
13:35:49.929 -> C,ts_engage_write,172056369
13:35:49.978 -> C,ts_engage_write,172144368
13:35:50.071 -> C,ts_engage_write,172232370
13:35:50.164 -> C,ts_engage_write,172320368
13:35:50.164 -> C,engage_lvl,543
13:35:50.258 -> C,ts_engage_write,172408369
13:35:50.351 -> C,ts_engage_write,172496369
13:35:50.446 -> C,ts_engage_write,172584369
13:35:50.539 -> C,ts_engage_write,172672368
13:35:50.631 -> C,ts_engage_write,172760367
13:35:50.679 -> [FACE] heartbeat
13:35:50.679 -> C,mood_str,50
13:35:50.679 -> C,ts_engage_write,172848452
13:35:50.679 -> C,engage_lvl,541
13:35:50.679 -> C,modifier,15
13:35:50.679 -> C,engage_floor,0
13:35:50.679 -> C,loop_us,262
13:35:50.774 -> C,ts_engage_write,172936365
13:35:50.866 -> C,ts_engage_write,173024369
13:35:50.962 -> C,ts_engage_write,173112369
13:35:51.057 -> C,ts_engage_write,173200368
13:35:51.148 -> C,ts_engage_write,173288370
13:35:51.241 -> C,ts_engage_write,173376368
13:35:51.241 -> C,engage_lvl,540
13:35:51.335 -> C,ts_engage_write,173464369
13:35:51.428 -> C,ts_engage_write,173552369
13:35:51.474 -> C,ts_engage_write,173640369
13:35:51.567 -> C,ts_engage_write,173728368
13:35:51.661 -> C,ts_engage_write,173816369
13:35:51.753 -> [FACE] heartbeat
13:35:51.753 -> C,mood_str,50
13:35:51.753 -> C,ts_engage_write,173904448
13:35:51.753 -> C,engage_lvl,538
13:35:51.753 -> C,modifier,15
13:35:51.753 -> C,engage_floor,0
13:35:51.753 -> C,loop_us,255
13:35:51.846 -> C,ts_engage_write,173992369
13:35:51.941 -> C,ts_engage_write,174080369
13:35:52.034 -> C,ts_engage_write,174168369
13:35:52.127 -> C,ts_engage_write,174256368
13:35:52.220 -> C,ts_engage_write,174344370
13:35:52.267 -> C,ts_engage_write,174432368
13:35:52.267 -> C,engage_lvl,537
13:35:52.360 -> C,ts_engage_write,174520373
13:35:52.454 -> C,ts_engage_write,174608371
13:35:52.546 -> C,ts_engage_write,174696369
13:35:52.639 -> C,ts_engage_write,174784366
13:35:52.732 -> C,ts_engage_write,174872371
13:35:52.826 -> [FACE] heartbeat
13:35:52.826 -> C,mood_str,50
13:35:52.826 -> C,ts_engage_write,174960451
13:35:52.826 -> C,engage_lvl,536
13:35:52.826 -> C,modifier,15
13:35:52.826 -> C,engage_floor,0
13:35:52.826 -> C,loop_us,250
13:35:52.919 -> C,ts_engage_write,175048365
13:35:53.012 -> C,ts_engage_write,175136369
13:35:53.059 -> C,ts_engage_write,175224369
13:35:53.152 -> C,ts_engage_write,175312368
13:35:53.246 -> C,ts_engage_write,175400370
13:35:53.340 -> C,ts_engage_write,175488368
13:35:53.340 -> C,engage_lvl,534
13:35:53.432 -> C,ts_engage_write,175576369
13:35:53.525 -> C,ts_engage_write,175664369
13:35:53.616 -> C,ts_engage_write,175752366
13:35:53.711 -> C,ts_engage_write,175840370
13:35:53.804 -> C,ts_engage_write,175928370
13:35:53.851 -> [FACE] heartbeat
13:35:53.851 -> C,mood_str,50
13:35:53.851 -> C,ts_engage_write,176016451
13:35:53.851 -> C,engage_lvl,533
13:35:53.851 -> C,modifier,15
13:35:53.851 -> C,engage_floor,0
13:35:53.851 -> C,loop_us,253
13:35:53.944 -> C,ts_engage_write,176104369
13:35:54.038 -> C,ts_engage_write,176192369
13:35:54.131 -> C,ts_engage_write,176280369
13:35:54.226 -> C,ts_engage_write,176368368
13:35:54.318 -> C,ts_engage_write,176456370
13:35:54.411 -> C,ts_engage_write,176544368
13:35:54.411 -> C,engage_lvl,531
13:35:54.503 -> C,ts_engage_write,176632369
13:35:54.596 -> C,ts_engage_write,176720369
13:35:54.643 -> C,ts_engage_write,176808367
13:35:54.736 -> C,ts_engage_write,176896368
13:35:54.827 -> C,ts_engage_write,176984370
13:35:54.921 -> [FACE] heartbeat
13:35:54.921 -> C,mood_str,50
13:35:54.921 -> C,ts_engage_write,177072452
13:35:54.921 -> C,engage_lvl,530
13:35:54.921 -> C,modifier,15
13:35:54.921 -> C,engage_floor,0
13:35:54.921 -> C,loop_us,255
13:35:55.015 -> C,ts_engage_write,177160369
13:35:55.109 -> C,ts_engage_write,177248369
13:35:55.202 -> C,ts_engage_write,177336369
13:35:55.296 -> C,ts_engage_write,177424368
13:35:55.343 -> C,ts_engage_write,177512370
13:35:55.435 -> C,ts_engage_write,177600368
13:35:55.435 -> C,engage_lvl,529
13:35:55.528 -> C,ts_engage_write,177688369
13:35:55.623 -> C,ts_engage_write,177776368
13:35:55.716 -> C,ts_engage_write,177864370
13:35:55.810 -> C,ts_engage_write,177952368
13:35:55.903 -> C,ts_engage_write,178040370
13:35:55.996 -> [FACE] heartbeat
13:35:55.996 -> C,mood_str,50
13:35:55.996 -> C,ts_engage_write,178128483
13:35:55.996 -> C,engage_lvl,527
13:35:55.996 -> C,modifier,15
13:35:55.996 -> C,engage_floor,0
13:35:55.996 -> C,loop_us,280
13:35:56.089 -> C,ts_engage_write,178216368
13:35:56.135 -> C,ts_engage_write,178304369
13:35:56.228 -> C,ts_engage_write,178392368
13:35:56.321 -> C,ts_engage_write,178480368
13:35:56.416 -> C,ts_engage_write,178568370
13:35:56.509 -> C,ts_engage_write,178656368
13:35:56.509 -> C,engage_lvl,526
13:35:56.601 -> C,ts_engage_write,178744366
13:35:56.694 -> C,ts_engage_write,178832371
13:35:56.786 -> C,ts_engage_write,178920369
13:35:56.878 -> C,ts_engage_write,179008368
13:35:56.972 -> C,ts_engage_write,179096370
13:35:57.018 -> [FACE] heartbeat
13:35:57.018 -> C,mood_str,50
13:35:57.018 -> C,ts_engage_write,179184451
13:35:57.018 -> C,engage_lvl,524
13:35:57.018 -> C,modifier,15
13:35:57.018 -> C,engage_floor,0
13:35:57.018 -> C,loop_us,253
13:35:57.112 -> C,ts_engage_write,179272369
13:35:57.205 -> C,ts_engage_write,179360369
13:35:57.298 -> C,ts_engage_write,179448369
13:35:57.390 -> C,ts_engage_write,179536368
13:35:57.483 -> C,ts_engage_write,179624370
13:35:57.577 -> C,ts_engage_write,179712368
13:35:57.577 -> C,engage_lvl,523
13:35:57.670 -> C,ts_engage_write,179800367
13:35:57.763 -> C,ts_engage_write,179888369
13:35:57.810 -> C,ts_engage_write,179976369
13:35:57.904 -> C,ts_engage_write,180064368
13:35:57.997 -> C,dom_touch,100
13:35:57.997 -> C,dom_sec,0
13:35:57.997 -> [MEM] tick: records=2 strength=100
13:35:57.997 -> C,rec_count,2
13:35:57.997 -> C,ts_engage_write,180152528
13:35:58.090 -> [FACE] heartbeat
13:35:58.090 -> C,mood_str,50
13:35:58.090 -> C,ts_engage_write,180240493
13:35:58.090 -> C,engage_lvl,522
13:35:58.090 -> C,modifier,15
13:35:58.090 -> C,engage_floor,0
13:35:58.090 -> C,loop_us,288
13:35:58.184 -> C,ts_engage_write,180328363
13:35:58.278 -> C,ts_engage_write,180416367
13:35:58.371 -> C,ts_engage_write,180504366
13:35:58.464 -> C,ts_engage_write,180592366
13:35:58.556 -> C,ts_engage_write,180680367
13:35:58.601 -> C,ts_engage_write,180768365
13:35:58.601 -> C,engage_lvl,520
13:35:58.696 -> C,ts_engage_write,180856369
13:35:58.791 -> C,ts_engage_write,180944367
13:35:58.886 -> C,ts_engage_write,181035740
13:35:58.979 -> C,ts_engage_write,181123392
13:35:59.073 -> C,ts_engage_write,181211371
13:35:59.166 -> [FACE] heartbeat
13:35:59.166 -> C,mood_str,50
13:35:59.166 -> C,ts_engage_write,181299482
13:35:59.166 -> C,engage_lvl,519
13:35:59.166 -> C,modifier,15
13:35:59.166 -> C,engage_floor,0
13:35:59.166 -> C,loop_us,284
13:35:59.260 -> C,ts_engage_write,181387371
13:35:59.306 -> C,ts_engage_write,181475371
13:35:59.398 -> C,ts_engage_write,181563371
13:35:59.491 -> C,ts_engage_write,181651371
13:35:59.583 -> C,ts_engage_write,181739371
13:35:59.676 -> C,ts_engage_write,181827370
13:35:59.676 -> C,engage_lvl,517
13:35:59.769 -> C,ts_engage_write,181915371
13:35:59.861 -> C,ts_engage_write,182003371
13:35:59.955 -> C,ts_engage_write,182091371
13:36:00.050 -> C,ts_engage_write,182179371
13:36:00.142 -> C,ts_engage_write,182267371
13:36:00.189 -> [FACE] heartbeat
13:36:00.189 -> C,mood_str,50
13:36:00.189 -> C,ts_engage_write,182355484
13:36:00.189 -> C,engage_lvl,516
13:36:00.189 -> C,modifier,15
13:36:00.189 -> C,engage_floor,0
13:36:00.189 -> C,loop_us,286
13:36:00.282 -> C,ts_engage_write,182443368
13:36:00.378 -> C,ts_engage_write,182531371
13:36:00.469 -> C,ts_engage_write,182619371
13:36:00.563 -> C,ts_engage_write,182707375
13:36:00.657 -> C,ts_engage_write,182795372
13:36:00.751 -> C,ts_engage_write,182883371
13:36:00.751 -> C,engage_lvl,515
13:36:00.846 -> C,ts_engage_write,182971371
13:36:00.893 -> C,ts_engage_write,183059371
13:36:00.985 -> C,ts_engage_write,183147371
13:36:01.078 -> C,ts_engage_write,183235371
13:36:01.169 -> C,ts_engage_write,183323371
13:36:01.262 -> [FACE] heartbeat
13:36:01.262 -> C,mood_str,50
13:36:01.262 -> C,ts_engage_write,183411459
13:36:01.262 -> C,engage_lvl,513
13:36:01.262 -> C,modifier,15
13:36:01.262 -> C,engage_floor,0
13:36:01.262 -> C,loop_us,266
13:36:01.356 -> C,ts_engage_write,183499371
13:36:01.448 -> C,ts_engage_write,183587371
13:36:01.543 -> C,ts_engage_write,183675371
13:36:01.636 -> C,ts_engage_write,183763370
13:36:01.682 -> C,ts_engage_write,183851371
13:36:01.776 -> C,ts_engage_write,183939371
13:36:01.776 -> C,engage_lvl,512
13:36:01.869 -> C,ts_engage_write,184027371
13:36:01.961 -> C,ts_engage_write,184115371
13:36:02.055 -> C,ts_engage_write,184203371
13:36:02.148 -> C,ts_engage_write,184291371
13:36:02.243 -> C,ts_engage_write,184379371
13:36:02.336 -> [FACE] heartbeat
13:36:02.336 -> C,mood_str,50
13:36:02.336 -> C,ts_engage_write,184467474
13:36:02.336 -> C,engage_lvl,510
13:36:02.336 -> C,modifier,15
13:36:02.336 -> C,engage_floor,0
13:36:02.336 -> C,loop_us,276
13:36:02.429 -> C,ts_engage_write,184555371
13:36:02.475 -> C,ts_engage_write,184643371
13:36:02.568 -> C,ts_engage_write,184731371
13:36:02.661 -> C,ts_engage_write,184819370
13:36:02.755 -> C,ts_engage_write,184907371
13:36:02.848 -> C,ts_engage_write,184995371
13:36:02.848 -> C,engage_lvl,509
13:36:02.943 -> C,ts_engage_write,185083371
13:36:03.037 -> C,ts_engage_write,185171371
13:36:03.130 -> C,ts_engage_write,185259371
13:36:03.177 -> C,ts_engage_write,185347371
13:36:03.271 -> C,ts_engage_write,185435371
13:36:03.364 -> [FACE] heartbeat
13:36:03.364 -> C,mood_str,50
13:36:03.364 -> C,ts_engage_write,185523460
13:36:03.364 -> C,engage_lvl,508
13:36:03.364 -> C,modifier,15
13:36:03.364 -> C,engage_floor,0
13:36:03.364 -> C,loop_us,238
13:36:03.456 -> C,ts_engage_write,185611367
13:36:03.549 -> C,ts_engage_write,185699371
13:36:03.642 -> C,ts_engage_write,185787370
13:36:03.737 -> C,ts_engage_write,185875371
13:36:03.830 -> C,ts_engage_write,185963371
13:36:03.923 -> C,ts_engage_write,186051371
13:36:03.923 -> C,engage_lvl,506
13:36:03.969 -> C,ts_engage_write,186139371
13:36:04.063 -> C,ts_engage_write,186227371
13:36:04.155 -> C,ts_engage_write,186315371
13:36:04.250 -> C,ts_engage_write,186403371
13:36:04.343 -> C,ts_engage_write,186491371
13:36:04.436 -> [FACE] heartbeat
13:36:04.436 -> C,mood_str,50
13:36:04.436 -> C,ts_engage_write,186579460
13:36:04.436 -> C,engage_lvl,505
13:36:04.436 -> C,modifier,15
13:36:04.436 -> C,engage_floor,0
13:36:04.436 -> C,loop_us,263
13:36:04.528 -> C,ts_engage_write,186667367
13:36:04.621 -> C,ts_engage_write,186755370
13:36:04.714 -> C,ts_engage_write,186843371
13:36:04.806 -> C,ts_engage_write,186931375
13:36:04.853 -> C,ts_engage_write,187019373
13:36:04.947 -> C,ts_engage_write,187107371
13:36:04.947 -> C,engage_lvl,503
13:36:05.039 -> C,ts_engage_write,187195371
13:36:05.132 -> C,ts_engage_write,187283371
13:36:05.225 -> C,ts_engage_write,187371371
13:36:05.318 -> C,ts_engage_write,187459371
13:36:05.412 -> C,ts_engage_write,187547372
13:36:05.504 -> [FACE] heartbeat
13:36:05.504 -> C,mood_str,50
13:36:05.504 -> C,ts_engage_write,187635460
13:36:05.504 -> C,engage_lvl,502
13:36:05.504 -> C,modifier,15
13:36:05.504 -> C,engage_floor,0
13:36:05.504 -> C,loop_us,276
13:36:05.598 -> C,ts_engage_write,187723371
13:36:05.646 -> C,ts_engage_write,187811370
13:36:05.737 -> C,ts_engage_write,187899371
13:36:05.829 -> C,ts_engage_write,187987371
13:36:05.921 -> C,ts_engage_write,188075371
13:36:06.014 -> C,ts_engage_write,188163371
13:36:06.014 -> C,engage_lvl,500
13:36:06.108 -> C,ts_engage_write,188251371
13:36:06.202 -> C,ts_engage_write,188339371
13:36:06.296 -> C,ts_engage_write,188427371
13:36:06.390 -> C,ts_engage_write,188515371
13:36:06.437 -> C,ts_engage_write,188603371
13:36:06.528 -> [FACE] heartbeat
13:36:06.528 -> C,mood_str,50
13:36:06.528 -> C,ts_engage_write,188691476
13:36:06.528 -> C,engage_lvl,499
13:36:06.528 -> C,modifier,15
13:36:06.528 -> C,engage_floor,0
13:36:06.528 -> C,loop_us,277
13:36:06.621 -> C,ts_engage_write,188779371
13:36:06.713 -> C,ts_engage_write,188867371
13:36:06.808 -> C,ts_engage_write,188955371
13:36:06.901 -> C,ts_engage_write,189043371
13:36:06.996 -> C,ts_engage_write,189131371
13:36:07.089 -> C,ts_engage_write,189219371
13:36:07.089 -> C,engage_lvl,498
13:36:07.137 -> C,ts_engage_write,189307371
13:36:07.229 -> C,ts_engage_write,189395371
13:36:07.321 -> C,ts_engage_write,189483371
13:36:07.413 -> C,ts_engage_write,189571371
13:36:07.507 -> C,ts_engage_write,189659371
13:36:07.600 -> [FACE] heartbeat
13:36:07.600 -> C,mood_str,50
13:36:07.600 -> C,ts_engage_write,189747482
13:36:07.600 -> C,engage_lvl,496
13:36:07.600 -> C,modifier,15
13:36:07.600 -> C,engage_floor,0
13:36:07.600 -> C,loop_us,284
13:36:07.693 -> C,ts_engage_write,189835368
13:36:07.785 -> C,ts_engage_write,189923371
13:36:07.879 -> C,ts_engage_write,190011371
13:36:07.972 -> C,ts_engage_write,190099371
13:36:08.019 -> C,ts_engage_write,190187371
13:36:08.112 -> C,ts_engage_write,190275371
13:36:08.112 -> C,engage_lvl,495
13:36:08.206 -> C,ts_engage_write,190363371
13:36:08.300 -> C,ts_engage_write,190451371
13:36:08.393 -> C,ts_engage_write,190539375
13:36:08.486 -> C,ts_engage_write,190627373
13:36:08.580 -> C,ts_engage_write,190715371
13:36:08.675 -> [FACE] heartbeat
13:36:08.675 -> C,mood_str,50
13:36:08.675 -> C,ts_engage_write,190803461
13:36:08.675 -> C,engage_lvl,493
13:36:08.675 -> C,modifier,15
13:36:08.675 -> C,engage_floor,0
13:36:08.675 -> C,loop_us,238
13:36:08.722 -> C,ts_engage_write,190891367
13:36:08.814 -> C,ts_engage_write,190979371
13:36:08.908 -> C,ts_engage_write,191067371
13:36:09.001 -> C,ts_engage_write,191155371
13:36:09.096 -> C,ts_engage_write,191243371
13:36:09.188 -> C,ts_engage_write,191331371
13:36:09.188 -> C,engage_lvl,492
13:36:09.281 -> C,ts_engage_write,191419371
13:36:09.375 -> C,ts_engage_write,191507371
13:36:09.468 -> C,ts_engage_write,191595371
13:36:09.514 -> C,ts_engage_write,191683371
13:36:09.608 -> C,ts_engage_write,191771370
13:36:09.701 -> [FACE] heartbeat
13:36:09.701 -> C,mood_str,50
13:36:09.701 -> C,ts_engage_write,191859475
13:36:09.701 -> C,engage_lvl,491
13:36:09.701 -> C,modifier,15
13:36:09.701 -> C,engage_floor,0
13:36:09.701 -> C,loop_us,277
13:36:09.795 -> C,ts_engage_write,191947371
13:36:09.889 -> C,ts_engage_write,192035371
13:36:09.982 -> C,ts_engage_write,192123371
13:36:10.077 -> C,ts_engage_write,192211371
13:36:10.171 -> C,ts_engage_write,192299371
13:36:10.217 -> C,ts_engage_write,192387371
13:36:10.217 -> C,engage_lvl,489
13:36:10.310 -> C,ts_engage_write,192475371
13:36:10.404 -> C,ts_engage_write,192563371
13:36:10.496 -> C,ts_engage_write,192651371
13:36:10.591 -> C,ts_engage_write,192739371
13:36:10.683 -> C,ts_engage_write,192827370
13:36:10.778 -> [FACE] heartbeat
13:36:10.778 -> C,mood_str,50
13:36:10.778 -> C,ts_engage_write,192915475
13:36:10.778 -> C,engage_lvl,488
13:36:10.778 -> C,modifier,15
13:36:10.778 -> C,engage_floor,0
13:36:10.778 -> C,loop_us,279
13:36:10.872 -> C,ts_engage_write,193003371
13:36:10.965 -> C,ts_engage_write,193091371
13:36:11.012 -> C,ts_engage_write,193179371
13:36:11.105 -> C,ts_engage_write,193267371
13:36:11.199 -> C,ts_engage_write,193355371
13:36:11.292 -> C,ts_engage_write,193443371
13:36:11.292 -> C,engage_lvl,486
13:36:11.385 -> C,ts_engage_write,193531371
13:36:11.481 -> C,ts_engage_write,193619371
13:36:11.572 -> C,ts_engage_write,193707371
13:36:11.665 -> C,ts_engage_write,193795370
13:36:11.757 -> C,ts_engage_write,193883371
13:36:11.804 -> [FACE] heartbeat
13:36:11.804 -> C,mood_str,50
13:36:11.804 -> C,ts_engage_write,193971474
13:36:11.804 -> C,engage_lvl,485
13:36:11.804 -> C,modifier,15
13:36:11.804 -> C,engage_floor,0
13:36:11.804 -> C,loop_us,284
13:36:11.895 -> C,ts_engage_write,194059371
13:36:11.990 -> C,ts_engage_write,194147371
13:36:12.082 -> C,ts_engage_write,194235371
13:36:12.176 -> C,ts_engage_write,194323371
13:36:12.269 -> C,ts_engage_write,194411371
13:36:12.362 -> C,ts_engage_write,194499371
13:36:12.362 -> C,engage_lvl,484
13:36:12.456 -> C,ts_engage_write,194587371
13:36:12.549 -> C,ts_engage_write,194675371
13:36:12.595 -> C,ts_engage_write,194763370
13:36:12.688 -> C,ts_engage_write,194851375
13:36:12.781 -> C,ts_engage_write,194939373
13:36:12.874 -> [FACE] heartbeat
13:36:12.874 -> C,mood_str,50
13:36:12.874 -> C,ts_engage_write,195027475
13:36:12.874 -> C,engage_lvl,482
13:36:12.874 -> C,modifier,15
13:36:12.874 -> C,engage_floor,0
13:36:12.874 -> C,loop_us,276
13:36:12.967 -> C,ts_engage_write,195115371
13:36:13.059 -> C,ts_engage_write,195203371
13:36:13.152 -> C,ts_engage_write,195291371
13:36:13.246 -> C,ts_engage_write,195379371
13:36:13.340 -> C,ts_engage_write,195467371
13:36:13.388 -> C,ts_engage_write,195555371
13:36:13.388 -> C,engage_lvl,481
13:36:13.482 -> C,ts_engage_write,195643371
13:36:13.577 -> C,ts_engage_write,195731371
13:36:13.671 -> C,ts_engage_write,195819370
13:36:13.765 -> C,ts_engage_write,195907371
13:36:13.858 -> C,ts_engage_write,195995371
13:36:13.951 -> [FACE] heartbeat
13:36:13.951 -> C,mood_str,50
13:36:13.951 -> C,ts_engage_write,196083477
13:36:13.951 -> C,engage_lvl,479
13:36:13.951 -> C,modifier,15
13:36:13.951 -> C,engage_floor,0
13:36:13.951 -> C,loop_us,277
13:36:14.045 -> C,ts_engage_write,196171371
13:36:14.092 -> C,ts_engage_write,196259371
13:36:14.185 -> C,ts_engage_write,196347371
13:36:14.278 -> C,ts_engage_write,196435371
13:36:14.371 -> C,ts_engage_write,196523371
13:36:14.464 -> C,ts_engage_write,196611370
13:36:14.464 -> C,engage_lvl,478
13:36:14.557 -> C,ts_engage_write,196699371
13:36:14.651 -> C,ts_engage_write,196787369
13:36:14.744 -> C,ts_engage_write,196875371
13:36:14.839 -> C,ts_engage_write,196963371
13:36:14.885 -> C,ts_engage_write,197051371
13:36:14.978 -> [FACE] heartbeat
13:36:14.978 -> C,mood_str,50
13:36:14.978 -> C,ts_engage_write,197139481
13:36:14.978 -> C,engage_lvl,477
13:36:14.978 -> C,modifier,15
13:36:14.978 -> C,engage_floor,0
13:36:14.978 -> C,loop_us,282
13:36:15.071 -> C,ts_engage_write,197227368
13:36:15.164 -> C,ts_engage_write,197315371
13:36:15.257 -> C,ts_engage_write,197403371
13:36:15.349 -> C,ts_engage_write,197491371
13:36:15.442 -> C,ts_engage_write,197579371
13:36:15.534 -> C,ts_engage_write,197667371
13:36:15.534 -> C,engage_lvl,475
13:36:15.628 -> C,ts_engage_write,197755370
13:36:15.675 -> C,ts_engage_write,197843371
13:36:15.769 -> C,ts_engage_write,197931371
13:36:15.862 -> C,ts_engage_write,198019371
13:36:15.956 -> C,ts_engage_write,198107371
13:36:16.048 -> [FACE] heartbeat
13:36:16.048 -> C,mood_str,50
13:36:16.048 -> C,ts_engage_write,198195475
13:36:16.048 -> C,engage_lvl,474
13:36:16.048 -> C,modifier,15
13:36:16.048 -> C,engage_floor,0
13:36:16.048 -> C,loop_us,270
13:36:16.141 -> C,ts_engage_write,198283367
13:36:16.235 -> C,ts_engage_write,198371371
13:36:16.329 -> C,ts_engage_write,198459375
13:36:16.377 -> C,ts_engage_write,198547373
13:36:16.471 -> C,ts_engage_write,198635371
13:36:16.563 -> C,ts_engage_write,198723371
13:36:16.563 -> C,engage_lvl,472
13:36:16.655 -> C,ts_engage_write,198811370
13:36:16.747 -> C,ts_engage_write,198899371
13:36:16.841 -> C,ts_engage_write,198987371
13:36:16.935 -> C,ts_engage_write,199075371
13:36:17.028 -> C,ts_engage_write,199163371
13:36:17.122 -> [FACE] heartbeat
13:36:17.122 -> C,mood_str,50
13:36:17.122 -> C,ts_engage_write,199251475
13:36:17.122 -> C,engage_lvl,471
13:36:17.122 -> C,modifier,15
13:36:17.122 -> C,engage_floor,0
13:36:17.122 -> C,loop_us,276
13:36:17.169 -> C,ts_engage_write,199339371
13:36:17.262 -> C,ts_engage_write,199427371
13:36:17.353 -> C,ts_engage_write,199515371
13:36:17.445 -> C,ts_engage_write,199603371
13:36:17.538 -> C,ts_engage_write,199691371
13:36:17.630 -> C,ts_engage_write,199779370
13:36:17.630 -> C,engage_lvl,470
13:36:17.725 -> C,ts_engage_write,199867371
13:36:17.817 -> C,ts_engage_write,199955371
13:36:17.909 -> C,ts_engage_write,200043371
13:36:18.002 -> C,ts_engage_write,200131371
13:36:18.049 -> C,ts_engage_write,200219371
13:36:18.143 -> [FACE] heartbeat
13:36:18.143 -> C,mood_str,50
13:36:18.143 -> C,ts_engage_write,200307474
13:36:18.143 -> C,engage_lvl,468
13:36:18.143 -> C,modifier,15
13:36:18.143 -> C,engage_floor,0
13:36:18.143 -> C,loop_us,277
13:36:18.234 -> C,ts_engage_write,200395367
13:36:18.328 -> C,ts_engage_write,200483371
13:36:18.420 -> C,ts_engage_write,200571371
13:36:18.514 -> C,ts_engage_write,200659371
13:36:18.607 -> C,ts_engage_write,200747370
13:36:18.699 -> C,ts_engage_write,200835371
13:36:18.699 -> C,engage_lvl,467
13:36:18.793 -> C,ts_engage_write,200923371
13:36:18.886 -> C,ts_engage_write,201011371
13:36:18.932 -> C,ts_engage_write,201099371
13:36:19.025 -> C,ts_engage_write,201187371
13:36:19.119 -> C,ts_engage_write,201275371
13:36:19.212 -> [FACE] heartbeat
13:36:19.212 -> C,mood_str,50
13:36:19.212 -> C,ts_engage_write,201363475
13:36:19.212 -> C,engage_lvl,465
13:36:19.212 -> C,modifier,15
13:36:19.212 -> C,engage_floor,0
13:36:19.212 -> C,loop_us,287
13:36:19.306 -> C,ts_engage_write,201451371
13:36:19.399 -> C,ts_engage_write,201539371
13:36:19.493 -> C,ts_engage_write,201627371
13:36:19.586 -> C,ts_engage_write,201715371
13:36:19.679 -> C,ts_engage_write,201803370
13:36:19.725 -> C,ts_engage_write,201891371
13:36:19.725 -> C,engage_lvl,464
13:36:19.818 -> C,ts_engage_write,201979371
13:36:19.912 -> C,ts_engage_write,202067371
13:36:20.005 -> C,ts_engage_write,202155371
13:36:20.099 -> C,ts_engage_write,202243371
13:36:20.191 -> C,ts_engage_write,202331371
13:36:20.284 -> [FACE] heartbeat
13:36:20.284 -> C,mood_str,50
13:36:20.284 -> C,ts_engage_write,202419464
13:36:20.284 -> C,engage_lvl,462
13:36:20.284 -> C,modifier,15
13:36:20.284 -> C,engage_floor,0
13:36:20.284 -> C,loop_us,263
13:36:20.377 -> C,ts_engage_write,202507371
13:36:20.424 -> C,ts_engage_write,202595371
13:36:20.518 -> C,ts_engage_write,202683371
13:36:20.610 -> C,ts_engage_write,202771370
13:36:20.704 -> C,ts_engage_write,202859371
13:36:20.798 -> C,ts_engage_write,202947375
13:36:20.798 -> C,engage_lvl,461
13:36:20.891 -> C,ts_engage_write,203035373
13:36:20.984 -> C,ts_engage_write,203123371
13:36:21.078 -> C,ts_engage_write,203211371
13:36:21.173 -> C,ts_engage_write,203299371
13:36:21.219 -> C,ts_engage_write,203387371
13:36:21.312 -> [FACE] heartbeat
13:36:21.312 -> C,mood_str,50
13:36:21.312 -> C,ts_engage_write,203475464
13:36:21.312 -> C,engage_lvl,460
13:36:21.312 -> C,modifier,15
13:36:21.312 -> C,engage_floor,0
13:36:21.312 -> C,loop_us,278
13:36:21.405 -> C,ts_engage_write,203563371
13:36:21.498 -> C,ts_engage_write,203651371
13:36:21.593 -> C,ts_engage_write,203739371
13:36:21.685 -> C,ts_engage_write,203827370
13:36:21.777 -> C,ts_engage_write,203915371
13:36:21.871 -> C,ts_engage_write,204003371
13:36:21.871 -> C,engage_lvl,458
13:36:21.964 -> C,ts_engage_write,204091371
13:36:22.011 -> C,ts_engage_write,204179371
13:36:22.103 -> C,ts_engage_write,204267371
13:36:22.196 -> C,ts_engage_write,204355371
13:36:22.289 -> C,ts_engage_write,204443371
13:36:22.382 -> [FACE] heartbeat
13:36:22.382 -> C,mood_str,50
13:36:22.382 -> C,ts_engage_write,204531467
13:36:22.382 -> C,engage_lvl,457
13:36:22.382 -> C,modifier,15
13:36:22.382 -> C,engage_floor,0
13:36:22.382 -> C,loop_us,274
13:36:22.477 -> C,ts_engage_write,204619366
13:36:22.571 -> C,ts_engage_write,204707371
13:36:22.665 -> C,ts_engage_write,204795370
13:36:22.758 -> C,ts_engage_write,204883371
13:36:22.805 -> C,ts_engage_write,204971371
13:36:22.899 -> C,ts_engage_write,205059371
13:36:22.899 -> C,engage_lvl,455
13:36:22.992 -> C,ts_engage_write,205147371
13:36:23.085 -> C,ts_engage_write,205235371
13:36:23.165 -> C,ts_engage_write,205323371
13:36:23.258 -> C,ts_engage_write,205411371
13:36:23.351 -> C,ts_engage_write,205499371
13:36:23.445 -> [FACE] heartbeat
13:36:23.445 -> C,mood_str,50
13:36:23.445 -> C,ts_engage_write,205587470
13:36:23.445 -> C,engage_lvl,454
13:36:23.445 -> C,modifier,15
13:36:23.445 -> C,engage_floor,0
13:36:23.445 -> C,loop_us,263
13:36:23.538 -> C,ts_engage_write,205675365
13:36:23.631 -> C,ts_engage_write,205763370
13:36:23.725 -> C,ts_engage_write,205851371
13:36:23.772 -> C,ts_engage_write,205939371
13:36:23.865 -> C,ts_engage_write,206027371
13:36:23.956 -> C,ts_engage_write,206115371
13:36:23.956 -> C,engage_lvl,453
13:36:24.050 -> C,ts_engage_write,206203371
13:36:24.143 -> C,ts_engage_write,206291371
13:36:24.234 -> C,ts_engage_write,206379371
13:36:24.328 -> C,ts_engage_write,206467371
13:36:24.421 -> C,ts_engage_write,206555371
13:36:24.514 -> [FACE] heartbeat
13:36:24.514 -> C,mood_str,50
13:36:24.514 -> C,ts_engage_write,206643470
13:36:24.514 -> C,engage_lvl,451
13:36:24.514 -> C,modifier,15
13:36:24.514 -> C,engage_floor,0
13:36:24.514 -> C,loop_us,272
13:36:24.561 -> C,ts_engage_write,206731365
13:36:24.656 -> C,ts_engage_write,206819370
13:36:24.750 -> C,ts_engage_write,206907371
13:36:24.843 -> C,ts_engage_write,206995371
13:36:24.936 -> C,ts_engage_write,207083371
13:36:25.028 -> C,ts_engage_write,207171371
13:36:25.028 -> C,engage_lvl,450
13:36:25.121 -> C,ts_engage_write,207259375
13:36:25.215 -> C,ts_engage_write,207347373
13:36:25.310 -> C,ts_engage_write,207435371
13:36:25.355 -> C,ts_engage_write,207523371
13:36:25.448 -> C,ts_engage_write,207611371
13:36:25.542 -> [FACE] heartbeat
13:36:25.542 -> C,mood_str,50
13:36:25.542 -> C,ts_engage_write,207699476
13:36:25.542 -> C,engage_lvl,448
13:36:25.542 -> C,modifier,15
13:36:25.542 -> C,engage_floor,0
13:36:25.542 -> C,loop_us,277
13:36:25.634 -> C,ts_engage_write,207787371
13:36:25.727 -> C,ts_engage_write,207875371
13:36:25.820 -> C,ts_engage_write,207963371
13:36:25.914 -> C,ts_engage_write,208051371
13:36:26.008 -> C,ts_engage_write,208139371
13:36:26.103 -> C,ts_engage_write,208227371
13:36:26.103 -> C,engage_lvl,447
13:36:26.147 -> C,ts_engage_write,208315371
13:36:26.240 -> C,ts_engage_write,208403371
13:36:26.334 -> C,ts_engage_write,208491371
13:36:26.426 -> C,ts_engage_write,208579371
13:36:26.519 -> C,ts_engage_write,208667371
13:36:26.613 -> [FACE] heartbeat
13:36:26.613 -> C,mood_str,50
13:36:26.613 -> C,ts_engage_write,208755477
13:36:26.613 -> C,engage_lvl,446
13:36:26.613 -> C,modifier,15
13:36:26.613 -> C,engage_floor,0
13:36:26.613 -> C,loop_us,267
13:36:26.707 -> C,ts_engage_write,208843371
13:36:26.799 -> C,ts_engage_write,208931372
13:36:26.891 -> C,ts_engage_write,209019371
13:36:26.937 -> C,ts_engage_write,209107371
13:36:27.030 -> C,ts_engage_write,209195371
13:36:27.124 -> C,ts_engage_write,209283371
13:36:27.124 -> C,engage_lvl,444
13:36:27.217 -> C,ts_engage_write,209371371
13:36:27.310 -> C,ts_engage_write,209459371
13:36:27.403 -> C,ts_engage_write,209547371
13:36:27.498 -> C,ts_engage_write,209635371
13:36:27.593 -> C,ts_engage_write,209723371
13:36:27.640 -> [FACE] heartbeat
13:36:27.686 -> C,mood_str,50
13:36:27.686 -> C,ts_engage_write,209811476
13:36:27.686 -> C,engage_lvl,443
13:36:27.686 -> C,modifier,15
13:36:27.686 -> C,engage_floor,0
13:36:27.686 -> C,loop_us,277
13:36:27.732 -> C,ts_engage_write,209899371
13:36:27.823 -> C,ts_engage_write,209987371
13:36:27.917 -> C,ts_engage_write,210075371
13:36:28.010 -> C,ts_engage_write,210163371
13:36:28.104 -> C,ts_engage_write,210251371
13:36:28.198 -> C,ts_engage_write,210339371
13:36:28.198 -> C,engage_lvl,441
13:36:28.292 -> C,ts_engage_write,210427371
13:36:28.386 -> C,ts_engage_write,210515371
13:36:28.478 -> C,ts_engage_write,210603371
13:36:28.524 -> C,ts_engage_write,210691371
13:36:28.617 -> C,ts_engage_write,210779370
13:36:28.710 -> [FACE] heartbeat
13:36:28.710 -> C,mood_str,50
13:36:28.710 -> C,ts_engage_write,210867461
13:36:28.710 -> C,engage_lvl,440
13:36:28.710 -> C,modifier,15
13:36:28.710 -> C,engage_floor,0
13:36:28.710 -> C,loop_us,265
13:36:28.803 -> C,ts_engage_write,210955371
13:36:28.896 -> C,ts_engage_write,211043371
13:36:28.990 -> C,ts_engage_write,211131371
13:36:29.082 -> C,ts_engage_write,211219371
13:36:29.175 -> C,ts_engage_write,211307371
13:36:29.270 -> C,ts_engage_write,211395371
13:36:29.270 -> C,engage_lvl,439
13:36:29.317 -> C,ts_engage_write,211483371
13:36:29.411 -> C,ts_engage_write,211571371
13:36:29.505 -> C,ts_engage_write,211659371
13:36:29.598 -> C,ts_engage_write,211747374
13:36:29.691 -> C,ts_engage_write,211835373
13:36:29.783 -> [FACE] heartbeat
13:36:29.783 -> C,mood_str,50
13:36:29.783 -> C,ts_engage_write,211923460
13:36:29.783 -> C,engage_lvl,437
13:36:29.783 -> C,modifier,15
13:36:29.783 -> C,engage_floor,0
13:36:29.783 -> C,loop_us,272
13:36:29.878 -> C,ts_engage_write,212011367
13:36:29.970 -> C,ts_engage_write,212099371
13:36:30.017 -> C,ts_engage_write,212187371
13:36:30.110 -> C,ts_engage_write,212275371
13:36:30.204 -> C,ts_engage_write,212363371
13:36:30.297 -> C,ts_engage_write,212451371
13:36:30.297 -> C,engage_lvl,436
13:36:30.391 -> C,ts_engage_write,212539371
13:36:30.483 -> C,ts_engage_write,212627371
13:36:30.575 -> C,ts_engage_write,212715371
13:36:30.667 -> C,ts_engage_write,212803370
13:36:30.762 -> C,ts_engage_write,212891371
13:36:30.809 -> [FACE] heartbeat
13:36:30.809 -> C,mood_str,50
13:36:30.809 -> C,ts_engage_write,212979460
13:36:30.809 -> C,engage_lvl,434
13:36:30.809 -> C,modifier,15
13:36:30.809 -> C,engage_floor,0
13:36:30.809 -> C,loop_us,260
13:36:30.901 -> C,ts_engage_write,213067367
13:36:30.996 -> C,ts_engage_write,213155371
13:36:31.090 -> C,ts_engage_write,213243371
13:36:31.184 -> C,ts_engage_write,213331371
13:36:31.277 -> C,ts_engage_write,213419371
13:36:31.371 -> C,ts_engage_write,213507371
13:36:31.371 -> C,engage_lvl,433
13:36:31.464 -> C,ts_engage_write,213595371
13:36:31.556 -> C,ts_engage_write,213683371
13:36:31.603 -> C,ts_engage_write,213771370
13:36:31.694 -> C,ts_engage_write,213859371
13:36:31.787 -> C,ts_engage_write,213947371
13:36:31.880 -> [FACE] heartbeat
13:36:31.880 -> C,mood_str,50
13:36:31.880 -> C,ts_engage_write,214035460
13:36:31.880 -> C,engage_lvl,432
13:36:31.880 -> C,modifier,15
13:36:31.880 -> C,engage_floor,0
13:36:31.880 -> C,loop_us,264
13:36:31.974 -> C,ts_engage_write,214123367
13:36:32.066 -> C,ts_engage_write,214211371
13:36:32.161 -> C,ts_engage_write,214299371
13:36:32.253 -> C,ts_engage_write,214387371
13:36:32.347 -> C,ts_engage_write,214475371
13:36:32.395 -> C,ts_engage_write,214563371
13:36:32.395 -> C,engage_lvl,430
13:36:32.487 -> C,ts_engage_write,214651371
13:36:32.580 -> C,ts_engage_write,214739371
13:36:32.675 -> C,ts_engage_write,214827370
13:36:32.768 -> C,ts_engage_write,214915371
13:36:32.861 -> C,ts_engage_write,215003371
13:36:32.955 -> [FACE] heartbeat
13:36:32.955 -> C,mood_str,50
13:36:32.955 -> C,ts_engage_write,215091474
13:36:32.955 -> C,engage_lvl,429
13:36:32.955 -> C,modifier,15
13:36:32.955 -> C,engage_floor,0
13:36:32.955 -> C,loop_us,261
13:36:33.048 -> C,ts_engage_write,215179365
13:36:33.141 -> C,ts_engage_write,215267371
13:36:33.188 -> C,ts_engage_write,215355371
13:36:33.280 -> C,ts_engage_write,215443371
13:36:33.373 -> C,ts_engage_write,215531371
13:36:33.466 -> C,ts_engage_write,215619371
13:36:33.466 -> C,engage_lvl,427
13:36:33.560 -> C,ts_engage_write,215707371
13:36:33.652 -> C,ts_engage_write,215795370
13:36:33.744 -> C,ts_engage_write,215883375
13:36:33.838 -> C,ts_engage_write,215971373
13:36:33.933 -> C,ts_engage_write,216059371
13:36:33.979 -> [FACE] heartbeat
13:36:33.979 -> C,mood_str,50
13:36:33.979 -> C,ts_engage_write,216147461
13:36:33.979 -> C,engage_lvl,426
13:36:33.979 -> C,modifier,15
13:36:33.979 -> C,engage_floor,0
13:36:33.979 -> C,loop_us,265
13:36:34.073 -> C,ts_engage_write,216235367
13:36:34.165 -> C,ts_engage_write,216323371
13:36:34.259 -> C,ts_engage_write,216411371
13:36:34.353 -> C,ts_engage_write,216499371
13:36:34.447 -> C,ts_engage_write,216587371
13:36:34.539 -> C,ts_engage_write,216675371
13:36:34.539 -> C,engage_lvl,425
13:36:34.633 -> C,ts_engage_write,216763370
13:36:34.726 -> C,ts_engage_write,216851371
13:36:34.773 -> C,ts_engage_write,216939371
13:36:34.867 -> C,ts_engage_write,217027371
13:36:34.960 -> C,ts_engage_write,217115371
13:36:35.054 -> [FACE] heartbeat
13:36:35.054 -> C,mood_str,50
13:36:35.054 -> C,ts_engage_write,217203461
13:36:35.054 -> C,engage_lvl,423
13:36:35.054 -> C,modifier,15
13:36:35.054 -> C,engage_floor,0
13:36:35.054 -> C,loop_us,238
13:36:35.148 -> C,ts_engage_write,217291367
13:36:35.241 -> C,ts_engage_write,217379371
13:36:35.334 -> C,ts_engage_write,217467371
13:36:35.428 -> C,ts_engage_write,217555371
13:36:35.475 -> C,ts_engage_write,217643371
13:36:35.567 -> C,ts_engage_write,217731371
13:36:35.567 -> C,engage_lvl,422
13:36:35.660 -> C,ts_engage_write,217819370
13:36:35.754 -> C,ts_engage_write,217907371
13:36:35.846 -> C,ts_engage_write,217995371
13:36:35.940 -> C,ts_engage_write,218083371
13:36:36.033 -> C,ts_engage_write,218171371
13:36:36.126 -> [FACE] heartbeat
13:36:36.126 -> C,mood_str,50
13:36:36.126 -> C,ts_engage_write,218259474
13:36:36.126 -> C,engage_lvl,420
13:36:36.126 -> C,modifier,15
13:36:36.126 -> C,engage_floor,0
13:36:36.126 -> C,loop_us,251
13:36:36.218 -> C,ts_engage_write,218347367
13:36:36.264 -> C,ts_engage_write,218435371
13:36:36.356 -> C,ts_engage_write,218523371
13:36:36.449 -> C,ts_engage_write,218611371
13:36:36.543 -> C,ts_engage_write,218699371
13:36:36.635 -> C,ts_engage_write,218787370
13:36:36.635 -> C,engage_lvl,419
13:36:36.728 -> C,ts_engage_write,218875371
13:36:36.821 -> C,ts_engage_write,218963371
13:36:36.915 -> C,ts_engage_write,219051371
13:36:37.008 -> C,ts_engage_write,219139371
13:36:37.101 -> C,ts_engage_write,219227371
13:36:37.148 -> [FACE] heartbeat
13:36:37.148 -> C,mood_str,50
13:36:37.148 -> C,ts_engage_write,219315484
13:36:37.148 -> C,engage_lvl,417
13:36:37.148 -> C,modifier,15
13:36:37.148 -> C,engage_floor,0
13:36:37.148 -> C,loop_us,270
13:36:37.241 -> C,ts_engage_write,219403364
13:36:37.335 -> C,ts_engage_write,219491371
13:36:37.429 -> C,ts_engage_write,219579371
13:36:37.522 -> C,ts_engage_write,219667371
13:36:37.616 -> C,ts_engage_write,219755370
13:36:37.708 -> C,ts_engage_write,219843371
13:36:37.708 -> C,engage_lvl,416
13:36:37.801 -> C,ts_engage_write,219931371
13:36:37.895 -> C,ts_engage_write,220019371
13:36:37.941 -> C,ts_engage_write,220107371
13:36:38.034 -> C,ts_engage_write,220195371
13:36:38.127 -> C,ts_engage_write,220283375
13:36:38.218 -> [FACE] heartbeat
13:36:38.218 -> C,mood_str,50
13:36:38.218 -> C,ts_engage_write,220371463
13:36:38.218 -> C,engage_lvl,415
13:36:38.218 -> C,modifier,15
13:36:38.218 -> C,engage_floor,0
13:36:38.218 -> C,loop_us,264
13:36:38.310 -> C,ts_engage_write,220459371
13:36:38.402 -> C,ts_engage_write,220547371
13:36:38.495 -> C,ts_engage_write,220635371
13:36:38.589 -> C,ts_engage_write,220723371
13:36:38.681 -> C,ts_engage_write,220811370
13:36:38.728 -> C,ts_engage_write,220899371
13:36:38.728 -> C,engage_lvl,413
13:36:38.822 -> C,ts_engage_write,220987371
13:36:38.914 -> C,ts_engage_write,221075371
13:36:39.007 -> C,ts_engage_write,221163371
13:36:39.100 -> C,ts_engage_write,221251371
13:36:39.194 -> C,ts_engage_write,221339371
13:36:39.287 -> [FACE] heartbeat
13:36:39.287 -> C,mood_str,50
13:36:39.287 -> C,ts_engage_write,221427475
13:36:39.287 -> C,engage_lvl,412
13:36:39.287 -> C,modifier,15
13:36:39.287 -> C,engage_floor,0
13:36:39.287 -> C,loop_us,266
13:36:39.379 -> C,ts_engage_write,221515371
13:36:39.473 -> C,ts_engage_write,221603371
13:36:39.520 -> C,ts_engage_write,221691371
13:36:39.612 -> C,ts_engage_write,221779370
13:36:39.706 -> C,ts_engage_write,221867371
13:36:39.799 -> C,ts_engage_write,221955371
13:36:39.799 -> C,engage_lvl,410
13:36:39.894 -> C,ts_engage_write,222043371
13:36:39.988 -> C,ts_engage_write,222131371
13:36:40.081 -> C,ts_engage_write,222219371
13:36:40.174 -> C,ts_engage_write,222307371
13:36:40.267 -> C,ts_engage_write,222395371
13:36:40.312 -> [FACE] heartbeat
13:36:40.312 -> C,mood_str,50
13:36:40.312 -> C,ts_engage_write,222483482
13:36:40.312 -> C,engage_lvl,409
13:36:40.312 -> C,modifier,15
13:36:40.312 -> C,engage_floor,0
13:36:40.312 -> C,loop_us,284
13:36:40.405 -> C,ts_engage_write,222571368
13:36:40.498 -> C,ts_engage_write,222659371
13:36:40.593 -> C,ts_engage_write,222747371
13:36:40.688 -> C,ts_engage_write,222835371
13:36:40.782 -> C,ts_engage_write,222923371
13:36:40.876 -> C,ts_engage_write,223011371
13:36:40.876 -> C,engage_lvl,408
13:36:40.969 -> C,ts_engage_write,223099371
13:36:41.016 -> C,ts_engage_write,223187371
13:36:41.110 -> C,ts_engage_write,223275371
13:36:41.203 -> C,ts_engage_write,223363371
13:36:41.295 -> C,ts_engage_write,223451371
13:36:41.388 -> [FACE] heartbeat
13:36:41.388 -> C,mood_str,50
13:36:41.388 -> C,ts_engage_write,223539480
13:36:41.388 -> C,engage_lvl,406
13:36:41.388 -> C,modifier,15
13:36:41.388 -> C,engage_floor,0
13:36:41.388 -> C,loop_us,282
13:36:41.480 -> C,ts_engage_write,223627368
13:36:41.572 -> C,ts_engage_write,223715371
13:36:41.665 -> C,ts_engage_write,223803371
13:36:41.759 -> C,ts_engage_write,223891375
13:36:41.853 -> C,ts_engage_write,223979373
13:36:41.898 -> C,ts_engage_write,224067371
13:36:41.898 -> C,engage_lvl,405
13:36:41.991 -> C,ts_engage_write,224155371
13:36:42.085 -> C,ts_engage_write,224243371
13:36:42.178 -> C,ts_engage_write,224331371
13:36:42.270 -> C,ts_engage_write,224419371
13:36:42.364 -> C,ts_engage_write,224507371
13:36:42.457 -> [FACE] heartbeat
13:36:42.457 -> C,mood_str,50
13:36:42.457 -> C,ts_engage_write,224595475
13:36:42.457 -> C,engage_lvl,403
13:36:42.457 -> C,modifier,15
13:36:42.457 -> C,engage_floor,0
13:36:42.457 -> C,loop_us,276
13:36:42.549 -> C,ts_engage_write,224683371
13:36:42.641 -> C,ts_engage_write,224771370
13:36:42.733 -> C,ts_engage_write,224859371
13:36:42.780 -> C,ts_engage_write,224947371
13:36:42.873 -> C,ts_engage_write,225035371
13:36:42.966 -> C,ts_engage_write,225123371
13:36:42.966 -> C,engage_lvl,402
13:36:43.060 -> C,ts_engage_write,225211371
13:36:43.152 -> C,ts_engage_write,225299371
13:36:43.246 -> C,ts_engage_write,225387371
13:36:43.339 -> C,ts_engage_write,225475371
13:36:43.433 -> C,ts_engage_write,225563371
13:36:43.527 -> [FACE] heartbeat
13:36:43.527 -> C,mood_str,50
13:36:43.527 -> C,ts_engage_write,225651474
13:36:43.527 -> C,engage_lvl,401
13:36:43.527 -> C,modifier,15
13:36:43.527 -> C,engage_floor,0
13:36:43.527 -> C,loop_us,289
13:36:43.573 -> C,ts_engage_write,225739371
13:36:43.665 -> C,ts_engage_write,225827370
13:36:43.758 -> C,ts_engage_write,225915371
13:36:43.851 -> C,ts_engage_write,226003371
13:36:43.945 -> C,ts_engage_write,226091371
13:36:44.038 -> C,ts_engage_write,226179371
13:36:44.038 -> C,engage_lvl,399
13:36:44.130 -> C,ts_engage_write,226267371
13:36:44.225 -> C,ts_engage_write,226355371
13:36:44.272 -> C,ts_engage_write,226443371
13:36:44.365 -> C,ts_engage_write,226531371
13:36:44.459 -> C,ts_engage_write,226619371
13:36:44.550 -> [FACE] heartbeat
13:36:44.550 -> C,mood_str,50
13:36:44.550 -> C,ts_engage_write,226707484
13:36:44.550 -> C,engage_lvl,398
13:36:44.550 -> C,modifier,15
13:36:44.550 -> C,engage_floor,0
13:36:44.550 -> C,loop_us,286
13:36:44.646 -> C,ts_engage_write,226795368
13:36:44.739 -> C,ts_engage_write,226883371
13:36:44.831 -> C,ts_engage_write,226971371
13:36:44.923 -> C,ts_engage_write,227059371
13:36:45.017 -> C,ts_engage_write,227147371
13:36:45.064 -> C,ts_engage_write,227235371
13:36:45.064 -> C,engage_lvl,396
13:36:45.156 -> C,ts_engage_write,227323371
13:36:45.249 -> C,ts_engage_write,227411371
13:36:45.341 -> C,ts_engage_write,227499371
13:36:45.433 -> C,ts_engage_write,227587371
13:36:45.527 -> C,ts_engage_write,227675371
13:36:45.620 -> [FACE] heartbeat
13:36:45.620 -> C,mood_str,50
13:36:45.620 -> C,ts_engage_write,227763477
13:36:45.620 -> C,engage_lvl,395
13:36:45.620 -> C,modifier,15
13:36:45.620 -> C,engage_floor,0
13:36:45.620 -> C,loop_us,277
13:36:45.712 -> C,ts_engage_write,227851371
13:36:45.804 -> C,ts_engage_write,227939375
13:36:45.896 -> C,ts_engage_write,228027373
13:36:45.990 -> C,ts_engage_write,228115371
13:36:46.037 -> C,ts_engage_write,228203371
13:36:46.130 -> C,ts_engage_write,228291371
13:36:46.130 -> C,engage_lvl,394
13:36:46.224 -> C,ts_engage_write,228379371
13:36:46.317 -> C,ts_engage_write,228467371
13:36:46.412 -> C,ts_engage_write,228555371
13:36:46.504 -> C,ts_engage_write,228643371
13:36:46.598 -> C,ts_engage_write,228731371
13:36:46.691 -> [FACE] heartbeat
13:36:46.691 -> C,mood_str,50
13:36:46.691 -> C,ts_engage_write,228819475
13:36:46.691 -> C,engage_lvl,392
13:36:46.691 -> C,modifier,15
13:36:46.691 -> C,engage_floor,0
13:36:46.691 -> C,loop_us,278
13:36:46.738 -> C,ts_engage_write,228907367
13:36:46.831 -> C,ts_engage_write,228995371
13:36:46.925 -> C,ts_engage_write,229083371
13:36:47.017 -> C,ts_engage_write,229171371
13:36:47.109 -> C,ts_engage_write,229259371
13:36:47.202 -> C,ts_engage_write,229347371
13:36:47.202 -> C,engage_lvl,391
13:36:47.295 -> C,ts_engage_write,229435371
13:36:47.388 -> C,ts_engage_write,229523371
13:36:47.480 -> C,ts_engage_write,229611371
13:36:47.571 -> C,ts_engage_write,229699371
13:36:47.618 -> C,ts_engage_write,229787370
13:36:47.711 -> [FACE] heartbeat
13:36:47.711 -> C,mood_str,50
13:36:47.711 -> C,ts_engage_write,229875474
13:36:47.711 -> C,engage_lvl,389
13:36:47.711 -> C,modifier,15
13:36:47.711 -> C,engage_floor,0
13:36:47.711 -> C,loop_us,275
13:36:47.804 -> C,ts_engage_write,229963371
13:36:47.898 -> C,ts_engage_write,230051371
13:36:47.990 -> C,ts_engage_write,230139371
13:36:48.082 -> C,ts_engage_write,230227371
13:36:48.177 -> C,ts_engage_write,230315371
13:36:48.269 -> C,ts_engage_write,230403371
13:36:48.269 -> C,engage_lvl,388
13:36:48.362 -> C,ts_engage_write,230491371
13:36:48.409 -> C,ts_engage_write,230579371
13:36:48.502 -> C,ts_engage_write,230667371
13:36:48.595 -> C,ts_engage_write,230755370
13:36:48.688 -> C,ts_engage_write,230843371
13:36:48.779 -> [FACE] heartbeat
13:36:48.779 -> C,mood_str,50
13:36:48.779 -> C,ts_engage_write,230931480
13:36:48.779 -> C,engage_lvl,387
13:36:48.779 -> C,modifier,15
13:36:48.779 -> C,engage_floor,0
13:36:48.779 -> C,loop_us,284
13:36:48.872 -> C,ts_engage_write,231019368
13:36:48.966 -> C,ts_engage_write,231107371
13:36:49.060 -> C,ts_engage_write,231195371
13:36:49.153 -> C,ts_engage_write,231283371
13:36:49.199 -> C,ts_engage_write,231371371
13:36:49.293 -> C,ts_engage_write,231459371
13:36:49.293 -> C,engage_lvl,385
13:36:49.385 -> C,ts_engage_write,231547371
13:36:49.478 -> C,ts_engage_write,231635371
13:36:49.571 -> C,ts_engage_write,231723371
13:36:49.663 -> C,ts_engage_write,231811374
13:36:49.756 -> C,ts_engage_write,231899373
13:36:49.849 -> [FACE] heartbeat
13:36:49.849 -> C,mood_str,50
13:36:49.849 -> C,ts_engage_write,231987461
13:36:49.849 -> C,engage_lvl,384
13:36:49.849 -> C,modifier,15
13:36:49.849 -> C,engage_floor,0
13:36:49.849 -> C,loop_us,266
13:36:49.943 -> C,ts_engage_write,232075371
13:36:50.036 -> C,ts_engage_write,232163371
13:36:50.083 -> C,ts_engage_write,232251371
13:36:50.175 -> C,ts_engage_write,232339371
13:36:50.269 -> C,ts_engage_write,232427371
13:36:50.361 -> C,ts_engage_write,232515371
13:36:50.361 -> C,engage_lvl,382
13:36:50.455 -> C,ts_engage_write,232603371
13:36:50.548 -> C,ts_engage_write,232691371
13:36:50.642 -> C,ts_engage_write,232779370
13:36:50.734 -> C,ts_engage_write,232867371
13:36:50.827 -> C,ts_engage_write,232955371
13:36:50.874 -> [FACE] heartbeat
13:36:50.874 -> C,mood_str,50
13:36:50.874 -> C,ts_engage_write,233043475
13:36:50.874 -> C,engage_lvl,381
13:36:50.874 -> C,modifier,15
13:36:50.874 -> C,engage_floor,0
13:36:50.874 -> C,loop_us,276
13:36:50.966 -> C,ts_engage_write,233131371
13:36:51.060 -> C,ts_engage_write,233219371
13:36:51.152 -> C,ts_engage_write,233307371
13:36:51.245 -> C,ts_engage_write,233395372
13:36:51.339 -> C,ts_engage_write,233483371
13:36:51.432 -> C,ts_engage_write,233571371
13:36:51.432 -> C,engage_lvl,380
13:36:51.526 -> C,ts_engage_write,233659371
13:36:51.619 -> C,ts_engage_write,233747370
13:36:51.666 -> C,ts_engage_write,233835371
13:36:51.759 -> C,ts_engage_write,233923371
13:36:51.851 -> C,ts_engage_write,234011371
13:36:51.945 -> [FACE] heartbeat
13:36:51.945 -> C,mood_str,50
13:36:51.945 -> C,ts_engage_write,234099475
13:36:51.945 -> C,engage_lvl,378
13:36:51.945 -> C,modifier,15
13:36:51.945 -> C,engage_floor,0
13:36:51.945 -> C,loop_us,278
13:36:52.037 -> C,ts_engage_write,234187371
13:36:52.130 -> C,ts_engage_write,234275371
13:36:52.223 -> C,ts_engage_write,234363371
13:36:52.315 -> C,ts_engage_write,234451371
13:36:52.407 -> C,ts_engage_write,234539371
13:36:52.500 -> C,ts_engage_write,234627371
13:36:52.500 -> C,engage_lvl,377
13:36:52.548 -> C,ts_engage_write,234715371
13:36:52.641 -> C,ts_engage_write,234803370
13:36:52.735 -> C,ts_engage_write,234891371
13:36:52.828 -> C,ts_engage_write,234979371
13:36:52.920 -> C,ts_engage_write,235067371
13:36:53.013 -> [FACE] heartbeat
13:36:53.013 -> C,mood_str,50
13:36:53.013 -> C,ts_engage_write,235155483
13:36:53.013 -> C,engage_lvl,375
13:36:53.013 -> C,modifier,15
13:36:53.013 -> C,engage_floor,0
13:36:53.013 -> C,loop_us,285
13:36:53.107 -> C,ts_engage_write,235243368
13:36:53.200 -> C,ts_engage_write,235331371
13:36:53.247 -> C,ts_engage_write,235419371
13:36:53.340 -> C,ts_engage_write,235507371
13:36:53.432 -> C,ts_engage_write,235595371
13:36:53.527 -> C,ts_engage_write,235683371
13:36:53.527 -> C,engage_lvl,374
13:36:53.619 -> C,ts_engage_write,235771370
13:36:53.712 -> C,ts_engage_write,235859371
13:36:53.807 -> C,ts_engage_write,235947375
13:36:53.900 -> C,ts_engage_write,236035373
13:36:53.993 -> C,ts_engage_write,236123371
13:36:54.040 -> [FACE] heartbeat
13:36:54.040 -> C,mood_str,50
13:36:54.040 -> C,ts_engage_write,236211475
13:36:54.040 -> C,engage_lvl,372
13:36:54.040 -> C,modifier,15
13:36:54.040 -> C,engage_floor,0
13:36:54.040 -> C,loop_us,282
13:36:54.133 -> C,ts_engage_write,236299371
13:36:54.226 -> C,ts_engage_write,236387371
13:36:54.318 -> C,ts_engage_write,236475371
13:36:54.412 -> C,ts_engage_write,236563371
13:36:54.505 -> C,ts_engage_write,236651371
13:36:54.599 -> C,ts_engage_write,236739371
13:36:54.599 -> C,engage_lvl,371
13:36:54.692 -> C,ts_engage_write,236827370
13:36:54.785 -> C,ts_engage_write,236915371
13:36:54.877 -> C,ts_engage_write,237003371
13:36:54.924 -> C,ts_engage_write,237091371
13:36:55.017 -> C,ts_engage_write,237179371
13:36:55.111 -> [FACE] heartbeat
13:36:55.111 -> C,mood_str,50
13:36:55.111 -> C,ts_engage_write,237267461
13:36:55.111 -> C,engage_lvl,370
13:36:55.111 -> C,modifier,15
13:36:55.111 -> C,engage_floor,0
13:36:55.111 -> C,loop_us,267
13:36:55.205 -> C,ts_engage_write,237355371
13:36:55.298 -> C,ts_engage_write,237443371
13:36:55.391 -> C,ts_engage_write,237531371
13:36:55.486 -> C,ts_engage_write,237619371
13:36:55.579 -> C,ts_engage_write,237707371
13:36:55.625 -> C,ts_engage_write,237795370
13:36:55.625 -> C,engage_lvl,368
13:36:55.719 -> C,ts_engage_write,237883371
13:36:55.812 -> C,ts_engage_write,237971371
13:36:55.905 -> C,ts_engage_write,238059371
13:36:55.999 -> C,ts_engage_write,238147371
13:36:56.092 -> C,ts_engage_write,238235371
13:36:56.185 -> [FACE] heartbeat
13:36:56.185 -> C,mood_str,50
13:36:56.185 -> C,ts_engage_write,238323460
13:36:56.185 -> C,engage_lvl,367
13:36:56.185 -> C,modifier,15
13:36:56.185 -> C,engage_floor,0
13:36:56.185 -> C,loop_us,263
13:36:56.278 -> C,ts_engage_write,238411367
13:36:56.370 -> C,ts_engage_write,238499371
13:36:56.417 -> C,ts_engage_write,238587371
13:36:56.512 -> C,ts_engage_write,238675371
13:36:56.604 -> C,ts_engage_write,238763370
13:36:56.695 -> C,ts_engage_write,238851371
13:36:56.695 -> C,engage_lvl,365
13:36:56.789 -> C,ts_engage_write,238939371
13:36:56.882 -> C,ts_engage_write,239027371
13:36:56.975 -> C,ts_engage_write,239115371
13:36:57.068 -> C,ts_engage_write,239203371
13:36:57.161 -> C,ts_engage_write,239291371
13:36:57.208 -> [FACE] heartbeat
13:36:57.208 -> C,mood_str,50
13:36:57.208 -> C,ts_engage_write,239379476
13:36:57.208 -> C,engage_lvl,364
13:36:57.208 -> C,modifier,15
13:36:57.208 -> C,engage_floor,0
13:36:57.208 -> C,loop_us,283
13:36:57.300 -> C,ts_engage_write,239467371
13:36:57.394 -> C,ts_engage_write,239555371
13:36:57.488 -> C,ts_engage_write,239643371
13:36:57.581 -> C,ts_engage_write,239731375
13:36:57.675 -> C,ts_engage_write,239819372
13:36:57.771 -> C,ts_engage_write,239907371
13:36:57.771 -> C,engage_lvl,363
13:36:57.864 -> C,ts_engage_write,239995371
13:36:57.956 -> C,ts_engage_write,240083371
13:36:58.003 -> C,dom_touch,100
13:36:58.003 -> C,dom_sec,0
13:36:58.003 -> [MEM] tick: records=2 strength=100
13:36:58.003 -> C,rec_count,2
13:36:58.003 -> C,ts_engage_write,240171535
13:36:58.097 -> C,ts_engage_write,240259375
13:36:58.191 -> C,ts_engage_write,240347371
13:36:58.282 -> [FACE] heartbeat
13:36:58.282 -> C,mood_str,50
13:36:58.282 -> C,ts_engage_write,240435473
13:36:58.282 -> C,engage_lvl,361
13:36:58.282 -> C,modifier,15
13:36:58.282 -> C,engage_floor,0
13:36:58.282 -> C,loop_us,271
13:36:58.377 -> C,ts_engage_write,240523367
13:36:58.470 -> C,ts_engage_write,240611371
13:36:58.562 -> C,ts_engage_write,240699371
13:36:58.657 -> C,ts_engage_write,240787370
13:36:58.704 -> C,ts_engage_write,240875372
13:36:58.797 -> C,ts_engage_write,240963371
13:36:58.797 -> C,engage_lvl,360
13:36:58.890 -> C,ts_engage_write,241054759
13:36:58.982 -> C,ts_engage_write,241142390
13:36:59.076 -> C,ts_engage_write,241230371
13:36:59.170 -> C,ts_engage_write,241318371
13:36:59.264 -> C,ts_engage_write,241406371
13:36:59.264 -> [TOUCH] transition raw=1 pressed=1 ms=241406
13:36:59.264 -> [TOUCH] START raw=1 ms=241406
13:36:59.359 -> [FACE] heartbeat
13:36:59.359 -> C,mood_str,50
13:36:59.359 -> C,ts_engage_write,241494494
13:36:59.359 -> C,engage_lvl,358
13:36:59.359 -> C,modifier,15
13:36:59.359 -> C,engage_floor,0
13:36:59.359 -> C,loop_us,296
13:36:59.359 -> [TOUCH] transition raw=0 pressed=0 ms=241494
13:36:59.359 -> [TOUCH] RELEASE raw=0 duration=88 ms=241494
13:36:59.359 -> [TOUCH] TAP
13:36:59.359 -> [EMOTION] IDLE -> SURPRISED
13:36:59.359 -> EVT:{"type":"timeline","text":"User tap interaction","tag":"touch"}
13:36:59.451 -> C,ts_engage_write,241586445
13:36:59.547 -> C,ts_engage_write,241674385
13:36:59.594 -> C,ts_engage_write,241762382
13:36:59.685 -> C,ts_engage_write,241850383
13:36:59.778 -> C,ts_engage_write,241938385
13:36:59.870 -> C,ts_engage_write,242026383
13:36:59.870 -> C,engage_lvl,357
13:36:59.964 -> C,ts_engage_write,242114384
13:37:00.057 -> C,ts_engage_write,242202382
13:37:00.149 -> C,ts_engage_write,242290384
13:37:00.241 -> C,ts_engage_write,242378383
13:37:00.335 -> C,ts_engage_write,242466383
13:37:00.428 -> [FACE] heartbeat
13:37:00.428 -> C,mood_str,50
13:37:00.428 -> C,ts_engage_write,242554496
13:37:00.428 -> C,engage_lvl,356
13:37:00.428 -> C,modifier,15
13:37:00.428 -> C,engage_floor,0
13:37:00.428 -> C,loop_us,310
13:37:00.475 -> C,ts_engage_write,242642382
13:37:00.568 -> C,ts_engage_write,242730382
13:37:00.662 -> C,ts_engage_write,242818381
13:37:00.754 -> C,ts_engage_write,242906384
13:37:00.848 -> C,ts_engage_write,242994383
13:37:00.941 -> C,ts_engage_write,243082383
13:37:00.941 -> C,engage_lvl,354
13:37:01.033 -> C,ts_engage_write,243170384
13:37:01.126 -> C,ts_engage_write,243258382
13:37:01.219 -> C,ts_engage_write,243346378
13:37:01.266 -> C,ts_engage_write,243434377
13:37:01.358 -> C,ts_engage_write,243522377
13:37:01.451 -> [FACE] heartbeat
13:37:01.451 -> C,mood_str,50
13:37:01.451 -> C,ts_engage_write,243610464
13:37:01.451 -> C,engage_lvl,353
13:37:01.451 -> C,modifier,15
13:37:01.451 -> C,engage_floor,0
13:37:01.451 -> C,loop_us,272
13:37:01.543 -> C,ts_engage_write,243698379
13:37:01.637 -> C,ts_engage_write,243786379
13:37:01.731 -> C,ts_engage_write,243874380
13:37:01.824 -> C,ts_engage_write,243962377
13:37:01.917 -> C,ts_engage_write,244050378
13:37:02.010 -> C,ts_engage_write,244138377
13:37:02.010 -> C,engage_lvl,351
13:37:02.058 -> C,ts_engage_write,244226378
13:37:02.150 -> C,ts_engage_write,244314377
13:37:02.244 -> C,ts_engage_write,244402378
13:37:02.337 -> C,ts_engage_write,244490377
13:37:02.431 -> C,ts_engage_write,244578378
13:37:02.525 -> [FACE] heartbeat
13:37:02.525 -> C,mood_str,50
13:37:02.525 -> C,ts_engage_write,244666474
13:37:02.525 -> C,engage_lvl,350
13:37:02.525 -> C,modifier,15
13:37:02.525 -> C,engage_floor,0
13:37:02.525 -> C,loop_us,262
13:37:02.617 -> C,ts_engage_write,244754375
13:37:02.710 -> C,ts_engage_write,244842378
13:37:02.804 -> C,ts_engage_write,244930378
13:37:02.850 -> C,ts_engage_write,245018377
13:37:02.944 -> C,ts_engage_write,245106378
13:37:03.037 -> C,ts_engage_write,245194377
13:37:03.037 -> C,engage_lvl,349
13:37:03.131 -> C,ts_engage_write,245282378
13:37:03.224 -> C,ts_engage_write,245370377
13:37:03.317 -> C,ts_engage_write,245458378
13:37:03.412 -> C,ts_engage_write,245546377
13:37:03.504 -> C,ts_engage_write,245634378
13:37:03.551 -> [FACE] heartbeat
13:37:03.551 -> C,mood_str,50
13:37:03.551 -> C,ts_engage_write,245722475
13:37:03.551 -> C,engage_lvl,347
13:37:03.551 -> C,modifier,15
13:37:03.551 -> C,engage_floor,0
13:37:03.551 -> C,loop_us,262
13:37:03.645 -> C,ts_engage_write,245810375
13:37:03.738 -> C,ts_engage_write,245898378
13:37:03.831 -> C,ts_engage_write,245986378
13:37:03.925 -> C,ts_engage_write,246074377
13:37:04.018 -> C,ts_engage_write,246162378
13:37:04.112 -> C,ts_engage_write,246250377
13:37:04.112 -> C,engage_lvl,346
13:37:04.206 -> C,ts_engage_write,246338378
13:37:04.254 -> C,ts_engage_write,246426377
13:37:04.347 -> [EMOTION] SURPRISED -> IDLE (timeout)
13:37:04.347 -> C,ts_engage_write,246514459
13:37:04.440 -> C,ts_engage_write,246602380
13:37:04.532 -> C,ts_engage_write,246690376
13:37:04.626 -> [FACE] heartbeat
13:37:04.626 -> C,mood_str,50
13:37:04.626 -> C,ts_engage_write,246778468
13:37:04.626 -> C,engage_lvl,344
13:37:04.626 -> C,modifier,15
13:37:04.626 -> C,engage_floor,0
13:37:04.626 -> C,loop_us,258
13:37:04.720 -> C,ts_engage_write,246866372
13:37:04.812 -> C,ts_engage_write,246954369
13:37:04.905 -> C,ts_engage_write,247042371
13:37:04.999 -> C,ts_engage_write,247130371
13:37:05.046 -> C,ts_engage_write,247218370
13:37:05.139 -> C,ts_engage_write,247306369
13:37:05.139 -> C,engage_lvl,343
13:37:05.232 -> C,ts_engage_write,247394371
13:37:05.327 -> C,ts_engage_write,247482369
13:37:05.419 -> C,ts_engage_write,247570370
13:37:05.512 -> C,ts_engage_write,247658372
13:37:05.607 -> C,ts_engage_write,247746372
13:37:05.700 -> [FACE] heartbeat
13:37:05.700 -> C,mood_str,50
13:37:05.700 -> C,ts_engage_write,247834456
13:37:05.700 -> C,engage_lvl,342
13:37:05.700 -> C,modifier,15
13:37:05.700 -> C,engage_floor,0
13:37:05.700 -> C,loop_us,274
13:37:05.794 -> C,ts_engage_write,247922371
13:37:05.841 -> C,ts_engage_write,248010369
13:37:05.933 -> C,ts_engage_write,248098370
13:37:06.027 -> C,ts_engage_write,248186371
13:37:06.122 -> C,ts_engage_write,248274370
13:37:06.215 -> C,ts_engage_write,248362369
13:37:06.215 -> C,engage_lvl,340
13:37:06.309 -> C,ts_engage_write,248450371
13:37:06.402 -> C,ts_engage_write,248538369
13:37:06.495 -> C,ts_engage_write,248626370
13:37:06.543 -> C,ts_engage_write,248714371
13:37:06.638 -> C,ts_engage_write,248802368
13:37:06.730 -> [FACE] heartbeat
13:37:06.730 -> C,mood_str,50
13:37:06.730 -> C,ts_engage_write,248890455
13:37:06.730 -> C,engage_lvl,339
13:37:06.730 -> C,modifier,15
13:37:06.730 -> C,engage_floor,0
13:37:06.730 -> C,loop_us,259
13:37:06.824 -> C,ts_engage_write,248978371
13:37:06.916 -> C,ts_engage_write,249066369
13:37:07.010 -> C,ts_engage_write,249154370
13:37:07.106 -> C,ts_engage_write,249242371
13:37:07.198 -> C,ts_engage_write,249330370
13:37:07.291 -> C,ts_engage_write,249418369
13:37:07.291 -> C,engage_lvl,337
13:37:07.338 -> C,ts_engage_write,249506371
13:37:07.430 -> C,ts_engage_write,249594369
13:37:07.523 -> C,ts_engage_write,249682370
13:37:07.614 -> C,ts_engage_write,249770368
13:37:07.708 -> C,ts_engage_write,249858371
13:37:07.803 -> [FACE] heartbeat
13:37:07.803 -> C,mood_str,50
13:37:07.803 -> C,ts_engage_write,249946473
13:37:07.803 -> C,engage_lvl,336
13:37:07.803 -> C,modifier,15
13:37:07.803 -> C,engage_floor,0
13:37:07.803 -> C,loop_us,275
13:37:07.896 -> C,ts_engage_write,250034368
13:37:07.988 -> C,ts_engage_write,250122369
13:37:08.082 -> C,ts_engage_write,250210370
13:37:08.129 -> C,ts_engage_write,250298371
13:37:08.222 -> C,ts_engage_write,250386370
13:37:08.314 -> C,ts_engage_write,250474369
13:37:08.314 -> C,engage_lvl,334
13:37:08.407 -> C,ts_engage_write,250562371
13:37:08.500 -> C,ts_engage_write,250650369
13:37:08.596 -> C,ts_engage_write,250738370
13:37:08.688 -> C,ts_engage_write,250826368
13:37:08.781 -> C,ts_engage_write,250914371
13:37:08.874 -> [FACE] heartbeat
13:37:08.874 -> C,mood_str,50
13:37:08.874 -> C,ts_engage_write,251002452
13:37:08.874 -> C,engage_lvl,333
13:37:08.874 -> C,modifier,15
13:37:08.874 -> C,engage_floor,0
13:37:08.874 -> C,loop_us,265
13:37:08.920 -> C,ts_engage_write,251090371
13:37:09.013 -> C,ts_engage_write,251178369
13:37:09.106 -> C,ts_engage_write,251266370
13:37:09.199 -> C,ts_engage_write,251354371
13:37:09.291 -> C,ts_engage_write,251442370
13:37:09.385 -> C,ts_engage_write,251530369
13:37:09.385 -> C,engage_lvl,332
13:37:09.479 -> C,ts_engage_write,251618372
13:37:09.573 -> C,ts_engage_write,251706374
13:37:09.666 -> C,ts_engage_write,251794369
13:37:09.712 -> C,ts_engage_write,251882372
13:37:09.804 -> C,ts_engage_write,251970370
13:37:09.896 -> [FACE] heartbeat
13:37:09.896 -> C,mood_str,50
13:37:09.896 -> C,ts_engage_write,252058465
13:37:09.896 -> C,engage_lvl,330
13:37:09.896 -> C,modifier,15
13:37:09.896 -> C,engage_floor,0
13:37:09.896 -> C,loop_us,272
13:37:10.027 -> C,ts_engage_write,252146371
13:37:10.073 -> C,ts_engage_write,252234369
13:37:10.166 -> C,ts_engage_write,252322370
13:37:10.259 -> C,ts_engage_write,252410370
13:37:10.354 -> C,ts_engage_write,252498370
13:37:10.448 -> C,ts_engage_write,252586369
13:37:10.448 -> C,engage_lvl,329
13:37:10.543 -> C,ts_engage_write,252674371
13:37:10.590 -> C,ts_engage_write,252762367
13:37:10.685 -> C,ts_engage_write,252850371
13:37:10.778 -> C,ts_engage_write,252938371
13:37:10.871 -> C,ts_engage_write,253026370
13:37:10.964 -> [FACE] heartbeat
13:37:10.964 -> C,mood_str,50
13:37:10.964 -> C,ts_engage_write,253114467
13:37:10.964 -> C,engage_lvl,327
13:37:10.964 -> C,modifier,15
13:37:10.964 -> C,engage_floor,0
13:37:10.964 -> C,loop_us,267
13:37:11.059 -> C,ts_engage_write,253202371
13:37:11.151 -> C,ts_engage_write,253290369
13:37:11.245 -> C,ts_engage_write,253378370
13:37:11.337 -> C,ts_engage_write,253466371
13:37:11.384 -> C,ts_engage_write,253554370
13:37:11.476 -> C,ts_engage_write,253642369
13:37:11.476 -> C,engage_lvl,326
13:37:11.568 -> C,ts_engage_write,253730371
13:37:11.660 -> C,ts_engage_write,253818367
13:37:11.752 -> C,ts_engage_write,253906371
13:37:11.845 -> C,ts_engage_write,253994371
13:37:11.938 -> C,ts_engage_write,254082370
13:37:12.031 -> [FACE] heartbeat
13:37:12.031 -> C,mood_str,50
13:37:12.031 -> C,ts_engage_write,254170452
13:37:12.031 -> C,engage_lvl,325
13:37:12.031 -> C,modifier,15
13:37:12.031 -> C,engage_floor,0
13:37:12.031 -> C,loop_us,255
13:37:12.125 -> C,ts_engage_write,254258371
13:37:12.220 -> C,ts_engage_write,254346369
13:37:12.267 -> C,ts_engage_write,254434370
13:37:12.360 -> C,ts_engage_write,254522371
13:37:12.455 -> C,ts_engage_write,254610370
13:37:12.549 -> C,ts_engage_write,254698369
13:37:12.549 -> C,engage_lvl,323
13:37:12.641 -> C,ts_engage_write,254786369
13:37:12.735 -> C,ts_engage_write,254874371
13:37:12.828 -> C,ts_engage_write,254962370
13:37:12.921 -> C,ts_engage_write,255050371
13:37:12.967 -> C,ts_engage_write,255138370
13:37:13.060 -> [FACE] heartbeat
13:37:13.060 -> C,mood_str,50
13:37:13.060 -> C,ts_engage_write,255226472
13:37:13.060 -> C,engage_lvl,322
13:37:13.060 -> C,modifier,15
13:37:13.060 -> C,engage_floor,0
13:37:13.060 -> C,loop_us,274
13:37:13.154 -> C,ts_engage_write,255314368
13:37:13.248 -> C,ts_engage_write,255402369
13:37:13.341 -> C,ts_engage_write,255490370
13:37:13.434 -> C,ts_engage_write,255578371
13:37:13.528 -> C,ts_engage_write,255666370
13:37:13.621 -> C,ts_engage_write,255754367
13:37:13.621 -> C,engage_lvl,320
13:37:13.714 -> C,ts_engage_write,255842372
13:37:13.761 -> C,ts_engage_write,255930369
13:37:13.854 -> C,ts_engage_write,256018370
13:37:13.948 -> C,ts_engage_write,256106372
13:37:14.041 -> C,ts_engage_write,256194374
13:37:14.134 -> [FACE] heartbeat
13:37:14.134 -> C,mood_str,50
13:37:14.134 -> C,ts_engage_write,256282478
13:37:14.134 -> C,engage_lvl,319
13:37:14.134 -> C,modifier,15
13:37:14.134 -> C,engage_floor,0
13:37:14.134 -> C,loop_us,279
13:37:14.228 -> C,ts_engage_write,256370368
13:37:14.321 -> C,ts_engage_write,256458369
13:37:14.415 -> C,ts_engage_write,256546370
13:37:14.507 -> C,ts_engage_write,256634371
13:37:14.554 -> C,ts_engage_write,256722370
13:37:14.648 -> C,ts_engage_write,256810367
13:37:14.648 -> C,engage_lvl,318
13:37:14.742 -> C,ts_engage_write,256898372
13:37:14.834 -> C,ts_engage_write,256986369
13:37:14.834 -> [TOUCH] transition raw=1 pressed=1 ms=256986
13:37:14.834 -> [TOUCH] START raw=1 ms=256986
13:37:14.927 -> C,ts_engage_write,257074378
13:37:14.927 -> [TOUCH] transition raw=0 pressed=0 ms=257074
13:37:14.927 -> [TOUCH] RELEASE raw=0 duration=88 ms=257074
13:37:14.927 -> [TOUCH] TAP
13:37:14.927 -> [EMOTION] IDLE -> EXCITED
13:37:14.927 -> EVT:{"type":"timeline","text":"User tap interaction","tag":"touch"}
13:37:15.021 -> C,ts_engage_write,257166441
13:37:15.115 -> C,ts_engage_write,257254396
13:37:15.208 -> [FACE] heartbeat
13:37:15.208 -> C,mood_str,50
13:37:15.208 -> C,ts_engage_write,257342545
13:37:15.208 -> C,engage_lvl,316
13:37:15.208 -> C,modifier,15
13:37:15.208 -> C,engage_floor,0
13:37:15.208 -> C,loop_us,358
13:37:15.301 -> C,ts_engage_write,257430395
13:37:15.347 -> C,ts_engage_write,257518398
13:37:15.441 -> C,ts_engage_write,257606397
13:37:15.534 -> C,ts_engage_write,257694398
13:37:15.628 -> C,ts_engage_write,257782395
13:37:15.721 -> C,ts_engage_write,257870399
13:37:15.721 -> C,engage_lvl,315
13:37:15.814 -> C,ts_engage_write,257958398
13:37:15.907 -> C,ts_engage_write,258046398
13:37:16.001 -> C,ts_engage_write,258134394
13:37:16.094 -> C,ts_engage_write,258222398
13:37:16.141 -> C,ts_engage_write,258310394
13:37:16.234 -> [FACE] heartbeat
13:37:16.234 -> C,mood_str,50
13:37:16.234 -> C,ts_engage_write,258398513
13:37:16.234 -> C,engage_lvl,313
13:37:16.234 -> C,modifier,15
13:37:16.234 -> C,engage_floor,0
13:37:16.234 -> C,loop_us,296
13:37:16.326 -> C,ts_engage_write,258486394
13:37:16.418 -> C,ts_engage_write,258574397
13:37:16.512 -> C,ts_engage_write,258662397
13:37:16.606 -> C,ts_engage_write,258750394
13:37:16.699 -> C,ts_engage_write,258838402
13:37:16.793 -> C,ts_engage_write,258926392
13:37:16.793 -> C,engage_lvl,312
13:37:16.886 -> C,ts_engage_write,259014391
13:37:16.934 -> C,ts_engage_write,259102392
13:37:17.027 -> C,ts_engage_write,259190393
13:37:17.120 -> C,ts_engage_write,259278392
13:37:17.215 -> C,ts_engage_write,259366394
13:37:17.308 -> [FACE] heartbeat
13:37:17.308 -> C,mood_str,50
13:37:17.308 -> C,ts_engage_write,259454502
13:37:17.308 -> C,engage_lvl,311
13:37:17.308 -> C,modifier,15
13:37:17.308 -> C,engage_floor,0
13:37:17.308 -> C,loop_us,322
13:37:17.401 -> C,ts_engage_write,259542393
13:37:17.495 -> C,ts_engage_write,259630387
13:37:17.589 -> C,ts_engage_write,259718394
13:37:17.635 -> C,ts_engage_write,259806393
13:37:17.728 -> C,ts_engage_write,259894394
13:37:17.822 -> C,ts_engage_write,259982394
13:37:17.822 -> C,engage_lvl,309
13:37:17.915 -> C,ts_engage_write,260070394
13:37:18.009 -> C,ts_engage_write,260158392
13:37:18.101 -> C,ts_engage_write,260246390
13:37:18.196 -> C,ts_engage_write,260334394
13:37:18.290 -> C,ts_engage_write,260422391
13:37:18.383 -> [FACE] heartbeat
13:37:18.383 -> C,mood_str,50
13:37:18.383 -> C,ts_engage_write,260510518
13:37:18.383 -> C,engage_lvl,308
13:37:18.383 -> C,modifier,15
13:37:18.383 -> C,engage_floor,0
13:37:18.383 -> C,loop_us,327
13:37:18.430 -> C,ts_engage_write,260598389
13:37:18.522 -> C,ts_engage_write,260686394
13:37:18.615 -> C,ts_engage_write,260774387
13:37:18.708 -> C,ts_engage_write,260862394
13:37:18.801 -> C,ts_engage_write,260950388
13:37:18.894 -> C,ts_engage_write,261038392
13:37:18.894 -> C,engage_lvl,306
13:37:18.986 -> C,ts_engage_write,261126388
13:37:19.080 -> C,ts_engage_write,261214395
13:37:19.173 -> C,ts_engage_write,261302389
13:37:19.219 -> C,ts_engage_write,261390394
13:37:19.312 -> C,ts_engage_write,261478389
13:37:19.404 -> [FACE] heartbeat
13:37:19.404 -> C,mood_str,50
13:37:19.404 -> C,ts_engage_write,261566513
13:37:19.404 -> C,engage_lvl,305
13:37:19.404 -> C,modifier,15
13:37:19.404 -> C,engage_floor,0
13:37:19.404 -> C,loop_us,318
13:37:19.496 -> C,ts_engage_write,261654389
13:37:19.589 -> C,ts_engage_write,261742392
13:37:19.681 -> C,ts_engage_write,261830386
13:37:19.774 -> C,ts_engage_write,261918397
13:37:19.867 -> C,ts_engage_write,262006389
13:37:19.961 -> [EMOTION] EXCITED -> IDLE (timeout)
13:37:19.961 -> C,ts_engage_write,262094488
13:37:19.961 -> C,engage_lvl,304
13:37:20.054 -> C,ts_engage_write,262182374
13:37:20.101 -> C,ts_engage_write,262270370
13:37:20.196 -> C,ts_engage_write,262358368
13:37:20.292 -> C,ts_engage_write,262446368
13:37:20.386 -> C,ts_engage_write,262534370
13:37:20.478 -> [FACE] heartbeat
13:37:20.478 -> C,mood_str,50
13:37:20.478 -> C,ts_engage_write,262622454
13:37:20.478 -> C,engage_lvl,302
13:37:20.478 -> C,modifier,15
13:37:20.478 -> C,engage_floor,0
13:37:20.478 -> C,loop_us,266
13:37:20.572 -> C,ts_engage_write,262710370
13:37:20.665 -> C,ts_engage_write,262798369
13:37:20.757 -> C,ts_engage_write,262886370
13:37:20.804 -> C,ts_engage_write,262974368
13:37:20.898 -> C,ts_engage_write,263062370
13:37:20.991 -> C,ts_engage_write,263150368
13:37:20.991 -> C,engage_lvl,301
13:37:21.084 -> C,ts_engage_write,263238369
13:37:21.178 -> C,ts_engage_write,263326369
13:37:21.273 -> C,ts_engage_write,263414369
13:37:21.367 -> C,ts_engage_write,263502368
13:37:21.460 -> C,ts_engage_write,263590370
13:37:21.506 -> [FACE] heartbeat
13:37:21.506 -> C,mood_str,50
13:37:21.506 -> C,ts_engage_write,263678464
13:37:21.506 -> C,engage_lvl,299
13:37:21.506 -> C,modifier,15
13:37:21.506 -> C,engage_floor,0
13:37:21.506 -> C,loop_us,248
13:37:21.601 -> C,ts_engage_write,263766366
13:37:21.694 -> C,ts_engage_write,263854371
13:37:21.788 -> C,ts_engage_write,263942369
13:37:21.880 -> C,ts_engage_write,264030368
13:37:21.974 -> C,ts_engage_write,264118370
13:37:22.070 -> C,ts_engage_write,264206368
13:37:22.070 -> C,engage_lvl,298
13:37:22.163 -> C,ts_engage_write,264294373
13:37:22.210 -> C,ts_engage_write,264382371
13:37:22.304 -> C,ts_engage_write,264470369
13:37:22.396 -> C,ts_engage_write,264558368
13:37:22.490 -> C,ts_engage_write,264646370
13:37:22.583 -> [FACE] heartbeat
13:37:22.583 -> C,mood_str,50
13:37:22.583 -> C,ts_engage_write,264734451
13:37:22.583 -> C,engage_lvl,296
13:37:22.583 -> C,modifier,15
13:37:22.583 -> C,engage_floor,0
13:37:22.583 -> C,loop_us,249
13:37:22.677 -> C,ts_engage_write,264822364
13:37:22.769 -> C,ts_engage_write,264910369
13:37:22.864 -> C,ts_engage_write,264998369
13:37:22.956 -> C,ts_engage_write,265086368
13:37:23.003 -> C,ts_engage_write,265174370
13:37:23.095 -> C,ts_engage_write,265262368
13:37:23.095 -> C,engage_lvl,295
13:37:23.187 -> C,ts_engage_write,265350369
13:37:23.280 -> C,ts_engage_write,265438369
13:37:23.374 -> C,ts_engage_write,265526369
13:37:23.468 -> C,ts_engage_write,265614368
13:37:23.560 -> C,ts_engage_write,265702370
13:37:23.655 -> [FACE] heartbeat
13:37:23.655 -> C,mood_str,50
13:37:23.655 -> C,ts_engage_write,265790448
13:37:23.655 -> C,engage_lvl,294
13:37:23.655 -> C,modifier,15
13:37:23.655 -> C,engage_floor,0
13:37:23.655 -> C,loop_us,248
13:37:23.749 -> C,ts_engage_write,265878366
13:37:23.796 -> C,ts_engage_write,265966369
13:37:23.891 -> C,ts_engage_write,266054369
13:37:23.983 -> C,ts_engage_write,266142368
13:37:24.075 -> C,ts_engage_write,266230370
13:37:24.170 -> C,ts_engage_write,266318368
13:37:24.170 -> C,engage_lvl,292
13:37:24.263 -> C,ts_engage_write,266406369
13:37:24.356 -> C,ts_engage_write,266494369
13:37:24.448 -> C,ts_engage_write,266582369
13:37:24.541 -> C,ts_engage_write,266670368
13:37:24.588 -> C,ts_engage_write,266758368
13:37:24.680 -> [FACE] heartbeat
13:37:24.680 -> C,mood_str,50
13:37:24.680 -> C,ts_engage_write,266846473
13:37:24.680 -> C,engage_lvl,291
13:37:24.680 -> C,modifier,15
13:37:24.680 -> C,engage_floor,0
13:37:24.680 -> C,loop_us,272
13:37:24.771 -> C,ts_engage_write,266934365
13:37:24.866 -> C,ts_engage_write,267022369
13:37:24.959 -> C,ts_engage_write,267110368
13:37:25.051 -> C,ts_engage_write,267198368
13:37:25.144 -> C,ts_engage_write,267286370
13:37:25.237 -> C,ts_engage_write,267374368
13:37:25.237 -> C,engage_lvl,289
13:37:25.328 -> C,ts_engage_write,267462369
13:37:25.421 -> C,ts_engage_write,267550369
13:37:25.467 -> C,ts_engage_write,267638369
13:37:25.561 -> C,ts_engage_write,267726368
13:37:25.655 -> C,ts_engage_write,267814369
13:37:25.748 -> [FACE] heartbeat
13:37:25.748 -> C,mood_str,50
13:37:25.748 -> C,ts_engage_write,267902464
13:37:25.748 -> C,engage_lvl,288
13:37:25.748 -> C,modifier,15
13:37:25.748 -> C,engage_floor,0
13:37:25.748 -> C,loop_us,260
13:37:25.843 -> C,ts_engage_write,267990368
13:37:25.935 -> C,ts_engage_write,268078369
13:37:26.029 -> C,ts_engage_write,268166368
13:37:26.120 -> C,ts_engage_write,268254372
13:37:26.214 -> C,ts_engage_write,268342372
13:37:26.260 -> C,ts_engage_write,268430368
13:37:26.260 -> C,engage_lvl,287
13:37:26.354 -> C,ts_engage_write,268518369
13:37:26.448 -> C,ts_engage_write,268606369
13:37:26.541 -> C,ts_engage_write,268694369
13:37:26.634 -> C,ts_engage_write,268782367
13:37:26.727 -> C,ts_engage_write,268870371
13:37:26.821 -> [FACE] heartbeat
13:37:26.821 -> C,mood_str,50
13:37:26.821 -> C,ts_engage_write,268958472
13:37:26.821 -> C,engage_lvl,285
13:37:26.821 -> C,modifier,15
13:37:26.821 -> C,engage_floor,0
13:37:26.821 -> C,loop_us,271
13:37:26.913 -> C,ts_engage_write,269046366
13:37:27.006 -> C,ts_engage_write,269134369
13:37:27.052 -> C,ts_engage_write,269222369
13:37:27.146 -> C,ts_engage_write,269310368
13:37:27.238 -> C,ts_engage_write,269398370
13:37:27.330 -> C,ts_engage_write,269486368
13:37:27.330 -> C,engage_lvl,284
13:37:27.423 -> C,ts_engage_write,269574369
13:37:27.518 -> C,ts_engage_write,269662369
13:37:27.611 -> C,ts_engage_write,269750367
13:37:27.704 -> C,ts_engage_write,269838370
13:37:27.798 -> C,ts_engage_write,269926370
13:37:27.844 -> [FACE] heartbeat
13:37:27.844 -> C,mood_str,50
13:37:27.844 -> C,ts_engage_write,270014463
13:37:27.844 -> C,engage_lvl,282
13:37:27.844 -> C,modifier,15
13:37:27.844 -> C,engage_floor,0
13:37:27.844 -> C,loop_us,262
13:37:27.938 -> C,ts_engage_write,270102369
13:37:28.032 -> C,ts_engage_write,270190369
13:37:28.126 -> C,ts_engage_write,270278369
13:37:28.218 -> C,ts_engage_write,270366368
13:37:28.310 -> C,ts_engage_write,270454370
13:37:28.402 -> C,ts_engage_write,270542368
13:37:28.402 -> C,engage_lvl,281
13:37:28.496 -> C,ts_engage_write,270630369
13:37:28.589 -> C,ts_engage_write,270718369
13:37:28.635 -> C,ts_engage_write,270806368
13:37:28.728 -> C,ts_engage_write,270894368
13:37:28.822 -> C,ts_engage_write,270982370
13:37:28.915 -> [FACE] heartbeat
13:37:28.915 -> C,mood_str,50
13:37:28.915 -> C,ts_engage_write,271070451
13:37:28.915 -> C,engage_lvl,280
13:37:28.915 -> C,modifier,15
13:37:28.915 -> C,engage_floor,0
13:37:28.915 -> C,loop_us,253
13:37:29.008 -> C,ts_engage_write,271158369
13:37:29.101 -> C,ts_engage_write,271246369
13:37:29.194 -> C,ts_engage_write,271334369
13:37:29.289 -> C,ts_engage_write,271422368
13:37:29.380 -> C,ts_engage_write,271510370
13:37:29.428 -> C,ts_engage_write,271598368
13:37:29.428 -> C,engage_lvl,278
13:37:29.521 -> C,ts_engage_write,271686369
13:37:29.614 -> C,ts_engage_write,271774368
13:37:29.706 -> C,ts_engage_write,271862370
13:37:29.800 -> C,ts_engage_write,271950368
13:37:29.894 -> C,ts_engage_write,272038370
13:37:29.988 -> [FACE] heartbeat
13:37:29.988 -> C,mood_str,50
13:37:29.988 -> C,ts_engage_write,272126452
13:37:29.988 -> C,engage_lvl,277
13:37:29.988 -> C,modifier,15
13:37:29.988 -> C,engage_floor,0
13:37:29.988 -> C,loop_us,250
13:37:30.079 -> C,ts_engage_write,272214369
13:37:30.173 -> C,ts_engage_write,272302369
13:37:30.220 -> C,ts_engage_write,272390373
13:37:30.312 -> C,ts_engage_write,272478370
13:37:30.404 -> C,ts_engage_write,272566370
13:37:30.498 -> C,ts_engage_write,272654368
13:37:30.498 -> C,engage_lvl,275
13:37:30.593 -> C,ts_engage_write,272742369
13:37:30.686 -> C,ts_engage_write,272830369
13:37:30.781 -> C,ts_engage_write,272918369
13:37:30.873 -> C,ts_engage_write,273006368
13:37:30.966 -> C,ts_engage_write,273094370
13:37:31.011 -> [FACE] heartbeat
13:37:31.011 -> C,mood_str,50
13:37:31.011 -> C,ts_engage_write,273182464
13:37:31.011 -> C,engage_lvl,274
13:37:31.011 -> C,modifier,15
13:37:31.011 -> C,engage_floor,0
13:37:31.011 -> C,loop_us,262
13:37:31.105 -> C,ts_engage_write,273270369
13:37:31.198 -> C,ts_engage_write,273358370
13:37:31.291 -> C,ts_engage_write,273446369
13:37:31.385 -> C,ts_engage_write,273534368
13:37:31.477 -> C,ts_engage_write,273622370
13:37:31.569 -> C,ts_engage_write,273710368
13:37:31.569 -> C,engage_lvl,273
13:37:31.662 -> C,ts_engage_write,273798368
13:37:31.755 -> C,ts_engage_write,273886369
13:37:31.801 -> C,ts_engage_write,273974369
13:37:31.896 -> C,ts_engage_write,274062368
13:37:31.990 -> C,ts_engage_write,274150370
13:37:32.083 -> [FACE] heartbeat
13:37:32.083 -> C,mood_str,50
13:37:32.083 -> C,ts_engage_write,274238466
13:37:32.083 -> C,engage_lvl,271
13:37:32.083 -> C,modifier,15
13:37:32.083 -> C,engage_floor,0
13:37:32.083 -> C,loop_us,278
13:37:32.177 -> C,ts_engage_write,274326369
13:37:32.271 -> C,ts_engage_write,274414369
13:37:32.363 -> C,ts_engage_write,274502369
13:37:32.456 -> C,ts_engage_write,274590368
13:37:32.549 -> C,ts_engage_write,274678370
13:37:32.596 -> C,ts_engage_write,274766367
13:37:32.596 -> C,engage_lvl,270
13:37:32.689 -> C,ts_engage_write,274854370
13:37:32.781 -> C,ts_engage_write,274942369
13:37:32.874 -> C,ts_engage_write,275030369
13:37:32.967 -> C,ts_engage_write,275118368
13:37:33.061 -> C,ts_engage_write,275206370
13:37:33.153 -> [FACE] heartbeat
13:37:33.153 -> C,mood_str,50
13:37:33.153 -> C,ts_engage_write,275294465
13:37:33.153 -> C,engage_lvl,268
13:37:33.153 -> C,modifier,15
13:37:33.153 -> C,engage_floor,0
13:37:33.153 -> C,loop_us,274
13:37:33.247 -> C,ts_engage_write,275382365
13:37:33.341 -> C,ts_engage_write,275470369
13:37:33.388 -> C,ts_engage_write,275558369
13:37:33.482 -> C,ts_engage_write,275646368
13:37:33.574 -> C,ts_engage_write,275734370
13:37:33.668 -> C,ts_engage_write,275822368
13:37:33.668 -> C,engage_lvl,267
13:37:33.761 -> C,ts_engage_write,275910369
13:37:33.855 -> C,ts_engage_write,275998369
13:37:33.948 -> C,ts_engage_write,276086369
13:37:34.041 -> C,ts_engage_write,276174373
13:37:34.133 -> C,ts_engage_write,276262373
13:37:34.179 -> [FACE] heartbeat
13:37:34.179 -> C,mood_str,50
13:37:34.179 -> C,ts_engage_write,276350465
13:37:34.179 -> C,engage_lvl,266
13:37:34.179 -> C,modifier,15
13:37:34.179 -> C,engage_floor,0
13:37:34.179 -> C,loop_us,276
13:37:34.272 -> C,ts_engage_write,276438366
13:37:34.365 -> C,ts_engage_write,276526369
13:37:34.458 -> C,ts_engage_write,276614369
13:37:34.552 -> C,ts_engage_write,276702368
13:37:34.643 -> C,ts_engage_write,276790368
13:37:34.736 -> C,ts_engage_write,276878370
13:37:34.736 -> C,engage_lvl,264
13:37:34.830 -> C,ts_engage_write,276966369
13:37:34.922 -> C,ts_engage_write,277054369
13:37:35.015 -> C,ts_engage_write,277142369
13:37:35.062 -> C,ts_engage_write,277230368
13:37:35.155 -> C,ts_engage_write,277318370
13:37:35.248 -> [FACE] heartbeat
13:37:35.248 -> C,mood_str,50
13:37:35.248 -> C,ts_engage_write,277406467
13:37:35.248 -> C,engage_lvl,263
13:37:35.248 -> C,modifier,15
13:37:35.248 -> C,engage_floor,0
13:37:35.248 -> C,loop_us,274
13:37:35.341 -> C,ts_engage_write,277494369
13:37:35.432 -> C,ts_engage_write,277582369
13:37:35.526 -> C,ts_engage_write,277670369
13:37:35.618 -> C,ts_engage_write,277758367
13:37:35.711 -> C,ts_engage_write,277846371
13:37:35.804 -> C,ts_engage_write,277934368
13:37:35.804 -> C,engage_lvl,261
13:37:35.850 -> C,ts_engage_write,278022369
13:37:35.944 -> C,ts_engage_write,278110369
13:37:36.038 -> C,ts_engage_write,278198369
13:37:36.130 -> C,ts_engage_write,278286368
13:37:36.224 -> C,ts_engage_write,278374370
13:37:36.317 -> [FACE] heartbeat
13:37:36.317 -> C,mood_str,50
13:37:36.317 -> C,ts_engage_write,278462466
13:37:36.317 -> C,engage_lvl,260
13:37:36.317 -> C,modifier,15
13:37:36.317 -> C,engage_floor,0
13:37:36.317 -> C,loop_us,253
13:37:36.410 -> C,ts_engage_write,278550369
13:37:36.504 -> C,ts_engage_write,278638369
13:37:36.598 -> C,ts_engage_write,278726369
13:37:36.644 -> C,ts_engage_write,278814368
13:37:36.738 -> C,ts_engage_write,278902370
13:37:36.831 -> C,ts_engage_write,278990368
13:37:36.831 -> C,engage_lvl,259
13:37:36.926 -> C,ts_engage_write,279078369
13:37:37.020 -> C,ts_engage_write,279166369
13:37:37.111 -> C,ts_engage_write,279254369
13:37:37.204 -> C,ts_engage_write,279342368
13:37:37.297 -> C,ts_engage_write,279430370
13:37:37.392 -> [FACE] heartbeat
13:37:37.392 -> C,mood_str,50
13:37:37.392 -> C,ts_engage_write,279518467
13:37:37.392 -> C,engage_lvl,257
13:37:37.392 -> C,modifier,15
13:37:37.392 -> C,engage_floor,0
13:37:37.392 -> C,loop_us,266
13:37:37.439 -> C,ts_engage_write,279606366
13:37:37.532 -> C,ts_engage_write,279694369
13:37:37.626 -> C,ts_engage_write,279782367
13:37:37.720 -> C,ts_engage_write,279870370
13:37:37.813 -> C,ts_engage_write,279958370
13:37:37.908 -> C,ts_engage_write,280046368
13:37:37.908 -> C,engage_lvl,256
13:37:38.001 -> C,ts_engage_write,280134369
13:37:38.095 -> C,ts_engage_write,280222369
13:37:38.141 -> C,ts_engage_write,280310369
13:37:38.235 -> C,ts_engage_write,280398368
13:37:38.328 -> C,ts_engage_write,280486370
13:37:38.421 -> [FACE] heartbeat
13:37:38.421 -> C,mood_str,50
13:37:38.421 -> C,ts_engage_write,280574456
13:37:38.421 -> C,engage_lvl,254
13:37:38.421 -> C,modifier,15
13:37:38.421 -> C,engage_floor,0
13:37:38.421 -> C,loop_us,245
13:37:38.514 -> C,ts_engage_write,280662373
13:37:38.608 -> C,ts_engage_write,280750370
13:37:38.700 -> C,ts_engage_write,280838370
13:37:38.793 -> C,ts_engage_write,280926368
13:37:38.886 -> C,ts_engage_write,281014370
13:37:38.932 -> C,ts_engage_write,281102368
13:37:38.932 -> C,engage_lvl,253
13:37:39.025 -> C,ts_engage_write,281190369
13:37:39.119 -> C,ts_engage_write,281278369
13:37:39.211 -> C,ts_engage_write,281366369
13:37:39.302 -> C,ts_engage_write,281454368
13:37:39.395 -> C,ts_engage_write,281542370
13:37:39.489 -> [FACE] heartbeat
13:37:39.489 -> C,mood_str,50
13:37:39.489 -> C,ts_engage_write,281630456
13:37:39.489 -> C,engage_lvl,251
13:37:39.489 -> C,modifier,15
13:37:39.489 -> C,engage_floor,0
13:37:39.489 -> C,loop_us,258
13:37:39.582 -> C,ts_engage_write,281718366
13:37:39.675 -> C,ts_engage_write,281806369
13:37:39.722 -> C,ts_engage_write,281894369
13:37:39.816 -> C,ts_engage_write,281982368
13:37:39.910 -> C,ts_engage_write,282070370
13:37:40.004 -> C,ts_engage_write,282158368
13:37:40.004 -> C,engage_lvl,250
13:37:40.096 -> C,ts_engage_write,282246369
13:37:40.190 -> C,ts_engage_write,282334369
13:37:40.283 -> C,ts_engage_write,282422369
13:37:40.376 -> C,ts_engage_write,282510368
13:37:40.469 -> C,ts_engage_write,282598370
13:37:40.515 -> [FACE] heartbeat
13:37:40.515 -> C,mood_str,50
13:37:40.515 -> C,ts_engage_write,282686457
13:37:40.515 -> C,engage_lvl,249
13:37:40.515 -> C,modifier,15
13:37:40.515 -> C,engage_floor,0
13:37:40.515 -> C,loop_us,266
13:37:40.608 -> C,ts_engage_write,282774365
13:37:40.702 -> C,ts_engage_write,282862371
13:37:40.795 -> C,ts_engage_write,282950369
13:37:40.887 -> C,ts_engage_write,283038368
13:37:40.980 -> C,ts_engage_write,283126370
13:37:41.074 -> C,ts_engage_write,283214368
13:37:41.074 -> C,engage_lvl,247
13:37:41.168 -> C,ts_engage_write,283302369
13:37:41.261 -> C,ts_engage_write,283390369
13:37:41.307 -> C,ts_engage_write,283478369
13:37:41.400 -> C,ts_engage_write,283566368
13:37:41.494 -> C,ts_engage_write,283654370
13:37:41.586 -> [FACE] heartbeat
13:37:41.586 -> C,mood_str,50
13:37:41.586 -> C,ts_engage_write,283742461
13:37:41.586 -> C,engage_lvl,246
13:37:41.586 -> C,modifier,15
13:37:41.586 -> C,engage_floor,0
13:37:41.586 -> C,loop_us,258
13:37:41.679 -> C,ts_engage_write,283830361
13:37:41.773 -> C,ts_engage_write,283918369
13:37:41.865 -> C,ts_engage_write,284006369
13:37:41.958 -> C,ts_engage_write,284094368
13:37:42.051 -> C,ts_engage_write,284182370
13:37:42.098 -> C,ts_engage_write,284270368
13:37:42.098 -> C,engage_lvl,244
13:37:42.190 -> C,ts_engage_write,284358369
13:37:42.282 -> C,ts_engage_write,284446374
13:37:42.376 -> C,ts_engage_write,284534371
13:37:42.468 -> C,ts_engage_write,284622368
13:37:42.561 -> C,ts_engage_write,284710370
13:37:42.655 -> [FACE] heartbeat
13:37:42.655 -> C,mood_str,50
13:37:42.655 -> C,ts_engage_write,284798462
13:37:42.655 -> C,engage_lvl,243
13:37:42.655 -> C,modifier,15
13:37:42.655 -> C,engage_floor,0
13:37:42.655 -> C,loop_us,237
13:37:42.748 -> C,ts_engage_write,284886363
13:37:42.840 -> C,ts_engage_write,284974369
13:37:42.933 -> C,ts_engage_write,285062369
13:37:42.979 -> C,ts_engage_write,285150368
13:37:43.072 -> C,ts_engage_write,285238370
13:37:43.165 -> C,ts_engage_write,285326368
13:37:43.165 -> C,engage_lvl,242
13:37:43.260 -> C,ts_engage_write,285414369
13:37:43.355 -> C,ts_engage_write,285502369
13:37:43.450 -> C,ts_engage_write,285590369
13:37:43.542 -> C,ts_engage_write,285678368
13:37:43.635 -> C,ts_engage_write,285766368
13:37:43.681 -> [FACE] heartbeat
13:37:43.681 -> C,mood_str,50
13:37:43.681 -> C,ts_engage_write,285854463
13:37:43.681 -> C,engage_lvl,240
13:37:43.681 -> C,modifier,15
13:37:43.681 -> C,engage_floor,0
13:37:43.681 -> C,loop_us,238
13:37:43.773 -> C,ts_engage_write,285942366
13:37:43.865 -> C,ts_engage_write,286030369
13:37:43.960 -> C,ts_engage_write,286118369
13:37:44.052 -> C,ts_engage_write,286206368
13:37:44.145 -> C,ts_engage_write,286294370
13:37:44.239 -> C,ts_engage_write,286382368
13:37:44.239 -> C,engage_lvl,239
13:37:44.333 -> C,ts_engage_write,286470369
13:37:44.426 -> C,ts_engage_write,286558369
13:37:44.518 -> C,ts_engage_write,286646369
13:37:44.563 -> C,ts_engage_write,286734368
13:37:44.655 -> C,ts_engage_write,286822369
13:37:44.747 -> [FACE] heartbeat
13:37:44.747 -> C,mood_str,50
13:37:44.747 -> C,ts_engage_write,286910466
13:37:44.747 -> C,engage_lvl,237
13:37:44.747 -> C,modifier,15
13:37:44.747 -> C,engage_floor,0
13:37:44.747 -> C,loop_us,277
13:37:44.841 -> C,ts_engage_write,286998365
13:37:44.934 -> C,ts_engage_write,287086369
13:37:45.029 -> C,ts_engage_write,287174369
13:37:45.122 -> C,ts_engage_write,287262368
13:37:45.215 -> C,ts_engage_write,287350370
13:37:45.308 -> C,ts_engage_write,287438368
13:37:45.308 -> C,engage_lvl,236
13:37:45.355 -> C,ts_engage_write,287526369
13:37:45.448 -> C,ts_engage_write,287614369
13:37:45.540 -> C,ts_engage_write,287702369
13:37:45.631 -> C,ts_engage_write,287790367
13:37:45.726 -> C,ts_engage_write,287878371
13:37:45.819 -> [FACE] heartbeat
13:37:45.819 -> C,mood_str,50
13:37:45.819 -> C,ts_engage_write,287966452
13:37:45.819 -> C,engage_lvl,235
13:37:45.819 -> C,modifier,15
13:37:45.819 -> C,engage_floor,0
13:37:45.819 -> C,loop_us,254
13:37:45.912 -> C,ts_engage_write,288054369
13:37:46.007 -> C,ts_engage_write,288142369
13:37:46.099 -> C,ts_engage_write,288230369
13:37:46.145 -> C,ts_engage_write,288318373
13:37:46.238 -> C,ts_engage_write,288406373
13:37:46.330 -> C,ts_engage_write,288494368
13:37:46.330 -> C,engage_lvl,233
13:37:46.422 -> C,ts_engage_write,288582369
13:37:46.516 -> C,ts_engage_write,288670369
13:37:46.608 -> C,ts_engage_write,288758367
13:37:46.702 -> C,ts_engage_write,288846370
13:37:46.795 -> C,ts_engage_write,288934370
13:37:46.889 -> [FACE] heartbeat
13:37:46.889 -> C,mood_str,50
13:37:46.889 -> C,ts_engage_write,289022454
13:37:46.889 -> C,engage_lvl,232
13:37:46.889 -> C,modifier,15
13:37:46.889 -> C,engage_floor,0
13:37:46.889 -> C,loop_us,257
13:37:46.981 -> C,ts_engage_write,289110369
13:37:47.027 -> C,ts_engage_write,289198369
13:37:47.121 -> C,ts_engage_write,289286369
13:37:47.214 -> C,ts_engage_write,289374368
13:37:47.308 -> C,ts_engage_write,289462370
13:37:47.401 -> C,ts_engage_write,289550368
13:37:47.401 -> C,engage_lvl,230
13:37:47.495 -> C,ts_engage_write,289638369
13:37:47.588 -> C,ts_engage_write,289726369
13:37:47.680 -> C,ts_engage_write,289814368
13:37:47.772 -> C,ts_engage_write,289902368
13:37:47.818 -> C,ts_engage_write,289990370
13:37:47.911 -> [FACE] heartbeat
13:37:47.911 -> C,mood_str,50
13:37:47.911 -> C,ts_engage_write,290078453
13:37:47.911 -> C,engage_lvl,229
13:37:47.911 -> C,modifier,15
13:37:47.911 -> C,engage_floor,0
13:37:47.911 -> C,loop_us,249
13:37:48.004 -> C,ts_engage_write,290166369
13:37:48.097 -> C,ts_engage_write,290254369
13:37:48.191 -> C,ts_engage_write,290342369
13:37:48.284 -> C,ts_engage_write,290430368
13:37:48.377 -> C,ts_engage_write,290518370
13:37:48.470 -> C,ts_engage_write,290606368
13:37:48.470 -> C,engage_lvl,228
13:37:48.564 -> C,ts_engage_write,290694369
13:37:48.610 -> C,ts_engage_write,290782368
13:37:48.704 -> C,ts_engage_write,290870370
13:37:48.796 -> C,ts_engage_write,290958368
13:37:48.890 -> C,ts_engage_write,291046370
13:37:48.984 -> [FACE] heartbeat
13:37:48.984 -> C,mood_str,50
13:37:48.984 -> C,ts_engage_write,291134453
13:37:48.984 -> C,engage_lvl,226
13:37:48.984 -> C,modifier,15
13:37:48.984 -> C,engage_floor,0
13:37:48.984 -> C,loop_us,249
13:37:49.077 -> C,ts_engage_write,291222366
13:37:49.170 -> C,ts_engage_write,291310369
13:37:49.263 -> C,ts_engage_write,291398369
13:37:49.357 -> C,ts_engage_write,291486368
13:37:49.404 -> C,ts_engage_write,291574370
13:37:49.496 -> C,ts_engage_write,291662368
13:37:49.496 -> C,engage_lvl,225
13:37:49.590 -> C,ts_engage_write,291750367
13:37:49.684 -> C,ts_engage_write,291838371
13:37:49.777 -> C,ts_engage_write,291926369
13:37:49.869 -> C,ts_engage_write,292014368
13:37:49.961 -> C,ts_engage_write,292102370
13:37:50.053 -> [FACE] heartbeat
13:37:50.053 -> C,mood_str,50
13:37:50.053 -> C,ts_engage_write,292190453
13:37:50.053 -> C,engage_lvl,223
13:37:50.053 -> C,modifier,15
13:37:50.053 -> C,engage_floor,0
13:37:50.053 -> C,loop_us,228
13:37:50.146 -> C,ts_engage_write,292278366
13:37:50.193 -> C,ts_engage_write,292366369
13:37:50.286 -> C,ts_engage_write,292454369
13:37:50.380 -> C,ts_engage_write,292542373
13:37:50.472 -> C,ts_engage_write,292630373
13:37:50.567 -> C,ts_engage_write,292718368
13:37:50.567 -> C,engage_lvl,222
13:37:50.660 -> C,ts_engage_write,292806368
13:37:50.754 -> C,ts_engage_write,292894369
13:37:50.847 -> C,ts_engage_write,292982369
13:37:50.941 -> C,ts_engage_write,293070368
13:37:50.988 -> C,ts_engage_write,293158370
13:37:51.079 -> [FACE] heartbeat
13:37:51.079 -> C,mood_str,50
13:37:51.079 -> C,ts_engage_write,293246453
13:37:51.079 -> C,engage_lvl,221
13:37:51.079 -> C,modifier,15
13:37:51.079 -> C,engage_floor,0
13:37:51.079 -> C,loop_us,250
13:37:51.174 -> C,ts_engage_write,293334366
13:37:51.267 -> C,ts_engage_write,293422369
13:37:51.359 -> C,ts_engage_write,293510369
13:37:51.453 -> C,ts_engage_write,293598368
13:37:51.545 -> C,ts_engage_write,293686370
13:37:51.637 -> C,ts_engage_write,293774367
13:37:51.637 -> C,engage_lvl,219
13:37:51.731 -> C,ts_engage_write,293862370
13:37:51.779 -> C,ts_engage_write,293950369
13:37:51.872 -> C,ts_engage_write,294038369
13:37:51.965 -> C,ts_engage_write,294126368
13:37:52.059 -> C,ts_engage_write,294214370
13:37:52.150 -> [FACE] heartbeat
13:37:52.150 -> C,mood_str,50
13:37:52.150 -> C,ts_engage_write,294302453
13:37:52.150 -> C,engage_lvl,218
13:37:52.150 -> C,modifier,15
13:37:52.150 -> C,engage_floor,0
13:37:52.150 -> C,loop_us,252
13:37:52.245 -> C,ts_engage_write,294390366
13:37:52.338 -> C,ts_engage_write,294478369
13:37:52.430 -> C,ts_engage_write,294566369
13:37:52.524 -> C,ts_engage_write,294654368
13:37:52.570 -> C,ts_engage_write,294742370
13:37:52.662 -> C,ts_engage_write,294830368
13:37:52.662 -> C,engage_lvl,216
13:37:52.755 -> C,ts_engage_write,294918369
13:37:52.849 -> C,ts_engage_write,295006369
13:37:52.942 -> C,ts_engage_write,295094369
13:37:53.035 -> C,ts_engage_write,295182368
13:37:53.128 -> C,ts_engage_write,295270370
13:37:53.221 -> [FACE] heartbeat
13:37:53.221 -> C,mood_str,50
13:37:53.221 -> C,ts_engage_write,295358454
13:37:53.221 -> C,engage_lvl,215
13:37:53.221 -> C,modifier,15
13:37:53.221 -> C,engage_floor,0
13:37:53.221 -> C,loop_us,243
13:37:53.316 -> C,ts_engage_write,295446366
13:37:53.363 -> C,ts_engage_write,295534369
13:37:53.457 -> C,ts_engage_write,295622369
13:37:53.550 -> C,ts_engage_write,295710368
13:37:53.642 -> C,ts_engage_write,295798369
13:37:53.735 -> C,ts_engage_write,295886368
13:37:53.735 -> C,engage_lvl,214
13:37:53.828 -> C,ts_engage_write,295974369
13:37:53.922 -> C,ts_engage_write,296062369
13:37:54.014 -> C,ts_engage_write,296150369
13:37:54.107 -> C,ts_engage_write,296238368
13:37:54.154 -> C,ts_engage_write,296326370
13:37:54.247 -> [FACE] heartbeat
13:37:54.247 -> C,mood_str,50
13:37:54.247 -> C,ts_engage_write,296414466
13:37:54.247 -> C,engage_lvl,212
13:37:54.247 -> C,modifier,15
13:37:54.247 -> C,engage_floor,0
13:37:54.247 -> C,loop_us,241
13:37:54.340 -> C,ts_engage_write,296502366
13:37:54.432 -> C,ts_engage_write,296590369
13:37:54.526 -> C,ts_engage_write,296678373
13:37:54.618 -> C,ts_engage_write,296766369
13:37:54.712 -> C,ts_engage_write,296854371
13:37:54.804 -> C,ts_engage_write,296942368
13:37:54.804 -> C,engage_lvl,211
13:37:54.897 -> C,ts_engage_write,297030369
13:37:54.991 -> C,ts_engage_write,297118369
13:37:55.037 -> C,ts_engage_write,297206369
13:37:55.129 -> C,ts_engage_write,297294368
13:37:55.222 -> C,ts_engage_write,297382370
13:37:55.315 -> [FACE] heartbeat
13:37:55.315 -> C,mood_str,50
13:37:55.315 -> C,ts_engage_write,297470472
13:37:55.315 -> C,engage_lvl,209
13:37:55.315 -> C,modifier,15
13:37:55.315 -> C,engage_floor,0
13:37:55.315 -> C,loop_us,250
13:37:55.407 -> C,ts_engage_write,297558362
13:37:55.500 -> C,ts_engage_write,297646369
13:37:55.593 -> C,ts_engage_write,297734369
13:37:55.687 -> C,ts_engage_write,297822368
13:37:55.781 -> C,ts_engage_write,297910370
13:37:55.827 -> C,ts_engage_write,297998368
13:37:55.827 -> C,engage_lvl,208
13:37:55.920 -> C,ts_engage_write,298086369
13:37:56.013 -> C,ts_engage_write,298174369
13:37:56.107 -> C,ts_engage_write,298262369
13:37:56.201 -> C,ts_engage_write,298350368
13:37:56.294 -> C,ts_engage_write,298438370
13:37:56.387 -> [FACE] heartbeat
13:37:56.387 -> C,mood_str,50
13:37:56.387 -> C,ts_engage_write,298526453
13:37:56.387 -> C,engage_lvl,206
13:37:56.387 -> C,modifier,15
13:37:56.387 -> C,engage_floor,0
13:37:56.387 -> C,loop_us,249
13:37:56.480 -> C,ts_engage_write,298614366
13:37:56.573 -> C,ts_engage_write,298702369
13:37:56.619 -> C,ts_engage_write,298790367
13:37:56.714 -> C,ts_engage_write,298878370
13:37:56.807 -> C,ts_engage_write,298966370
13:37:56.900 -> C,ts_engage_write,299054368
13:37:56.900 -> C,engage_lvl,205
13:37:56.994 -> C,ts_engage_write,299142369
13:37:57.087 -> C,ts_engage_write,299230369
13:37:57.180 -> C,ts_engage_write,299318369
13:37:57.274 -> C,ts_engage_write,299406368
13:37:57.321 -> C,ts_engage_write,299494370
13:37:57.415 -> [FACE] heartbeat
13:37:57.415 -> C,mood_str,50
13:37:57.415 -> C,ts_engage_write,299582453
13:37:57.415 -> C,engage_lvl,204
13:37:57.415 -> C,modifier,15
13:37:57.415 -> C,engage_floor,0
13:37:57.415 -> C,loop_us,252
13:37:57.507 -> C,ts_engage_write,299670366
13:37:57.602 -> C,ts_engage_write,299758368
13:37:57.696 -> C,ts_engage_write,299846370
13:37:57.790 -> C,ts_engage_write,299934368
13:37:57.883 -> C,ts_engage_write,300022370
13:37:57.976 -> C,ts_engage_write,300110368
13:37:57.976 -> C,engage_lvl,202
13:37:58.069 -> C,dom_touch,100
13:37:58.069 -> C,dom_sec,0
13:37:58.069 -> [MEM] tick: records=3 strength=100
13:37:58.069 -> C,rec_count,3
13:37:58.069 -> C,ts_engage_write,300198526
13:37:58.115 -> C,ts_engage_write,300286375
13:37:58.209 -> C,ts_engage_write,300374368
13:37:58.301 -> C,ts_engage_write,300462369
13:37:58.394 -> C,ts_engage_write,300550374
13:37:58.488 -> [FACE] heartbeat
13:37:58.488 -> C,mood_str,50
13:37:58.488 -> C,ts_engage_write,300638470
13:37:58.488 -> C,engage_lvl,201
13:37:58.488 -> C,modifier,15
13:37:58.488 -> C,engage_floor,0
13:37:58.488 -> C,loop_us,259
13:37:58.581 -> C,ts_engage_write,300726369
13:37:58.674 -> C,ts_engage_write,300814369
13:37:58.768 -> C,ts_engage_write,300907002
13:37:58.862 -> C,ts_engage_write,300995405
13:37:58.956 -> C,ts_engage_write,301086731
13:37:59.002 -> C,ts_engage_write,301174399
13:37:59.002 -> C,engage_lvl,199
13:37:59.096 -> C,ts_engage_write,301262371
13:37:59.190 -> C,ts_engage_write,301350370
13:37:59.283 -> C,ts_engage_write,301438371
13:37:59.376 -> C,ts_engage_write,301526370
13:37:59.468 -> C,ts_engage_write,301614371
13:37:59.561 -> [FACE] heartbeat
13:37:59.561 -> C,mood_str,50
13:37:59.561 -> C,ts_engage_write,301702482
13:37:59.561 -> C,engage_lvl,198
13:37:59.561 -> C,modifier,15
13:37:59.561 -> C,engage_floor,0
13:37:59.561 -> C,loop_us,287
13:37:59.653 -> C,ts_engage_write,301790369
13:37:59.746 -> C,ts_engage_write,301878373
13:37:59.793 -> C,ts_engage_write,301966370
13:37:59.886 -> C,ts_engage_write,302054371
13:37:59.980 -> C,ts_engage_write,302142370
13:38:00.072 -> C,ts_engage_write,302230371
13:38:00.072 -> C,engage_lvl,197
13:38:00.163 -> C,ts_engage_write,302318370
13:38:00.257 -> C,ts_engage_write,302406371
13:38:00.349 -> C,ts_engage_write,302494370
13:38:00.443 -> C,ts_engage_write,302582371
13:38:00.536 -> C,ts_engage_write,302670370
13:38:00.629 -> [FACE] heartbeat
13:38:00.629 -> C,mood_str,50
13:38:00.629 -> C,ts_engage_write,302758475
13:38:00.629 -> C,engage_lvl,195
13:38:00.629 -> C,modifier,15
13:38:00.629 -> C,engage_floor,0
13:38:00.629 -> C,loop_us,266
13:38:00.676 -> C,ts_engage_write,302846371
13:38:00.768 -> C,ts_engage_write,302934371
13:38:00.861 -> C,ts_engage_write,303022370
13:38:00.954 -> C,ts_engage_write,303110371
13:38:01.047 -> C,ts_engage_write,303198370
13:38:01.140 -> C,ts_engage_write,303286371
13:38:01.140 -> C,engage_lvl,194
13:38:01.232 -> C,ts_engage_write,303374370
13:38:01.326 -> C,ts_engage_write,303462371
13:38:01.418 -> C,ts_engage_write,303550370
13:38:01.464 -> C,ts_engage_write,303638371
13:38:01.557 -> C,ts_engage_write,303726370
13:38:01.650 -> [FACE] heartbeat
13:38:01.650 -> C,mood_str,50
13:38:01.650 -> C,ts_engage_write,303814483
13:38:01.650 -> C,engage_lvl,192
13:38:01.650 -> C,modifier,15
13:38:01.650 -> C,engage_floor,0
13:38:01.650 -> C,loop_us,284
13:38:01.744 -> C,ts_engage_write,303902368
13:38:01.837 -> C,ts_engage_write,303990371
13:38:01.928 -> C,ts_engage_write,304078370
13:38:02.021 -> C,ts_engage_write,304166371
13:38:02.114 -> C,ts_engage_write,304254370
13:38:02.206 -> C,ts_engage_write,304342371
13:38:02.206 -> C,engage_lvl,191
13:38:02.299 -> C,ts_engage_write,304430370
13:38:02.346 -> C,ts_engage_write,304518371
13:38:02.440 -> C,ts_engage_write,304606375
13:38:02.533 -> C,ts_engage_write,304694374
13:38:02.626 -> C,ts_engage_write,304782368
13:38:02.718 -> [FACE] heartbeat
13:38:02.718 -> C,mood_str,50
13:38:02.718 -> C,ts_engage_write,304870474
13:38:02.718 -> C,engage_lvl,190
13:38:02.718 -> C,modifier,15
13:38:02.718 -> C,engage_floor,0
13:38:02.718 -> C,loop_us,278
13:38:02.811 -> C,ts_engage_write,304958370
13:38:02.904 -> C,ts_engage_write,305046371
13:38:02.998 -> C,ts_engage_write,305134370
13:38:03.092 -> C,ts_engage_write,305222371
13:38:03.139 -> C,ts_engage_write,305310370
13:38:03.231 -> C,ts_engage_write,305398371
13:38:03.231 -> C,engage_lvl,188
13:38:03.325 -> C,ts_engage_write,305486370
13:38:03.419 -> C,ts_engage_write,305574371
13:38:03.512 -> C,ts_engage_write,305662370
13:38:03.605 -> C,ts_engage_write,305750369
13:38:03.698 -> C,ts_engage_write,305838371
13:38:03.791 -> [FACE] heartbeat
13:38:03.791 -> C,mood_str,50
13:38:03.791 -> C,ts_engage_write,305926460
13:38:03.791 -> C,engage_lvl,187
13:38:03.791 -> C,modifier,15
13:38:03.791 -> C,engage_floor,0
13:38:03.791 -> C,loop_us,238
13:38:03.883 -> C,ts_engage_write,306014367
13:38:03.929 -> C,ts_engage_write,306102371
13:38:04.022 -> C,ts_engage_write,306190370
13:38:04.114 -> C,ts_engage_write,306278371
13:38:04.206 -> C,ts_engage_write,306366370
13:38:04.299 -> C,ts_engage_write,306454371
13:38:04.299 -> C,engage_lvl,185
13:38:04.391 -> C,ts_engage_write,306542370
13:38:04.484 -> C,ts_engage_write,306630371
13:38:04.577 -> C,ts_engage_write,306718370
13:38:04.670 -> C,ts_engage_write,306806369
13:38:04.763 -> C,ts_engage_write,306894371
13:38:04.810 -> [FACE] heartbeat
13:38:04.810 -> C,mood_str,50
13:38:04.810 -> C,ts_engage_write,306982475
13:38:04.810 -> C,engage_lvl,184
13:38:04.810 -> C,modifier,15
13:38:04.810 -> C,engage_floor,0
13:38:04.810 -> C,loop_us,277
13:38:04.903 -> C,ts_engage_write,307070370
13:38:04.997 -> C,ts_engage_write,307158371
13:38:05.090 -> C,ts_engage_write,307246370
13:38:05.182 -> C,ts_engage_write,307334371
13:38:05.275 -> C,ts_engage_write,307422370
13:38:05.368 -> C,ts_engage_write,307510371
13:38:05.368 -> C,engage_lvl,183
13:38:05.462 -> C,ts_engage_write,307598370
13:38:05.555 -> C,ts_engage_write,307686371
13:38:05.602 -> C,ts_engage_write,307774368
13:38:05.695 -> C,ts_engage_write,307862373
13:38:05.788 -> C,ts_engage_write,307950370
13:38:05.882 -> [FACE] heartbeat
13:38:05.882 -> C,mood_str,50
13:38:05.882 -> C,ts_engage_write,308038460
13:38:05.882 -> C,engage_lvl,181
13:38:05.882 -> C,modifier,15
13:38:05.882 -> C,engage_floor,0
13:38:05.882 -> C,loop_us,263
13:38:05.973 -> C,ts_engage_write,308126367
13:38:06.067 -> C,ts_engage_write,308214371
13:38:06.161 -> C,ts_engage_write,308302370
13:38:06.256 -> C,ts_engage_write,308390371
13:38:06.348 -> C,ts_engage_write,308478370
13:38:06.395 -> C,ts_engage_write,308566371
13:38:06.395 -> C,engage_lvl,180
13:38:06.488 -> C,ts_engage_write,308654370
13:38:06.581 -> C,ts_engage_write,308742371
13:38:06.675 -> C,ts_engage_write,308830368
13:38:06.768 -> C,ts_engage_write,308918378
13:38:06.861 -> C,ts_engage_write,309006375
13:38:06.954 -> [FACE] heartbeat
13:38:06.954 -> C,mood_str,50
13:38:06.954 -> C,ts_engage_write,309094460
13:38:06.954 -> C,engage_lvl,178
13:38:06.954 -> C,modifier,15
13:38:06.954 -> C,engage_floor,0
13:38:06.954 -> C,loop_us,268
13:38:07.047 -> C,ts_engage_write,309182367
13:38:07.139 -> C,ts_engage_write,309270371
13:38:07.186 -> C,ts_engage_write,309358370
13:38:07.280 -> C,ts_engage_write,309446371
13:38:07.372 -> C,ts_engage_write,309534370
13:38:07.464 -> C,ts_engage_write,309622371
13:38:07.464 -> C,engage_lvl,177
13:38:07.556 -> C,ts_engage_write,309710370
13:38:07.649 -> C,ts_engage_write,309798369
13:38:07.742 -> C,ts_engage_write,309886371
13:38:07.835 -> C,ts_engage_write,309974371
13:38:07.929 -> C,ts_engage_write,310062370
13:38:08.023 -> [FACE] heartbeat
13:38:08.023 -> C,mood_str,50
13:38:08.023 -> C,ts_engage_write,310150482
13:38:08.023 -> C,engage_lvl,176
13:38:08.023 -> C,modifier,15
13:38:08.023 -> C,engage_floor,0
13:38:08.023 -> C,loop_us,286
13:38:08.071 -> C,ts_engage_write,310238367
13:38:08.165 -> C,ts_engage_write,310326371
13:38:08.257 -> C,ts_engage_write,310414370
13:38:08.350 -> C,ts_engage_write,310502371
13:38:08.442 -> C,ts_engage_write,310590370
13:38:08.535 -> C,ts_engage_write,310678371
13:38:08.535 -> C,engage_lvl,174
13:38:08.629 -> C,ts_engage_write,310766368
13:38:08.707 -> C,ts_engage_write,310854373
13:38:08.801 -> C,ts_engage_write,310942370
13:38:08.895 -> C,ts_engage_write,311030371
13:38:08.989 -> C,ts_engage_write,311118370
13:38:09.036 -> [FACE] heartbeat
13:38:09.036 -> C,mood_str,50
13:38:09.036 -> C,ts_engage_write,311206475
13:38:09.036 -> C,engage_lvl,173
13:38:09.036 -> C,modifier,15
13:38:09.036 -> C,engage_floor,0
13:38:09.036 -> C,loop_us,266
13:38:09.128 -> C,ts_engage_write,311294370
13:38:09.221 -> C,ts_engage_write,311382371
13:38:09.314 -> C,ts_engage_write,311470370
13:38:09.406 -> C,ts_engage_write,311558371
13:38:09.499 -> C,ts_engage_write,311646370
13:38:09.592 -> C,ts_engage_write,311734371
13:38:09.592 -> C,engage_lvl,171
13:38:09.684 -> C,ts_engage_write,311822368
13:38:09.777 -> C,ts_engage_write,311910373
13:38:09.871 -> C,ts_engage_write,311998370
13:38:09.918 -> C,ts_engage_write,312086371
13:38:10.010 -> C,ts_engage_write,312174370
13:38:10.102 -> [FACE] heartbeat
13:38:10.102 -> C,mood_str,50
13:38:10.102 -> C,ts_engage_write,312262474
13:38:10.102 -> C,engage_lvl,170
13:38:10.102 -> C,modifier,15
13:38:10.102 -> C,engage_floor,0
13:38:10.102 -> C,loop_us,290
13:38:10.196 -> C,ts_engage_write,312350370
13:38:10.289 -> C,ts_engage_write,312438371
13:38:10.381 -> C,ts_engage_write,312526370
13:38:10.475 -> C,ts_engage_write,312614371
13:38:10.568 -> C,ts_engage_write,312702370
13:38:10.662 -> C,ts_engage_write,312790374
13:38:10.662 -> C,engage_lvl,168
13:38:10.708 -> C,ts_engage_write,312878376
13:38:10.801 -> C,ts_engage_write,312966371
13:38:10.896 -> C,ts_engage_write,313054370
13:38:10.990 -> C,ts_engage_write,313142371
13:38:11.082 -> C,ts_engage_write,313230370
13:38:11.176 -> [FACE] heartbeat
13:38:11.176 -> C,mood_str,50
13:38:11.176 -> C,ts_engage_write,313318460
13:38:11.176 -> C,engage_lvl,167
13:38:11.176 -> C,modifier,15
13:38:11.176 -> C,engage_floor,0
13:38:11.176 -> C,loop_us,262
13:38:11.268 -> C,ts_engage_write,313406367
13:38:11.361 -> C,ts_engage_write,313494371
13:38:11.409 -> C,ts_engage_write,313582370
13:38:11.502 -> C,ts_engage_write,313670371
13:38:11.595 -> C,ts_engage_write,313758368
13:38:11.687 -> C,ts_engage_write,313846373
13:38:11.687 -> C,engage_lvl,166
13:38:11.780 -> C,ts_engage_write,313934370
13:38:11.875 -> C,ts_engage_write,314022371
13:38:11.968 -> C,ts_engage_write,314110370
13:38:12.062 -> C,ts_engage_write,314198371
13:38:12.156 -> C,ts_engage_write,314286370
13:38:12.203 -> [FACE] heartbeat
13:38:12.203 -> C,mood_str,50
13:38:12.203 -> C,ts_engage_write,314374462
13:38:12.203 -> C,engage_lvl,164
13:38:12.203 -> C,modifier,15
13:38:12.203 -> C,engage_floor,0
13:38:12.203 -> C,loop_us,265
13:38:12.296 -> C,ts_engage_write,314462367
13:38:12.389 -> C,ts_engage_write,314550371
13:38:12.482 -> C,ts_engage_write,314638370
13:38:12.576 -> C,ts_engage_write,314726371
13:38:12.670 -> C,ts_engage_write,314814368
13:38:12.763 -> C,ts_engage_write,314902373
13:38:12.763 -> C,engage_lvl,163
13:38:12.856 -> C,ts_engage_write,314990370
13:38:12.950 -> C,ts_engage_write,315078371
13:38:12.996 -> C,ts_engage_write,315166370
13:38:13.090 -> C,ts_engage_write,315254371
13:38:13.183 -> C,ts_engage_write,315342370
13:38:13.278 -> [FACE] heartbeat
13:38:13.278 -> C,mood_str,50
13:38:13.278 -> C,ts_engage_write,315430481
13:38:13.278 -> C,engage_lvl,161
13:38:13.278 -> C,modifier,15
13:38:13.278 -> C,engage_floor,0
13:38:13.278 -> C,loop_us,294
13:38:13.372 -> C,ts_engage_write,315518367
13:38:13.465 -> C,ts_engage_write,315606371
13:38:13.559 -> C,ts_engage_write,315694370
13:38:13.652 -> C,ts_engage_write,315782369
13:38:13.699 -> C,ts_engage_write,315870371
13:38:13.793 -> C,ts_engage_write,315958371
13:38:13.793 -> C,engage_lvl,160
13:38:13.886 -> C,ts_engage_write,316046370
13:38:13.979 -> C,ts_engage_write,316134371
13:38:14.072 -> C,ts_engage_write,316222370
13:38:14.165 -> C,ts_engage_write,316310371
13:38:14.258 -> C,ts_engage_write,316398370
13:38:14.351 -> [FACE] heartbeat
13:38:14.351 -> C,mood_str,50
13:38:14.351 -> C,ts_engage_write,316486461
13:38:14.351 -> C,engage_lvl,159
13:38:14.351 -> C,modifier,15
13:38:14.351 -> C,engage_floor,0
13:38:14.351 -> C,loop_us,278
13:38:14.442 -> C,ts_engage_write,316574370
13:38:14.489 -> C,ts_engage_write,316662371
13:38:14.582 -> C,ts_engage_write,316750368
13:38:14.678 -> C,ts_engage_write,316838373
13:38:14.771 -> C,ts_engage_write,316926370
13:38:14.863 -> C,ts_engage_write,317014371
13:38:14.863 -> C,engage_lvl,157
13:38:14.957 -> C,ts_engage_write,317102370
13:38:15.051 -> C,ts_engage_write,317190376
13:38:15.145 -> C,ts_engage_write,317278375
13:38:15.237 -> C,ts_engage_write,317366371
13:38:15.283 -> C,ts_engage_write,317454370
13:38:15.377 -> [FACE] heartbeat
13:38:15.377 -> C,mood_str,50
13:38:15.377 -> C,ts_engage_write,317542473
13:38:15.377 -> C,engage_lvl,156
13:38:15.377 -> C,modifier,15
13:38:15.377 -> C,engage_floor,0
13:38:15.377 -> C,loop_us,280
13:38:15.471 -> C,ts_engage_write,317630370
13:38:15.564 -> C,ts_engage_write,317718371
13:38:15.656 -> C,ts_engage_write,317806369
13:38:15.748 -> C,ts_engage_write,317894373
13:38:15.843 -> C,ts_engage_write,317982370
13:38:15.936 -> C,ts_engage_write,318070371
13:38:15.936 -> C,engage_lvl,154
13:38:16.029 -> C,ts_engage_write,318158370
13:38:16.076 -> C,ts_engage_write,318246371
13:38:16.169 -> C,ts_engage_write,318334370
13:38:16.262 -> C,ts_engage_write,318422371
13:38:16.354 -> C,ts_engage_write,318510370
13:38:16.448 -> [FACE] heartbeat
13:38:16.448 -> C,mood_str,50
13:38:16.448 -> C,ts_engage_write,318598461
13:38:16.448 -> C,engage_lvl,153
13:38:16.448 -> C,modifier,15
13:38:16.448 -> C,engage_floor,0
13:38:16.448 -> C,loop_us,280
13:38:16.541 -> C,ts_engage_write,318686370
13:38:16.634 -> C,ts_engage_write,318774369
13:38:16.729 -> C,ts_engage_write,318862371
13:38:16.776 -> C,ts_engage_write,318950371
13:38:16.870 -> C,ts_engage_write,319038370
13:38:16.964 -> C,ts_engage_write,319126371
13:38:16.964 -> C,engage_lvl,152
13:38:17.055 -> C,ts_engage_write,319214370
13:38:17.148 -> C,ts_engage_write,319302371
13:38:17.243 -> C,ts_engage_write,319390370
13:38:17.336 -> C,ts_engage_write,319478371
13:38:17.428 -> C,ts_engage_write,319566370
13:38:17.522 -> [FACE] heartbeat
13:38:17.522 -> C,mood_str,50
13:38:17.522 -> C,ts_engage_write,319654480
13:38:17.522 -> C,engage_lvl,150
13:38:17.522 -> C,modifier,15
13:38:17.522 -> C,engage_floor,0
13:38:17.522 -> C,loop_us,282
13:38:17.568 -> C,ts_engage_write,319742367
13:38:17.662 -> C,ts_engage_write,319830369
13:38:17.755 -> C,ts_engage_write,319918371
13:38:17.849 -> C,ts_engage_write,320006371
13:38:17.943 -> C,ts_engage_write,320094372
13:38:18.036 -> C,ts_engage_write,320182371
13:38:18.036 -> C,engage_lvl,149
13:38:18.128 -> C,ts_engage_write,320270370
13:38:18.222 -> C,ts_engage_write,320358371
13:38:18.313 -> C,ts_engage_write,320446370
13:38:18.360 -> C,ts_engage_write,320534371
13:38:18.453 -> C,ts_engage_write,320622370
13:38:18.548 -> [FACE] heartbeat
13:38:18.548 -> C,mood_str,50
13:38:18.548 -> C,ts_engage_write,320710480
13:38:18.548 -> C,engage_lvl,147
13:38:18.548 -> C,modifier,15
13:38:18.548 -> C,engage_floor,0
13:38:18.548 -> C,loop_us,282
13:38:18.643 -> C,ts_engage_write,320798366
13:38:18.736 -> C,ts_engage_write,320886373
13:38:18.829 -> C,ts_engage_write,320974370
13:38:18.922 -> C,ts_engage_write,321062371
13:38:19.015 -> C,ts_engage_write,321150375
13:38:19.108 -> C,ts_engage_write,321238374
13:38:19.108 -> C,engage_lvl,146
13:38:19.156 -> C,ts_engage_write,321326370
13:38:19.247 -> C,ts_engage_write,321414371
13:38:19.340 -> C,ts_engage_write,321502370
13:38:19.433 -> C,ts_engage_write,321590371
13:38:19.526 -> C,ts_engage_write,321678370
13:38:19.619 -> [FACE] heartbeat
13:38:19.619 -> C,mood_str,50
13:38:19.619 -> C,ts_engage_write,321766474
13:38:19.619 -> C,engage_lvl,145
13:38:19.619 -> C,modifier,15
13:38:19.619 -> C,engage_floor,0
13:38:19.619 -> C,loop_us,276
13:38:19.712 -> C,ts_engage_write,321854371
13:38:19.805 -> C,ts_engage_write,321942371
13:38:19.898 -> C,ts_engage_write,322030370
13:38:19.945 -> C,ts_engage_write,322118371
13:38:20.038 -> C,ts_engage_write,322206370
13:38:20.131 -> C,ts_engage_write,322294371
13:38:20.131 -> C,engage_lvl,143
13:38:20.226 -> C,ts_engage_write,322382370
13:38:20.320 -> C,ts_engage_write,322470371
13:38:20.412 -> C,ts_engage_write,322558370
13:38:20.506 -> C,ts_engage_write,322646371
13:38:20.601 -> C,ts_engage_write,322734370
13:38:20.692 -> [FACE] heartbeat
13:38:20.692 -> C,mood_str,50
13:38:20.692 -> C,ts_engage_write,322822481
13:38:20.692 -> C,engage_lvl,142
13:38:20.692 -> C,modifier,15
13:38:20.692 -> C,engage_floor,0
13:38:20.692 -> C,loop_us,285
13:38:20.738 -> C,ts_engage_write,322910368
13:38:20.829 -> C,ts_engage_write,322998371
13:38:20.922 -> C,ts_engage_write,323086370
13:38:21.014 -> C,ts_engage_write,323174371
13:38:21.108 -> C,ts_engage_write,323262370
13:38:21.201 -> C,ts_engage_write,323350371
13:38:21.201 -> C,engage_lvl,140
13:38:21.294 -> C,ts_engage_write,323438370
13:38:21.388 -> C,ts_engage_write,323526371
13:38:21.481 -> C,ts_engage_write,323614370
13:38:21.528 -> C,ts_engage_write,323702371
13:38:21.622 -> C,ts_engage_write,323790368
13:38:21.714 -> [FACE] heartbeat
13:38:21.714 -> C,mood_str,50
13:38:21.714 -> C,ts_engage_write,323878476
13:38:21.714 -> C,engage_lvl,139
13:38:21.714 -> C,modifier,15
13:38:21.714 -> C,engage_floor,0
13:38:21.714 -> C,loop_us,277
13:38:21.808 -> C,ts_engage_write,323966370
13:38:21.903 -> C,ts_engage_write,324054371
13:38:21.998 -> C,ts_engage_write,324142370
13:38:22.092 -> C,ts_engage_write,324230371
13:38:22.185 -> C,ts_engage_write,324318370
13:38:22.232 -> C,ts_engage_write,324406371
13:38:22.232 -> C,engage_lvl,138
13:38:22.324 -> C,ts_engage_write,324494370
13:38:22.416 -> C,ts_engage_write,324582371
13:38:22.511 -> C,ts_engage_write,324670370
13:38:22.603 -> C,ts_engage_write,324758369
13:38:22.696 -> C,ts_engage_write,324846371
13:38:22.789 -> [FACE] heartbeat
13:38:22.789 -> C,mood_str,50
13:38:22.789 -> C,ts_engage_write,324934481
13:38:22.789 -> C,engage_lvl,136
13:38:22.789 -> C,modifier,15
13:38:22.789 -> C,engage_floor,0
13:38:22.789 -> C,loop_us,261
13:38:22.882 -> C,ts_engage_write,325022363
13:38:22.976 -> C,ts_engage_write,325110371
13:38:23.068 -> C,ts_engage_write,325198370
13:38:23.115 -> C,ts_engage_write,325286371
13:38:23.208 -> C,ts_engage_write,325374375
13:38:23.303 -> C,ts_engage_write,325462374
13:38:23.303 -> C,engage_lvl,135
13:38:23.396 -> C,ts_engage_write,325550370
13:38:23.488 -> C,ts_engage_write,325638371
13:38:23.580 -> C,ts_engage_write,325726370
13:38:23.673 -> C,ts_engage_write,325814369
13:38:23.766 -> C,ts_engage_write,325902371
13:38:23.859 -> [FACE] heartbeat
13:38:23.859 -> C,mood_str,50
13:38:23.859 -> C,ts_engage_write,325990460
13:38:23.859 -> C,engage_lvl,133
13:38:23.859 -> C,modifier,15
13:38:23.859 -> C,engage_floor,0
13:38:23.859 -> C,loop_us,262
13:38:23.906 -> C,ts_engage_write,326078367
13:38:23.998 -> C,ts_engage_write,326166371
13:38:24.091 -> C,ts_engage_write,326254370
13:38:24.185 -> C,ts_engage_write,326342371
13:38:24.277 -> C,ts_engage_write,326430370
13:38:24.369 -> C,ts_engage_write,326518371
13:38:24.369 -> C,engage_lvl,132
13:38:24.462 -> C,ts_engage_write,326606370
13:38:24.554 -> C,ts_engage_write,326694371
13:38:24.646 -> C,ts_engage_write,326782368
13:38:24.740 -> C,ts_engage_write,326870373
13:38:24.786 -> C,ts_engage_write,326958370
13:38:24.879 -> [FACE] heartbeat
13:38:24.879 -> C,mood_str,50
13:38:24.879 -> C,ts_engage_write,327046473
13:38:24.879 -> C,engage_lvl,131
13:38:24.879 -> C,modifier,15
13:38:24.879 -> C,engage_floor,0
13:38:24.879 -> C,loop_us,274
13:38:24.973 -> C,ts_engage_write,327134370
13:38:25.067 -> C,ts_engage_write,327222371
13:38:25.161 -> C,ts_engage_write,327310370
13:38:25.255 -> C,ts_engage_write,327398371
13:38:25.348 -> C,ts_engage_write,327486370
13:38:25.441 -> C,ts_engage_write,327574371
13:38:25.441 -> C,engage_lvl,129
13:38:25.488 -> C,ts_engage_write,327662370
13:38:25.580 -> C,ts_engage_write,327750369
13:38:25.672 -> C,ts_engage_write,327838371
13:38:25.765 -> C,ts_engage_write,327926371
13:38:25.858 -> C,ts_engage_write,328014370
13:38:25.952 -> [FACE] heartbeat
13:38:25.952 -> C,mood_str,50
13:38:25.952 -> C,ts_engage_write,328102474
13:38:25.952 -> C,engage_lvl,128
13:38:25.952 -> C,modifier,15
13:38:25.952 -> C,engage_floor,0
13:38:25.952 -> C,loop_us,275
13:38:26.045 -> C,ts_engage_write,328190370
13:38:26.138 -> C,ts_engage_write,328278371
13:38:26.232 -> C,ts_engage_write,328366370
13:38:26.280 -> C,ts_engage_write,328454371
13:38:26.372 -> C,ts_engage_write,328542370
13:38:26.463 -> C,ts_engage_write,328630371
13:38:26.463 -> C,engage_lvl,126
13:38:26.556 -> C,ts_engage_write,328718370
13:38:26.650 -> C,ts_engage_write,328806369
13:38:26.743 -> C,ts_engage_write,328894371
13:38:26.836 -> C,ts_engage_write,328982371
13:38:26.928 -> C,ts_engage_write,329070375
13:38:27.021 -> [FACE] heartbeat
13:38:27.021 -> C,mood_str,50
13:38:27.021 -> C,ts_engage_write,329158477
13:38:27.021 -> C,engage_lvl,125
13:38:27.021 -> C,modifier,15
13:38:27.021 -> C,engage_floor,0
13:38:27.021 -> C,loop_us,280
13:38:27.114 -> C,ts_engage_write,329246370
13:38:27.160 -> C,ts_engage_write,329334371
13:38:27.255 -> C,ts_engage_write,329422370
13:38:27.348 -> C,ts_engage_write,329510371
13:38:27.440 -> C,ts_engage_write,329598370
13:38:27.533 -> C,ts_engage_write,329686371
13:38:27.533 -> C,engage_lvl,123
13:38:27.626 -> C,ts_engage_write,329774368
13:38:27.719 -> C,ts_engage_write,329862373
13:38:27.812 -> C,ts_engage_write,329950370
13:38:27.904 -> C,ts_engage_write,330038371
13:38:27.996 -> C,ts_engage_write,330126370
13:38:28.043 -> [FACE] heartbeat
13:38:28.043 -> C,mood_str,50
13:38:28.043 -> C,ts_engage_write,330214474
13:38:28.043 -> C,engage_lvl,122
13:38:28.043 -> C,modifier,15
13:38:28.043 -> C,engage_floor,0
13:38:28.043 -> C,loop_us,276
13:38:28.136 -> C,ts_engage_write,330302370
13:38:28.229 -> C,ts_engage_write,330390371
13:38:28.322 -> C,ts_engage_write,330478370
13:38:28.415 -> C,ts_engage_write,330566371
13:38:28.510 -> C,ts_engage_write,330654370
13:38:28.602 -> C,ts_engage_write,330742371
13:38:28.602 -> C,engage_lvl,121
13:38:28.696 -> C,ts_engage_write,330830368
13:38:28.790 -> C,ts_engage_write,330918373
13:38:28.836 -> C,ts_engage_write,331006370
13:38:28.929 -> C,ts_engage_write,331094371
13:38:29.020 -> C,ts_engage_write,331182370
13:38:29.112 -> [FACE] heartbeat
13:38:29.112 -> C,mood_str,50
13:38:29.112 -> C,ts_engage_write,331270473
13:38:29.112 -> C,engage_lvl,119
13:38:29.112 -> C,modifier,15
13:38:29.112 -> C,engage_floor,0
13:38:29.112 -> C,loop_us,260
13:38:29.205 -> C,ts_engage_write,331358370
13:38:29.298 -> C,ts_engage_write,331446371
13:38:29.391 -> C,ts_engage_write,331534370
13:38:29.486 -> C,ts_engage_write,331622371
13:38:29.577 -> C,ts_engage_write,331710370
13:38:29.624 -> C,ts_engage_write,331798369
13:38:29.624 -> C,engage_lvl,118
13:38:29.717 -> C,ts_engage_write,331886371
13:38:29.810 -> C,ts_engage_write,331974371
13:38:29.903 -> C,ts_engage_write,332062370
13:38:29.995 -> C,ts_engage_write,332150371
13:38:30.088 -> C,ts_engage_write,332238370
13:38:30.181 -> [FACE] heartbeat
13:38:30.181 -> C,mood_str,50
13:38:30.181 -> C,ts_engage_write,332326460
13:38:30.181 -> C,engage_lvl,116
13:38:30.181 -> C,modifier,15
13:38:30.181 -> C,engage_floor,0
13:38:30.181 -> C,loop_us,266
13:38:30.274 -> C,ts_engage_write,332414370
13:38:30.367 -> C,ts_engage_write,332502371
13:38:30.461 -> C,ts_engage_write,332590370
13:38:30.507 -> C,ts_engage_write,332678371
13:38:30.599 -> C,ts_engage_write,332766368
13:38:30.692 -> C,ts_engage_write,332854373
13:38:30.692 -> C,engage_lvl,115
13:38:30.786 -> C,ts_engage_write,332942370
13:38:30.881 -> C,ts_engage_write,333030371
13:38:30.973 -> C,ts_engage_write,333118370
13:38:31.066 -> C,ts_engage_write,333206371
13:38:31.160 -> C,ts_engage_write,333294370
13:38:31.207 -> [FACE] heartbeat
13:38:31.207 -> C,mood_str,50
13:38:31.207 -> C,ts_engage_write,333382484
13:38:31.254 -> C,engage_lvl,114
13:38:31.254 -> C,modifier,15
13:38:31.254 -> C,engage_floor,0
13:38:31.254 -> C,loop_us,284
13:38:31.301 -> C,ts_engage_write,333470374
13:38:31.393 -> C,ts_engage_write,333558371
13:38:31.489 -> C,ts_engage_write,333646370
13:38:31.582 -> C,ts_engage_write,333734371
13:38:31.676 -> C,ts_engage_write,333822368
13:38:31.768 -> C,ts_engage_write,333910373
13:38:31.768 -> C,engage_lvl,112
13:38:31.862 -> C,ts_engage_write,333998370
13:38:31.956 -> C,ts_engage_write,334086371
13:38:32.002 -> C,ts_engage_write,334174370
13:38:32.096 -> C,ts_engage_write,334262371
13:38:32.189 -> C,ts_engage_write,334350370
13:38:32.283 -> [FACE] heartbeat
13:38:32.283 -> C,mood_str,50
13:38:32.283 -> C,ts_engage_write,334438461
13:38:32.283 -> C,engage_lvl,111
13:38:32.283 -> C,modifier,15
13:38:32.283 -> C,engage_floor,0
13:38:32.283 -> C,loop_us,267
13:38:32.376 -> C,ts_engage_write,334526370
13:38:32.469 -> C,ts_engage_write,334614371
13:38:32.563 -> C,ts_engage_write,334702370
13:38:32.655 -> C,ts_engage_write,334790369
13:38:32.747 -> C,ts_engage_write,334878371
13:38:32.793 -> C,ts_engage_write,334966371
13:38:32.793 -> C,engage_lvl,109
13:38:32.887 -> C,ts_engage_write,335054370
13:38:32.982 -> C,ts_engage_write,335142371
13:38:33.073 -> C,ts_engage_write,335230370
13:38:33.167 -> C,ts_engage_write,335318371
13:38:33.262 -> C,ts_engage_write,335406370
13:38:33.355 -> [FACE] heartbeat
13:38:33.355 -> C,mood_str,50
13:38:33.355 -> C,ts_engage_write,335494479
13:38:33.355 -> C,engage_lvl,108
13:38:33.355 -> C,modifier,15
13:38:33.355 -> C,engage_floor,0
13:38:33.355 -> C,loop_us,279
13:38:33.447 -> C,ts_engage_write,335582367
13:38:33.541 -> C,ts_engage_write,335670371
13:38:33.588 -> C,ts_engage_write,335758368
13:38:33.679 -> C,ts_engage_write,335846373
13:38:33.774 -> C,ts_engage_write,335934370
13:38:33.867 -> C,ts_engage_write,336022371
13:38:33.867 -> C,engage_lvl,107
13:38:33.959 -> C,ts_engage_write,336110370
13:38:34.054 -> C,ts_engage_write,336198371
13:38:34.147 -> C,ts_engage_write,336286370
13:38:34.240 -> C,ts_engage_write,336374371
13:38:34.333 -> C,ts_engage_write,336462370
13:38:34.379 -> [FACE] heartbeat
13:38:34.379 -> C,mood_str,50
13:38:34.379 -> C,ts_engage_write,336550460
13:38:34.379 -> C,engage_lvl,105
13:38:34.379 -> C,modifier,15
13:38:34.379 -> C,engage_floor,0
13:38:34.379 -> C,loop_us,266
13:38:34.471 -> C,ts_engage_write,336638370
13:38:34.564 -> C,ts_engage_write,336726371
13:38:34.657 -> C,ts_engage_write,336814368
13:38:34.750 -> C,ts_engage_write,336902373
13:38:34.844 -> C,ts_engage_write,336990370
13:38:34.938 -> C,ts_engage_write,337078371
13:38:34.938 -> C,engage_lvl,104
13:38:35.030 -> C,ts_engage_write,337166376
13:38:35.123 -> C,ts_engage_write,337254374
13:38:35.170 -> C,ts_engage_write,337342370
13:38:35.264 -> C,ts_engage_write,337430371
13:38:35.356 -> C,ts_engage_write,337518370
13:38:35.449 -> [FACE] heartbeat
13:38:35.449 -> C,mood_str,50
13:38:35.449 -> C,ts_engage_write,337606473
13:38:35.449 -> C,engage_lvl,102
13:38:35.449 -> C,modifier,15
13:38:35.449 -> C,engage_floor,0
13:38:35.449 -> C,loop_us,280
13:38:35.543 -> C,ts_engage_write,337694370
13:38:35.636 -> C,ts_engage_write,337782369
13:38:35.730 -> C,ts_engage_write,337870371
13:38:35.823 -> C,ts_engage_write,337958371
13:38:35.915 -> C,ts_engage_write,338046370
13:38:35.962 -> C,ts_engage_write,338134371
13:38:35.962 -> C,engage_lvl,101
13:38:36.057 -> C,ts_engage_write,338222370
13:38:36.149 -> C,ts_engage_write,338310371
13:38:36.241 -> C,ts_engage_write,338398370
13:38:36.335 -> C,ts_engage_write,338486371
13:38:36.430 -> C,ts_engage_write,338574370
13:38:36.524 -> [FACE] heartbeat
13:38:36.524 -> C,mood_str,50
13:38:36.524 -> C,ts_engage_write,338662460
13:38:36.524 -> C,engage_lvl,100
13:38:36.524 -> C,modifier,15
13:38:36.524 -> C,engage_floor,0
13:38:36.524 -> C,loop_us,269
13:38:36.618 -> C,ts_engage_write,338750364
13:38:36.664 -> C,ts_engage_write,338838373
13:38:36.757 -> C,ts_engage_write,338926370
13:38:36.851 -> C,ts_engage_write,339014371
13:38:36.945 -> C,ts_engage_write,339102370
13:38:37.039 -> C,ts_engage_write,339190371
13:38:37.039 -> C,engage_lvl,98
13:38:37.132 -> C,ts_engage_write,339278370
13:38:37.227 -> C,ts_engage_write,339366371
13:38:37.319 -> C,ts_engage_write,339454370
13:38:37.411 -> C,ts_engage_write,339542371
13:38:37.458 -> C,ts_engage_write,339630370
13:38:37.552 -> [FACE] heartbeat
13:38:37.552 -> C,mood_str,50
13:38:37.552 -> C,ts_engage_write,339718474
13:38:37.552 -> C,engage_lvl,97
13:38:37.552 -> C,modifier,15
13:38:37.552 -> C,engage_floor,0
13:38:37.552 -> C,loop_us,271
13:38:37.643 -> C,ts_engage_write,339806369
13:38:37.738 -> C,ts_engage_write,339894373
13:38:37.830 -> C,ts_engage_write,339982370
13:38:37.926 -> C,ts_engage_write,340070371
13:38:38.018 -> C,ts_engage_write,340158370
13:38:38.111 -> C,ts_engage_write,340246371
13:38:38.111 -> C,engage_lvl,95
13:38:38.204 -> C,ts_engage_write,340334370
13:38:38.250 -> C,ts_engage_write,340422371
13:38:38.345 -> C,ts_engage_write,340510370
13:38:38.439 -> C,ts_engage_write,340598371
13:38:38.533 -> C,ts_engage_write,340686370
13:38:38.627 -> [FACE] heartbeat
13:38:38.627 -> C,mood_str,50
13:38:38.627 -> C,ts_engage_write,340774475
13:38:38.627 -> C,engage_lvl,94
13:38:38.627 -> C,modifier,15
13:38:38.627 -> C,engage_floor,0
13:38:38.627 -> C,loop_us,281
13:38:38.720 -> C,ts_engage_write,340862371
13:38:38.814 -> C,ts_engage_write,340950371
13:38:38.906 -> C,ts_engage_write,341038370
13:38:38.954 -> C,ts_engage_write,341126371
13:38:39.047 -> C,ts_engage_write,341214370
13:38:39.139 -> C,ts_engage_write,341302376
13:38:39.139 -> C,engage_lvl,93
13:38:39.232 -> C,ts_engage_write,341390375
13:38:39.325 -> C,ts_engage_write,341478371
13:38:39.419 -> C,ts_engage_write,341566370
13:38:39.512 -> C,ts_engage_write,341654371
13:38:39.605 -> C,ts_engage_write,341742370
13:38:39.697 -> [FACE] heartbeat
13:38:39.697 -> C,mood_str,50
13:38:39.697 -> C,ts_engage_write,341830483
13:38:39.697 -> C,engage_lvl,91
13:38:39.697 -> C,modifier,15
13:38:39.697 -> C,engage_floor,0
13:38:39.697 -> C,loop_us,286
13:38:39.789 -> C,ts_engage_write,341918370
13:38:39.836 -> C,ts_engage_write,342006371
13:38:39.930 -> C,ts_engage_write,342094370
13:38:40.022 -> C,ts_engage_write,342182371
13:38:40.116 -> C,ts_engage_write,342270370
13:38:40.208 -> C,ts_engage_write,342358371
13:38:40.208 -> C,engage_lvl,90
13:38:40.302 -> C,ts_engage_write,342446370
13:38:40.396 -> C,ts_engage_write,342534371
13:38:40.488 -> C,ts_engage_write,342622370
13:38:40.535 -> C,ts_engage_write,342710371
13:38:40.628 -> C,ts_engage_write,342798368
13:38:40.721 -> [FACE] heartbeat
13:38:40.721 -> C,mood_str,50
13:38:40.721 -> C,ts_engage_write,342886462
13:38:40.721 -> C,engage_lvl,88
13:38:40.721 -> C,modifier,15
13:38:40.721 -> C,engage_floor,0
13:38:40.721 -> C,loop_us,277
13:38:40.813 -> C,ts_engage_write,342974370
13:38:40.907 -> C,ts_engage_write,343062371
13:38:40.999 -> C,ts_engage_write,343150370
13:38:41.091 -> C,ts_engage_write,343238371
13:38:41.185 -> C,ts_engage_write,343326370
13:38:41.278 -> C,ts_engage_write,343414371
13:38:41.278 -> C,engage_lvl,87
13:38:41.372 -> C,ts_engage_write,343502370
13:38:41.419 -> C,ts_engage_write,343590371
13:38:41.514 -> C,ts_engage_write,343678370
13:38:41.607 -> C,ts_engage_write,343766369
13:38:41.700 -> C,ts_engage_write,343854371
13:38:41.795 -> [FACE] heartbeat
13:38:41.795 -> C,mood_str,50
13:38:41.795 -> C,ts_engage_write,343942482
13:38:41.795 -> C,engage_lvl,85
13:38:41.795 -> C,modifier,15
13:38:41.795 -> C,engage_floor,0
13:38:41.795 -> C,loop_us,285
13:38:41.889 -> C,ts_engage_write,344030370
13:38:41.982 -> C,ts_engage_write,344118371
13:38:42.076 -> C,ts_engage_write,344206370
13:38:42.123 -> C,ts_engage_write,344294371
13:38:42.215 -> C,ts_engage_write,344382370
13:38:42.309 -> C,ts_engage_write,344470371
13:38:42.309 -> C,engage_lvl,84
13:38:42.401 -> C,ts_engage_write,344558370
13:38:42.495 -> C,ts_engage_write,344646371
13:38:42.589 -> C,ts_engage_write,344734370
13:38:42.683 -> C,ts_engage_write,344822369
13:38:42.776 -> C,ts_engage_write,344910371
13:38:42.867 -> [FACE] heartbeat
13:38:42.867 -> C,mood_str,50
13:38:42.867 -> C,ts_engage_write,344998482
13:38:42.867 -> C,engage_lvl,83
13:38:42.867 -> C,modifier,15
13:38:42.867 -> C,engage_floor,0
13:38:42.867 -> C,loop_us,283
13:38:42.914 -> C,ts_engage_write,345086367
13:38:43.007 -> C,ts_engage_write,345174376
13:38:43.100 -> C,ts_engage_write,345262374
13:38:43.194 -> C,ts_engage_write,345350371
13:38:43.288 -> C,ts_engage_write,345438370
13:38:43.381 -> C,ts_engage_write,345526371
13:38:43.381 -> C,engage_lvl,81
13:38:43.474 -> C,ts_engage_write,345614370
13:38:43.567 -> C,ts_engage_write,345702371
13:38:43.661 -> C,ts_engage_write,345790368
13:38:43.708 -> C,ts_engage_write,345878373
13:38:43.800 -> C,ts_engage_write,345966370
13:38:43.894 -> [FACE] heartbeat
13:38:43.894 -> C,mood_str,50
13:38:43.894 -> C,ts_engage_write,346054460
13:38:43.894 -> C,engage_lvl,80
13:38:43.894 -> C,modifier,15
13:38:43.894 -> C,engage_floor,0
13:38:43.894 -> C,loop_us,262
13:38:43.988 -> C,ts_engage_write,346142367
13:38:44.080 -> C,ts_engage_write,346230371
13:38:44.174 -> C,ts_engage_write,346318370
13:38:44.267 -> C,ts_engage_write,346406371
13:38:44.360 -> C,ts_engage_write,346494370
13:38:44.453 -> C,ts_engage_write,346582371
13:38:44.453 -> C,engage_lvl,78
13:38:44.498 -> C,ts_engage_write,346670370
13:38:44.591 -> C,ts_engage_write,346758369
13:38:44.684 -> C,ts_engage_write,346846371
13:38:44.776 -> C,ts_engage_write,346934371
13:38:44.869 -> C,ts_engage_write,347022370
13:38:44.962 -> [FACE] heartbeat
13:38:44.962 -> C,mood_str,50
13:38:44.962 -> C,ts_engage_write,347110476
13:38:44.962 -> C,engage_lvl,77
13:38:44.962 -> C,modifier,15
13:38:44.962 -> C,engage_floor,0
13:38:44.962 -> C,loop_us,287
13:38:45.055 -> C,ts_engage_write,347198370
13:38:45.148 -> C,ts_engage_write,347286371
13:38:45.241 -> C,ts_engage_write,347374370
13:38:45.288 -> C,ts_engage_write,347462371
13:38:45.380 -> C,ts_engage_write,347550370
13:38:45.474 -> C,ts_engage_write,347638371
13:38:45.474 -> C,engage_lvl,76
13:38:45.567 -> C,ts_engage_write,347726370
13:38:45.660 -> C,ts_engage_write,347814369
13:38:45.752 -> C,ts_engage_write,347902371
13:38:45.845 -> C,ts_engage_write,347990371
13:38:45.937 -> C,ts_engage_write,348078370
13:38:46.031 -> [FACE] heartbeat
13:38:46.031 -> C,mood_str,50
13:38:46.031 -> C,ts_engage_write,348166474
13:38:46.031 -> C,engage_lvl,74
13:38:46.031 -> C,modifier,15
13:38:46.031 -> C,engage_floor,0
13:38:46.031 -> C,loop_us,275
13:38:46.125 -> C,ts_engage_write,348254370
13:38:46.172 -> C,ts_engage_write,348342371
13:38:46.266 -> C,ts_engage_write,348430370
13:38:46.358 -> C,ts_engage_write,348518371
13:38:46.450 -> C,ts_engage_write,348606370
13:38:46.542 -> C,ts_engage_write,348694371
13:38:46.542 -> C,engage_lvl,73
13:38:46.634 -> C,ts_engage_write,348782368
13:38:46.728 -> C,ts_engage_write,348870373
13:38:46.819 -> C,ts_engage_write,348958370
13:38:46.913 -> C,ts_engage_write,349046371
13:38:46.960 -> C,ts_engage_write,349134370
13:38:47.052 -> [FACE] heartbeat
13:38:47.052 -> C,mood_str,50
13:38:47.052 -> C,ts_engage_write,349222474
13:38:47.052 -> C,engage_lvl,71
13:38:47.052 -> C,modifier,15
13:38:47.052 -> C,engage_floor,0
13:38:47.052 -> C,loop_us,277
13:38:47.146 -> C,ts_engage_write,349310375
13:38:47.240 -> C,ts_engage_write,349398374
13:38:47.333 -> C,ts_engage_write,349486370
13:38:47.426 -> C,ts_engage_write,349574371
13:38:47.520 -> C,ts_engage_write,349662370
13:38:47.612 -> C,ts_engage_write,349750369
13:38:47.612 -> C,engage_lvl,70
13:38:47.706 -> C,ts_engage_write,349838371
13:38:47.753 -> C,ts_engage_write,349926371
13:38:47.846 -> C,ts_engage_write,350014370
13:38:47.939 -> C,ts_engage_write,350102371
13:38:48.033 -> C,ts_engage_write,350190370
13:38:48.125 -> [FACE] heartbeat
13:38:48.125 -> C,mood_str,50
13:38:48.125 -> C,ts_engage_write,350278474
13:38:48.125 -> C,engage_lvl,69
13:38:48.125 -> C,modifier,15
13:38:48.125 -> C,engage_floor,0
13:38:48.125 -> C,loop_us,287
13:38:48.218 -> C,ts_engage_write,350366370
13:38:48.311 -> C,ts_engage_write,350454371
13:38:48.405 -> C,ts_engage_write,350542370
13:38:48.497 -> C,ts_engage_write,350630371
13:38:48.544 -> C,ts_engage_write,350718370
13:38:48.636 -> C,ts_engage_write,350806369
13:38:48.636 -> C,engage_lvl,67
13:38:48.730 -> C,ts_engage_write,350894371
13:38:48.823 -> C,ts_engage_write,350982371
13:38:48.914 -> C,ts_engage_write,351070370
13:38:49.007 -> C,ts_engage_write,351158371
13:38:49.101 -> C,ts_engage_write,351246370
13:38:49.195 -> [FACE] heartbeat
13:38:49.195 -> C,mood_str,50
13:38:49.195 -> C,ts_engage_write,351334476
13:38:49.195 -> C,engage_lvl,66
13:38:49.195 -> C,modifier,15
13:38:49.195 -> C,engage_floor,0
13:38:49.195 -> C,loop_us,265
13:38:49.288 -> C,ts_engage_write,351422367
13:38:49.335 -> C,ts_engage_write,351510371
13:38:49.427 -> C,ts_engage_write,351598370
13:38:49.520 -> C,ts_engage_write,351686371
13:38:49.612 -> C,ts_engage_write,351774368
13:38:49.708 -> C,ts_engage_write,351862373
13:38:49.708 -> C,engage_lvl,64
13:38:49.800 -> C,ts_engage_write,351950370
13:38:49.893 -> C,ts_engage_write,352038371
13:38:49.988 -> C,ts_engage_write,352126370
13:38:50.078 -> C,ts_engage_write,352214371
13:38:50.171 -> C,ts_engage_write,352302370
13:38:50.218 -> [FACE] heartbeat
13:38:50.218 -> C,mood_str,50
13:38:50.218 -> C,ts_engage_write,352390475
13:38:50.218 -> C,engage_lvl,63
13:38:50.218 -> C,modifier,15
13:38:50.218 -> C,engage_floor,0
13:38:50.218 -> C,loop_us,276
13:38:50.312 -> C,ts_engage_write,352478370
13:38:50.405 -> C,ts_engage_write,352566371
13:38:50.498 -> C,ts_engage_write,352654370
13:38:50.591 -> C,ts_engage_write,352742371
13:38:50.683 -> C,ts_engage_write,352830368
13:38:50.777 -> C,ts_engage_write,352918373
13:38:50.777 -> C,engage_lvl,62
13:38:50.870 -> C,ts_engage_write,353006370
13:38:50.964 -> C,ts_engage_write,353094371
13:38:51.010 -> C,ts_engage_write,353182370
13:38:51.104 -> C,ts_engage_write,353270371
13:38:51.198 -> C,ts_engage_write,353358370
13:38:51.291 -> [FACE] heartbeat
13:38:51.291 -> C,mood_str,50
13:38:51.291 -> C,ts_engage_write,353446474
13:38:51.291 -> C,engage_lvl,60
13:38:51.291 -> C,modifier,15
13:38:51.291 -> C,engage_floor,0
13:38:51.291 -> C,loop_us,274
13:38:51.385 -> C,ts_engage_write,353534370
13:38:51.478 -> C,ts_engage_write,353622371
13:38:51.572 -> C,ts_engage_write,353710374
13:38:51.664 -> C,ts_engage_write,353798371
13:38:51.756 -> C,ts_engage_write,353886371
13:38:51.803 -> C,ts_engage_write,353974371
13:38:51.803 -> C,engage_lvl,59
13:38:51.897 -> C,ts_engage_write,354062370
13:38:51.988 -> C,ts_engage_write,354150371
13:38:52.081 -> C,ts_engage_write,354238370
13:38:52.174 -> C,ts_engage_write,354326371
13:38:52.268 -> C,ts_engage_write,354414370
13:38:52.360 -> [FACE] heartbeat
13:38:52.360 -> C,mood_str,50
13:38:52.360 -> C,ts_engage_write,354502474
13:38:52.360 -> C,engage_lvl,57
13:38:52.360 -> C,modifier,15
13:38:52.360 -> C,engage_floor,0
13:38:52.360 -> C,loop_us,274
13:38:52.454 -> C,ts_engage_write,354590370
13:38:52.545 -> C,ts_engage_write,354678371
13:38:52.591 -> C,ts_engage_write,354766369
13:38:52.685 -> C,ts_engage_write,354854373
13:38:52.779 -> C,ts_engage_write,354942370
13:38:52.872 -> C,ts_engage_write,355030371
13:38:52.872 -> C,engage_lvl,56
13:38:52.965 -> C,ts_engage_write,355118370
13:38:53.058 -> C,ts_engage_write,355206371
13:38:53.152 -> C,ts_engage_write,355294370
13:38:53.246 -> C,ts_engage_write,355382371
13:38:53.338 -> C,ts_engage_write,355470370
13:38:53.384 -> [FACE] heartbeat
13:38:53.384 -> C,mood_str,50
13:38:53.384 -> C,ts_engage_write,355558475
13:38:53.384 -> C,engage_lvl,55
13:38:53.384 -> C,modifier,15
13:38:53.384 -> C,engage_floor,0
13:38:53.384 -> C,loop_us,273
13:38:53.476 -> C,ts_engage_write,355646367
13:38:53.569 -> C,ts_engage_write,355734371
13:38:53.663 -> C,ts_engage_write,355822368
13:38:53.757 -> C,ts_engage_write,355910373
13:38:53.850 -> C,ts_engage_write,355998370
13:38:53.943 -> C,ts_engage_write,356086371
13:38:53.943 -> C,engage_lvl,53
13:38:54.036 -> C,ts_engage_write,356174370
13:38:54.128 -> C,ts_engage_write,356262371
13:38:54.176 -> C,ts_engage_write,356350370
13:38:54.269 -> C,ts_engage_write,356438371
13:38:54.363 -> C,ts_engage_write,356526370
13:38:54.456 -> [FACE] heartbeat
13:38:54.456 -> C,mood_str,50
13:38:54.456 -> C,ts_engage_write,356614482
13:38:54.456 -> C,engage_lvl,52
13:38:54.456 -> C,modifier,15
13:38:54.456 -> C,engage_floor,0
13:38:54.456 -> C,loop_us,284
13:38:54.550 -> C,ts_engage_write,356702370
13:38:54.644 -> C,ts_engage_write,356790369
13:38:54.737 -> C,ts_engage_write,356878371
13:38:54.830 -> C,ts_engage_write,356966371
13:38:54.924 -> C,ts_engage_write,357054370
13:38:54.971 -> C,ts_engage_write,357142371
13:38:54.971 -> C,engage_lvl,50
13:38:55.064 -> C,ts_engage_write,357230370
13:38:55.157 -> C,ts_engage_write,357318371
13:38:55.250 -> C,ts_engage_write,357406370
13:38:55.343 -> C,ts_engage_write,357494371
13:38:55.435 -> C,ts_engage_write,357582370
13:38:55.529 -> [FACE] heartbeat
13:38:55.529 -> C,mood_str,50
13:38:55.529 -> C,ts_engage_write,357670474
13:38:55.529 -> C,engage_lvl,49
13:38:55.529 -> C,modifier,15
13:38:55.529 -> C,engage_floor,0
13:38:55.529 -> C,loop_us,275
13:38:55.623 -> C,ts_engage_write,357758369
13:38:55.716 -> C,ts_engage_write,357846378
13:38:55.762 -> C,ts_engage_write,357934374
13:38:55.855 -> C,ts_engage_write,358022371
13:38:55.948 -> C,ts_engage_write,358110370
13:38:56.041 -> C,ts_engage_write,358198371
13:38:56.041 -> C,engage_lvl,48
13:38:56.133 -> C,ts_engage_write,358286370
13:38:56.227 -> C,ts_engage_write,358374371
13:38:56.320 -> C,ts_engage_write,358462370
13:38:56.412 -> C,ts_engage_write,358550371
13:38:56.506 -> C,ts_engage_write,358638370
13:38:56.552 -> [FACE] heartbeat
13:38:56.552 -> C,mood_str,50
13:38:56.552 -> C,ts_engage_write,358726460
13:38:56.552 -> C,engage_lvl,46
13:38:56.552 -> C,modifier,15
13:38:56.552 -> C,engage_floor,0
13:38:56.552 -> C,loop_us,268
13:38:56.646 -> C,ts_engage_write,358814364
13:38:56.738 -> C,ts_engage_write,358902373
13:38:56.833 -> C,ts_engage_write,358990370
13:38:56.927 -> C,ts_engage_write,359078371
13:38:57.019 -> C,ts_engage_write,359166370
13:38:57.112 -> C,ts_engage_write,359254371
13:38:57.112 -> C,engage_lvl,45
13:38:57.205 -> C,ts_engage_write,359342370
13:38:57.297 -> C,ts_engage_write,359430371
13:38:57.343 -> C,ts_engage_write,359518370
13:38:57.435 -> C,ts_engage_write,359606371
13:38:57.529 -> C,ts_engage_write,359694370
13:38:57.623 -> [FACE] heartbeat
13:38:57.623 -> C,mood_str,50
13:38:57.623 -> C,ts_engage_write,359782464
13:38:57.623 -> C,engage_lvl,43
13:38:57.623 -> C,modifier,15
13:38:57.623 -> C,engage_floor,0
13:38:57.623 -> C,loop_us,280
13:38:57.716 -> C,ts_engage_write,359870371
13:38:57.808 -> C,ts_engage_write,359958371
13:38:57.903 -> C,ts_engage_write,360046370
13:38:57.996 -> C,ts_engage_write,360134371
13:38:58.089 -> C,dom_touch,100
13:38:58.089 -> C,dom_sec,0
13:38:58.089 -> [MEM] tick: records=3 strength=100
13:38:58.089 -> C,rec_count,3
13:38:58.089 -> C,ts_engage_write,360222547
13:38:58.136 -> C,ts_engage_write,360310373
13:38:58.136 -> C,engage_lvl,42
13:38:58.231 -> C,ts_engage_write,360398370
13:38:58.323 -> C,ts_engage_write,360486371
13:38:58.416 -> C,ts_engage_write,360574370
13:38:58.509 -> C,ts_engage_write,360662371
13:38:58.604 -> C,ts_engage_write,360750368
13:38:58.696 -> [FACE] heartbeat
13:38:58.696 -> C,mood_str,50
13:38:58.696 -> C,ts_engage_write,360838464
13:38:58.696 -> C,engage_lvl,40
13:38:58.696 -> C,modifier,15
13:38:58.696 -> C,engage_floor,0
13:38:58.696 -> C,loop_us,241
13:38:58.789 -> C,ts_engage_write,360926368
13:38:58.883 -> C,ts_engage_write,361014371
13:38:58.978 -> C,ts_engage_write,361105735
13:38:59.026 -> C,ts_engage_write,361193401
13:38:59.118 -> C,ts_engage_write,361281371
13:38:59.211 -> C,ts_engage_write,361369371
13:38:59.211 -> C,engage_lvl,39
13:38:59.305 -> C,ts_engage_write,361457371
13:38:59.398 -> C,ts_engage_write,361545376
13:38:59.492 -> C,ts_engage_write,361633376
13:38:59.585 -> C,ts_engage_write,361721371
13:38:59.678 -> C,ts_engage_write,361809369
13:38:59.724 -> [FACE] heartbeat
13:38:59.724 -> C,mood_str,50
13:38:59.724 -> C,ts_engage_write,361897473
13:38:59.724 -> C,engage_lvl,38
13:38:59.724 -> C,modifier,15
13:38:59.724 -> C,engage_floor,0
13:38:59.724 -> C,loop_us,268
13:38:59.817 -> C,ts_engage_write,361985367
13:38:59.910 -> C,ts_engage_write,362073371
13:39:00.004 -> C,ts_engage_write,362161371
13:39:00.097 -> C,ts_engage_write,362249371
13:39:00.191 -> C,ts_engage_write,362337371
13:39:00.283 -> C,ts_engage_write,362425371
13:39:00.283 -> C,engage_lvl,36
13:39:00.376 -> C,ts_engage_write,362513371
13:39:00.469 -> C,ts_engage_write,362601371
13:39:00.515 -> C,ts_engage_write,362689371
13:39:00.608 -> C,ts_engage_write,362777369
13:39:00.702 -> C,ts_engage_write,362865373
13:39:00.795 -> [FACE] heartbeat
13:39:00.795 -> C,mood_str,50
13:39:00.795 -> C,ts_engage_write,362953471
13:39:00.795 -> C,engage_lvl,35
13:39:00.795 -> C,modifier,15
13:39:00.795 -> C,engage_floor,0
13:39:00.795 -> C,loop_us,271
13:39:00.887 -> C,ts_engage_write,363041368
13:39:00.980 -> C,ts_engage_write,363129371
13:39:01.072 -> C,ts_engage_write,363217371
13:39:01.165 -> C,ts_engage_write,363305371
13:39:01.258 -> C,ts_engage_write,363393371
13:39:01.351 -> C,ts_engage_write,363481371
13:39:01.351 -> C,engage_lvl,33
13:39:01.398 -> C,ts_engage_write,363569371
13:39:01.493 -> C,ts_engage_write,363657371
13:39:01.586 -> C,ts_engage_write,363745369
13:39:01.678 -> C,ts_engage_write,363833373
13:39:01.771 -> C,ts_engage_write,363921371
13:39:01.864 -> [FACE] heartbeat
13:39:01.864 -> C,mood_str,50
13:39:01.864 -> C,ts_engage_write,364009471
13:39:01.864 -> C,engage_lvl,32
13:39:01.864 -> C,modifier,15
13:39:01.864 -> C,engage_floor,0
13:39:01.864 -> C,loop_us,248
13:39:01.957 -> C,ts_engage_write,364097365
13:39:02.050 -> C,ts_engage_write,364185371
13:39:02.143 -> C,ts_engage_write,364273371
13:39:02.189 -> C,ts_engage_write,364361371
13:39:02.283 -> C,ts_engage_write,364449371
13:39:02.377 -> C,ts_engage_write,364537371
13:39:02.377 -> C,engage_lvl,31
13:39:02.470 -> C,ts_engage_write,364625371
13:39:02.562 -> C,ts_engage_write,364713371
13:39:02.656 -> C,ts_engage_write,364801369
13:39:02.749 -> C,ts_engage_write,364889373
13:39:02.841 -> C,ts_engage_write,364977371
13:39:02.936 -> [FACE] heartbeat
13:39:02.936 -> C,mood_str,50
13:39:02.936 -> C,ts_engage_write,365065461
13:39:02.936 -> C,engage_lvl,29
13:39:02.936 -> C,modifier,15
13:39:02.936 -> C,engage_floor,0
13:39:02.936 -> C,loop_us,278
13:39:02.982 -> C,ts_engage_write,365153371
13:39:03.075 -> C,ts_engage_write,365241371
13:39:03.170 -> C,ts_engage_write,365329376
13:39:03.264 -> C,ts_engage_write,365417374
13:39:03.357 -> C,ts_engage_write,365505371
13:39:03.449 -> C,ts_engage_write,365593371
13:39:03.449 -> C,engage_lvl,28
13:39:03.541 -> C,ts_engage_write,365681371
13:39:03.635 -> C,ts_engage_write,365769369
13:39:03.728 -> C,ts_engage_write,365857373
13:39:03.775 -> C,ts_engage_write,365945371
13:39:03.869 -> C,ts_engage_write,366033371
13:39:03.962 -> [FACE] heartbeat
13:39:03.962 -> C,mood_str,50
13:39:03.962 -> C,ts_engage_write,366121460
13:39:03.962 -> C,engage_lvl,26
13:39:03.962 -> C,modifier,15
13:39:03.962 -> C,engage_floor,0
13:39:03.962 -> C,loop_us,276
13:39:04.055 -> C,ts_engage_write,366209371
13:39:04.149 -> C,ts_engage_write,366297371
13:39:04.241 -> C,ts_engage_write,366385371
13:39:04.335 -> C,ts_engage_write,366473371
13:39:04.428 -> C,ts_engage_write,366561371
13:39:04.475 -> C,ts_engage_write,366649371
13:39:04.475 -> C,engage_lvl,25
13:39:04.568 -> C,ts_engage_write,366737371
13:39:04.661 -> C,ts_engage_write,366825369
13:39:04.754 -> C,ts_engage_write,366913373
13:39:04.847 -> C,ts_engage_write,367001371
13:39:04.941 -> C,ts_engage_write,367089371
13:39:05.035 -> [FACE] heartbeat
13:39:05.035 -> C,mood_str,50
13:39:05.035 -> C,ts_engage_write,367177474
13:39:05.035 -> C,engage_lvl,24
13:39:05.035 -> C,modifier,15
13:39:05.035 -> C,engage_floor,0
13:39:05.035 -> C,loop_us,264
13:39:05.128 -> C,ts_engage_write,367265371
13:39:05.221 -> C,ts_engage_write,367353371
13:39:05.266 -> C,ts_engage_write,367441371
13:39:05.360 -> C,ts_engage_write,367529371
13:39:05.454 -> C,ts_engage_write,367617371
13:39:05.546 -> C,ts_engage_write,367705371
13:39:05.546 -> C,engage_lvl,22
13:39:05.641 -> C,ts_engage_write,367793369
13:39:05.734 -> C,ts_engage_write,367881373
13:39:05.827 -> C,ts_engage_write,367969371
13:39:05.919 -> C,ts_engage_write,368057371
13:39:06.011 -> C,ts_engage_write,368145371
13:39:06.057 -> [FACE] heartbeat
13:39:06.057 -> C,mood_str,50
13:39:06.057 -> C,ts_engage_write,368233460
13:39:06.057 -> C,engage_lvl,21
13:39:06.057 -> C,modifier,15
13:39:06.057 -> C,engage_floor,0
13:39:06.057 -> C,loop_us,271
13:39:06.152 -> C,ts_engage_write,368321371
13:39:06.246 -> C,ts_engage_write,368409371
13:39:06.340 -> C,ts_engage_write,368497371
13:39:06.431 -> C,ts_engage_write,368585371
13:39:06.526 -> C,ts_engage_write,368673371
13:39:06.619 -> C,ts_engage_write,368761369
13:39:06.619 -> C,engage_lvl,19
13:39:06.712 -> C,ts_engage_write,368849373
13:39:06.805 -> C,ts_engage_write,368937371
13:39:06.851 -> C,ts_engage_write,369025371
13:39:06.945 -> C,ts_engage_write,369113376
13:39:07.038 -> C,ts_engage_write,369201376
13:39:07.132 -> [FACE] heartbeat
13:39:07.132 -> C,mood_str,50
13:39:07.132 -> C,ts_engage_write,369289464
13:39:07.132 -> C,engage_lvl,18
13:39:07.132 -> C,modifier,15
13:39:07.132 -> C,engage_floor,0
13:39:07.132 -> C,loop_us,267
13:39:07.224 -> C,ts_engage_write,369377371
13:39:07.318 -> C,ts_engage_write,369465371
13:39:07.411 -> C,ts_engage_write,369553371
13:39:07.505 -> C,ts_engage_write,369641371
13:39:07.599 -> C,ts_engage_write,369729371
13:39:07.646 -> C,ts_engage_write,369817369
13:39:07.646 -> C,engage_lvl,17
13:39:07.739 -> C,ts_engage_write,369905373
13:39:07.831 -> C,ts_engage_write,369993371
13:39:07.926 -> C,ts_engage_write,370081371
13:39:08.019 -> C,ts_engage_write,370169371
13:39:08.114 -> C,ts_engage_write,370257371
13:39:08.207 -> [FACE] heartbeat
13:39:08.207 -> C,mood_str,50
13:39:08.207 -> C,ts_engage_write,370345460
13:39:08.207 -> C,engage_lvl,15
13:39:08.207 -> C,modifier,15
13:39:08.207 -> C,engage_floor,0
13:39:08.207 -> C,loop_us,260
13:39:08.298 -> C,ts_engage_write,370433368
13:39:08.391 -> C,ts_engage_write,370521371
13:39:08.438 -> C,ts_engage_write,370609371
13:39:08.532 -> C,ts_engage_write,370697371
13:39:08.625 -> C,ts_engage_write,370785369
13:39:08.718 -> C,ts_engage_write,370873373
13:39:08.718 -> C,engage_lvl,14
13:39:08.810 -> C,ts_engage_write,370961371
13:39:08.902 -> C,ts_engage_write,371049371
13:39:08.995 -> C,ts_engage_write,371137371
13:39:09.090 -> C,ts_engage_write,371225371
13:39:09.183 -> C,ts_engage_write,371313371
13:39:09.230 -> [FACE] heartbeat
13:39:09.230 -> C,mood_str,50
13:39:09.230 -> C,ts_engage_write,371401460
13:39:09.230 -> C,engage_lvl,12
13:39:09.230 -> C,modifier,15
13:39:09.230 -> C,engage_floor,0
13:39:09.230 -> C,loop_us,262
13:39:09.322 -> C,ts_engage_write,371489368
13:39:09.414 -> C,ts_engage_write,371577371
13:39:09.506 -> C,ts_engage_write,371665371
13:39:09.599 -> C,ts_engage_write,371753369
13:39:09.692 -> C,ts_engage_write,371841373
13:39:09.787 -> C,ts_engage_write,371929371
13:39:09.787 -> C,engage_lvl,11
13:39:09.880 -> C,ts_engage_write,372017371
13:39:09.972 -> C,ts_engage_write,372105371
13:39:10.018 -> C,ts_engage_write,372193371
13:39:10.112 -> C,ts_engage_write,372281371
13:39:10.207 -> C,ts_engage_write,372369371
13:39:10.300 -> [FACE] heartbeat
13:39:10.300 -> C,mood_str,50
13:39:10.300 -> C,ts_engage_write,372457460
13:39:10.300 -> C,engage_lvl,10
13:39:10.300 -> C,modifier,15
13:39:10.300 -> C,engage_floor,0
13:39:10.300 -> C,loop_us,263
13:39:10.394 -> C,ts_engage_write,372545368
13:39:10.487 -> C,ts_engage_write,372633371
13:39:10.579 -> C,ts_engage_write,372721371
13:39:10.672 -> C,ts_engage_write,372809369
13:39:10.765 -> C,ts_engage_write,372897373
13:39:10.810 -> C,ts_engage_write,372985371
13:39:10.810 -> C,engage_lvl,8
13:39:10.903 -> C,ts_engage_write,373073371
13:39:10.997 -> C,ts_engage_write,373161371
13:39:11.091 -> C,ts_engage_write,373249371
13:39:11.184 -> C,ts_engage_write,373337371
13:39:11.275 -> C,ts_engage_write,373425371
13:39:11.368 -> [FACE] heartbeat
13:39:11.368 -> C,mood_str,50
13:39:11.368 -> C,ts_engage_write,373513460
13:39:11.368 -> C,engage_lvl,7
13:39:11.368 -> C,modifier,15
13:39:11.368 -> C,engage_floor,0
13:39:11.368 -> C,loop_us,235
13:39:11.461 -> C,ts_engage_write,373601368
13:39:11.555 -> C,ts_engage_write,373689376
13:39:11.602 -> C,ts_engage_write,373777373
13:39:11.695 -> C,ts_engage_write,373865373
13:39:11.788 -> C,ts_engage_write,373953371
13:39:11.880 -> C,ts_engage_write,374041371
13:39:11.880 -> C,engage_lvl,5
13:39:11.973 -> C,ts_engage_write,374129371
13:39:12.067 -> C,ts_engage_write,374217371
13:39:12.160 -> C,ts_engage_write,374305371
13:39:12.253 -> C,ts_engage_write,374393371
13:39:12.345 -> C,ts_engage_write,374481368
13:39:12.440 -> [FACE] heartbeat
13:39:12.440 -> C,mood_str,50
13:39:12.440 -> C,ts_engage_write,374569460
13:39:12.440 -> C,engage_lvl,4
13:39:12.440 -> C,modifier,15
13:39:12.440 -> C,engage_floor,0
13:39:12.440 -> C,loop_us,236
13:39:12.486 -> C,ts_engage_write,374657361
13:39:12.578 -> C,ts_engage_write,374745367
13:39:12.671 -> C,ts_engage_write,374833369
13:39:12.763 -> C,ts_engage_write,374921368
13:39:12.858 -> C,ts_engage_write,375009368
13:39:12.858 -> [TOUCH] transition raw=1 pressed=1 ms=375009
13:39:12.858 -> [TOUCH] START raw=1 ms=375009
13:39:12.950 -> C,ts_engage_write,375097373
13:39:12.950 -> C,engage_lvl,2
13:39:12.950 -> [TOUCH] transition raw=0 pressed=0 ms=375097
13:39:12.950 -> [TOUCH] RELEASE raw=0 duration=88 ms=375097
13:39:12.950 -> [TOUCH] TAP
13:39:12.950 -> [EMOTION] IDLE -> HAPPY
13:39:12.950 -> EVT:{"type":"timeline","text":"User tap interaction","tag":"touch"}
13:39:13.044 -> C,ts_engage_write,375189445
13:39:13.138 -> C,ts_engage_write,375278385
13:39:13.230 -> C,ts_engage_write,375366387
13:39:13.324 -> C,ts_engage_write,375454383
13:39:13.370 -> C,ts_engage_write,375542387
13:39:13.462 -> [FACE] heartbeat
13:39:13.462 -> C,mood_str,50
13:39:13.462 -> C,ts_engage_write,375630502
13:39:13.462 -> C,engage_lvl,1
13:39:13.462 -> C,modifier,15
13:39:13.462 -> C,engage_floor,0
13:39:13.462 -> C,loop_us,295
13:39:13.555 -> C,ts_engage_write,375719383
13:39:13.648 -> C,ts_engage_write,375807382
13:39:13.740 -> C,ts_engage_write,375895385
13:39:13.833 -> C,ts_engage_write,375983386
13:39:13.927 -> C,ts_engage_write,376071386
13:39:14.020 -> C,ts_engage_write,376159386
13:39:14.020 -> C,engage_lvl,0
13:39:14.113 -> C,ts_engage_write,376247386
13:39:14.159 -> C,ts_engage_write,376335386
13:39:14.251 -> C,ts_engage_write,376423385
13:39:14.344 -> C,ts_engage_write,376511387
13:39:14.437 -> C,ts_engage_write,376599384
13:39:14.530 -> [FACE] heartbeat
13:39:14.530 -> C,mood_str,50
13:39:14.530 -> C,ts_engage_write,376687483
13:39:14.530 -> C,engage_lvl,0
13:39:14.530 -> C,modifier,15
13:39:14.530 -> C,engage_floor,0
13:39:14.530 -> C,loop_us,258
13:39:14.623 -> C,ts_engage_write,376776385
13:39:14.717 -> C,ts_engage_write,376864386
13:39:14.809 -> C,ts_engage_write,376952382
13:39:14.903 -> C,ts_engage_write,377040385
13:39:14.996 -> C,ts_engage_write,377128382
13:39:15.042 -> C,ts_engage_write,377216384
13:39:15.042 -> C,engage_lvl,0
13:39:15.134 -> C,ts_engage_write,377304382
13:39:15.228 -> C,ts_engage_write,377392382
13:39:15.321 -> C,ts_engage_write,377480382
13:39:15.415 -> C,ts_engage_write,377568385
13:39:15.507 -> C,ts_engage_write,377656382
13:39:15.602 -> [FACE] heartbeat
13:39:15.602 -> C,mood_str,50
13:39:15.602 -> C,ts_engage_write,377744485
13:39:15.602 -> C,engage_lvl,0
13:39:15.602 -> C,modifier,15
13:39:15.602 -> C,engage_floor,0
13:39:15.602 -> C,loop_us,273
13:39:15.695 -> C,ts_engage_write,377833383
13:39:15.788 -> C,ts_engage_write,377921385
13:39:15.833 -> C,ts_engage_write,378009386
13:39:15.925 -> C,ts_engage_write,378097384
13:39:16.019 -> C,ts_engage_write,378185381
13:39:16.112 -> C,ts_engage_write,378273382
13:39:16.112 -> C,engage_lvl,0
13:39:16.207 -> C,ts_engage_write,378361384
13:39:16.300 -> C,ts_engage_write,378449382
13:39:16.394 -> C,ts_engage_write,378537383
13:39:16.488 -> C,ts_engage_write,378625382
13:39:16.581 -> C,ts_engage_write,378713382
13:39:16.628 -> [FACE] heartbeat
13:39:16.628 -> C,mood_str,50
13:39:16.628 -> C,ts_engage_write,378801485
13:39:16.628 -> C,engage_lvl,0
13:39:16.628 -> C,modifier,15
13:39:16.628 -> C,engage_floor,0
13:39:16.628 -> C,loop_us,272
13:39:16.720 -> C,ts_engage_write,378890383
13:39:16.812 -> C,ts_engage_write,378978382
13:39:16.905 -> C,ts_engage_write,379066384
13:39:16.997 -> C,ts_engage_write,379154382
13:39:17.090 -> C,ts_engage_write,379242384
13:39:17.183 -> C,ts_engage_write,379330382
13:39:17.183 -> C,engage_lvl,0
13:39:17.275 -> C,ts_engage_write,379418382
13:39:17.368 -> C,ts_engage_write,379506382
13:39:17.461 -> C,ts_engage_write,379594382
13:39:17.508 -> C,ts_engage_write,379682382
13:39:17.601 -> C,ts_engage_write,379770382
13:39:17.696 -> [FACE] heartbeat
13:39:17.696 -> C,mood_str,50
13:39:17.696 -> C,ts_engage_write,379858475
13:39:17.696 -> C,engage_lvl,0
13:39:17.696 -> C,modifier,15
13:39:17.696 -> C,engage_floor,0
13:39:17.696 -> C,loop_us,253
13:39:17.789 -> C,ts_engage_write,379946385
13:39:17.882 -> C,ts_engage_write,380034382
13:39:17.976 -> [EMOTION] HAPPY -> IDLE (timeout)
13:39:17.976 -> C,ts_engage_write,380122464
13:39:18.068 -> C,ts_engage_write,380210376
13:39:18.160 -> C,ts_engage_write,380298367
13:39:18.253 -> C,ts_engage_write,380386366
13:39:18.253 -> C,engage_lvl,0
13:39:18.299 -> C,ts_engage_write,380474367
13:39:18.393 -> C,ts_engage_write,380562366
13:39:18.487 -> C,ts_engage_write,380650367
13:39:18.580 -> C,ts_engage_write,380738366
13:39:18.673 -> C,ts_engage_write,380826366
13:39:18.765 -> [FACE] heartbeat
13:39:18.765 -> C,mood_str,50
13:39:18.765 -> C,ts_engage_write,380914464
13:39:18.765 -> C,engage_lvl,0
13:39:18.765 -> C,modifier,15
13:39:18.765 -> C,engage_floor,0
13:39:18.765 -> C,loop_us,261
13:39:18.858 -> C,ts_engage_write,381002364
13:39:18.951 -> C,ts_engage_write,381090367
13:39:19.046 -> C,ts_engage_write,381178366
13:39:19.092 -> C,ts_engage_write,381266367
13:39:19.185 -> C,ts_engage_write,381354366
13:39:19.278 -> C,ts_engage_write,381442367
13:39:19.278 -> C,engage_lvl,0
13:39:19.371 -> C,ts_engage_write,381530366
13:39:19.464 -> C,ts_engage_write,381618367
13:39:19.557 -> C,ts_engage_write,381706366
13:39:19.650 -> C,ts_engage_write,381794366
13:39:19.741 -> C,ts_engage_write,381882367
13:39:19.834 -> [FACE] heartbeat
13:39:19.834 -> C,mood_str,50
13:39:19.834 -> C,ts_engage_write,381970454
13:39:19.834 -> C,engage_lvl,0
13:39:19.834 -> C,modifier,15
13:39:19.834 -> C,engage_floor,0
13:39:19.834 -> C,loop_us,228
13:39:19.928 -> C,ts_engage_write,382058359
13:39:19.974 -> C,ts_engage_write,382146371
13:39:20.067 -> C,ts_engage_write,382234366
13:39:20.160 -> C,ts_engage_write,382322367
13:39:20.253 -> C,ts_engage_write,382410366
13:39:20.345 -> C,ts_engage_write,382498367
13:39:20.345 -> C,engage_lvl,0
13:39:20.438 -> C,ts_engage_write,382586366
13:39:20.532 -> C,ts_engage_write,382674367
13:39:20.623 -> C,ts_engage_write,382762364
13:39:20.716 -> C,ts_engage_write,382850368
13:39:20.763 -> C,ts_engage_write,382938366
13:39:20.856 -> [FACE] heartbeat
13:39:20.856 -> C,mood_str,50
13:39:20.856 -> C,ts_engage_write,383026444
13:39:20.856 -> C,engage_lvl,0
13:39:20.856 -> C,modifier,15
13:39:20.856 -> C,engage_floor,0
13:39:20.856 -> C,loop_us,240
13:39:20.949 -> C,ts_engage_write,383114359
13:39:21.042 -> C,ts_engage_write,383202367
13:39:21.136 -> C,ts_engage_write,383290364
13:39:21.228 -> C,ts_engage_write,383378367
13:39:21.322 -> C,ts_engage_write,383466364
13:39:21.414 -> C,ts_engage_write,383554367
13:39:21.414 -> C,engage_lvl,0
13:39:21.506 -> C,ts_engage_write,383642364
13:39:21.600 -> C,ts_engage_write,383730367
13:39:21.647 -> C,ts_engage_write,383818363
13:39:21.741 -> C,ts_engage_write,383906368
13:39:21.833 -> C,ts_engage_write,383994366
13:39:21.927 -> [FACE] heartbeat
13:39:21.927 -> C,mood_str,50
13:39:21.927 -> C,ts_engage_write,384082441
13:39:21.927 -> C,engage_lvl,0
13:39:21.927 -> C,modifier,15
13:39:21.927 -> C,engage_floor,0
13:39:21.927 -> C,loop_us,238
13:39:22.021 -> C,ts_engage_write,384170361
13:39:22.114 -> C,ts_engage_write,384258367
13:39:22.207 -> C,ts_engage_write,384346364
13:39:22.301 -> C,ts_engage_write,384434367
13:39:22.347 -> C,ts_engage_write,384522364
13:39:22.441 -> C,ts_engage_write,384610367
13:39:22.441 -> C,engage_lvl,0
13:39:22.534 -> C,ts_engage_write,384698364
13:39:22.628 -> C,ts_engage_write,384786366
13:39:22.720 -> C,ts_engage_write,384874366
13:39:22.813 -> C,ts_engage_write,384962367
13:39:22.907 -> C,ts_engage_write,385050364
13:39:23.000 -> [FACE] heartbeat
13:39:23.000 -> C,mood_str,50
13:39:23.000 -> C,ts_engage_write,385138441
13:39:23.000 -> C,engage_lvl,0
13:39:23.000 -> C,modifier,15
13:39:23.000 -> C,engage_floor,0
13:39:23.000 -> C,loop_us,215
13:39:23.093 -> C,ts_engage_write,385226359
13:39:23.139 -> C,ts_engage_write,385314367
13:39:23.232 -> C,ts_engage_write,385402364
13:39:23.326 -> C,ts_engage_write,385490367
13:39:23.418 -> C,ts_engage_write,385578364
13:39:23.512 -> C,ts_engage_write,385666367
13:39:23.512 -> C,engage_lvl,0
13:39:23.605 -> C,ts_engage_write,385754364
13:39:23.698 -> C,ts_engage_write,385842368
13:39:23.791 -> C,ts_engage_write,385930366
13:39:23.884 -> C,ts_engage_write,386018367
13:39:23.931 -> C,ts_engage_write,386106366
13:39:24.023 -> [FACE] heartbeat
13:39:24.023 -> C,mood_str,50
13:39:24.023 -> C,ts_engage_write,386194441
13:39:24.023 -> C,engage_lvl,0
13:39:24.023 -> C,modifier,15
13:39:24.023 -> C,engage_floor,0
13:39:24.023 -> C,loop_us,237
13:39:24.117 -> C,ts_engage_write,386282359
13:39:24.211 -> C,ts_engage_write,386370367
13:39:24.304 -> C,ts_engage_write,386458364
13:39:24.397 -> C,ts_engage_write,386546367
13:39:24.491 -> C,ts_engage_write,386634364
13:39:24.582 -> C,ts_engage_write,386722367
13:39:24.582 -> C,engage_lvl,0
13:39:24.676 -> C,ts_engage_write,386810363
13:39:24.723 -> C,ts_engage_write,386898368
13:39:24.816 -> C,ts_engage_write,386986366
13:39:24.909 -> C,ts_engage_write,387074367
13:39:25.003 -> C,ts_engage_write,387162366
13:39:25.096 -> [FACE] heartbeat
13:39:25.096 -> C,mood_str,50
13:39:25.096 -> C,ts_engage_write,387250460
13:39:25.096 -> C,engage_lvl,0
13:39:25.096 -> C,modifier,15
13:39:25.096 -> C,engage_floor,0
13:39:25.096 -> C,loop_us,262
13:39:25.189 -> C,ts_engage_write,387338364
13:39:25.282 -> C,ts_engage_write,387426368
13:39:25.376 -> C,ts_engage_write,387514366
13:39:25.470 -> C,ts_engage_write,387602367
13:39:25.517 -> C,ts_engage_write,387690366
13:39:25.610 -> C,ts_engage_write,387778367
13:39:25.610 -> C,engage_lvl,0
13:39:25.705 -> C,ts_engage_write,387866368
13:39:25.798 -> C,ts_engage_write,387954367
13:39:25.891 -> C,ts_engage_write,388042366
13:39:25.984 -> C,ts_engage_write,388130368
13:39:26.078 -> C,ts_engage_write,388218366
13:39:26.169 -> [FACE] heartbeat
13:39:26.169 -> C,mood_str,50
13:39:26.169 -> C,ts_engage_write,388306454
13:39:26.169 -> C,engage_lvl,0
13:39:26.169 -> C,modifier,15
13:39:26.169 -> C,engage_floor,0
13:39:26.169 -> C,loop_us,252
13:39:26.261 -> C,ts_engage_write,388394365
13:39:26.308 -> C,ts_engage_write,388482367
13:39:26.400 -> C,ts_engage_write,388570366
13:39:26.493 -> C,ts_engage_write,388658367
13:39:26.585 -> C,ts_engage_write,388746364
13:39:26.678 -> C,ts_engage_write,388834368
13:39:26.678 -> C,engage_lvl,0
13:39:26.771 -> C,ts_engage_write,388922366
13:39:26.864 -> C,ts_engage_write,389010367
13:39:26.957 -> C,ts_engage_write,389098366
13:39:27.049 -> C,ts_engage_write,389186367
13:39:27.143 -> C,ts_engage_write,389274366
13:39:27.190 -> [FACE] heartbeat
13:39:27.190 -> C,mood_str,50
13:39:27.190 -> C,ts_engage_write,389362441
13:39:27.190 -> C,engage_lvl,0
13:39:27.190 -> C,modifier,15
13:39:27.190 -> C,engage_floor,0
13:39:27.190 -> C,loop_us,215
13:39:27.282 -> C,ts_engage_write,389450359
13:39:27.373 -> C,ts_engage_write,389538367
13:39:27.467 -> C,ts_engage_write,389626364
13:39:27.560 -> C,ts_engage_write,389714367
13:39:27.653 -> C,ts_engage_write,389802363
13:39:27.746 -> C,ts_engage_write,389890368
13:39:27.746 -> C,engage_lvl,0
13:39:27.839 -> C,ts_engage_write,389978363
13:39:27.933 -> C,ts_engage_write,390066367
13:39:27.980 -> C,ts_engage_write,390154364
13:39:28.072 -> C,ts_engage_write,390242367
13:39:28.166 -> C,ts_engage_write,390330364
13:39:28.259 -> [FACE] heartbeat
13:39:28.259 -> C,mood_str,50
13:39:28.259 -> C,ts_engage_write,390418440
13:39:28.259 -> C,engage_lvl,0
13:39:28.259 -> C,modifier,15
13:39:28.259 -> C,engage_floor,0
13:39:28.259 -> C,loop_us,236
13:39:28.353 -> C,ts_engage_write,390506359
13:39:28.446 -> C,ts_engage_write,390594367
13:39:28.539 -> C,ts_engage_write,390682366
13:39:28.632 -> C,ts_engage_write,390770366
13:39:28.726 -> C,ts_engage_write,390858367
13:39:28.773 -> C,ts_engage_write,390946367
13:39:28.773 -> C,engage_lvl,0
13:39:28.867 -> C,ts_engage_write,391034366
13:39:28.960 -> C,ts_engage_write,391122367
13:39:29.053 -> C,ts_engage_write,391210366
13:39:29.146 -> C,ts_engage_write,391298367
13:39:29.239 -> C,ts_engage_write,391386366
13:39:29.332 -> [FACE] heartbeat
13:39:29.332 -> C,mood_str,50
13:39:29.332 -> C,ts_engage_write,391474460
13:39:29.332 -> C,engage_lvl,0
13:39:29.332 -> C,modifier,15
13:39:29.332 -> C,engage_floor,0
13:39:29.332 -> C,loop_us,261
13:39:29.425 -> C,ts_engage_write,391562364
13:39:29.518 -> C,ts_engage_write,391650368
13:39:29.564 -> C,ts_engage_write,391738366
13:39:29.657 -> C,ts_engage_write,391826366
13:39:29.751 -> C,ts_engage_write,391914367
13:39:29.844 -> C,ts_engage_write,392002368
13:39:29.844 -> C,engage_lvl,0
13:39:29.939 -> C,ts_engage_write,392090366
13:39:30.032 -> C,ts_engage_write,392178367
13:39:30.126 -> C,ts_engage_write,392266366
13:39:30.217 -> C,ts_engage_write,392354368
13:39:30.310 -> C,ts_engage_write,392442366
13:39:30.356 -> [FACE] heartbeat
13:39:30.356 -> C,mood_str,50
13:39:30.356 -> C,ts_engage_write,392530455
13:39:30.356 -> C,engage_lvl,0
13:39:30.356 -> C,modifier,15
13:39:30.356 -> C,engage_floor,0
13:39:30.356 -> C,loop_us,263
13:39:30.448 -> C,ts_engage_write,392618362
13:39:30.541 -> C,ts_engage_write,392706367
13:39:30.634 -> C,ts_engage_write,392794364
13:39:30.728 -> C,ts_engage_write,392882368
13:39:30.821 -> C,ts_engage_write,392970366
13:39:30.914 -> C,ts_engage_write,393058367
13:39:30.914 -> C,engage_lvl,0
13:39:31.007 -> C,ts_engage_write,393146366
13:39:31.099 -> C,ts_engage_write,393234367
13:39:31.145 -> C,ts_engage_write,393322365
13:39:31.238 -> C,ts_engage_write,393410367
13:39:31.332 -> C,ts_engage_write,393498366
13:39:31.426 -> [FACE] heartbeat
13:39:31.426 -> C,mood_str,50
13:39:31.426 -> C,ts_engage_write,393586442
13:39:31.426 -> C,engage_lvl,0
13:39:31.426 -> C,modifier,15
13:39:31.426 -> C,engage_floor,0
13:39:31.426 -> C,loop_us,237
13:39:31.519 -> C,ts_engage_write,393674361
13:39:31.612 -> C,ts_engage_write,393762366
13:39:31.705 -> C,ts_engage_write,393850367
13:39:31.797 -> C,ts_engage_write,393938367
13:39:31.890 -> C,ts_engage_write,394026366
13:39:31.938 -> C,ts_engage_write,394114367
13:39:31.938 -> C,engage_lvl,0
13:39:32.030 -> C,ts_engage_write,394202366
13:39:32.123 -> C,ts_engage_write,394290367
13:39:32.214 -> C,ts_engage_write,394378366
13:39:32.307 -> C,ts_engage_write,394466367
13:39:32.400 -> C,ts_engage_write,394554366
13:39:32.495 -> [FACE] heartbeat
13:39:32.495 -> C,mood_str,50
13:39:32.495 -> C,ts_engage_write,394642441
13:39:32.495 -> C,engage_lvl,0
13:39:32.495 -> C,modifier,15
13:39:32.495 -> C,engage_floor,0
13:39:32.495 -> C,loop_us,256
13:39:32.588 -> C,ts_engage_write,394730364
13:39:32.681 -> C,ts_engage_write,394818366
13:39:32.774 -> C,ts_engage_write,394906367
13:39:32.820 -> C,ts_engage_write,394994367
13:39:32.913 -> C,ts_engage_write,395082366
13:39:33.006 -> C,ts_engage_write,395170367
13:39:33.006 -> C,engage_lvl,0
13:39:33.100 -> C,ts_engage_write,395258366
13:39:33.193 -> C,ts_engage_write,395346367
13:39:33.286 -> C,ts_engage_write,395434366
13:39:33.380 -> C,ts_engage_write,395522367
13:39:33.473 -> C,ts_engage_write,395610366
13:39:33.565 -> [FACE] heartbeat
13:39:33.565 -> C,mood_str,50
13:39:33.565 -> C,ts_engage_write,395698441
13:39:33.565 -> C,engage_lvl,0
13:39:33.565 -> C,modifier,15
13:39:33.565 -> C,engage_floor,0
13:39:33.565 -> C,loop_us,243
13:39:33.612 -> C,ts_engage_write,395786363
13:39:33.706 -> C,ts_engage_write,395874368
13:39:33.799 -> C,ts_engage_write,395962366
13:39:33.891 -> C,ts_engage_write,396050367
13:39:33.985 -> C,ts_engage_write,396138366
13:39:34.079 -> C,ts_engage_write,396226367
13:39:34.079 -> C,engage_lvl,0
13:39:34.172 -> C,ts_engage_write,396314366
13:39:34.265 -> C,ts_engage_write,396402367
13:39:34.357 -> C,ts_engage_write,396490366
13:39:34.404 -> C,ts_engage_write,396578367
13:39:34.496 -> C,ts_engage_write,396666366
13:39:34.590 -> [FACE] heartbeat
13:39:34.590 -> C,mood_str,50
13:39:34.590 -> C,ts_engage_write,396754440
13:39:34.590 -> C,engage_lvl,0
13:39:34.590 -> C,modifier,15
13:39:34.590 -> C,engage_floor,0
13:39:34.590 -> C,loop_us,255
13:39:34.682 -> C,ts_engage_write,396842366
13:39:34.776 -> C,ts_engage_write,396930367
13:39:34.869 -> C,ts_engage_write,397018366
13:39:34.962 -> C,ts_engage_write,397106367
13:39:35.056 -> C,ts_engage_write,397194366
13:39:35.148 -> C,ts_engage_write,397282367
13:39:35.148 -> C,engage_lvl,0
13:39:35.195 -> C,ts_engage_write,397370366
13:39:35.288 -> C,ts_engage_write,397458367
13:39:35.380 -> C,ts_engage_write,397546366
13:39:35.473 -> C,ts_engage_write,397634367
13:39:35.567 -> C,ts_engage_write,397722366
13:39:35.659 -> [FACE] heartbeat
13:39:35.659 -> C,mood_str,50
13:39:35.659 -> C,ts_engage_write,397810441
13:39:35.659 -> C,engage_lvl,0
13:39:35.659 -> C,modifier,15
13:39:35.659 -> C,engage_floor,0
13:39:35.659 -> C,loop_us,240
13:39:35.751 -> C,ts_engage_write,397898362
13:39:35.844 -> C,ts_engage_write,397986367
13:39:35.938 -> C,ts_engage_write,398074366
13:39:36.032 -> C,ts_engage_write,398162367
13:39:36.079 -> C,ts_engage_write,398250366
13:39:36.172 -> C,ts_engage_write,398338367
13:39:36.172 -> C,engage_lvl,0
13:39:36.264 -> C,ts_engage_write,398426366
13:39:36.357 -> C,ts_engage_write,398514367
13:39:36.450 -> C,ts_engage_write,398602366
13:39:36.544 -> C,ts_engage_write,398690367
13:39:36.636 -> C,ts_engage_write,398778364
13:39:36.728 -> [FACE] heartbeat
13:39:36.728 -> C,mood_str,50
13:39:36.728 -> C,ts_engage_write,398866463
13:39:36.728 -> C,engage_lvl,0
13:39:36.728 -> C,modifier,15
13:39:36.728 -> C,engage_floor,0
13:39:36.728 -> C,loop_us,264
13:39:36.821 -> C,ts_engage_write,398954364
13:39:36.867 -> C,ts_engage_write,399042368
13:39:36.960 -> C,ts_engage_write,399130366
13:39:37.055 -> C,ts_engage_write,399218367
13:39:37.148 -> C,ts_engage_write,399306366
13:39:37.240 -> C,ts_engage_write,399394368
13:39:37.240 -> C,engage_lvl,0
13:39:37.334 -> C,ts_engage_write,399482366
13:39:37.428 -> C,ts_engage_write,399570367
13:39:37.521 -> C,ts_engage_write,399658366
13:39:37.614 -> C,ts_engage_write,399746367
13:39:37.661 -> C,ts_engage_write,399834368
13:39:37.756 -> [FACE] heartbeat
13:39:37.756 -> C,mood_str,50
13:39:37.756 -> C,ts_engage_write,399922455
13:39:37.756 -> C,engage_lvl,0
13:39:37.756 -> C,modifier,15
13:39:37.756 -> C,engage_floor,0
13:39:37.756 -> C,loop_us,264
13:39:37.848 -> C,ts_engage_write,400010362
13:39:37.940 -> C,ts_engage_write,400098367
13:39:38.033 -> C,ts_engage_write,400186366
13:39:38.125 -> C,ts_engage_write,400274367
13:39:38.218 -> C,ts_engage_write,400362366
13:39:38.310 -> C,ts_engage_write,400450367
13:39:38.310 -> C,engage_lvl,0
13:39:38.404 -> C,ts_engage_write,400538366
13:39:38.450 -> C,ts_engage_write,400626367
13:39:38.544 -> C,ts_engage_write,400714366
13:39:38.637 -> C,ts_engage_write,400802366
13:39:38.732 -> C,ts_engage_write,400890367
13:39:38.824 -> [FACE] heartbeat
13:39:38.824 -> C,mood_str,50
13:39:38.824 -> C,ts_engage_write,400978442
13:39:38.824 -> C,engage_lvl,0
13:39:38.824 -> C,modifier,15
13:39:38.824 -> C,engage_floor,0
13:39:38.824 -> C,loop_us,244
13:39:38.918 -> C,ts_engage_write,401066364
13:39:39.010 -> C,ts_engage_write,401154367
13:39:39.103 -> C,ts_engage_write,401242366
13:39:39.195 -> C,ts_engage_write,401330367
13:39:39.288 -> C,ts_engage_write,401418366
13:39:39.335 -> C,ts_engage_write,401506367
13:39:39.335 -> C,engage_lvl,0
13:39:39.428 -> C,ts_engage_write,401594366
13:39:39.521 -> C,ts_engage_write,401682367
13:39:39.614 -> C,ts_engage_write,401770364
13:39:39.707 -> C,ts_engage_write,401858368
13:39:39.800 -> C,ts_engage_write,401946366
13:39:39.891 -> [FACE] heartbeat
13:39:39.891 -> C,mood_str,50
13:39:39.891 -> C,ts_engage_write,402034441
13:39:39.891 -> C,engage_lvl,0
13:39:39.891 -> C,modifier,15
13:39:39.891 -> C,engage_floor,0
13:39:39.891 -> C,loop_us,241
13:39:39.985 -> C,ts_engage_write,402122361
13:39:40.078 -> C,ts_engage_write,402210367
13:39:40.126 -> C,ts_engage_write,402298366
13:39:40.219 -> C,ts_engage_write,402386367
13:39:40.313 -> C,ts_engage_write,402474366
13:39:40.406 -> C,ts_engage_write,402562367
13:39:40.406 -> C,engage_lvl,0
13:39:40.500 -> C,ts_engage_write,402650366
13:39:40.595 -> C,ts_engage_write,402738367
13:39:40.689 -> C,ts_engage_write,402826364
13:39:40.782 -> C,ts_engage_write,402914368
13:39:40.827 -> C,ts_engage_write,403002366
13:39:40.920 -> [FACE] heartbeat
13:39:40.920 -> C,mood_str,50
13:39:40.920 -> C,ts_engage_write,403090442
13:39:40.920 -> C,engage_lvl,0
13:39:40.920 -> C,modifier,15
13:39:40.920 -> C,engage_floor,0
13:39:40.920 -> C,loop_us,253
13:39:41.013 -> C,ts_engage_write,403178361
13:39:41.107 -> C,ts_engage_write,403266367
13:39:41.199 -> C,ts_engage_write,403354366
13:39:41.294 -> C,ts_engage_write,403442367
13:39:41.388 -> C,ts_engage_write,403530366
13:39:41.482 -> C,ts_engage_write,403618367
13:39:41.482 -> C,engage_lvl,0
13:39:41.576 -> C,ts_engage_write,403706366
13:39:41.622 -> C,ts_engage_write,403794366
13:39:41.716 -> C,ts_engage_write,403882367
13:39:41.809 -> C,ts_engage_write,403970367
13:39:41.900 -> C,ts_engage_write,404058366
13:39:41.994 -> [FACE] heartbeat
13:39:41.994 -> C,mood_str,50
13:39:41.994 -> C,ts_engage_write,404146452
13:39:41.994 -> C,engage_lvl,0
13:39:41.994 -> C,modifier,15
13:39:41.994 -> C,engage_floor,0
13:39:41.994 -> C,loop_us,251
13:39:42.087 -> C,ts_engage_write,404234364
13:39:42.181 -> C,ts_engage_write,404322368
13:39:42.274 -> C,ts_engage_write,404410366
13:39:42.322 -> C,ts_engage_write,404498367
13:39:42.414 -> C,ts_engage_write,404586366
13:39:42.508 -> C,ts_engage_write,404674368
13:39:42.508 -> C,engage_lvl,0
13:39:42.600 -> C,ts_engage_write,404762364
13:39:42.695 -> C,ts_engage_write,404850368
13:39:42.787 -> C,ts_engage_write,404938366
13:39:42.879 -> C,ts_engage_write,405026368
13:39:42.972 -> C,ts_engage_write,405114366
13:39:43.065 -> [FACE] heartbeat
13:39:43.065 -> C,mood_str,50
13:39:43.065 -> C,ts_engage_write,405202444
13:39:43.065 -> C,engage_lvl,0
13:39:43.065 -> C,modifier,15
13:39:43.065 -> C,engage_floor,0
13:39:43.065 -> C,loop_us,257
13:39:43.157 -> C,ts_engage_write,405290362
13:39:43.203 -> C,ts_engage_write,405378367
13:39:43.295 -> C,ts_engage_write,405466366
13:39:43.388 -> C,ts_engage_write,405554367
13:39:43.482 -> C,ts_engage_write,405642366
13:39:43.576 -> C,ts_engage_write,405730367
13:39:43.576 -> C,engage_lvl,0
13:39:43.668 -> C,ts_engage_write,405818364
13:39:43.761 -> C,ts_engage_write,405906368
13:39:43.854 -> C,ts_engage_write,405994366
13:39:43.948 -> C,ts_engage_write,406082367
13:39:43.994 -> C,ts_engage_write,406170366
13:39:44.087 -> [FACE] heartbeat
13:39:44.087 -> C,mood_str,50
13:39:44.087 -> C,ts_engage_write,406258440
13:39:44.087 -> C,engage_lvl,0
13:39:44.087 -> C,modifier,15
13:39:44.087 -> C,engage_floor,0
13:39:44.087 -> C,loop_us,241
13:39:44.179 -> C,ts_engage_write,406346360
13:39:44.274 -> C,ts_engage_write,406434367
13:39:44.368 -> C,ts_engage_write,406522366
13:39:44.460 -> C,ts_engage_write,406610367
13:39:44.554 -> C,ts_engage_write,406698366
13:39:44.647 -> C,ts_engage_write,406786366
13:39:44.647 -> C,engage_lvl,0
13:39:44.741 -> C,ts_engage_write,406874367
13:39:44.788 -> C,ts_engage_write,406962367
13:39:44.880 -> C,ts_engage_write,407050366
13:39:44.974 -> C,ts_engage_write,407138367
13:39:45.067 -> C,ts_engage_write,407226366
13:39:45.160 -> [FACE] heartbeat
13:39:45.160 -> C,mood_str,50
13:39:45.160 -> C,ts_engage_write,407314441
13:39:45.160 -> C,engage_lvl,0
13:39:45.160 -> C,modifier,15
13:39:45.160 -> C,engage_floor,0
13:39:45.160 -> C,loop_us,248
13:39:45.255 -> C,ts_engage_write,407402364
13:39:45.347 -> C,ts_engage_write,407490367
13:39:45.441 -> C,ts_engage_write,407578366
13:39:45.535 -> C,ts_engage_write,407666367
13:39:45.582 -> C,ts_engage_write,407754364
13:39:45.676 -> C,ts_engage_write,407842368
13:39:45.676 -> C,engage_lvl,0
13:39:45.768 -> C,ts_engage_write,407930366
13:39:45.862 -> C,ts_engage_write,408018367
13:39:45.957 -> C,ts_engage_write,408106366
13:39:46.049 -> C,ts_engage_write,408194367
13:39:46.142 -> C,ts_engage_write,408282366
13:39:46.236 -> [FACE] heartbeat
13:39:46.236 -> C,mood_str,50
13:39:46.236 -> C,ts_engage_write,408370440
13:39:46.236 -> C,engage_lvl,0
13:39:46.236 -> C,modifier,15
13:39:46.236 -> C,engage_floor,0
13:39:46.236 -> C,loop_us,240
13:39:46.283 -> C,ts_engage_write,408458361
13:39:46.377 -> C,ts_engage_write,408546367
13:39:46.469 -> C,ts_engage_write,408634366
13:39:46.563 -> C,ts_engage_write,408722367
13:39:46.656 -> C,ts_engage_write,408810364
13:39:46.749 -> C,ts_engage_write,408898368
13:39:46.749 -> C,engage_lvl,0
13:39:46.842 -> C,ts_engage_write,408986366
13:39:46.933 -> C,ts_engage_write,409074367
13:39:47.026 -> C,ts_engage_write,409162366
13:39:47.119 -> C,ts_engage_write,409250367
13:39:47.165 -> C,ts_engage_write,409338366
13:39:47.257 -> [FACE] heartbeat
13:39:47.257 -> C,mood_str,50
13:39:47.257 -> C,ts_engage_write,409426440
13:39:47.257 -> C,engage_lvl,0
13:39:47.257 -> C,modifier,15
13:39:47.257 -> C,engage_floor,0
13:39:47.257 -> C,loop_us,250
13:39:47.350 -> C,ts_engage_write,409514361
13:39:47.445 -> C,ts_engage_write,409602367
13:39:47.537 -> C,ts_engage_write,409690366
13:39:47.629 -> C,ts_engage_write,409778366
13:39:47.722 -> C,ts_engage_write,409866367
13:39:47.814 -> C,ts_engage_write,409954367
13:39:47.814 -> C,engage_lvl,0
13:39:47.907 -> C,ts_engage_write,410042366
13:39:47.953 -> C,ts_engage_write,410130367
13:39:48.046 -> C,ts_engage_write,410218366
13:39:48.140 -> C,ts_engage_write,410306367
13:39:48.232 -> C,ts_engage_write,410394366
13:39:48.326 -> [FACE] heartbeat
13:39:48.326 -> C,mood_str,50
13:39:48.326 -> C,ts_engage_write,410482459
13:39:48.326 -> C,engage_lvl,0
13:39:48.326 -> C,modifier,15
13:39:48.326 -> C,engage_floor,0
13:39:48.326 -> C,loop_us,260
13:39:48.418 -> C,ts_engage_write,410570364
13:39:48.512 -> C,ts_engage_write,410658368
13:39:48.605 -> C,ts_engage_write,410746364
13:39:48.698 -> C,ts_engage_write,410834368
13:39:48.791 -> C,ts_engage_write,410922366
13:39:48.838 -> C,ts_engage_write,411010368
13:39:48.838 -> C,engage_lvl,0
13:39:48.932 -> C,ts_engage_write,411098366
13:39:49.024 -> C,ts_engage_write,411186367
13:39:49.116 -> C,ts_engage_write,411274366
13:39:49.211 -> C,ts_engage_write,411362368
13:39:49.304 -> C,ts_engage_write,411450366
13:39:49.396 -> [FACE] heartbeat
13:39:49.396 -> C,mood_str,50
13:39:49.396 -> C,ts_engage_write,411538442
13:39:49.396 -> C,engage_lvl,0
13:39:49.396 -> C,modifier,15
13:39:49.396 -> C,engage_floor,0
13:39:49.396 -> C,loop_us,249
13:39:49.489 -> C,ts_engage_write,411626365
13:39:49.582 -> C,ts_engage_write,411714367
13:39:49.627 -> C,ts_engage_write,411802364
13:39:49.721 -> C,ts_engage_write,411890368
13:39:49.813 -> C,ts_engage_write,411978366
13:39:49.907 -> C,ts_engage_write,412066367
13:39:49.907 -> C,engage_lvl,0
13:39:50.000 -> C,ts_engage_write,412154366
13:39:50.094 -> C,ts_engage_write,412242367
13:39:50.188 -> C,ts_engage_write,412330366
13:39:50.282 -> C,ts_engage_write,412418367
13:39:50.374 -> C,ts_engage_write,412506366
13:39:50.420 -> [FACE] heartbeat
13:39:50.420 -> C,mood_str,50
13:39:50.420 -> C,ts_engage_write,412594442
13:39:50.420 -> C,engage_lvl,0
13:39:50.420 -> C,modifier,15
13:39:50.420 -> C,engage_floor,0
13:39:50.420 -> C,loop_us,215
13:39:50.514 -> C,ts_engage_write,412682359
13:39:50.607 -> C,ts_engage_write,412770366
13:39:50.700 -> C,ts_engage_write,412858366
13:39:50.794 -> C,ts_engage_write,412946367
13:39:50.887 -> C,ts_engage_write,413034364
13:39:50.980 -> C,ts_engage_write,413122367
13:39:50.980 -> C,engage_lvl,0
13:39:51.073 -> C,ts_engage_write,413210366
13:39:51.167 -> C,ts_engage_write,413298367
13:39:51.212 -> C,ts_engage_write,413386366
13:39:51.307 -> C,ts_engage_write,413474367
13:39:51.400 -> C,ts_engage_write,413562366
13:39:51.494 -> [FACE] heartbeat
13:39:51.494 -> C,mood_str,50
13:39:51.494 -> C,ts_engage_write,413650453
13:39:51.494 -> C,engage_lvl,0
13:39:51.494 -> C,modifier,15
13:39:51.494 -> C,engage_floor,0
13:39:51.494 -> C,loop_us,248
13:39:51.588 -> C,ts_engage_write,413738364
13:39:51.679 -> C,ts_engage_write,413826366
13:39:51.772 -> C,ts_engage_write,413914367
13:39:51.865 -> C,ts_engage_write,414002367
13:39:51.958 -> C,ts_engage_write,414090366
13:39:52.005 -> C,ts_engage_write,414178367
13:39:52.005 -> C,engage_lvl,0
13:39:52.098 -> C,ts_engage_write,414266366
13:39:52.189 -> C,ts_engage_write,414354367
13:39:52.283 -> C,ts_engage_write,414442366
13:39:52.376 -> C,ts_engage_write,414530367
13:39:52.470 -> C,ts_engage_write,414618366
13:39:52.564 -> [FACE] heartbeat
13:39:52.564 -> C,mood_str,50
13:39:52.564 -> C,ts_engage_write,414706461
13:39:52.564 -> C,engage_lvl,0
13:39:52.564 -> C,modifier,15
13:39:52.564 -> C,engage_floor,0
13:39:52.564 -> C,loop_us,262
13:39:52.656 -> C,ts_engage_write,414794363
13:39:52.750 -> C,ts_engage_write,414882369
13:39:52.796 -> C,ts_engage_write,414970366
13:39:52.890 -> C,ts_engage_write,415058367
13:39:52.983 -> C,ts_engage_write,415146366
13:39:53.075 -> C,ts_engage_write,415234368
13:39:53.075 -> C,engage_lvl,0
13:39:53.169 -> C,ts_engage_write,415322366
13:39:53.262 -> C,ts_engage_write,415410367
13:39:53.355 -> C,ts_engage_write,415498366
13:39:53.448 -> C,ts_engage_write,415586368
13:39:53.541 -> C,ts_engage_write,415674366
13:39:53.587 -> [FACE] heartbeat
13:39:53.587 -> C,mood_str,50
13:39:53.587 -> C,ts_engage_write,415762454
13:39:53.587 -> C,engage_lvl,0
13:39:53.587 -> C,modifier,15
13:39:53.587 -> C,engage_floor,0
13:39:53.587 -> C,loop_us,261
13:39:53.680 -> C,ts_engage_write,415850366
13:39:53.773 -> C,ts_engage_write,415938367
13:39:53.865 -> C,ts_engage_write,416026366
13:39:53.958 -> C,ts_engage_write,416114367
13:39:54.051 -> C,ts_engage_write,416202366
13:39:54.144 -> C,ts_engage_write,416290367
13:39:54.144 -> C,engage_lvl,0
13:39:54.236 -> C,ts_engage_write,416378366
13:39:54.330 -> C,ts_engage_write,416466367
13:39:54.422 -> C,ts_engage_write,416554366
13:39:54.468 -> C,ts_engage_write,416642367
13:39:54.560 -> C,ts_engage_write,416730366
13:39:54.653 -> [FACE] heartbeat
13:39:54.653 -> C,mood_str,50
13:39:54.653 -> C,ts_engage_write,416818440
13:39:54.653 -> C,engage_lvl,0
13:39:54.653 -> C,modifier,15
13:39:54.653 -> C,engage_floor,0
13:39:54.653 -> C,loop_us,213
13:39:54.746 -> C,ts_engage_write,416906360
13:39:54.841 -> C,ts_engage_write,416994367
13:39:54.934 -> C,ts_engage_write,417082364
13:39:55.027 -> C,ts_engage_write,417170367
13:39:55.120 -> C,ts_engage_write,417258364
13:39:55.214 -> C,ts_engage_write,417346367
13:39:55.214 -> C,engage_lvl,0
13:39:55.260 -> C,ts_engage_write,417434364
13:39:55.354 -> C,ts_engage_write,417522367
13:39:55.446 -> C,ts_engage_write,417610364
13:39:55.540 -> C,ts_engage_write,417698367
13:39:55.632 -> C,ts_engage_write,417786363
13:39:55.725 -> [FACE] heartbeat
13:39:55.725 -> C,mood_str,50
13:39:55.725 -> C,ts_engage_write,417874443
13:39:55.725 -> C,engage_lvl,0
13:39:55.725 -> C,modifier,15
13:39:55.725 -> C,engage_floor,0
13:39:55.725 -> C,loop_us,242
13:39:55.818 -> C,ts_engage_write,417962364
13:39:55.912 -> C,ts_engage_write,418050367
13:39:56.005 -> C,ts_engage_write,418138366
13:39:56.051 -> C,ts_engage_write,418226367
13:39:56.143 -> C,ts_engage_write,418314366
13:39:56.237 -> C,ts_engage_write,418402367
13:39:56.237 -> C,engage_lvl,0
13:39:56.330 -> C,ts_engage_write,418490366
13:39:56.422 -> C,ts_engage_write,418578367
13:39:56.515 -> C,ts_engage_write,418666366
13:39:56.610 -> C,ts_engage_write,418754366
13:39:56.702 -> C,ts_engage_write,418842367
13:39:56.796 -> [FACE] heartbeat
13:39:56.796 -> C,mood_str,50
13:39:56.796 -> C,ts_engage_write,418930460
13:39:56.796 -> C,engage_lvl,0
13:39:56.796 -> C,modifier,15
13:39:56.796 -> C,engage_floor,0
13:39:56.796 -> C,loop_us,262
13:39:56.842 -> C,ts_engage_write,419018364
13:39:56.935 -> C,ts_engage_write,419106368
13:39:57.029 -> C,ts_engage_write,419194366
13:39:57.123 -> C,ts_engage_write,419282367
13:39:57.215 -> C,ts_engage_write,419370366
13:39:57.308 -> C,ts_engage_write,419458368
13:39:57.308 -> C,engage_lvl,0
13:39:57.401 -> C,ts_engage_write,419546366
13:39:57.495 -> C,ts_engage_write,419634367
13:39:57.588 -> C,ts_engage_write,419722366
13:39:57.635 -> C,ts_engage_write,419810367
13:39:57.728 -> C,ts_engage_write,419898368
13:39:57.821 -> [FACE] heartbeat
13:39:57.821 -> C,mood_str,50
13:39:57.821 -> C,ts_engage_write,419986454
13:39:57.821 -> C,engage_lvl,0
13:39:57.821 -> C,modifier,15
13:39:57.821 -> C,engage_floor,0
13:39:57.821 -> C,loop_us,265
13:39:57.913 -> C,ts_engage_write,420074365
13:39:58.007 -> C,ts_engage_write,420162367
13:39:58.099 -> C,dom_touch,100
13:39:58.099 -> C,dom_sec,0
13:39:58.099 -> [MEM] tick: records=4 strength=100
13:39:58.099 -> C,rec_count,4
13:39:58.099 -> C,ts_engage_write,420250529
13:39:58.191 -> C,ts_engage_write,420338368
13:39:58.284 -> C,ts_engage_write,420426367
13:39:58.377 -> C,ts_engage_write,420514368
13:39:58.377 -> C,engage_lvl,0
13:39:58.470 -> C,ts_engage_write,420602366
13:39:58.517 -> C,ts_engage_write,420690367
13:39:58.610 -> C,ts_engage_write,420778366
13:39:58.703 -> C,ts_engage_write,420866370
13:39:58.796 -> C,ts_engage_write,420954366
13:39:58.888 -> [FACE] heartbeat
13:39:58.888 -> C,mood_str,50
13:39:58.888 -> C,ts_engage_write,421042447
13:39:58.888 -> C,engage_lvl,0
13:39:58.888 -> C,modifier,15
13:39:58.888 -> C,engage_floor,0
13:39:58.888 -> C,loop_us,221
13:39:58.980 -> C,ts_engage_write,421133899
13:39:59.072 -> C,ts_engage_write,421222400
13:39:59.166 -> C,ts_engage_write,421310368
13:39:59.259 -> C,ts_engage_write,421398367
13:39:59.351 -> C,ts_engage_write,421486367
13:39:59.397 -> C,ts_engage_write,421574368
13:39:59.397 -> C,engage_lvl,0
13:39:59.490 -> C,ts_engage_write,421662369
13:39:59.583 -> C,ts_engage_write,421750365
13:39:59.676 -> C,ts_engage_write,421838370
13:39:59.770 -> C,ts_engage_write,421926366
13:39:59.862 -> C,ts_engage_write,422014369
13:39:59.955 -> [FACE] heartbeat
13:39:59.955 -> C,mood_str,50
13:39:59.955 -> C,ts_engage_write,422102477
13:39:59.955 -> C,engage_lvl,0
13:39:59.955 -> C,modifier,15
13:39:59.955 -> C,engage_floor,0
13:39:59.955 -> C,loop_us,275
13:40:00.046 -> C,ts_engage_write,422190363
13:40:00.140 -> C,ts_engage_write,422278367
13:40:00.232 -> C,ts_engage_write,422366367
13:40:00.278 -> C,ts_engage_write,422454367
13:40:00.371 -> C,ts_engage_write,422542367
13:40:00.465 -> C,ts_engage_write,422630367
13:40:00.465 -> C,engage_lvl,0
13:40:00.558 -> C,ts_engage_write,422718367
13:40:00.650 -> C,ts_engage_write,422806366
13:40:00.744 -> C,ts_engage_write,422894368
13:40:00.839 -> C,ts_engage_write,422982367
13:40:00.934 -> C,ts_engage_write,423070367
13:40:00.980 -> [FACE] heartbeat
13:40:00.980 -> C,mood_str,50
13:40:01.027 -> C,ts_engage_write,423158459
13:40:01.027 -> C,engage_lvl,0
13:40:01.027 -> C,modifier,15
13:40:01.027 -> C,engage_floor,0
13:40:01.027 -> C,loop_us,259
13:40:01.027 -> [TOUCH] transition raw=1 pressed=1 ms=423158
13:40:01.027 -> [TOUCH] START raw=1 ms=423158
13:40:01.073 -> C,ts_engage_write,423246373
13:40:01.073 -> [TOUCH] transition raw=0 pressed=0 ms=423246
13:40:01.073 -> [TOUCH] RELEASE raw=0 duration=88 ms=423246
13:40:01.073 -> [TOUCH] TAP
13:40:01.073 -> [EMOTION] IDLE -> EXCITED
13:40:01.073 -> EVT:{"type":"timeline","text":"User tap interaction","tag":"touch"}
13:40:01.167 -> C,ts_engage_write,423338443
13:40:01.260 -> C,ts_engage_write,423426390
13:40:01.353 -> C,ts_engage_write,423514392
13:40:01.446 -> C,ts_engage_write,423602393
13:40:01.540 -> C,ts_engage_write,423690390
13:40:01.540 -> C,engage_lvl,0
13:40:01.632 -> C,ts_engage_write,423778392
13:40:01.727 -> C,ts_engage_write,423866392
13:40:01.820 -> C,ts_engage_write,423954394
13:40:01.866 -> C,ts_engage_write,424042391
13:40:01.957 -> C,ts_engage_write,424130391
13:40:02.050 -> [FACE] heartbeat
13:40:02.050 -> C,mood_str,50
13:40:02.050 -> C,ts_engage_write,424218520
13:40:02.050 -> C,engage_lvl,0
13:40:02.050 -> C,modifier,15
13:40:02.050 -> C,engage_floor,0
13:40:02.050 -> C,loop_us,315
13:40:02.144 -> C,ts_engage_write,424306393
13:40:02.238 -> C,ts_engage_write,424394391
13:40:02.331 -> C,ts_engage_write,424482392
13:40:02.423 -> C,ts_engage_write,424570391
13:40:02.515 -> C,ts_engage_write,424658393
13:40:02.608 -> C,ts_engage_write,424746391
13:40:02.608 -> C,engage_lvl,0
13:40:02.702 -> C,ts_engage_write,424834393
13:40:02.749 -> C,ts_engage_write,424922394
13:40:02.841 -> C,ts_engage_write,425010390
13:40:02.933 -> C,ts_engage_write,425098384
13:40:03.026 -> C,ts_engage_write,425186385
13:40:03.118 -> [FACE] heartbeat
13:40:03.118 -> C,mood_str,50
13:40:03.118 -> C,ts_engage_write,425274515
13:40:03.118 -> C,engage_lvl,0
13:40:03.118 -> C,modifier,15
13:40:03.118 -> C,engage_floor,0
13:40:03.118 -> C,loop_us,314
13:40:03.212 -> C,ts_engage_write,425362385
13:40:03.306 -> C,ts_engage_write,425450384
13:40:03.399 -> C,ts_engage_write,425538384
13:40:03.491 -> C,ts_engage_write,425626384
13:40:03.538 -> C,ts_engage_write,425714384
13:40:03.630 -> C,ts_engage_write,425802382
13:40:03.630 -> C,engage_lvl,0
13:40:03.724 -> C,ts_engage_write,425890385
13:40:03.817 -> C,ts_engage_write,425978384
13:40:03.910 -> C,ts_engage_write,426066383
13:40:04.004 -> C,ts_engage_write,426154383
13:40:04.098 -> C,ts_engage_write,426242382
13:40:04.192 -> [FACE] heartbeat
13:40:04.192 -> C,mood_str,50
13:40:04.192 -> C,ts_engage_write,426330503
13:40:04.192 -> C,engage_lvl,0
13:40:04.192 -> C,modifier,15
13:40:04.192 -> C,engage_floor,0
13:40:04.192 -> C,loop_us,305
13:40:04.285 -> C,ts_engage_write,426418381
13:40:04.332 -> C,ts_engage_write,426506386
13:40:04.426 -> C,ts_engage_write,426594382
13:40:04.518 -> C,ts_engage_write,426682384
13:40:04.611 -> C,ts_engage_write,426770381
13:40:04.705 -> C,ts_engage_write,426858382
13:40:04.705 -> C,engage_lvl,0
13:40:04.796 -> C,ts_engage_write,426946383
13:40:04.889 -> C,ts_engage_write,427034381
13:40:04.985 -> C,ts_engage_write,427122384
13:40:05.077 -> C,ts_engage_write,427210384
13:40:05.122 -> C,ts_engage_write,427298382
13:40:05.216 -> [FACE] heartbeat
13:40:05.216 -> C,mood_str,50
13:40:05.216 -> C,ts_engage_write,427386498
13:40:05.216 -> C,engage_lvl,0
13:40:05.216 -> C,modifier,15
13:40:05.216 -> C,engage_floor,0
13:40:05.216 -> C,loop_us,306
13:40:05.310 -> C,ts_engage_write,427474386
13:40:05.404 -> C,ts_engage_write,427562384
13:40:05.497 -> C,ts_engage_write,427650383
13:40:05.590 -> C,ts_engage_write,427738381
13:40:05.682 -> C,ts_engage_write,427826382
13:40:05.774 -> C,ts_engage_write,427914385
13:40:05.774 -> C,engage_lvl,0
13:40:05.865 -> C,ts_engage_write,428002384
13:40:05.959 -> C,ts_engage_write,428090384
13:40:06.005 -> C,ts_engage_write,428178384
13:40:06.098 -> [EMOTION] EXCITED -> IDLE (timeout)
13:40:06.098 -> C,ts_engage_write,428266471
13:40:06.193 -> C,ts_engage_write,428354371
13:40:06.286 -> [FACE] heartbeat
13:40:06.286 -> C,mood_str,50
13:40:06.286 -> C,ts_engage_write,428442444
13:40:06.286 -> C,engage_lvl,0
13:40:06.286 -> C,modifier,15
13:40:06.286 -> C,engage_floor,0
13:40:06.286 -> C,loop_us,244
13:40:06.379 -> C,ts_engage_write,428530360
13:40:06.472 -> C,ts_engage_write,428618365
13:40:06.565 -> C,ts_engage_write,428706365
13:40:06.658 -> C,ts_engage_write,428794363
13:40:06.705 -> C,ts_engage_write,428882369
13:40:06.798 -> C,ts_engage_write,428970364
13:40:06.798 -> C,engage_lvl,0
13:40:06.891 -> C,ts_engage_write,429058365
13:40:06.984 -> C,ts_engage_write,429146365
13:40:07.077 -> C,ts_engage_write,429234365
13:40:07.171 -> C,ts_engage_write,429322364
13:40:07.264 -> C,ts_engage_write,429410366
13:40:07.357 -> [FACE] heartbeat
13:40:07.357 -> C,mood_str,50
13:40:07.357 -> C,ts_engage_write,429498451
13:40:07.357 -> C,engage_lvl,0
13:40:07.357 -> C,modifier,15
13:40:07.357 -> C,engage_floor,0
13:40:07.357 -> C,loop_us,259
13:40:07.450 -> C,ts_engage_write,429586365
13:40:07.497 -> C,ts_engage_write,429674366
13:40:07.590 -> C,ts_engage_write,429762365
13:40:07.683 -> C,ts_engage_write,429850365
13:40:07.777 -> C,ts_engage_write,429938366
13:40:07.869 -> C,ts_engage_write,430026365
13:40:07.869 -> C,engage_lvl,0
13:40:07.962 -> C,ts_engage_write,430114366
13:40:08.055 -> C,ts_engage_write,430202365
13:40:08.147 -> C,ts_engage_write,430290365
13:40:08.242 -> C,ts_engage_write,430378365
13:40:08.333 -> C,ts_engage_write,430466367
13:40:08.380 -> [FACE] heartbeat
13:40:08.380 -> C,mood_str,50
13:40:08.380 -> C,ts_engage_write,430554441
13:40:08.380 -> C,engage_lvl,0
13:40:08.380 -> C,modifier,15
13:40:08.380 -> C,engage_floor,0
13:40:08.380 -> C,loop_us,215
13:40:08.474 -> C,ts_engage_write,430642359
13:40:08.567 -> C,ts_engage_write,430730365
13:40:08.660 -> C,ts_engage_write,430818363
13:40:08.752 -> C,ts_engage_write,430906365
13:40:08.845 -> C,ts_engage_write,430994365
13:40:08.939 -> C,ts_engage_write,431082364
13:40:08.939 -> C,engage_lvl,0
13:40:09.031 -> C,ts_engage_write,431170364
13:40:09.123 -> C,ts_engage_write,431258365
13:40:09.171 -> C,ts_engage_write,431346364
13:40:09.262 -> C,ts_engage_write,431434364
13:40:09.356 -> C,ts_engage_write,431522365
13:40:09.449 -> [FACE] heartbeat
13:40:09.449 -> C,mood_str,50
13:40:09.449 -> C,ts_engage_write,431610438
13:40:09.449 -> C,engage_lvl,0
13:40:09.449 -> C,modifier,15
13:40:09.449 -> C,engage_floor,0
13:40:09.449 -> C,loop_us,239
13:40:09.541 -> C,ts_engage_write,431698364
13:40:09.633 -> C,ts_engage_write,431786364
13:40:09.727 -> C,ts_engage_write,431874366
13:40:09.820 -> C,ts_engage_write,431962364
13:40:09.912 -> C,ts_engage_write,432050366
13:40:10.005 -> C,ts_engage_write,432138364
13:40:10.005 -> C,engage_lvl,0
13:40:10.051 -> C,ts_engage_write,432226365
13:40:10.143 -> C,ts_engage_write,432314365
13:40:10.237 -> C,ts_engage_write,432402365
13:40:10.330 -> C,ts_engage_write,432490364
13:40:10.423 -> C,ts_engage_write,432578366
13:40:10.517 -> [FACE] heartbeat
13:40:10.517 -> C,mood_str,50
13:40:10.517 -> C,ts_engage_write,432666438
13:40:10.517 -> C,engage_lvl,0
13:40:10.517 -> C,modifier,15
13:40:10.517 -> C,engage_floor,0
13:40:10.517 -> C,loop_us,250
13:40:10.610 -> C,ts_engage_write,432754359
13:40:10.704 -> C,ts_engage_write,432842366
13:40:10.797 -> C,ts_engage_write,432930365
13:40:10.843 -> C,ts_engage_write,433018364
13:40:10.937 -> C,ts_engage_write,433106366
13:40:11.030 -> C,ts_engage_write,433194364
13:40:11.030 -> C,engage_lvl,0
13:40:11.122 -> C,ts_engage_write,433282365
13:40:11.214 -> C,ts_engage_write,433370365
13:40:11.306 -> C,ts_engage_write,433458365
13:40:11.400 -> C,ts_engage_write,433546364
13:40:11.493 -> C,ts_engage_write,433634366
13:40:11.585 -> [FACE] heartbeat
13:40:11.585 -> C,mood_str,50
13:40:11.585 -> C,ts_engage_write,433722439
13:40:11.585 -> C,engage_lvl,0
13:40:11.585 -> C,modifier,15
13:40:11.585 -> C,engage_floor,0
13:40:11.585 -> C,loop_us,213
13:40:11.677 -> C,ts_engage_write,433810357
13:40:11.723 -> C,ts_engage_write,433898366
13:40:11.818 -> C,ts_engage_write,433986364
13:40:11.911 -> C,ts_engage_write,434074364
13:40:12.005 -> C,ts_engage_write,434162365
13:40:12.100 -> C,ts_engage_write,434250364
13:40:12.100 -> C,engage_lvl,0
13:40:12.192 -> C,ts_engage_write,434338364
13:40:12.285 -> C,ts_engage_write,434426365
13:40:12.380 -> C,ts_engage_write,434514364
13:40:12.427 -> C,ts_engage_write,434602364
13:40:12.520 -> C,ts_engage_write,434690365
13:40:12.614 -> [FACE] heartbeat
13:40:12.614 -> C,mood_str,50
13:40:12.614 -> C,ts_engage_write,434778435
13:40:12.614 -> C,engage_lvl,0
13:40:12.614 -> C,modifier,15
13:40:12.614 -> C,engage_floor,0
13:40:12.614 -> C,loop_us,248
13:40:12.707 -> C,ts_engage_write,434866365
13:40:12.799 -> C,ts_engage_write,434954365
13:40:12.893 -> C,ts_engage_write,435042365
13:40:12.986 -> C,ts_engage_write,435130364
13:40:13.079 -> C,ts_engage_write,435218366
13:40:13.173 -> C,ts_engage_write,435306364
13:40:13.173 -> C,engage_lvl,0
13:40:13.219 -> C,ts_engage_write,435394365
13:40:13.312 -> C,ts_engage_write,435482365
13:40:13.406 -> C,ts_engage_write,435570365
13:40:13.499 -> C,ts_engage_write,435658364
13:40:13.593 -> C,ts_engage_write,435746365
13:40:13.685 -> [FACE] heartbeat
13:40:13.685 -> C,mood_str,50
13:40:13.685 -> C,ts_engage_write,435834442
13:40:13.685 -> C,engage_lvl,0
13:40:13.685 -> C,modifier,15
13:40:13.685 -> C,engage_floor,0
13:40:13.685 -> C,loop_us,215
13:40:13.780 -> C,ts_engage_write,435922359
13:40:13.873 -> C,ts_engage_write,436010365
13:40:13.967 -> C,ts_engage_write,436098364
13:40:14.014 -> C,ts_engage_write,436186364
13:40:14.107 -> C,ts_engage_write,436274365
13:40:14.199 -> C,ts_engage_write,436362364
13:40:14.199 -> C,engage_lvl,0
13:40:14.291 -> C,ts_engage_write,436450364
13:40:14.384 -> C,ts_engage_write,436538365
13:40:14.477 -> C,ts_engage_write,436626364
13:40:14.570 -> C,ts_engage_write,436714364
13:40:14.662 -> C,ts_engage_write,436802365
13:40:14.755 -> [FACE] heartbeat
13:40:14.755 -> C,mood_str,50
13:40:14.755 -> C,ts_engage_write,436890445
13:40:14.755 -> C,engage_lvl,0
13:40:14.755 -> C,modifier,15
13:40:14.755 -> C,engage_floor,0
13:40:14.755 -> C,loop_us,248
13:40:14.801 -> C,ts_engage_write,436978364
13:40:14.895 -> C,ts_engage_write,437066365
13:40:14.988 -> C,ts_engage_write,437154365
13:40:15.081 -> C,ts_engage_write,437242364
13:40:15.176 -> C,ts_engage_write,437330366
13:40:15.269 -> C,ts_engage_write,437418364
13:40:15.269 -> C,engage_lvl,0
13:40:15.361 -> C,ts_engage_write,437506365
13:40:15.453 -> C,ts_engage_write,437594365
13:40:15.545 -> C,ts_engage_write,437682365
13:40:15.638 -> C,ts_engage_write,437770363
13:40:15.683 -> C,ts_engage_write,437858367
13:40:15.777 -> [FACE] heartbeat
13:40:15.777 -> C,mood_str,50
13:40:15.777 -> C,ts_engage_write,437946442
13:40:15.777 -> C,engage_lvl,0
13:40:15.777 -> C,modifier,15
13:40:15.777 -> C,engage_floor,0
13:40:15.777 -> C,loop_us,247
13:40:15.870 -> C,ts_engage_write,438034360
13:40:15.964 -> C,ts_engage_write,438122365
13:40:16.057 -> C,ts_engage_write,438210364
13:40:16.150 -> C,ts_engage_write,438298364
13:40:16.242 -> C,ts_engage_write,438386365
13:40:16.336 -> C,ts_engage_write,438474364
13:40:16.336 -> C,engage_lvl,0
13:40:16.429 -> C,ts_engage_write,438562365
13:40:16.476 -> C,ts_engage_write,438650365
13:40:16.569 -> C,ts_engage_write,438738365
13:40:16.662 -> C,ts_engage_write,438826363
13:40:16.756 -> C,ts_engage_write,438914367
13:40:16.848 -> [FACE] heartbeat
13:40:16.848 -> C,mood_str,50
13:40:16.848 -> C,ts_engage_write,439002443
13:40:16.848 -> C,engage_lvl,0
13:40:16.848 -> C,modifier,15
13:40:16.848 -> C,engage_floor,0
13:40:16.848 -> C,loop_us,243
13:40:16.941 -> C,ts_engage_write,439090360
13:40:17.035 -> C,ts_engage_write,439178365
13:40:17.127 -> C,ts_engage_write,439266365
13:40:17.221 -> C,ts_engage_write,439354364
13:40:17.268 -> C,ts_engage_write,439442366
13:40:17.361 -> C,ts_engage_write,439530364
13:40:17.361 -> C,engage_lvl,0
13:40:17.454 -> C,ts_engage_write,439618365
13:40:17.546 -> C,ts_engage_write,439706365
13:40:17.639 -> C,ts_engage_write,439794364
13:40:17.733 -> C,ts_engage_write,439882365
13:40:17.827 -> C,ts_engage_write,439970366
13:40:17.919 -> [FACE] heartbeat
13:40:17.919 -> C,mood_str,50
13:40:17.919 -> C,ts_engage_write,440058444
13:40:17.919 -> C,engage_lvl,0
13:40:17.919 -> C,modifier,15
13:40:17.919 -> C,engage_floor,0
13:40:17.919 -> C,loop_us,236
13:40:18.013 -> C,ts_engage_write,440146359
13:40:18.060 -> C,ts_engage_write,440234365
13:40:18.153 -> C,ts_engage_write,440322365
13:40:18.246 -> C,ts_engage_write,440410364
13:40:18.339 -> C,ts_engage_write,440498366
13:40:18.432 -> C,ts_engage_write,440586364
13:40:18.432 -> C,engage_lvl,0
13:40:18.527 -> C,ts_engage_write,440674365
13:40:18.620 -> C,ts_engage_write,440762364
13:40:18.715 -> C,ts_engage_write,440850366
13:40:18.761 -> C,ts_engage_write,440938364
13:40:18.855 -> C,ts_engage_write,441026366
13:40:18.948 -> [FACE] heartbeat
13:40:18.948 -> C,mood_str,50
13:40:18.948 -> C,ts_engage_write,441114449
13:40:18.948 -> C,engage_lvl,0
13:40:18.948 -> C,modifier,15
13:40:18.948 -> C,engage_floor,0
13:40:18.948 -> C,loop_us,240
13:40:19.043 -> C,ts_engage_write,441202359
13:40:19.136 -> C,ts_engage_write,441290365
13:40:19.230 -> C,ts_engage_write,441378365
13:40:19.322 -> C,ts_engage_write,441466364
13:40:19.415 -> C,ts_engage_write,441554366
13:40:19.509 -> C,ts_engage_write,441642364
13:40:19.509 -> C,engage_lvl,0
13:40:19.555 -> C,ts_engage_write,441730365
13:40:19.648 -> C,ts_engage_write,441818364
13:40:19.742 -> C,ts_engage_write,441906366
13:40:19.834 -> C,ts_engage_write,441994364
13:40:19.927 -> C,ts_engage_write,442082366
13:40:20.019 -> [FACE] heartbeat
13:40:20.019 -> C,mood_str,50
13:40:20.019 -> C,ts_engage_write,442170445
13:40:20.019 -> C,engage_lvl,0
13:40:20.019 -> C,modifier,15
13:40:20.019 -> C,engage_floor,0
13:40:20.019 -> C,loop_us,219
13:40:20.112 -> C,ts_engage_write,442258359
13:40:20.207 -> C,ts_engage_write,442346365
13:40:20.300 -> C,ts_engage_write,442434365
13:40:20.347 -> C,ts_engage_write,442522364
13:40:20.441 -> C,ts_engage_write,442610366
13:40:20.533 -> C,ts_engage_write,442698364
13:40:20.533 -> C,engage_lvl,0
13:40:20.625 -> C,ts_engage_write,442786364
13:40:20.719 -> C,ts_engage_write,442874366
13:40:20.812 -> C,ts_engage_write,442962365
13:40:20.905 -> C,ts_engage_write,443050364
13:40:20.997 -> C,ts_engage_write,443138366
13:40:21.089 -> [FACE] heartbeat
13:40:21.089 -> C,mood_str,50
13:40:21.089 -> C,ts_engage_write,443226438
13:40:21.089 -> C,engage_lvl,0
13:40:21.089 -> C,modifier,15
13:40:21.089 -> C,engage_floor,0
13:40:21.089 -> C,loop_us,249
13:40:21.182 -> C,ts_engage_write,443314364
13:40:21.228 -> C,ts_engage_write,443402365
13:40:21.322 -> C,ts_engage_write,443490365
13:40:21.416 -> C,ts_engage_write,443578364
13:40:21.509 -> C,ts_engage_write,443666366
13:40:21.601 -> C,ts_engage_write,443754363
13:40:21.601 -> C,engage_lvl,0
13:40:21.695 -> C,ts_engage_write,443842366
13:40:21.788 -> C,ts_engage_write,443930365
13:40:21.880 -> C,ts_engage_write,444018365
13:40:21.973 -> C,ts_engage_write,444106364
13:40:22.020 -> C,ts_engage_write,444194366
13:40:22.113 -> [FACE] heartbeat
13:40:22.113 -> C,mood_str,50
13:40:22.113 -> C,ts_engage_write,444282438
13:40:22.113 -> C,engage_lvl,0
13:40:22.113 -> C,modifier,15
13:40:22.113 -> C,engage_floor,0
13:40:22.113 -> C,loop_us,250
13:40:22.207 -> C,ts_engage_write,444370364
13:40:22.299 -> C,ts_engage_write,444458365
13:40:22.393 -> C,ts_engage_write,444546365
13:40:22.487 -> C,ts_engage_write,444634364
13:40:22.580 -> C,ts_engage_write,444722366
13:40:22.674 -> C,ts_engage_write,444810363
13:40:22.674 -> C,engage_lvl,0
13:40:22.720 -> C,ts_engage_write,444898366
13:40:22.813 -> C,ts_engage_write,444986365
13:40:22.907 -> C,ts_engage_write,445074365
13:40:23.000 -> C,ts_engage_write,445162364
13:40:23.093 -> C,ts_engage_write,445250366
13:40:23.187 -> [FACE] heartbeat
13:40:23.187 -> C,mood_str,50
13:40:23.187 -> C,ts_engage_write,445338439
13:40:23.187 -> C,engage_lvl,0
13:40:23.187 -> C,modifier,15
13:40:23.187 -> C,engage_floor,0
13:40:23.187 -> C,loop_us,254
13:40:23.279 -> C,ts_engage_write,445426364
13:40:23.371 -> C,ts_engage_write,445514365
13:40:23.465 -> C,ts_engage_write,445602365
13:40:23.558 -> C,ts_engage_write,445690364
13:40:23.605 -> C,ts_engage_write,445778365
13:40:23.698 -> C,ts_engage_write,445866365
13:40:23.698 -> C,engage_lvl,0
13:40:23.791 -> C,ts_engage_write,445954365
13:40:23.885 -> C,ts_engage_write,446042365
13:40:23.979 -> C,ts_engage_write,446130365
13:40:24.071 -> C,ts_engage_write,446218364
13:40:24.164 -> C,ts_engage_write,446306366
13:40:24.258 -> [FACE] heartbeat
13:40:24.258 -> C,mood_str,50
13:40:24.258 -> C,ts_engage_write,446394439
13:40:24.258 -> C,engage_lvl,0
13:40:24.258 -> C,modifier,15
13:40:24.258 -> C,engage_floor,0
13:40:24.258 -> C,loop_us,246
13:40:24.305 -> C,ts_engage_write,446482364
13:40:24.398 -> C,ts_engage_write,446570365
13:40:24.490 -> C,ts_engage_write,446658365
13:40:24.584 -> C,ts_engage_write,446746363
13:40:24.677 -> C,ts_engage_write,446834367
13:40:24.770 -> C,ts_engage_write,446922364
13:40:24.770 -> C,engage_lvl,0
13:40:24.863 -> C,ts_engage_write,447010365
13:40:24.958 -> C,ts_engage_write,447098365
13:40:25.051 -> C,ts_engage_write,447186365
13:40:25.098 -> C,ts_engage_write,447274364
13:40:25.191 -> C,ts_engage_write,447362366
13:40:25.283 -> [FACE] heartbeat
13:40:25.283 -> C,mood_str,50
13:40:25.283 -> C,ts_engage_write,447450438
13:40:25.283 -> C,engage_lvl,0
13:40:25.283 -> C,modifier,15
13:40:25.283 -> C,engage_floor,0
13:40:25.283 -> C,loop_us,236
13:40:25.376 -> C,ts_engage_write,447538360
13:40:25.469 -> C,ts_engage_write,447626365
13:40:25.562 -> C,ts_engage_write,447714364
13:40:25.655 -> C,ts_engage_write,447802363
13:40:25.749 -> C,ts_engage_write,447890366
13:40:25.841 -> C,ts_engage_write,447978364
13:40:25.841 -> C,engage_lvl,0
13:40:25.934 -> C,ts_engage_write,448066364
13:40:25.981 -> C,ts_engage_write,448154365
13:40:26.074 -> C,ts_engage_write,448242364
13:40:26.168 -> C,ts_engage_write,448330364
13:40:26.261 -> C,ts_engage_write,448418365
13:40:26.353 -> [FACE] heartbeat
13:40:26.353 -> C,mood_str,50
13:40:26.353 -> C,ts_engage_write,448506437
13:40:26.353 -> C,engage_lvl,0
13:40:26.353 -> C,modifier,15
13:40:26.353 -> C,engage_floor,0
13:40:26.353 -> C,loop_us,233
13:40:26.445 -> C,ts_engage_write,448594359
13:40:26.539 -> C,ts_engage_write,448682365
13:40:26.631 -> C,ts_engage_write,448770364
13:40:26.724 -> C,ts_engage_write,448858365
13:40:26.770 -> C,ts_engage_write,448946366
13:40:26.864 -> C,ts_engage_write,449034364
13:40:26.864 -> C,engage_lvl,0
13:40:26.957 -> C,ts_engage_write,449122365
13:40:27.050 -> C,ts_engage_write,449210365
13:40:27.143 -> C,ts_engage_write,449298365
13:40:27.236 -> C,ts_engage_write,449386364
13:40:27.330 -> C,ts_engage_write,449474366
13:40:27.423 -> [FACE] heartbeat
13:40:27.423 -> C,mood_str,50
13:40:27.423 -> C,ts_engage_write,449562438
13:40:27.423 -> C,engage_lvl,0
13:40:27.423 -> C,modifier,15
13:40:27.423 -> C,engage_floor,0
13:40:27.423 -> C,loop_us,236
13:40:27.515 -> C,ts_engage_write,449650359
13:40:27.560 -> C,ts_engage_write,449738365
13:40:27.654 -> C,ts_engage_write,449826363
13:40:27.747 -> C,ts_engage_write,449914365
13:40:27.841 -> C,ts_engage_write,450002365
13:40:27.935 -> C,ts_engage_write,450090364
13:40:27.935 -> C,engage_lvl,0
13:40:28.027 -> C,ts_engage_write,450178365
13:40:28.119 -> C,ts_engage_write,450266365
13:40:28.212 -> C,ts_engage_write,450354365
13:40:28.304 -> C,ts_engage_write,450442364
13:40:28.398 -> C,ts_engage_write,450530366
13:40:28.445 -> [FACE] heartbeat
13:40:28.445 -> C,mood_str,50
13:40:28.445 -> C,ts_engage_write,450618438
13:40:28.445 -> C,engage_lvl,0
13:40:28.445 -> C,modifier,15
13:40:28.445 -> C,engage_floor,0
13:40:28.445 -> C,loop_us,211
13:40:28.537 -> C,ts_engage_write,450706359
13:40:28.629 -> C,ts_engage_write,450794364
13:40:28.722 -> C,ts_engage_write,450882365
13:40:28.816 -> C,ts_engage_write,450970364
13:40:28.909 -> C,ts_engage_write,451058365
13:40:29.003 -> C,ts_engage_write,451146364
13:40:29.003 -> C,engage_lvl,0
13:40:29.095 -> C,ts_engage_write,451234364
13:40:29.190 -> C,ts_engage_write,451322365
13:40:29.236 -> C,ts_engage_write,451410364
13:40:29.330 -> C,ts_engage_write,451498364
13:40:29.422 -> C,ts_engage_write,451586365
13:40:29.515 -> [FACE] heartbeat
13:40:29.515 -> C,mood_str,50
13:40:29.515 -> C,ts_engage_write,451674437
13:40:29.515 -> C,engage_lvl,0
13:40:29.515 -> C,modifier,15
13:40:29.515 -> C,engage_floor,0
13:40:29.515 -> C,loop_us,221
13:40:29.608 -> C,ts_engage_write,451762357
13:40:29.701 -> C,ts_engage_write,451850366
13:40:29.795 -> C,ts_engage_write,451938365
13:40:29.888 -> C,ts_engage_write,452026364
13:40:29.980 -> C,ts_engage_write,452114366
13:40:30.027 -> C,ts_engage_write,452202364
13:40:30.027 -> C,engage_lvl,0
13:40:30.121 -> C,ts_engage_write,452290365
13:40:30.214 -> C,ts_engage_write,452378365
13:40:30.308 -> C,ts_engage_write,452466365
13:40:30.402 -> C,ts_engage_write,452554364
13:40:30.495 -> C,ts_engage_write,452642366
13:40:30.588 -> [FACE] heartbeat
13:40:30.588 -> C,mood_str,50
13:40:30.588 -> C,ts_engage_write,452730438
13:40:30.588 -> C,engage_lvl,0
13:40:30.588 -> C,modifier,15
13:40:30.588 -> C,engage_floor,0
13:40:30.588 -> C,loop_us,225
13:40:30.681 -> C,ts_engage_write,452818357
13:40:30.728 -> C,ts_engage_write,452906366
13:40:30.821 -> C,ts_engage_write,452994365
13:40:30.914 -> C,ts_engage_write,453082364
13:40:31.007 -> C,ts_engage_write,453170366
13:40:31.099 -> C,ts_engage_write,453258364
13:40:31.099 -> C,engage_lvl,0
13:40:31.194 -> C,ts_engage_write,453346365
13:40:31.289 -> C,ts_engage_write,453434365
13:40:31.381 -> C,ts_engage_write,453522365
13:40:31.474 -> C,ts_engage_write,453610364
13:40:31.521 -> C,ts_engage_write,453698366
13:40:31.613 -> [FACE] heartbeat
13:40:31.613 -> C,mood_str,50
13:40:31.613 -> C,ts_engage_write,453786437
13:40:31.613 -> C,engage_lvl,0
13:40:31.613 -> C,modifier,15
13:40:31.613 -> C,engage_floor,0
13:40:31.613 -> C,loop_us,211
13:40:31.708 -> C,ts_engage_write,453874360
13:40:31.800 -> C,ts_engage_write,453962365
13:40:31.893 -> C,ts_engage_write,454050364
13:40:31.987 -> C,ts_engage_write,454138364
13:40:32.079 -> C,ts_engage_write,454226365
13:40:32.172 -> C,ts_engage_write,454314364
13:40:32.172 -> C,engage_lvl,0
13:40:32.265 -> C,ts_engage_write,454402365
13:40:32.357 -> C,ts_engage_write,454490365
13:40:32.404 -> C,ts_engage_write,454578365
13:40:32.497 -> C,ts_engage_write,454666364
13:40:32.591 -> C,ts_engage_write,454754365
13:40:32.684 -> [FACE] heartbeat
13:40:32.684 -> C,mood_str,50
13:40:32.684 -> C,ts_engage_write,454842442
13:40:32.684 -> C,engage_lvl,0
13:40:32.684 -> C,modifier,15
13:40:32.684 -> C,engage_floor,0
13:40:32.684 -> C,loop_us,215
13:40:32.778 -> C,ts_engage_write,454930359
13:40:32.871 -> C,ts_engage_write,455018365
13:40:32.964 -> C,ts_engage_write,455106364
13:40:33.057 -> C,ts_engage_write,455194364
13:40:33.150 -> C,ts_engage_write,455282365
13:40:33.198 -> C,ts_engage_write,455370364
13:40:33.198 -> C,engage_lvl,0
13:40:33.292 -> C,ts_engage_write,455458364
13:40:33.386 -> C,ts_engage_write,455546365
13:40:33.478 -> C,ts_engage_write,455634365
13:40:33.573 -> C,ts_engage_write,455722364
13:40:33.666 -> C,ts_engage_write,455810365
13:40:33.759 -> [FACE] heartbeat
13:40:33.759 -> C,mood_str,50
13:40:33.759 -> C,ts_engage_write,455898441
13:40:33.759 -> C,engage_lvl,0
13:40:33.759 -> C,modifier,15
13:40:33.759 -> C,engage_floor,0
13:40:33.759 -> C,loop_us,237
13:40:33.853 -> C,ts_engage_write,455986359
13:40:33.899 -> C,ts_engage_write,456074365
13:40:33.990 -> C,ts_engage_write,456162365
13:40:34.083 -> C,ts_engage_write,456250364
13:40:34.175 -> C,ts_engage_write,456338366
13:40:34.268 -> C,ts_engage_write,456426364
13:40:34.268 -> C,engage_lvl,0
13:40:34.360 -> C,ts_engage_write,456514365
13:40:34.454 -> C,ts_engage_write,456602365
13:40:34.546 -> C,ts_engage_write,456690365
13:40:34.639 -> C,ts_engage_write,456778363
13:40:34.733 -> C,ts_engage_write,456866367
13:40:34.779 -> [FACE] heartbeat
13:40:34.779 -> C,mood_str,50
13:40:34.779 -> C,ts_engage_write,456954438
13:40:34.779 -> C,engage_lvl,0
13:40:34.779 -> C,modifier,15
13:40:34.779 -> C,engage_floor,0
13:40:34.779 -> C,loop_us,240
13:40:34.872 -> C,ts_engage_write,457042364
13:40:34.965 -> C,ts_engage_write,457130365
13:40:35.058 -> C,ts_engage_write,457218365
13:40:35.150 -> C,ts_engage_write,457306364
13:40:35.243 -> C,ts_engage_write,457394366
13:40:35.336 -> C,ts_engage_write,457482364
13:40:35.336 -> C,engage_lvl,0
13:40:35.429 -> C,ts_engage_write,457570365
13:40:35.523 -> C,ts_engage_write,457658365
13:40:35.571 -> C,ts_engage_write,457746364
13:40:35.663 -> C,ts_engage_write,457834365
13:40:35.757 -> C,ts_engage_write,457922366
13:40:35.849 -> [FACE] heartbeat
13:40:35.849 -> C,mood_str,50
13:40:35.849 -> C,ts_engage_write,458010448
13:40:35.849 -> C,engage_lvl,0
13:40:35.849 -> C,modifier,15
13:40:35.849 -> C,engage_floor,0
13:40:35.849 -> C,loop_us,245
13:40:35.942 -> C,ts_engage_write,458098360
13:40:36.034 -> C,ts_engage_write,458186365
13:40:36.127 -> C,ts_engage_write,458274365
13:40:36.221 -> C,ts_engage_write,458362364
13:40:36.315 -> C,ts_engage_write,458450366
13:40:36.362 -> C,ts_engage_write,458538364
13:40:36.362 -> C,engage_lvl,0
13:40:36.455 -> C,ts_engage_write,458626365
13:40:36.548 -> C,ts_engage_write,458714365
13:40:36.641 -> C,ts_engage_write,458802363
13:40:36.734 -> C,ts_engage_write,458890365
13:40:36.828 -> C,ts_engage_write,458978366
13:40:36.921 -> [FACE] heartbeat
13:40:36.921 -> C,mood_str,50
13:40:36.921 -> C,ts_engage_write,459066439
13:40:36.921 -> C,engage_lvl,0
13:40:36.921 -> C,modifier,15
13:40:36.921 -> C,engage_floor,0
13:40:36.921 -> C,loop_us,243
13:40:37.013 -> C,ts_engage_write,459154364
13:40:37.106 -> C,ts_engage_write,459242365
13:40:37.153 -> C,ts_engage_write,459330365
13:40:37.246 -> C,ts_engage_write,459418364
13:40:37.339 -> C,ts_engage_write,459506366
13:40:37.433 -> C,ts_engage_write,459594364
13:40:37.433 -> C,engage_lvl,0
13:40:37.526 -> C,ts_engage_write,459682365
13:40:37.619 -> C,ts_engage_write,459770364
13:40:37.713 -> C,ts_engage_write,459858366
13:40:37.806 -> C,ts_engage_write,459946364
13:40:37.899 -> C,ts_engage_write,460034366
13:40:37.944 -> [FACE] heartbeat
13:40:37.944 -> C,mood_str,50
13:40:37.944 -> C,ts_engage_write,460122456
13:40:37.944 -> C,engage_lvl,0
13:40:37.944 -> C,modifier,15
13:40:37.944 -> C,engage_floor,0
13:40:37.944 -> C,loop_us,257
13:40:38.038 -> C,ts_engage_write,460210364
13:40:38.131 -> C,ts_engage_write,460298366
13:40:38.224 -> C,ts_engage_write,460386366
13:40:38.317 -> C,ts_engage_write,460474364
13:40:38.410 -> C,ts_engage_write,460562366
13:40:38.504 -> C,ts_engage_write,460650365
13:40:38.504 -> C,engage_lvl,0
13:40:38.598 -> C,ts_engage_write,460738366
13:40:38.691 -> C,ts_engage_write,460826364
13:40:38.738 -> C,ts_engage_write,460914366
13:40:38.830 -> C,ts_engage_write,461002365
13:40:38.924 -> C,ts_engage_write,461090367
13:40:39.017 -> [FACE] heartbeat
13:40:39.017 -> C,mood_str,50
13:40:39.017 -> C,ts_engage_write,461178454
13:40:39.017 -> C,engage_lvl,0
13:40:39.017 -> C,modifier,15
13:40:39.017 -> C,engage_floor,0
13:40:39.017 -> C,loop_us,250
13:40:39.110 -> C,ts_engage_write,461266365
13:40:39.203 -> C,ts_engage_write,461354365
13:40:39.297 -> C,ts_engage_write,461442365
13:40:39.389 -> C,ts_engage_write,461530364
13:40:39.481 -> C,ts_engage_write,461618366
13:40:39.528 -> C,ts_engage_write,461706364
13:40:39.528 -> C,engage_lvl,0
13:40:39.619 -> C,ts_engage_write,461794364
13:40:39.712 -> C,ts_engage_write,461882366
13:40:39.805 -> C,ts_engage_write,461970365
13:40:39.898 -> C,ts_engage_write,462058364
13:40:39.991 -> C,ts_engage_write,462146366
13:40:40.084 -> [FACE] heartbeat
13:40:40.084 -> C,mood_str,50
13:40:40.084 -> C,ts_engage_write,462234449
13:40:40.084 -> C,engage_lvl,0
13:40:40.084 -> C,modifier,15
13:40:40.084 -> C,engage_floor,0
13:40:40.084 -> C,loop_us,258
13:40:40.177 -> C,ts_engage_write,462322364
13:40:40.268 -> C,ts_engage_write,462410366
13:40:40.361 -> C,ts_engage_write,462498366
13:40:40.408 -> C,ts_engage_write,462586364
13:40:40.501 -> C,ts_engage_write,462674366
13:40:40.595 -> C,ts_engage_write,462762364
13:40:40.595 -> C,engage_lvl,0
13:40:40.688 -> C,ts_engage_write,462850367
13:40:40.782 -> C,ts_engage_write,462938365
13:40:40.876 -> C,ts_engage_write,463026365
13:40:40.968 -> C,ts_engage_write,463114365
13:40:41.060 -> C,ts_engage_write,463202367
13:40:41.153 -> [FACE] heartbeat
13:40:41.153 -> C,mood_str,50
13:40:41.153 -> C,ts_engage_write,463290440
13:40:41.153 -> C,engage_lvl,0
13:40:41.153 -> C,modifier,15
13:40:41.153 -> C,engage_floor,0
13:40:41.153 -> C,loop_us,241
13:40:41.200 -> C,ts_engage_write,463378365
13:40:41.292 -> C,ts_engage_write,463466365
13:40:41.386 -> C,ts_engage_write,463554365
13:40:41.479 -> C,ts_engage_write,463642364
13:40:41.572 -> C,ts_engage_write,463730366
13:40:41.664 -> C,ts_engage_write,463818363
13:40:41.664 -> C,engage_lvl,0
13:40:41.758 -> C,ts_engage_write,463906366
13:40:41.851 -> C,ts_engage_write,463994365
13:40:41.945 -> C,ts_engage_write,464082365
13:40:42.037 -> C,ts_engage_write,464170364
13:40:42.084 -> C,ts_engage_write,464258366
13:40:42.178 -> [FACE] heartbeat
13:40:42.178 -> C,mood_str,50
13:40:42.178 -> C,ts_engage_write,464346439
13:40:42.178 -> C,engage_lvl,0
13:40:42.178 -> C,modifier,15
13:40:42.178 -> C,engage_floor,0
13:40:42.178 -> C,loop_us,213
13:40:42.271 -> C,ts_engage_write,464434359
13:40:42.364 -> C,ts_engage_write,464522365
13:40:42.458 -> C,ts_engage_write,464610364
13:40:42.550 -> C,ts_engage_write,464698364
13:40:42.643 -> C,ts_engage_write,464786365
13:40:42.735 -> C,ts_engage_write,464874365
13:40:42.735 -> C,engage_lvl,0
13:40:42.829 -> C,ts_engage_write,464962365
13:40:42.876 -> C,ts_engage_write,465050365
13:40:42.968 -> C,ts_engage_write,465138365
13:40:43.060 -> C,ts_engage_write,465226364
13:40:43.153 -> C,ts_engage_write,465314366
13:40:43.245 -> [FACE] heartbeat
13:40:43.245 -> C,mood_str,50
13:40:43.245 -> C,ts_engage_write,465402450
13:40:43.245 -> C,engage_lvl,0
13:40:43.245 -> C,modifier,15
13:40:43.245 -> C,engage_floor,0
13:40:43.245 -> C,loop_us,262
13:40:43.338 -> C,ts_engage_write,465490364
13:40:43.431 -> C,ts_engage_write,465578366
13:40:43.525 -> C,ts_engage_write,465666366
13:40:43.618 -> C,ts_engage_write,465754363
13:40:43.665 -> C,ts_engage_write,465842367
13:40:43.757 -> C,ts_engage_write,465930365
13:40:43.757 -> C,engage_lvl,0
13:40:43.849 -> C,ts_engage_write,466018366
13:40:43.942 -> C,ts_engage_write,466106365
13:40:44.034 -> C,ts_engage_write,466194365
13:40:44.127 -> C,ts_engage_write,466282365
13:40:44.221 -> C,ts_engage_write,466370367
13:40:44.312 -> [FACE] heartbeat
13:40:44.312 -> C,mood_str,50
13:40:44.312 -> C,ts_engage_write,466458440
13:40:44.312 -> C,engage_lvl,0
13:40:44.312 -> C,modifier,15
13:40:44.312 -> C,engage_floor,0
13:40:44.312 -> C,loop_us,246
13:40:44.405 -> C,ts_engage_write,466546361
13:40:44.498 -> C,ts_engage_write,466634365
13:40:44.545 -> C,ts_engage_write,466722365
13:40:44.638 -> C,ts_engage_write,466810363
13:40:44.731 -> C,ts_engage_write,466898367
13:40:44.824 -> C,ts_engage_write,466986364
13:40:44.824 -> C,engage_lvl,0
13:40:44.917 -> C,ts_engage_write,467074365
13:40:45.010 -> C,ts_engage_write,467162365
13:40:45.104 -> C,ts_engage_write,467250365
13:40:45.197 -> C,ts_engage_write,467338364
13:40:45.291 -> C,ts_engage_write,467426366
13:40:45.338 -> [FACE] heartbeat
13:40:45.338 -> C,mood_str,50
13:40:45.338 -> C,ts_engage_write,467514438
13:40:45.338 -> C,engage_lvl,0
13:40:45.338 -> C,modifier,15
13:40:45.338 -> C,engage_floor,0
13:40:45.338 -> C,loop_us,212
13:40:45.431 -> C,ts_engage_write,467602359
13:40:45.525 -> C,ts_engage_write,467690365
13:40:45.619 -> C,ts_engage_write,467778364
13:40:45.712 -> C,ts_engage_write,467866365
13:40:45.806 -> C,ts_engage_write,467954366
13:40:45.898 -> C,ts_engage_write,468042364
13:40:45.898 -> C,engage_lvl,0
13:40:45.989 -> C,ts_engage_write,468130365
13:40:46.081 -> C,ts_engage_write,468218365
13:40:46.128 -> C,ts_engage_write,468306365
13:40:46.221 -> C,ts_engage_write,468394364
13:40:46.314 -> C,ts_engage_write,468482366
13:40:46.407 -> [FACE] heartbeat
13:40:46.407 -> C,mood_str,50
13:40:46.407 -> C,ts_engage_write,468570451
13:40:46.407 -> C,engage_lvl,0
13:40:46.407 -> C,modifier,15
13:40:46.407 -> C,engage_floor,0
13:40:46.407 -> C,loop_us,261
13:40:46.500 -> C,ts_engage_write,468658364
13:40:46.593 -> C,ts_engage_write,468746365
13:40:46.686 -> C,ts_engage_write,468834367
13:40:46.780 -> C,ts_engage_write,468922364
13:40:46.872 -> C,ts_engage_write,469010366
13:40:46.964 -> C,ts_engage_write,469098365
13:40:46.964 -> C,engage_lvl,0
13:40:47.011 -> C,ts_engage_write,469186366
13:40:47.104 -> C,ts_engage_write,469274365
13:40:47.198 -> C,ts_engage_write,469362365
13:40:47.290 -> C,ts_engage_write,469450365
13:40:47.382 -> C,ts_engage_write,469538367
13:40:47.475 -> [FACE] heartbeat
13:40:47.475 -> C,mood_str,50
13:40:47.475 -> C,ts_engage_write,469626441
13:40:47.475 -> C,engage_lvl,0
13:40:47.475 -> C,modifier,15
13:40:47.475 -> C,engage_floor,0
13:40:47.475 -> C,loop_us,250
13:40:47.567 -> C,ts_engage_write,469714361
13:40:47.659 -> C,ts_engage_write,469802364
13:40:47.753 -> C,ts_engage_write,469890366
13:40:47.800 -> C,ts_engage_write,469978364
13:40:47.894 -> C,ts_engage_write,470066366
13:40:47.988 -> C,ts_engage_write,470154364
13:40:47.988 -> C,engage_lvl,0
13:40:48.081 -> C,ts_engage_write,470242365
13:40:48.174 -> C,ts_engage_write,470330365
13:40:48.267 -> C,ts_engage_write,470418365
13:40:48.360 -> C,ts_engage_write,470506364
13:40:48.454 -> C,ts_engage_write,470594366
13:40:48.547 -> [FACE] heartbeat
13:40:48.547 -> C,mood_str,50
13:40:48.547 -> C,ts_engage_write,470682450
13:40:48.547 -> C,engage_lvl,0
13:40:48.547 -> C,modifier,15
13:40:48.547 -> C,engage_floor,0
13:40:48.547 -> C,loop_us,251
13:40:48.593 -> C,ts_engage_write,470770363
13:40:48.686 -> C,ts_engage_write,470858367
13:40:48.779 -> C,ts_engage_write,470946366
13:40:48.872 -> C,ts_engage_write,471034364
13:40:48.965 -> C,ts_engage_write,471122366
13:40:49.058 -> C,ts_engage_write,471210365
13:40:49.058 -> C,engage_lvl,0
13:40:49.153 -> C,ts_engage_write,471298366
13:40:49.245 -> C,ts_engage_write,471386365
13:40:49.338 -> C,ts_engage_write,471474365
13:40:49.384 -> C,ts_engage_write,471562365
13:40:49.477 -> C,ts_engage_write,471650367
13:40:49.571 -> [FACE] heartbeat
13:40:49.571 -> C,mood_str,50
13:40:49.571 -> C,ts_engage_write,471738441
13:40:49.571 -> C,engage_lvl,0
13:40:49.571 -> C,modifier,15
13:40:49.571 -> C,engage_floor,0
13:40:49.571 -> C,loop_us,253
13:40:49.663 -> C,ts_engage_write,471826360
13:40:49.756 -> C,ts_engage_write,471914366
13:40:49.850 -> C,ts_engage_write,472002365
13:40:49.944 -> C,ts_engage_write,472090364
13:40:50.038 -> C,ts_engage_write,472178366
13:40:50.131 -> C,ts_engage_write,472266364
13:40:50.131 -> C,engage_lvl,0
13:40:50.178 -> C,ts_engage_write,472354365
13:40:50.271 -> C,ts_engage_write,472442365
13:40:50.364 -> C,ts_engage_write,472530365
13:40:50.458 -> C,ts_engage_write,472618364
13:40:50.551 -> C,ts_engage_write,472706366
13:40:50.644 -> [FACE] heartbeat
13:40:50.644 -> C,mood_str,50
13:40:50.644 -> C,ts_engage_write,472794437
13:40:50.644 -> C,engage_lvl,0
13:40:50.644 -> C,modifier,15
13:40:50.644 -> C,engage_floor,0
13:40:50.644 -> C,loop_us,239
13:40:50.738 -> C,ts_engage_write,472882365
13:40:50.829 -> C,ts_engage_write,472970365
13:40:50.923 -> C,ts_engage_write,473058365
13:40:50.970 -> C,ts_engage_write,473146364
13:40:51.062 -> C,ts_engage_write,473234366
13:40:51.157 -> C,ts_engage_write,473322364
13:40:51.157 -> C,engage_lvl,0
13:40:51.250 -> C,ts_engage_write,473410365
13:40:51.343 -> C,ts_engage_write,473498365
13:40:51.436 -> C,ts_engage_write,473586365
13:40:51.529 -> C,ts_engage_write,473674364
13:40:51.622 -> C,ts_engage_write,473762365
13:40:51.715 -> [FACE] heartbeat
13:40:51.715 -> C,mood_str,50
13:40:51.715 -> C,ts_engage_write,473850442
13:40:51.715 -> C,engage_lvl,0
13:40:51.715 -> C,modifier,15
13:40:51.715 -> C,engage_floor,0
13:40:51.715 -> C,loop_us,215
13:40:51.762 -> C,ts_engage_write,473938359
13:40:51.855 -> C,ts_engage_write,474026365
13:40:51.948 -> C,ts_engage_write,474114364
13:40:52.041 -> C,ts_engage_write,474202364
13:40:52.135 -> C,ts_engage_write,474290365
13:40:52.228 -> C,ts_engage_write,474378364
13:40:52.228 -> C,engage_lvl,0
13:40:52.321 -> C,ts_engage_write,474466364
13:40:52.414 -> C,ts_engage_write,474554365
13:40:52.507 -> C,ts_engage_write,474642364
13:40:52.553 -> C,ts_engage_write,474730364
13:40:52.645 -> C,ts_engage_write,474818364
13:40:52.738 -> [FACE] heartbeat
13:40:52.738 -> C,mood_str,50
13:40:52.738 -> C,ts_engage_write,474906440
13:40:52.738 -> C,engage_lvl,0
13:40:52.738 -> C,modifier,15
13:40:52.738 -> C,engage_floor,0
13:40:52.738 -> C,loop_us,239
13:40:52.831 -> C,ts_engage_write,474994364
13:40:52.924 -> C,ts_engage_write,475082365
13:40:53.017 -> C,ts_engage_write,475170365
13:40:53.110 -> C,ts_engage_write,475258364
13:40:53.203 -> C,ts_engage_write,475346366
13:40:53.296 -> C,ts_engage_write,475434364
13:40:53.296 -> C,engage_lvl,0
13:40:53.388 -> C,ts_engage_write,475522365
13:40:53.434 -> C,ts_engage_write,475610365
13:40:53.528 -> C,ts_engage_write,475698365
13:40:53.620 -> C,ts_engage_write,475786363
13:40:53.712 -> C,ts_engage_write,475874367
13:40:53.806 -> [FACE] heartbeat
13:40:53.806 -> C,mood_str,50
13:40:53.806 -> C,ts_engage_write,475962450
13:40:53.806 -> C,engage_lvl,0
13:40:53.806 -> C,modifier,15
13:40:53.806 -> C,engage_floor,0
13:40:53.806 -> C,loop_us,249
13:40:53.900 -> C,ts_engage_write,476050364
13:40:53.993 -> C,ts_engage_write,476138365
13:40:54.086 -> C,ts_engage_write,476226365
13:40:54.179 -> C,ts_engage_write,476314364
13:40:54.226 -> C,ts_engage_write,476402366
13:40:54.319 -> C,ts_engage_write,476490364
13:40:54.319 -> C,engage_lvl,0
13:40:54.413 -> C,ts_engage_write,476578365
13:40:54.508 -> C,ts_engage_write,476666365
13:40:54.602 -> C,ts_engage_write,476754364
13:40:54.696 -> C,ts_engage_write,476842365
13:40:54.789 -> C,ts_engage_write,476930366
13:40:54.880 -> [FACE] heartbeat
13:40:54.880 -> C,mood_str,50
13:40:54.880 -> C,ts_engage_write,477018437
13:40:54.880 -> C,engage_lvl,0
13:40:54.880 -> C,modifier,15
13:40:54.880 -> C,engage_floor,0
13:40:54.880 -> C,loop_us,246
13:40:54.927 -> C,ts_engage_write,477106360
13:40:55.021 -> C,ts_engage_write,477194365
13:40:55.114 -> C,ts_engage_write,477282364
13:40:55.208 -> C,ts_engage_write,477370364
13:40:55.300 -> C,ts_engage_write,477458365
13:40:55.395 -> C,ts_engage_write,477546364
13:40:55.395 -> C,engage_lvl,0
13:40:55.489 -> C,ts_engage_write,477634364
13:40:55.583 -> C,ts_engage_write,477722365
13:40:55.676 -> C,ts_engage_write,477810363
13:40:55.722 -> C,ts_engage_write,477898365
13:40:55.814 -> C,ts_engage_write,477986365
13:40:55.908 -> [FACE] heartbeat
13:40:55.908 -> C,mood_str,50
13:40:55.908 -> C,ts_engage_write,478074437
13:40:55.908 -> C,engage_lvl,0
13:40:55.908 -> C,modifier,15
13:40:55.908 -> C,engage_floor,0
13:40:55.908 -> C,loop_us,246
13:40:56.002 -> C,ts_engage_write,478162364
13:40:56.096 -> C,ts_engage_write,478250365
13:40:56.189 -> C,ts_engage_write,478338365
13:40:56.281 -> C,ts_engage_write,478426364
13:40:56.374 -> C,ts_engage_write,478514366
13:40:56.467 -> C,ts_engage_write,478602364
13:40:56.467 -> C,engage_lvl,0
13:40:56.514 -> C,ts_engage_write,478690365
13:40:56.607 -> C,ts_engage_write,478778364
13:40:56.700 -> C,ts_engage_write,478866366
13:40:56.794 -> C,ts_engage_write,478954364
13:40:56.886 -> C,ts_engage_write,479042366
13:40:56.981 -> [FACE] heartbeat
13:40:56.981 -> C,mood_str,50
13:40:56.981 -> C,ts_engage_write,479130450
13:40:56.981 -> C,engage_lvl,0
13:40:56.981 -> C,modifier,15
13:40:56.981 -> C,engage_floor,0
13:40:56.981 -> C,loop_us,260
13:40:57.075 -> C,ts_engage_write,479218360
13:40:57.167 -> C,ts_engage_write,479306366
13:40:57.260 -> C,ts_engage_write,479394366
13:40:57.306 -> C,ts_engage_write,479482364
13:40:57.400 -> C,ts_engage_write,479570366
13:40:57.493 -> C,ts_engage_write,479658365
13:40:57.493 -> C,engage_lvl,0
13:40:57.586 -> C,ts_engage_write,479746364
13:40:57.679 -> C,ts_engage_write,479834366
13:40:57.773 -> C,ts_engage_write,479922365
13:40:57.866 -> C,ts_engage_write,480010365
13:40:57.959 -> C,ts_engage_write,480098367
13:40:58.052 -> [FACE] heartbeat
13:40:58.052 -> C,mood_str,50
13:40:58.052 -> C,ts_engage_write,480186451
13:40:58.052 -> C,engage_lvl,0
13:40:58.052 -> C,modifier,15
13:40:58.052 -> C,engage_floor,0
13:40:58.052 -> C,loop_us,251
13:40:58.099 -> C,dom_touch,99
13:40:58.099 -> C,dom_sec,0
13:40:58.099 -> [MEM] tick: records=4 strength=99
13:40:58.099 -> C,rec_count,4
13:40:58.099 -> C,ts_engage_write,480274513
13:40:58.193 -> C,ts_engage_write,480362366
13:40:58.286 -> C,ts_engage_write,480450364
13:40:58.380 -> C,ts_engage_write,480538366
13:40:58.472 -> C,ts_engage_write,480626366
13:40:58.565 -> C,ts_engage_write,480714365
13:40:58.565 -> C,engage_lvl,0
13:40:58.659 -> C,ts_engage_write,480802363
13:40:58.752 -> C,ts_engage_write,480890369
13:40:58.844 -> C,ts_engage_write,480978365
13:40:58.890 -> C,ts_engage_write,481066365
13:40:58.981 -> C,ts_engage_write,481157756
13:40:59.073 -> [FACE] heartbeat
13:40:59.073 -> C,mood_str,50
13:40:59.073 -> C,ts_engage_write,481245536
13:40:59.073 -> C,engage_lvl,0
13:40:59.073 -> C,modifier,15
13:40:59.073 -> C,engage_floor,0
13:40:59.073 -> C,loop_us,334
13:40:59.166 -> C,ts_engage_write,481333366
13:40:59.260 -> C,ts_engage_write,481421367
13:40:59.353 -> C,ts_engage_write,481509367
13:40:59.446 -> C,ts_engage_write,481597367
13:40:59.540 -> C,ts_engage_write,481685367
13:40:59.633 -> C,ts_engage_write,481773366
13:40:59.633 -> C,engage_lvl,0
13:40:59.726 -> C,ts_engage_write,481861368
13:40:59.773 -> C,ts_engage_write,481949367
13:40:59.866 -> C,ts_engage_write,482037367
13:40:59.959 -> C,ts_engage_write,482125367
13:41:00.052 -> C,ts_engage_write,482213367
13:41:00.146 -> [FACE] heartbeat
13:41:00.146 -> C,mood_str,50
13:41:00.146 -> C,ts_engage_write,482301467
13:41:00.146 -> C,engage_lvl,0
13:41:00.146 -> C,modifier,15
13:41:00.146 -> C,engage_floor,0
13:41:00.146 -> C,loop_us,266
13:41:00.241 -> C,ts_engage_write,482389362
13:41:00.334 -> C,ts_engage_write,482477368
13:41:00.427 -> C,ts_engage_write,482565368
13:41:00.520 -> C,ts_engage_write,482653367
13:41:00.567 -> C,ts_engage_write,482741367
13:41:00.660 -> C,ts_engage_write,482829367
13:41:00.660 -> C,engage_lvl,0
13:41:00.753 -> C,ts_engage_write,482917369
13:41:00.846 -> C,ts_engage_write,483005367
13:41:00.940 -> C,ts_engage_write,483093367
13:41:01.032 -> C,ts_engage_write,483181368
13:41:01.127 -> C,ts_engage_write,483269368
13:41:01.220 -> [FACE] heartbeat
13:41:01.220 -> C,mood_str,50
13:41:01.220 -> C,ts_engage_write,483357448
13:41:01.220 -> C,engage_lvl,0
13:41:01.220 -> C,modifier,15
13:41:01.220 -> C,engage_floor,0
13:41:01.220 -> C,loop_us,224
13:41:01.266 -> C,ts_engage_write,483445361
13:41:01.358 -> C,ts_engage_write,483533367
13:41:01.451 -> C,ts_engage_write,483621366
13:41:01.543 -> C,ts_engage_write,483709367
13:41:01.636 -> C,ts_engage_write,483797364
13:41:01.728 -> C,ts_engage_write,483885368
13:41:01.728 -> C,engage_lvl,0
13:41:01.821 -> C,ts_engage_write,483973366
13:41:01.914 -> C,ts_engage_write,484061367
13:41:02.007 -> C,ts_engage_write,484149366
13:41:02.100 -> C,ts_engage_write,484237367
13:41:02.147 -> C,ts_engage_write,484325366
13:41:02.240 -> [FACE] heartbeat
13:41:02.240 -> C,mood_str,50
13:41:02.240 -> C,ts_engage_write,484413444
13:41:02.240 -> C,engage_lvl,0
13:41:02.240 -> C,modifier,15
13:41:02.240 -> C,engage_floor,0
13:41:02.240 -> C,loop_us,219
13:41:02.332 -> C,ts_engage_write,484501360
13:41:02.426 -> C,ts_engage_write,484589366
13:41:02.519 -> C,ts_engage_write,484677368
13:41:02.612 -> C,ts_engage_write,484765365
13:41:02.705 -> C,ts_engage_write,484853369
13:41:02.798 -> C,ts_engage_write,484941366
13:41:02.798 -> C,engage_lvl,0
13:41:02.890 -> C,ts_engage_write,485029368
13:41:02.985 -> C,ts_engage_write,485117366
13:41:03.031 -> C,ts_engage_write,485205368
13:41:03.124 -> C,ts_engage_write,485293366
13:41:03.217 -> C,ts_engage_write,485381368
13:41:03.310 -> [FACE] heartbeat
13:41:03.310 -> C,mood_str,50
13:41:03.310 -> C,ts_engage_write,485469461
13:41:03.310 -> C,engage_lvl,0
13:41:03.310 -> C,modifier,15
13:41:03.310 -> C,engage_floor,0
13:41:03.310 -> C,loop_us,272
13:41:03.405 -> C,ts_engage_write,485557366
13:41:03.498 -> C,ts_engage_write,485645368
13:41:03.591 -> C,ts_engage_write,485733368
13:41:03.685 -> C,ts_engage_write,485821366
13:41:03.731 -> C,ts_engage_write,485909368
13:41:03.825 -> C,ts_engage_write,485997368
13:41:03.825 -> C,engage_lvl,0
13:41:03.919 -> C,ts_engage_write,486085368
13:41:04.012 -> C,ts_engage_write,486173367
13:41:04.105 -> C,ts_engage_write,486261367
13:41:04.198 -> C,ts_engage_write,486349368
13:41:04.291 -> C,ts_engage_write,486437368
13:41:04.383 -> [FACE] heartbeat
13:41:04.383 -> C,mood_str,50
13:41:04.383 -> C,ts_engage_write,486525448
13:41:04.383 -> C,engage_lvl,0
13:41:04.383 -> C,modifier,15
13:41:04.383 -> C,engage_floor,0
13:41:04.383 -> C,loop_us,253
13:41:04.476 -> C,ts_engage_write,486613366
13:41:04.523 -> C,ts_engage_write,486701367
13:41:04.616 -> C,ts_engage_write,486789366
13:41:04.709 -> C,ts_engage_write,486877368
13:41:04.802 -> C,ts_engage_write,486965367
13:41:04.895 -> C,ts_engage_write,487053367
13:41:04.895 -> C,engage_lvl,0
13:41:04.988 -> C,ts_engage_write,487141367
13:41:05.080 -> C,ts_engage_write,487229367
13:41:05.174 -> C,ts_engage_write,487317367
13:41:05.269 -> C,ts_engage_write,487405367
13:41:05.315 -> C,ts_engage_write,487493367
13:41:05.408 -> [FACE] heartbeat
13:41:05.408 -> C,mood_str,50
13:41:05.408 -> C,ts_engage_write,487581446
13:41:05.408 -> C,engage_lvl,0
13:41:05.408 -> C,modifier,15
13:41:05.408 -> C,engage_floor,0
13:41:05.408 -> C,loop_us,261
13:41:05.503 -> C,ts_engage_write,487669366
13:41:05.595 -> C,ts_engage_write,487757366
13:41:05.688 -> C,ts_engage_write,487845368
13:41:05.781 -> C,ts_engage_write,487933367
13:41:05.874 -> C,ts_engage_write,488021367
13:41:05.967 -> C,ts_engage_write,488109367
13:41:05.967 -> C,engage_lvl,0
13:41:06.060 -> C,ts_engage_write,488197367
13:41:06.107 -> C,ts_engage_write,488285367
13:41:06.199 -> C,ts_engage_write,488373367
13:41:06.292 -> C,ts_engage_write,488461367
13:41:06.385 -> C,ts_engage_write,488549367
13:41:06.478 -> [FACE] heartbeat
13:41:06.478 -> C,mood_str,50
13:41:06.478 -> C,ts_engage_write,488637446
13:41:06.478 -> C,engage_lvl,0
13:41:06.478 -> C,modifier,15
13:41:06.478 -> C,engage_floor,0
13:41:06.478 -> C,loop_us,261
13:41:06.570 -> C,ts_engage_write,488725366
13:41:06.663 -> C,ts_engage_write,488813366
13:41:06.757 -> C,ts_engage_write,488901368
13:41:06.851 -> C,ts_engage_write,488989367
13:41:06.943 -> C,ts_engage_write,489077367
13:41:06.989 -> C,ts_engage_write,489165367
13:41:06.989 -> C,engage_lvl,0
13:41:07.084 -> C,ts_engage_write,489253367
13:41:07.178 -> C,ts_engage_write,489341367
13:41:07.271 -> C,ts_engage_write,489429367
13:41:07.363 -> C,ts_engage_write,489517367
13:41:07.457 -> C,ts_engage_write,489605367
13:41:07.550 -> [FACE] heartbeat
13:41:07.550 -> C,mood_str,50
13:41:07.550 -> C,ts_engage_write,489693465
13:41:07.550 -> C,engage_lvl,0
13:41:07.550 -> C,modifier,15
13:41:07.550 -> C,engage_floor,0
13:41:07.550 -> C,loop_us,269
13:41:07.643 -> C,ts_engage_write,489781364
13:41:07.691 -> C,ts_engage_write,489869369
13:41:07.784 -> C,ts_engage_write,489957368
13:41:07.877 -> C,ts_engage_write,490045367
13:41:07.972 -> C,ts_engage_write,490133367
13:41:08.065 -> C,ts_engage_write,490221368
13:41:08.065 -> C,engage_lvl,0
13:41:08.158 -> C,ts_engage_write,490309368
13:41:08.250 -> C,ts_engage_write,490397367
13:41:08.345 -> C,ts_engage_write,490485367
13:41:08.439 -> C,ts_engage_write,490573368
13:41:08.486 -> C,ts_engage_write,490661368
13:41:08.579 -> [FACE] heartbeat
13:41:08.579 -> C,mood_str,50
13:41:08.579 -> C,ts_engage_write,490749449
13:41:08.579 -> C,engage_lvl,0
13:41:08.579 -> C,modifier,15
13:41:08.579 -> C,engage_floor,0
13:41:08.579 -> C,loop_us,251
13:41:08.672 -> C,ts_engage_write,490837368
13:41:08.765 -> C,ts_engage_write,490925367
13:41:08.857 -> C,ts_engage_write,491013367
13:41:08.950 -> C,ts_engage_write,491101367
13:41:09.044 -> C,ts_engage_write,491189367
13:41:09.137 -> C,ts_engage_write,491277367
13:41:09.137 -> C,engage_lvl,0
13:41:09.230 -> C,ts_engage_write,491365367
13:41:09.277 -> C,ts_engage_write,491453367
13:41:09.371 -> C,ts_engage_write,491541367
13:41:09.465 -> C,ts_engage_write,491629367
13:41:09.557 -> C,ts_engage_write,491717367
13:41:09.651 -> [FACE] heartbeat
13:41:09.651 -> C,mood_str,50
13:41:09.651 -> C,ts_engage_write,491805447
13:41:09.651 -> C,engage_lvl,0
13:41:09.651 -> C,modifier,15
13:41:09.651 -> C,engage_floor,0
13:41:09.651 -> C,loop_us,263
13:41:09.746 -> C,ts_engage_write,491893367
13:41:09.838 -> C,ts_engage_write,491981367
13:41:09.930 -> C,ts_engage_write,492069367
13:41:10.023 -> C,ts_engage_write,492157367
13:41:10.069 -> C,ts_engage_write,492245367
13:41:10.163 -> C,ts_engage_write,492333367
13:41:10.163 -> C,engage_lvl,0
13:41:10.257 -> C,ts_engage_write,492421367
13:41:10.349 -> C,ts_engage_write,492509367
13:41:10.442 -> C,ts_engage_write,492597367
13:41:10.534 -> C,ts_engage_write,492685367
13:41:10.627 -> C,ts_engage_write,492773366
13:41:10.722 -> [FACE] heartbeat
13:41:10.722 -> C,mood_str,50
13:41:10.722 -> C,ts_engage_write,492861447
13:41:10.722 -> C,engage_lvl,0
13:41:10.722 -> C,modifier,15
13:41:10.722 -> C,engage_floor,0
13:41:10.722 -> C,loop_us,264
13:41:10.815 -> C,ts_engage_write,492949366
13:41:10.860 -> C,ts_engage_write,493037367
13:41:10.951 -> C,ts_engage_write,493125367
13:41:11.044 -> C,ts_engage_write,493213367
13:41:11.137 -> C,ts_engage_write,493301367
13:41:11.228 -> C,ts_engage_write,493389367
13:41:11.228 -> C,engage_lvl,0
13:41:11.322 -> C,ts_engage_write,493477367
13:41:11.415 -> C,ts_engage_write,493565367
13:41:11.509 -> C,ts_engage_write,493653367
13:41:11.604 -> C,ts_engage_write,493741367
13:41:11.650 -> C,ts_engage_write,493829366
13:41:11.743 -> [FACE] heartbeat
13:41:11.743 -> C,mood_str,50
13:41:11.743 -> C,ts_engage_write,493917448
13:41:11.743 -> C,engage_lvl,0
13:41:11.743 -> C,modifier,15
13:41:11.743 -> C,engage_floor,0
13:41:11.743 -> C,loop_us,248
13:41:11.837 -> C,ts_engage_write,494005362
13:41:11.931 -> C,ts_engage_write,494093367
13:41:12.024 -> C,ts_engage_write,494181366
13:41:12.115 -> C,ts_engage_write,494269367
13:41:12.210 -> C,ts_engage_write,494357366
13:41:12.303 -> C,ts_engage_write,494445367
13:41:12.303 -> C,engage_lvl,0
13:41:12.396 -> C,ts_engage_write,494533367
13:41:12.444 -> C,ts_engage_write,494621367
13:41:12.538 -> C,ts_engage_write,494709367
13:41:12.630 -> C,ts_engage_write,494797366
13:41:12.725 -> C,ts_engage_write,494885368
13:41:12.817 -> [FACE] heartbeat
13:41:12.817 -> C,mood_str,50
13:41:12.817 -> C,ts_engage_write,494973467
13:41:12.817 -> C,engage_lvl,0
13:41:12.817 -> C,modifier,15
13:41:12.817 -> C,engage_floor,0
13:41:12.817 -> C,loop_us,270
13:41:12.910 -> C,ts_engage_write,495061366
13:41:13.003 -> C,ts_engage_write,495149368
13:41:13.097 -> C,ts_engage_write,495237368
13:41:13.190 -> C,ts_engage_write,495325367
13:41:13.237 -> C,ts_engage_write,495413367
13:41:13.330 -> C,ts_engage_write,495501368
13:41:13.330 -> C,engage_lvl,0
13:41:13.423 -> C,ts_engage_write,495589368
13:41:13.517 -> C,ts_engage_write,495677367
13:41:13.611 -> C,ts_engage_write,495765366
13:41:13.702 -> C,ts_engage_write,495853369
13:41:13.796 -> C,ts_engage_write,495941368
13:41:13.889 -> [FACE] heartbeat
13:41:13.889 -> C,mood_str,50
13:41:13.889 -> C,ts_engage_write,496029460
13:41:13.889 -> C,engage_lvl,0
13:41:13.889 -> C,modifier,15
13:41:13.889 -> C,engage_floor,0
13:41:13.889 -> C,loop_us,259
13:41:13.981 -> C,ts_engage_write,496117366
13:41:14.026 -> C,ts_engage_write,496205367
13:41:14.118 -> C,ts_engage_write,496293367
13:41:14.211 -> C,ts_engage_write,496381367
13:41:14.302 -> C,ts_engage_write,496469367
13:41:14.395 -> C,ts_engage_write,496557367
13:41:14.395 -> C,engage_lvl,0
13:41:14.488 -> C,ts_engage_write,496645367
13:41:14.582 -> C,ts_engage_write,496733367
13:41:14.674 -> C,ts_engage_write,496821366
13:41:14.766 -> C,ts_engage_write,496909368
13:41:14.858 -> C,ts_engage_write,496997367
13:41:14.951 -> [FACE] heartbeat
13:41:14.951 -> C,mood_str,50
13:41:14.951 -> C,ts_engage_write,497085465
13:41:14.951 -> C,engage_lvl,0
13:41:14.951 -> C,modifier,15
13:41:14.951 -> C,engage_floor,0
13:41:14.951 -> C,loop_us,268
13:41:14.998 -> C,ts_engage_write,497173366
13:41:15.091 -> C,ts_engage_write,497261368
13:41:15.183 -> C,ts_engage_write,497349368
13:41:15.277 -> C,ts_engage_write,497437367
13:41:15.370 -> C,ts_engage_write,497525367
13:41:15.464 -> C,ts_engage_write,497613368
13:41:15.464 -> C,engage_lvl,0
13:41:15.557 -> C,ts_engage_write,497701368
13:41:15.650 -> C,ts_engage_write,497789366
13:41:15.743 -> C,ts_engage_write,497877368
13:41:15.789 -> C,ts_engage_write,497965368
13:41:15.882 -> C,ts_engage_write,498053368
13:41:15.975 -> [FACE] heartbeat
13:41:15.975 -> C,mood_str,50
13:41:15.975 -> C,ts_engage_write,498141469
13:41:15.975 -> C,engage_lvl,0
13:41:15.975 -> C,modifier,15
13:41:15.975 -> C,engage_floor,0
13:41:15.975 -> C,loop_us,271
13:41:16.069 -> C,ts_engage_write,498229366
13:41:16.162 -> C,ts_engage_write,498317367
13:41:16.257 -> C,ts_engage_write,498405367
13:41:16.350 -> C,ts_engage_write,498493367
13:41:16.443 -> C,ts_engage_write,498581367
13:41:16.490 -> C,ts_engage_write,498669367
13:41:16.490 -> C,engage_lvl,0
13:41:16.583 -> C,ts_engage_write,498757366
13:41:16.677 -> C,ts_engage_write,498845368
13:41:16.769 -> C,ts_engage_write,498933367
13:41:16.862 -> C,ts_engage_write,499021367
13:41:16.955 -> C,ts_engage_write,499109367
13:41:17.048 -> [FACE] heartbeat
13:41:17.048 -> C,mood_str,50
13:41:17.048 -> C,ts_engage_write,499197446
13:41:17.048 -> C,engage_lvl,0
13:41:17.048 -> C,modifier,15
13:41:17.048 -> C,engage_floor,0
13:41:17.048 -> C,loop_us,252
13:41:17.143 -> C,ts_engage_write,499285366
13:41:17.236 -> C,ts_engage_write,499373367
13:41:17.283 -> C,ts_engage_write,499461367
13:41:17.375 -> C,ts_engage_write,499549367
13:41:17.470 -> C,ts_engage_write,499637367
13:41:17.564 -> C,ts_engage_write,499725367
13:41:17.564 -> C,engage_lvl,0
13:41:17.657 -> C,ts_engage_write,499813366
13:41:17.749 -> C,ts_engage_write,499901368
13:41:17.843 -> C,ts_engage_write,499989367
13:41:17.935 -> C,ts_engage_write,500077367
13:41:18.028 -> C,ts_engage_write,500165367
13:41:18.075 -> [FACE] heartbeat
13:41:18.075 -> C,mood_str,50
13:41:18.075 -> C,ts_engage_write,500253446
13:41:18.075 -> C,engage_lvl,0
13:41:18.075 -> C,modifier,15
13:41:18.075 -> C,engage_floor,0
13:41:18.075 -> C,loop_us,265
13:41:18.167 -> C,ts_engage_write,500341366
13:41:18.260 -> C,ts_engage_write,500429367
13:41:18.353 -> C,ts_engage_write,500517367
13:41:18.445 -> C,ts_engage_write,500605367
13:41:18.538 -> C,ts_engage_write,500693367
13:41:18.631 -> C,ts_engage_write,500781366
13:41:18.631 -> C,engage_lvl,0
13:41:18.724 -> C,ts_engage_write,500869368
13:41:18.818 -> C,ts_engage_write,500957367
13:41:18.910 -> C,ts_engage_write,501045367
13:41:18.956 -> C,ts_engage_write,501133367
13:41:19.049 -> C,ts_engage_write,501221367
13:41:19.143 -> [FACE] heartbeat
13:41:19.143 -> C,mood_str,50
13:41:19.143 -> C,ts_engage_write,501309458
13:41:19.143 -> C,engage_lvl,0
13:41:19.143 -> C,modifier,15
13:41:19.143 -> C,engage_floor,0
13:41:19.143 -> C,loop_us,261
13:41:19.236 -> C,ts_engage_write,501397366
13:41:19.331 -> C,ts_engage_write,501485368
13:41:19.422 -> C,ts_engage_write,501573368
13:41:19.515 -> C,ts_engage_write,501661367
13:41:19.608 -> C,ts_engage_write,501749366
13:41:19.700 -> C,ts_engage_write,501837369
13:41:19.700 -> C,engage_lvl,0
13:41:19.747 -> C,ts_engage_write,501925368
13:41:19.841 -> C,ts_engage_write,502013367
13:41:19.933 -> C,ts_engage_write,502101367
13:41:20.027 -> C,ts_engage_write,502189368
13:41:20.121 -> C,ts_engage_write,502277368
13:41:20.215 -> [FACE] heartbeat
13:41:20.215 -> C,mood_str,50
13:41:20.215 -> C,ts_engage_write,502365449
13:41:20.215 -> C,engage_lvl,0
13:41:20.215 -> C,modifier,15
13:41:20.215 -> C,engage_floor,0
13:41:20.215 -> C,loop_us,262
13:41:20.308 -> C,ts_engage_write,502453363
13:41:20.402 -> C,ts_engage_write,502541367
13:41:20.495 -> C,ts_engage_write,502629367
13:41:20.541 -> C,ts_engage_write,502717367
13:41:20.635 -> C,ts_engage_write,502805366
13:41:20.729 -> C,ts_engage_write,502893368
13:41:20.729 -> C,engage_lvl,0
13:41:20.823 -> C,ts_engage_write,502981367
13:41:20.917 -> C,ts_engage_write,503069367
13:41:21.009 -> C,ts_engage_write,503157367
13:41:21.103 -> C,ts_engage_write,503245367
13:41:21.195 -> C,ts_engage_write,503333367
13:41:21.241 -> [FACE] heartbeat
13:41:21.241 -> C,mood_str,50
13:41:21.241 -> C,ts_engage_write,503421466
13:41:21.241 -> C,engage_lvl,0
13:41:21.241 -> C,modifier,15
13:41:21.241 -> C,engage_floor,0
13:41:21.241 -> C,loop_us,269
13:41:21.333 -> C,ts_engage_write,503509366
13:41:21.425 -> C,ts_engage_write,503597368
13:41:21.520 -> C,ts_engage_write,503685368
13:41:21.613 -> C,ts_engage_write,503773366
13:41:21.707 -> C,ts_engage_write,503861368
13:41:21.800 -> C,ts_engage_write,503949368
13:41:21.800 -> C,engage_lvl,0
13:41:21.894 -> C,ts_engage_write,504037368
13:41:21.987 -> C,ts_engage_write,504125367
13:41:22.078 -> C,ts_engage_write,504213367
13:41:22.124 -> C,ts_engage_write,504301368
13:41:22.218 -> C,ts_engage_write,504389368
13:41:22.310 -> [FACE] heartbeat
13:41:22.310 -> C,mood_str,50
13:41:22.310 -> C,ts_engage_write,504477468
13:41:22.310 -> C,engage_lvl,0
13:41:22.310 -> C,modifier,15
13:41:22.310 -> C,engage_floor,0
13:41:22.310 -> C,loop_us,244
13:41:22.403 -> C,ts_engage_write,504565361
13:41:22.495 -> C,ts_engage_write,504653367
13:41:22.589 -> C,ts_engage_write,504741367
13:41:22.682 -> C,ts_engage_write,504829366
13:41:22.775 -> C,ts_engage_write,504917368
13:41:22.868 -> C,ts_engage_write,505005367
13:41:22.868 -> C,engage_lvl,0
13:41:22.960 -> C,ts_engage_write,505093367
13:41:23.007 -> C,ts_engage_write,505181367
13:41:23.100 -> C,ts_engage_write,505269367
13:41:23.193 -> C,ts_engage_write,505357367
13:41:23.287 -> C,ts_engage_write,505445367
13:41:23.379 -> [FACE] heartbeat
13:41:23.379 -> C,mood_str,50
13:41:23.379 -> C,ts_engage_write,505533466
13:41:23.379 -> C,engage_lvl,0
13:41:23.379 -> C,modifier,15
13:41:23.379 -> C,engage_floor,0
13:41:23.379 -> C,loop_us,267
13:41:23.473 -> C,ts_engage_write,505621366
13:41:23.565 -> C,ts_engage_write,505709368
13:41:23.660 -> C,ts_engage_write,505797366
13:41:23.707 -> C,ts_engage_write,505885368
13:41:23.800 -> C,ts_engage_write,505973367
13:41:23.894 -> C,ts_engage_write,506061368
13:41:23.894 -> C,engage_lvl,0
13:41:23.988 -> C,ts_engage_write,506149368
13:41:24.081 -> C,ts_engage_write,506237367
13:41:24.173 -> C,ts_engage_write,506325367
13:41:24.266 -> C,ts_engage_write,506413368
13:41:24.358 -> C,ts_engage_write,506501368
13:41:24.451 -> [FACE] heartbeat
13:41:24.451 -> C,mood_str,50
13:41:24.451 -> C,ts_engage_write,506589468
13:41:24.451 -> C,engage_lvl,0
13:41:24.451 -> C,modifier,15
13:41:24.451 -> C,engage_floor,0
13:41:24.451 -> C,loop_us,268
13:41:24.498 -> C,ts_engage_write,506677366
13:41:24.591 -> C,ts_engage_write,506765366
13:41:24.684 -> C,ts_engage_write,506853368
13:41:24.778 -> C,ts_engage_write,506941367
13:41:24.870 -> C,ts_engage_write,507029367
13:41:24.963 -> C,ts_engage_write,507117367
13:41:24.963 -> C,engage_lvl,0
13:41:25.056 -> C,ts_engage_write,507205367
13:41:25.147 -> C,ts_engage_write,507293367
13:41:25.242 -> C,ts_engage_write,507381367
13:41:25.334 -> C,ts_engage_write,507469367
13:41:25.380 -> C,ts_engage_write,507557367
13:41:25.474 -> [FACE] heartbeat
13:41:25.474 -> C,mood_str,50
13:41:25.474 -> C,ts_engage_write,507645466
13:41:25.474 -> C,engage_lvl,0
13:41:25.474 -> C,modifier,15
13:41:25.474 -> C,engage_floor,0
13:41:25.474 -> C,loop_us,260
13:41:25.568 -> C,ts_engage_write,507733360
13:41:25.660 -> C,ts_engage_write,507821367
13:41:25.753 -> C,ts_engage_write,507909369
13:41:25.847 -> C,ts_engage_write,507997367
13:41:25.940 -> C,ts_engage_write,508085367
13:41:26.033 -> C,ts_engage_write,508173368
13:41:26.033 -> C,engage_lvl,0
13:41:26.126 -> C,ts_engage_write,508261368
13:41:26.172 -> C,ts_engage_write,508349367
13:41:26.264 -> C,ts_engage_write,508437367
13:41:26.357 -> C,ts_engage_write,508525368
13:41:26.452 -> C,ts_engage_write,508613368
13:41:26.545 -> [FACE] heartbeat
13:41:26.545 -> C,mood_str,50
13:41:26.545 -> C,ts_engage_write,508701449
13:41:26.545 -> C,engage_lvl,0
13:41:26.545 -> C,modifier,15
13:41:26.545 -> C,engage_floor,0
13:41:26.545 -> C,loop_us,268
13:41:26.639 -> C,ts_engage_write,508789365
13:41:26.731 -> C,ts_engage_write,508877368
13:41:26.824 -> C,ts_engage_write,508965367
13:41:26.917 -> C,ts_engage_write,509053367
13:41:26.962 -> C,ts_engage_write,509141367
13:41:27.055 -> C,ts_engage_write,509229367
13:41:27.055 -> C,engage_lvl,0
13:41:27.146 -> C,ts_engage_write,509317367
13:41:27.240 -> C,ts_engage_write,509405367
13:41:27.332 -> C,ts_engage_write,509493367
13:41:27.426 -> C,ts_engage_write,509581367
13:41:27.519 -> C,ts_engage_write,509669367
13:41:27.612 -> [FACE] heartbeat
13:41:27.612 -> C,mood_str,50
13:41:27.612 -> C,ts_engage_write,509757460
13:41:27.612 -> C,engage_lvl,0
13:41:27.612 -> C,modifier,15
13:41:27.612 -> C,engage_floor,0
13:41:27.612 -> C,loop_us,261
13:41:27.705 -> C,ts_engage_write,509845367
13:41:27.798 -> C,ts_engage_write,509933368
13:41:27.845 -> C,ts_engage_write,510021368
13:41:27.939 -> C,ts_engage_write,510109367
13:41:28.033 -> C,ts_engage_write,510197367
13:41:28.126 -> C,ts_engage_write,510285368
13:41:28.126 -> C,engage_lvl,0
13:41:28.219 -> C,ts_engage_write,510373368
13:41:28.312 -> C,ts_engage_write,510461367
13:41:28.406 -> C,ts_engage_write,510549367
13:41:28.498 -> C,ts_engage_write,510637368
13:41:28.591 -> C,ts_engage_write,510725368
13:41:28.638 -> [FACE] heartbeat
13:41:28.638 -> C,mood_str,50
13:41:28.638 -> C,ts_engage_write,510813470
13:41:28.638 -> C,engage_lvl,0
13:41:28.638 -> C,modifier,15
13:41:28.638 -> C,engage_floor,0
13:41:28.638 -> C,loop_us,272
13:41:28.730 -> C,ts_engage_write,510901364
13:41:28.823 -> C,ts_engage_write,510989367
13:41:28.916 -> C,ts_engage_write,511077367
13:41:29.009 -> C,ts_engage_write,511165367
13:41:29.102 -> C,ts_engage_write,511253367
13:41:29.195 -> C,ts_engage_write,511341367
13:41:29.195 -> C,engage_lvl,0
13:41:29.288 -> C,ts_engage_write,511429367
13:41:29.379 -> C,ts_engage_write,511517367
13:41:29.426 -> C,ts_engage_write,511605367
13:41:29.518 -> C,ts_engage_write,511693367
13:41:29.611 -> C,ts_engage_write,511781366
13:41:29.704 -> [FACE] heartbeat
13:41:29.704 -> C,mood_str,50
13:41:29.704 -> C,ts_engage_write,511869462
13:41:29.704 -> C,engage_lvl,0
13:41:29.704 -> C,modifier,15
13:41:29.704 -> C,engage_floor,0
13:41:29.704 -> C,loop_us,271
13:41:29.798 -> C,ts_engage_write,511957366
13:41:29.891 -> C,ts_engage_write,512045368
13:41:29.984 -> C,ts_engage_write,512133368
13:41:30.079 -> C,ts_engage_write,512221367
13:41:30.171 -> C,ts_engage_write,512309367
13:41:30.217 -> C,ts_engage_write,512397368
13:41:30.217 -> C,engage_lvl,0
13:41:30.311 -> C,ts_engage_write,512485368
13:41:30.406 -> C,ts_engage_write,512573367
13:41:30.498 -> C,ts_engage_write,512661367
13:41:30.589 -> C,ts_engage_write,512749367
13:41:30.681 -> C,ts_engage_write,512837369
13:41:30.774 -> [FACE] heartbeat
13:41:30.774 -> C,mood_str,50
13:41:30.774 -> C,ts_engage_write,512925463
13:41:30.774 -> C,engage_lvl,0
13:41:30.774 -> C,modifier,15
13:41:30.774 -> C,engage_floor,0
13:41:30.774 -> C,loop_us,263
13:41:30.867 -> C,ts_engage_write,513013366
13:41:30.960 -> C,ts_engage_write,513101367
13:41:31.054 -> C,ts_engage_write,513189367
13:41:31.100 -> C,ts_engage_write,513277367
13:41:31.195 -> C,ts_engage_write,513365367
13:41:31.288 -> C,ts_engage_write,513453367
13:41:31.288 -> C,engage_lvl,0
13:41:31.379 -> C,ts_engage_write,513541367
13:41:31.473 -> C,ts_engage_write,513629367
13:41:31.566 -> C,ts_engage_write,513717367
13:41:31.659 -> C,ts_engage_write,513805366
13:41:31.752 -> C,ts_engage_write,513893368
13:41:31.846 -> [FACE] heartbeat
13:41:31.846 -> C,mood_str,50
13:41:31.846 -> C,ts_engage_write,513981464
13:41:31.846 -> C,engage_lvl,0
13:41:31.846 -> C,modifier,15
13:41:31.846 -> C,engage_floor,0
13:41:31.846 -> C,loop_us,256
13:41:31.894 -> C,ts_engage_write,514069362
13:41:31.988 -> C,ts_engage_write,514157367
13:41:32.081 -> C,ts_engage_write,514245367
13:41:32.174 -> C,ts_engage_write,514333367
13:41:32.267 -> C,ts_engage_write,514421367
13:41:32.360 -> C,ts_engage_write,514509367
13:41:32.360 -> C,engage_lvl,0
13:41:32.453 -> C,ts_engage_write,514597367
13:41:32.548 -> C,ts_engage_write,514685367
13:41:32.595 -> C,ts_engage_write,514773366
13:41:32.688 -> C,ts_engage_write,514861368
13:41:32.780 -> C,ts_engage_write,514949367
13:41:32.874 -> [FACE] heartbeat
13:41:32.874 -> C,mood_str,50
13:41:32.874 -> C,ts_engage_write,515037446
13:41:32.874 -> C,engage_lvl,0
13:41:32.874 -> C,modifier,15
13:41:32.874 -> C,engage_floor,0
13:41:32.874 -> C,loop_us,255
13:41:32.968 -> C,ts_engage_write,515125362
13:41:33.061 -> C,ts_engage_write,515213367
13:41:33.155 -> C,ts_engage_write,515301366
13:41:33.247 -> C,ts_engage_write,515389367
13:41:33.341 -> C,ts_engage_write,515477366
13:41:33.341 -> [TOUCH] transition raw=1 pressed=1 ms=515477
13:41:33.341 -> [TOUCH] START raw=1 ms=515477
13:41:33.389 -> C,ts_engage_write,515565373
13:41:33.389 -> C,engage_lvl,0
13:41:33.389 -> [TOUCH] transition raw=0 pressed=0 ms=515565
13:41:33.389 -> [TOUCH] RELEASE raw=0 duration=88 ms=515565
13:41:33.389 -> [TOUCH] TAP
13:41:33.389 -> [EMOTION] IDLE -> HAPPY
13:41:33.435 -> EVT:{"type":"timeline","text":"User tap interaction","tag":"touch"}
13:41:33.482 -> C,ts_engage_write,515657446
13:41:33.576 -> C,ts_engage_write,515746383
13:41:33.669 -> C,ts_engage_write,515834390
13:41:33.761 -> C,ts_engage_write,515922385
13:41:33.855 -> C,ts_engage_write,516010386
13:41:33.948 -> [FACE] heartbeat
13:41:33.948 -> C,mood_str,50
13:41:33.948 -> C,ts_engage_write,516098507
13:41:33.948 -> C,engage_lvl,0
13:41:33.948 -> C,modifier,15
13:41:33.948 -> C,engage_floor,0
13:41:33.948 -> C,loop_us,302
13:41:34.040 -> C,ts_engage_write,516187384
13:41:34.132 -> C,ts_engage_write,516275389
13:41:34.226 -> C,ts_engage_write,516363386
13:41:34.272 -> C,ts_engage_write,516451386
13:41:34.366 -> C,ts_engage_write,516539386
13:41:34.458 -> C,ts_engage_write,516627386
13:41:34.458 -> C,engage_lvl,0
13:41:34.550 -> C,ts_engage_write,516715384
13:41:34.644 -> C,ts_engage_write,516803386
13:41:34.738 -> C,ts_engage_write,516891385
13:41:34.831 -> C,ts_engage_write,516979388
13:41:34.925 -> C,ts_engage_write,517067386
13:41:35.018 -> [FACE] heartbeat
13:41:35.018 -> C,mood_str,50
13:41:35.018 -> C,ts_engage_write,517155491
13:41:35.018 -> C,engage_lvl,0
13:41:35.018 -> C,modifier,15
13:41:35.018 -> C,engage_floor,0
13:41:35.018 -> C,loop_us,301
13:41:35.065 -> C,ts_engage_write,517244385
13:41:35.156 -> C,ts_engage_write,517332385
13:41:35.249 -> C,ts_engage_write,517420384
13:41:35.341 -> C,ts_engage_write,517508382
13:41:35.435 -> C,ts_engage_write,517596384
13:41:35.528 -> C,ts_engage_write,517684382
13:41:35.528 -> C,engage_lvl,0
13:41:35.620 -> C,ts_engage_write,517772387
13:41:35.713 -> C,ts_engage_write,517860382
13:41:35.807 -> C,ts_engage_write,517948382
13:41:35.900 -> C,ts_engage_write,518036382
13:41:35.946 -> C,ts_engage_write,518124384
13:41:36.039 -> [FACE] heartbeat
13:41:36.039 -> C,mood_str,50
13:41:36.039 -> C,ts_engage_write,518212481
13:41:36.039 -> C,engage_lvl,0
13:41:36.039 -> C,modifier,15
13:41:36.039 -> C,engage_floor,0
13:41:36.039 -> C,loop_us,281
13:41:36.132 -> C,ts_engage_write,518301383
13:41:36.224 -> C,ts_engage_write,518389383
13:41:36.318 -> C,ts_engage_write,518477382
13:41:36.410 -> C,ts_engage_write,518565381
13:41:36.503 -> C,ts_engage_write,518653382
13:41:36.596 -> C,ts_engage_write,518741381
13:41:36.596 -> C,engage_lvl,0
13:41:36.689 -> C,ts_engage_write,518829380
13:41:36.782 -> C,ts_engage_write,518917384
13:41:36.828 -> C,ts_engage_write,519005382
13:41:36.922 -> C,ts_engage_write,519093384
13:41:37.016 -> C,ts_engage_write,519181382
13:41:37.108 -> [FACE] heartbeat
13:41:37.108 -> C,mood_str,50
13:41:37.108 -> C,ts_engage_write,519269482
13:41:37.108 -> C,engage_lvl,0
13:41:37.108 -> C,modifier,15
13:41:37.108 -> C,engage_floor,0
13:41:37.108 -> C,loop_us,284
13:41:37.202 -> C,ts_engage_write,519358382
13:41:37.296 -> C,ts_engage_write,519446382
13:41:37.388 -> C,ts_engage_write,519534384
13:41:37.483 -> C,ts_engage_write,519622382
13:41:37.575 -> C,ts_engage_write,519710384
13:41:37.622 -> C,ts_engage_write,519798380
13:41:37.622 -> C,engage_lvl,0
13:41:37.715 -> C,ts_engage_write,519886382
13:41:37.808 -> C,ts_engage_write,519974382
13:41:37.901 -> C,ts_engage_write,520062382
13:41:37.995 -> C,ts_engage_write,520150384
13:41:38.088 -> C,ts_engage_write,520238382
13:41:38.180 -> [FACE] heartbeat
13:41:38.180 -> C,mood_str,50
13:41:38.180 -> C,ts_engage_write,520326486
13:41:38.180 -> C,engage_lvl,0
13:41:38.180 -> C,modifier,15
13:41:38.180 -> C,engage_floor,0
13:41:38.180 -> C,loop_us,294
13:41:38.274 -> C,ts_engage_write,520415381
13:41:38.366 -> C,ts_engage_write,520503382
13:41:38.412 -> [EMOTION] HAPPY -> IDLE (timeout)
13:41:38.412 -> C,ts_engage_write,520591472
13:41:38.505 -> C,ts_engage_write,520679372
13:41:38.597 -> C,ts_engage_write,520767364
13:41:38.689 -> C,ts_engage_write,520855366
13:41:38.689 -> C,engage_lvl,0
13:41:38.781 -> C,ts_engage_write,520943365
13:41:38.874 -> C,ts_engage_write,521031365
13:41:38.968 -> C,ts_engage_write,521119365
13:41:39.060 -> C,ts_engage_write,521207365
13:41:39.153 -> C,ts_engage_write,521295365
13:41:39.247 -> [FACE] heartbeat
13:41:39.247 -> C,mood_str,50
13:41:39.247 -> C,ts_engage_write,521383459
13:41:39.247 -> C,engage_lvl,0
13:41:39.247 -> C,modifier,15
13:41:39.247 -> C,engage_floor,0
13:41:39.247 -> C,loop_us,231
13:41:39.294 -> C,ts_engage_write,521471361
13:41:39.386 -> C,ts_engage_write,521559366
13:41:39.479 -> C,ts_engage_write,521647364
13:41:39.572 -> C,ts_engage_write,521735366
13:41:39.665 -> C,ts_engage_write,521823362
13:41:39.758 -> C,ts_engage_write,521911367
13:41:39.758 -> C,engage_lvl,0
13:41:39.852 -> C,ts_engage_write,521999364
13:41:39.945 -> C,ts_engage_write,522087366
13:41:40.039 -> C,ts_engage_write,522175364
13:41:40.086 -> C,ts_engage_write,522263370
13:41:40.179 -> C,ts_engage_write,522351364
13:41:40.272 -> [FACE] heartbeat
13:41:40.272 -> C,mood_str,50
13:41:40.272 -> C,ts_engage_write,522439461
13:41:40.272 -> C,engage_lvl,0
13:41:40.272 -> C,modifier,15
13:41:40.272 -> C,engage_floor,0
13:41:40.272 -> C,loop_us,258
13:41:40.364 -> C,ts_engage_write,522527362
13:41:40.457 -> C,ts_engage_write,522615367
13:41:40.550 -> C,ts_engage_write,522703364
13:41:40.644 -> C,ts_engage_write,522791365
13:41:40.738 -> C,ts_engage_write,522879365
13:41:40.829 -> C,ts_engage_write,522967367
13:41:40.829 -> C,engage_lvl,0
13:41:40.876 -> C,ts_engage_write,523055364
13:41:40.969 -> C,ts_engage_write,523143366
13:41:41.062 -> C,ts_engage_write,523231364
13:41:41.155 -> C,ts_engage_write,523319367
13:41:41.247 -> C,ts_engage_write,523407364
13:41:41.339 -> [FACE] heartbeat
13:41:41.339 -> C,mood_str,50
13:41:41.339 -> C,ts_engage_write,523495462
13:41:41.339 -> C,engage_lvl,0
13:41:41.339 -> C,modifier,15
13:41:41.339 -> C,engage_floor,0
13:41:41.339 -> C,loop_us,250
13:41:41.430 -> C,ts_engage_write,523583363
13:41:41.523 -> C,ts_engage_write,523671366
13:41:41.616 -> C,ts_engage_write,523759362
13:41:41.708 -> C,ts_engage_write,523847367
13:41:41.755 -> C,ts_engage_write,523935364
13:41:41.849 -> C,ts_engage_write,524023366
13:41:41.849 -> C,engage_lvl,0
13:41:41.943 -> C,ts_engage_write,524111364
13:41:42.038 -> C,ts_engage_write,524199366
13:41:42.131 -> C,ts_engage_write,524287364
13:41:42.223 -> C,ts_engage_write,524375366
13:41:42.315 -> C,ts_engage_write,524463363
13:41:42.409 -> [FACE] heartbeat
13:41:42.409 -> C,mood_str,50
13:41:42.409 -> C,ts_engage_write,524551445
13:41:42.409 -> C,engage_lvl,0
13:41:42.409 -> C,modifier,15
13:41:42.409 -> C,engage_floor,0
13:41:42.409 -> C,loop_us,254
13:41:42.500 -> C,ts_engage_write,524639362
13:41:42.593 -> C,ts_engage_write,524727366
13:41:42.639 -> C,ts_engage_write,524815361
13:41:42.732 -> C,ts_engage_write,524903367
13:41:42.826 -> C,ts_engage_write,524991362
13:41:42.919 -> C,ts_engage_write,525079366
13:41:42.919 -> C,engage_lvl,0
13:41:43.011 -> C,ts_engage_write,525167362
13:41:43.105 -> C,ts_engage_write,525255366
13:41:43.197 -> C,ts_engage_write,525343362
13:41:43.290 -> C,ts_engage_write,525431366
13:41:43.381 -> C,ts_engage_write,525519362
13:41:43.428 -> [FACE] heartbeat
13:41:43.428 -> C,mood_str,50
13:41:43.428 -> C,ts_engage_write,525607444
13:41:43.428 -> C,engage_lvl,0
13:41:43.428 -> C,modifier,15
13:41:43.428 -> C,engage_floor,0
13:41:43.428 -> C,loop_us,249
13:41:43.521 -> C,ts_engage_write,525695362
13:41:43.614 -> C,ts_engage_write,525783365
13:41:43.707 -> C,ts_engage_write,525871365
13:41:43.799 -> C,ts_engage_write,525959366
13:41:43.893 -> C,ts_engage_write,526047364
13:41:43.985 -> C,ts_engage_write,526135366
13:41:43.985 -> C,engage_lvl,0
13:41:44.078 -> C,ts_engage_write,526223364
13:41:44.170 -> C,ts_engage_write,526311366
13:41:44.263 -> C,ts_engage_write,526399364
13:41:44.309 -> C,ts_engage_write,526487366
13:41:44.403 -> C,ts_engage_write,526575364
13:41:44.496 -> [FACE] heartbeat
13:41:44.496 -> C,mood_str,50
13:41:44.496 -> C,ts_engage_write,526663451
13:41:44.496 -> C,engage_lvl,0
13:41:44.496 -> C,modifier,15
13:41:44.496 -> C,engage_floor,0
13:41:44.496 -> C,loop_us,222
13:41:44.588 -> C,ts_engage_write,526751359
13:41:44.680 -> C,ts_engage_write,526839367
13:41:44.775 -> C,ts_engage_write,526927362
13:41:44.867 -> C,ts_engage_write,527015366
13:41:44.959 -> C,ts_engage_write,527103362
13:41:45.054 -> C,ts_engage_write,527191366
13:41:45.054 -> C,engage_lvl,0
13:41:45.100 -> C,ts_engage_write,527279362
13:41:45.194 -> C,ts_engage_write,527367366
13:41:45.288 -> C,ts_engage_write,527455362
13:41:45.380 -> C,ts_engage_write,527543366
13:41:45.474 -> C,ts_engage_write,527631362
13:41:45.566 -> [FACE] heartbeat
13:41:45.566 -> C,mood_str,50
13:41:45.566 -> C,ts_engage_write,527719442
13:41:45.566 -> C,engage_lvl,0
13:41:45.566 -> C,modifier,15
13:41:45.566 -> C,engage_floor,0
13:41:45.566 -> C,loop_us,236
13:41:45.659 -> C,ts_engage_write,527807359
13:41:45.751 -> C,ts_engage_write,527895367
13:41:45.844 -> C,ts_engage_write,527983364
13:41:45.891 -> C,ts_engage_write,528071366
13:41:45.983 -> C,ts_engage_write,528159364
13:41:46.077 -> C,ts_engage_write,528247366
13:41:46.077 -> C,engage_lvl,0
13:41:46.170 -> C,ts_engage_write,528335364
13:41:46.262 -> C,ts_engage_write,528423366
13:41:46.357 -> C,ts_engage_write,528511364
13:41:46.453 -> C,ts_engage_write,528599366
13:41:46.546 -> C,ts_engage_write,528687364
13:41:46.639 -> [FACE] heartbeat
13:41:46.639 -> C,mood_str,50
13:41:46.639 -> C,ts_engage_write,528775441
13:41:46.639 -> C,engage_lvl,0
13:41:46.639 -> C,modifier,15
13:41:46.639 -> C,engage_floor,0
13:41:46.639 -> C,loop_us,239
13:41:46.685 -> C,ts_engage_write,528863362
13:41:46.780 -> C,ts_engage_write,528951366
13:41:46.872 -> C,ts_engage_write,529039362
13:41:46.965 -> C,ts_engage_write,529127366
13:41:47.060 -> C,ts_engage_write,529215362
13:41:47.153 -> C,ts_engage_write,529303366
13:41:47.153 -> C,engage_lvl,0
13:41:47.246 -> C,ts_engage_write,529391362
13:41:47.340 -> C,ts_engage_write,529479366
13:41:47.433 -> C,ts_engage_write,529567362
13:41:47.479 -> C,ts_engage_write,529655366
13:41:47.571 -> C,ts_engage_write,529743362
13:41:47.663 -> [FACE] heartbeat
13:41:47.663 -> C,mood_str,50
13:41:47.663 -> C,ts_engage_write,529831461
13:41:47.663 -> C,engage_lvl,0
13:41:47.663 -> C,modifier,15
13:41:47.663 -> C,engage_floor,0
13:41:47.663 -> C,loop_us,254
13:41:47.757 -> C,ts_engage_write,529919362
13:41:47.848 -> C,ts_engage_write,530007365
13:41:47.941 -> C,ts_engage_write,530095363
13:41:48.033 -> C,ts_engage_write,530183365
13:41:48.125 -> C,ts_engage_write,530271363
13:41:48.218 -> C,ts_engage_write,530359365
13:41:48.218 -> C,engage_lvl,0
13:41:48.310 -> C,ts_engage_write,530447365
13:41:48.356 -> C,ts_engage_write,530535365
13:41:48.449 -> C,ts_engage_write,530623365
13:41:48.540 -> C,ts_engage_write,530711365
13:41:48.632 -> C,ts_engage_write,530799363
13:41:48.726 -> [FACE] heartbeat
13:41:48.726 -> C,mood_str,50
13:41:48.726 -> C,ts_engage_write,530887458
13:41:48.726 -> C,engage_lvl,0
13:41:48.726 -> C,modifier,15
13:41:48.726 -> C,engage_floor,0
13:41:48.726 -> C,loop_us,232
13:41:48.818 -> C,ts_engage_write,530975362
13:41:48.912 -> C,ts_engage_write,531063361
13:41:49.005 -> C,ts_engage_write,531151365
13:41:49.096 -> C,ts_engage_write,531239365
13:41:49.191 -> C,ts_engage_write,531327365
13:41:49.238 -> C,ts_engage_write,531415365
13:41:49.238 -> C,engage_lvl,0
13:41:49.330 -> C,ts_engage_write,531503365
13:41:49.424 -> C,ts_engage_write,531591365
13:41:49.516 -> C,ts_engage_write,531679365
13:41:49.607 -> C,ts_engage_write,531767364
13:41:49.700 -> C,ts_engage_write,531855366
13:41:49.794 -> [FACE] heartbeat
13:41:49.794 -> C,mood_str,50
13:41:49.794 -> C,ts_engage_write,531943454
13:41:49.794 -> C,engage_lvl,0
13:41:49.794 -> C,modifier,15
13:41:49.794 -> C,engage_floor,0
13:41:49.794 -> C,loop_us,240
13:41:49.887 -> C,ts_engage_write,532031362
13:41:49.981 -> C,ts_engage_write,532119366
13:41:50.027 -> C,ts_engage_write,532207365
13:41:50.119 -> C,ts_engage_write,532295365
13:41:50.212 -> C,ts_engage_write,532383365
13:41:50.305 -> C,ts_engage_write,532471366
13:41:50.305 -> C,engage_lvl,0
13:41:50.399 -> C,ts_engage_write,532559365
13:41:50.492 -> C,ts_engage_write,532647365
13:41:50.584 -> C,ts_engage_write,532735365
13:41:50.680 -> C,ts_engage_write,532823365
13:41:50.773 -> C,ts_engage_write,532911367
13:41:50.865 -> [FACE] heartbeat
13:41:50.865 -> C,mood_str,50
13:41:50.865 -> C,ts_engage_write,532999444
13:41:50.865 -> C,engage_lvl,0
13:41:50.865 -> C,modifier,15
13:41:50.865 -> C,engage_floor,0
13:41:50.865 -> C,loop_us,234
13:41:50.912 -> C,ts_engage_write,533087364
13:41:51.007 -> C,ts_engage_write,533175365
13:41:51.099 -> C,ts_engage_write,533263365
13:41:51.191 -> C,ts_engage_write,533351365
13:41:51.285 -> C,ts_engage_write,533439365
13:41:51.378 -> C,ts_engage_write,533527365
13:41:51.378 -> C,engage_lvl,0
13:41:51.471 -> C,ts_engage_write,533615365
13:41:51.564 -> C,ts_engage_write,533703365
13:41:51.657 -> C,ts_engage_write,533791363
13:41:51.704 -> C,ts_engage_write,533879366
13:41:51.796 -> C,ts_engage_write,533967365
13:41:51.890 -> [FACE] heartbeat
13:41:51.890 -> C,mood_str,50
13:41:51.890 -> C,ts_engage_write,534055463
13:41:51.890 -> C,engage_lvl,0
13:41:51.890 -> C,modifier,15
13:41:51.890 -> C,engage_floor,0
13:41:51.890 -> C,loop_us,252
13:41:51.982 -> C,ts_engage_write,534143363
13:41:52.075 -> C,ts_engage_write,534231366
13:41:52.168 -> C,ts_engage_write,534319365
13:41:52.262 -> C,ts_engage_write,534407365
13:41:52.357 -> C,ts_engage_write,534495365
13:41:52.402 -> C,ts_engage_write,534583366
13:41:52.450 -> C,engage_lvl,0
13:41:52.496 -> C,ts_engage_write,534671365
13:41:52.590 -> C,ts_engage_write,534759364
13:41:52.684 -> C,ts_engage_write,534847366
13:41:52.775 -> C,ts_engage_write,534935366
13:41:52.868 -> C,ts_engage_write,535023365
13:41:52.962 -> [FACE] heartbeat
13:41:52.962 -> C,mood_str,50
13:41:52.962 -> C,ts_engage_write,535111448
13:41:52.962 -> C,engage_lvl,0
13:41:52.962 -> C,modifier,15
13:41:52.962 -> C,engage_floor,0
13:41:52.962 -> C,loop_us,243
13:41:53.056 -> C,ts_engage_write,535199362
13:41:53.150 -> C,ts_engage_write,535287365
13:41:53.197 -> C,ts_engage_write,535375363
13:41:53.289 -> C,ts_engage_write,535463365
13:41:53.382 -> C,ts_engage_write,535551363
13:41:53.475 -> C,ts_engage_write,535639365
13:41:53.475 -> C,engage_lvl,0
13:41:53.569 -> C,ts_engage_write,535727363
13:41:53.662 -> C,ts_engage_write,535815364
13:41:53.754 -> C,ts_engage_write,535903366
13:41:53.847 -> C,ts_engage_write,535991365
13:41:53.939 -> C,ts_engage_write,536079365
13:41:54.032 -> [FACE] heartbeat
13:41:54.032 -> C,mood_str,50
13:41:54.032 -> C,ts_engage_write,536167442
13:41:54.032 -> C,engage_lvl,0
13:41:54.032 -> C,modifier,15
13:41:54.032 -> C,engage_floor,0
13:41:54.032 -> C,loop_us,241
13:41:54.078 -> C,ts_engage_write,536255363
13:41:54.172 -> C,ts_engage_write,536343365
13:41:54.265 -> C,ts_engage_write,536431365
13:41:54.358 -> C,ts_engage_write,536519365
13:41:54.450 -> C,ts_engage_write,536607365
13:41:54.543 -> C,ts_engage_write,536695365
13:41:54.543 -> C,engage_lvl,0
13:41:54.636 -> C,ts_engage_write,536783363
13:41:54.729 -> C,ts_engage_write,536871366
13:41:54.821 -> C,ts_engage_write,536959365
13:41:54.868 -> C,ts_engage_write,537047365
13:41:54.961 -> C,ts_engage_write,537135365
13:41:55.056 -> [FACE] heartbeat
13:41:55.056 -> C,mood_str,50
13:41:55.056 -> C,ts_engage_write,537223461
13:41:55.056 -> C,engage_lvl,0
13:41:55.056 -> C,modifier,15
13:41:55.056 -> C,engage_floor,0
13:41:55.056 -> C,loop_us,261
13:41:55.148 -> C,ts_engage_write,537311363
13:41:55.241 -> C,ts_engage_write,537399366
13:41:55.334 -> C,ts_engage_write,537487365
13:41:55.427 -> C,ts_engage_write,537575365
13:41:55.521 -> C,ts_engage_write,537663365
13:41:55.613 -> C,ts_engage_write,537751365
13:41:55.613 -> C,engage_lvl,0
13:41:55.659 -> C,ts_engage_write,537839367
13:41:55.750 -> C,ts_engage_write,537927365
13:41:55.843 -> C,ts_engage_write,538015365
13:41:55.936 -> C,ts_engage_write,538103366
13:41:56.029 -> C,ts_engage_write,538191365
13:41:56.122 -> [FACE] heartbeat
13:41:56.122 -> C,mood_str,50
13:41:56.122 -> C,ts_engage_write,538279454
13:41:56.122 -> C,engage_lvl,0
13:41:56.122 -> C,modifier,15
13:41:56.122 -> C,engage_floor,0
13:41:56.122 -> C,loop_us,238
13:41:56.215 -> C,ts_engage_write,538367364
13:41:56.307 -> C,ts_engage_write,538455365
13:41:56.400 -> C,ts_engage_write,538543365
13:41:56.492 -> C,ts_engage_write,538631365
13:41:56.540 -> C,ts_engage_write,538719365
13:41:56.634 -> C,ts_engage_write,538807364
13:41:56.634 -> C,engage_lvl,0
13:41:56.727 -> C,ts_engage_write,538895366
13:41:56.819 -> C,ts_engage_write,538983365
13:41:56.912 -> C,ts_engage_write,539071365
13:41:57.005 -> C,ts_engage_write,539159365
13:41:57.098 -> C,ts_engage_write,539247365
13:41:57.192 -> [FACE] heartbeat
13:41:57.192 -> C,mood_str,50
13:41:57.192 -> C,ts_engage_write,539335442
13:41:57.192 -> C,engage_lvl,0
13:41:57.192 -> C,modifier,15
13:41:57.192 -> C,engage_floor,0
13:41:57.192 -> C,loop_us,252
13:41:57.286 -> C,ts_engage_write,539423363
13:41:57.333 -> C,ts_engage_write,539511365
13:41:57.425 -> C,ts_engage_write,539599365
13:41:57.519 -> C,ts_engage_write,539687365
13:41:57.613 -> C,ts_engage_write,539775363
13:41:57.706 -> C,ts_engage_write,539863366
13:41:57.706 -> C,engage_lvl,0
13:41:57.799 -> C,ts_engage_write,539951365
13:41:57.891 -> C,ts_engage_write,540039365
13:41:57.985 -> C,ts_engage_write,540127365
13:41:58.077 -> C,ts_engage_write,540215365
13:41:58.123 -> C,dom_touch,99
13:41:58.123 -> C,dom_sec,0
13:41:58.123 -> [MEM] tick: records=5 strength=99
13:41:58.123 -> C,rec_count,5
13:41:58.123 -> C,ts_engage_write,540303514
13:41:58.217 -> [FACE] heartbeat
13:41:58.217 -> C,mood_str,50
13:41:58.217 -> C,ts_engage_write,540391469
13:41:58.217 -> C,engage_lvl,0
13:41:58.217 -> C,modifier,15
13:41:58.217 -> C,engage_floor,0
13:41:58.217 -> C,loop_us,264
13:41:58.310 -> C,ts_engage_write,540479364
13:41:58.403 -> C,ts_engage_write,540567365
13:41:58.496 -> C,ts_engage_write,540655365
13:41:58.591 -> C,ts_engage_write,540743365
13:41:58.684 -> C,ts_engage_write,540831366
13:41:58.778 -> C,ts_engage_write,540919367
13:41:58.778 -> C,engage_lvl,0
13:41:58.870 -> C,ts_engage_write,541007365
13:41:58.917 -> C,ts_engage_write,541095365
13:41:59.011 -> C,ts_engage_write,541186733
13:41:59.105 -> C,ts_engage_write,541274402
13:41:59.198 -> C,ts_engage_write,541362369
13:41:59.292 -> [FACE] heartbeat
13:41:59.292 -> C,mood_str,50
13:41:59.292 -> C,ts_engage_write,541450482
13:41:59.292 -> C,engage_lvl,0
13:41:59.292 -> C,modifier,15
13:41:59.292 -> C,engage_floor,0
13:41:59.292 -> C,loop_us,283
13:41:59.385 -> C,ts_engage_write,541538368
13:41:59.477 -> C,ts_engage_write,541626368
13:41:59.569 -> C,ts_engage_write,541714368
13:41:59.661 -> C,ts_engage_write,541802367
13:41:59.753 -> C,ts_engage_write,541890369
13:41:59.799 -> C,ts_engage_write,541978368
13:41:59.799 -> C,engage_lvl,0
13:41:59.891 -> C,ts_engage_write,542066368
13:41:59.985 -> C,ts_engage_write,542154368
13:42:00.077 -> C,ts_engage_write,542242368
13:42:00.169 -> C,ts_engage_write,542330368
13:42:00.261 -> C,ts_engage_write,542418368
13:42:00.355 -> [FACE] heartbeat
13:42:00.355 -> C,mood_str,50
13:42:00.355 -> C,ts_engage_write,542506463
13:42:00.355 -> C,engage_lvl,0
13:42:00.355 -> C,modifier,15
13:42:00.355 -> C,engage_floor,0
13:42:00.355 -> C,loop_us,268
13:42:00.448 -> C,ts_engage_write,542594367
13:42:00.541 -> C,ts_engage_write,542682369
13:42:00.635 -> C,ts_engage_write,542770367
13:42:00.681 -> C,ts_engage_write,542858369
13:42:00.774 -> C,ts_engage_write,542946368
13:42:00.868 -> C,ts_engage_write,543034369
13:42:00.868 -> C,engage_lvl,0
13:42:00.961 -> C,ts_engage_write,543122369
13:42:01.052 -> C,ts_engage_write,543210368
13:42:01.145 -> C,ts_engage_write,543298368
13:42:01.238 -> C,ts_engage_write,543386369
13:42:01.330 -> C,ts_engage_write,543474369
13:42:01.423 -> [FACE] heartbeat
13:42:01.423 -> C,mood_str,50
13:42:01.423 -> C,ts_engage_write,543562480
13:42:01.423 -> C,engage_lvl,0
13:42:01.423 -> C,modifier,15
13:42:01.423 -> C,engage_floor,0
13:42:01.423 -> C,loop_us,277
13:42:01.515 -> C,ts_engage_write,543650368
13:42:01.560 -> C,ts_engage_write,543738368
13:42:01.653 -> C,ts_engage_write,543826367
13:42:01.745 -> C,ts_engage_write,543914369
13:42:01.838 -> C,ts_engage_write,544002368
13:42:01.930 -> C,ts_engage_write,544090368
13:42:01.930 -> C,engage_lvl,0
13:42:02.023 -> C,ts_engage_write,544178368
13:42:02.115 -> C,ts_engage_write,544266368
13:42:02.209 -> C,ts_engage_write,544354368
13:42:02.301 -> C,ts_engage_write,544442368
13:42:02.395 -> C,ts_engage_write,544530368
13:42:02.441 -> [FACE] heartbeat
13:42:02.441 -> C,mood_str,50
13:42:02.441 -> C,ts_engage_write,544618471
13:42:02.441 -> C,engage_lvl,0
13:42:02.441 -> C,modifier,15
13:42:02.441 -> C,engage_floor,0
13:42:02.441 -> C,loop_us,275
13:42:02.535 -> C,ts_engage_write,544706367
13:42:02.627 -> C,ts_engage_write,544794368
13:42:02.721 -> C,ts_engage_write,544882370
13:42:02.815 -> C,ts_engage_write,544970368
13:42:02.907 -> C,ts_engage_write,545058368
13:42:03.000 -> C,ts_engage_write,545146369
13:42:03.000 -> C,engage_lvl,0
13:42:03.094 -> C,ts_engage_write,545234369
13:42:03.142 -> C,ts_engage_write,545322368
13:42:03.234 -> C,ts_engage_write,545410368
13:42:03.328 -> C,ts_engage_write,545498369
13:42:03.420 -> C,ts_engage_write,545586369
13:42:03.514 -> [FACE] heartbeat
13:42:03.514 -> C,mood_str,50
13:42:03.514 -> C,ts_engage_write,545674466
13:42:03.514 -> C,engage_lvl,0
13:42:03.514 -> C,modifier,15
13:42:03.514 -> C,engage_floor,0
13:42:03.514 -> C,loop_us,279
13:42:03.607 -> C,ts_engage_write,545762367
13:42:03.699 -> C,ts_engage_write,545850369
13:42:03.791 -> C,ts_engage_write,545938368
13:42:03.883 -> C,ts_engage_write,546026368
13:42:03.976 -> C,ts_engage_write,546114368
13:42:04.068 -> C,ts_engage_write,546202368
13:42:04.068 -> C,engage_lvl,0
13:42:04.115 -> C,ts_engage_write,546290368
13:42:04.206 -> C,ts_engage_write,546378368
13:42:04.298 -> C,ts_engage_write,546466368
13:42:04.391 -> C,ts_engage_write,546554368
13:42:04.485 -> C,ts_engage_write,546642368
13:42:04.578 -> [FACE] heartbeat
13:42:04.578 -> C,mood_str,50
13:42:04.578 -> C,ts_engage_write,546730472
13:42:04.578 -> C,engage_lvl,0
13:42:04.578 -> C,modifier,15
13:42:04.578 -> C,engage_floor,0
13:42:04.578 -> C,loop_us,274
13:42:04.671 -> C,ts_engage_write,546818366
13:42:04.764 -> C,ts_engage_write,546906370
13:42:04.857 -> C,ts_engage_write,546994369
13:42:04.903 -> C,ts_engage_write,547082368
13:42:04.996 -> C,ts_engage_write,547170368
13:42:05.089 -> C,ts_engage_write,547258369
13:42:05.089 -> C,engage_lvl,0
13:42:05.183 -> C,ts_engage_write,547346369
13:42:05.277 -> C,ts_engage_write,547434368
13:42:05.370 -> C,ts_engage_write,547522368
13:42:05.462 -> C,ts_engage_write,547610369
13:42:05.555 -> C,ts_engage_write,547698369
13:42:05.649 -> [FACE] heartbeat
13:42:05.649 -> C,mood_str,50
13:42:05.649 -> C,ts_engage_write,547786467
13:42:05.649 -> C,engage_lvl,0
13:42:05.649 -> C,modifier,15
13:42:05.649 -> C,engage_floor,0
13:42:05.649 -> C,loop_us,268
13:42:05.696 -> C,ts_engage_write,547874369
13:42:05.789 -> C,ts_engage_write,547962368
13:42:05.882 -> C,ts_engage_write,548050368
13:42:05.975 -> C,ts_engage_write,548138368
13:42:06.068 -> C,ts_engage_write,548226368
13:42:06.162 -> C,ts_engage_write,548314368
13:42:06.162 -> C,engage_lvl,0
13:42:06.255 -> C,ts_engage_write,548402368
13:42:06.348 -> C,ts_engage_write,548490368
13:42:06.442 -> C,ts_engage_write,548578368
13:42:06.489 -> C,ts_engage_write,548666368
13:42:06.582 -> C,ts_engage_write,548754367
13:42:06.674 -> [FACE] heartbeat
13:42:06.674 -> C,mood_str,50
13:42:06.674 -> C,ts_engage_write,548842451
13:42:06.674 -> C,engage_lvl,0
13:42:06.674 -> C,modifier,15
13:42:06.674 -> C,engage_floor,0
13:42:06.674 -> C,loop_us,266
13:42:06.768 -> C,ts_engage_write,548930367
13:42:06.862 -> C,ts_engage_write,549018368
13:42:06.956 -> C,ts_engage_write,549106368
13:42:07.049 -> C,ts_engage_write,549194368
13:42:07.142 -> C,ts_engage_write,549282368
13:42:07.235 -> C,ts_engage_write,549370368
13:42:07.235 -> C,engage_lvl,0
13:42:07.281 -> C,ts_engage_write,549458368
13:42:07.374 -> C,ts_engage_write,549546368
13:42:07.467 -> C,ts_engage_write,549634368
13:42:07.561 -> C,ts_engage_write,549722368
13:42:07.652 -> C,ts_engage_write,549810367
13:42:07.745 -> [FACE] heartbeat
13:42:07.745 -> C,mood_str,50
13:42:07.745 -> C,ts_engage_write,549898464
13:42:07.745 -> C,engage_lvl,0
13:42:07.745 -> C,modifier,15
13:42:07.745 -> C,engage_floor,0
13:42:07.745 -> C,loop_us,264
13:42:07.837 -> C,ts_engage_write,549986367
13:42:07.930 -> C,ts_engage_write,550074369
13:42:08.023 -> C,ts_engage_write,550162369
13:42:08.071 -> C,ts_engage_write,550250368
13:42:08.165 -> C,ts_engage_write,550338368
13:42:08.259 -> C,ts_engage_write,550426369
13:42:08.259 -> C,engage_lvl,0
13:42:08.351 -> C,ts_engage_write,550514369
13:42:08.445 -> C,ts_engage_write,550602368
13:42:08.537 -> C,ts_engage_write,550690368
13:42:08.630 -> C,ts_engage_write,550778368
13:42:08.725 -> C,ts_engage_write,550866370
13:42:08.818 -> [FACE] heartbeat
13:42:08.818 -> C,mood_str,50
13:42:08.818 -> C,ts_engage_write,550954477
13:42:08.818 -> C,engage_lvl,0
13:42:08.818 -> C,modifier,15
13:42:08.818 -> C,engage_floor,0
13:42:08.818 -> C,loop_us,276
13:42:08.864 -> C,ts_engage_write,551042368
13:42:08.957 -> C,ts_engage_write,551130368
13:42:09.050 -> C,ts_engage_write,551218368
13:42:09.144 -> C,ts_engage_write,551306368
13:42:09.238 -> C,ts_engage_write,551394368
13:42:09.329 -> C,ts_engage_write,551482368
13:42:09.329 -> C,engage_lvl,0
13:42:09.424 -> C,ts_engage_write,551570368
13:42:09.517 -> C,ts_engage_write,551658368
13:42:09.610 -> C,ts_engage_write,551746367
13:42:09.656 -> C,ts_engage_write,551834369
13:42:09.747 -> C,ts_engage_write,551922368
13:42:09.841 -> [FACE] heartbeat
13:42:09.841 -> C,mood_str,50
13:42:09.841 -> C,ts_engage_write,552010463
13:42:09.841 -> C,engage_lvl,0
13:42:09.841 -> C,modifier,15
13:42:09.841 -> C,engage_floor,0
13:42:09.841 -> C,loop_us,267
13:42:09.933 -> C,ts_engage_write,552098367
13:42:10.026 -> C,ts_engage_write,552186369
13:42:10.110 -> C,ts_engage_write,552274369
13:42:10.201 -> C,ts_engage_write,552362368
13:42:10.295 -> C,ts_engage_write,552450368
13:42:10.388 -> C,ts_engage_write,552538369
13:42:10.388 -> C,engage_lvl,0
13:42:10.481 -> C,ts_engage_write,552626369
13:42:10.573 -> C,ts_engage_write,552714368
13:42:10.665 -> C,ts_engage_write,552802367
13:42:10.712 -> C,ts_engage_write,552890370
13:42:10.804 -> C,ts_engage_write,552978369
13:42:10.898 -> [FACE] heartbeat
13:42:10.898 -> C,mood_str,50
13:42:10.898 -> C,ts_engage_write,553066473
13:42:10.898 -> C,engage_lvl,0
13:42:10.898 -> C,modifier,15
13:42:10.898 -> C,engage_floor,0
13:42:10.898 -> C,loop_us,275
13:42:10.992 -> C,ts_engage_write,553154368
13:42:11.084 -> C,ts_engage_write,553242367
13:42:11.178 -> C,ts_engage_write,553330368
13:42:11.271 -> C,ts_engage_write,553418368
13:42:11.364 -> C,ts_engage_write,553506368
13:42:11.459 -> C,ts_engage_write,553594368
13:42:11.459 -> C,engage_lvl,0
13:42:11.505 -> C,ts_engage_write,553682368
13:42:11.598 -> C,ts_engage_write,553770367
13:42:11.692 -> C,ts_engage_write,553858369
13:42:11.784 -> C,ts_engage_write,553946368
13:42:11.878 -> C,ts_engage_write,554034368
13:42:11.972 -> [FACE] heartbeat
13:42:11.972 -> C,mood_str,50
13:42:11.972 -> C,ts_engage_write,554122464
13:42:11.972 -> C,engage_lvl,0
13:42:11.972 -> C,modifier,15
13:42:11.972 -> C,engage_floor,0
13:42:11.972 -> C,loop_us,265
13:42:12.066 -> C,ts_engage_write,554210367
13:42:12.159 -> C,ts_engage_write,554298369
13:42:12.205 -> C,ts_engage_write,554386369
13:42:12.297 -> C,ts_engage_write,554474368
13:42:12.388 -> C,ts_engage_write,554562368
13:42:12.482 -> C,ts_engage_write,554650369
13:42:12.482 -> C,engage_lvl,0
13:42:12.576 -> C,ts_engage_write,554738369
13:42:12.666 -> C,ts_engage_write,554826367
13:42:12.760 -> C,ts_engage_write,554914369
13:42:12.854 -> C,ts_engage_write,555002369
13:42:12.946 -> C,ts_engage_write,555090369
13:42:13.039 -> [FACE] heartbeat
13:42:13.039 -> C,mood_str,50
13:42:13.039 -> C,ts_engage_write,555178467
13:42:13.039 -> C,engage_lvl,0
13:42:13.039 -> C,modifier,15
13:42:13.039 -> C,engage_floor,0
13:42:13.039 -> C,loop_us,253
13:42:13.087 -> C,ts_engage_write,555266368
13:42:13.180 -> C,ts_engage_write,555354368
13:42:13.273 -> C,ts_engage_write,555442368
13:42:13.366 -> C,ts_engage_write,555530368
13:42:13.459 -> C,ts_engage_write,555618368
13:42:13.554 -> C,ts_engage_write,555706368
13:42:13.554 -> C,engage_lvl,0
13:42:13.646 -> C,ts_engage_write,555794367
13:42:13.739 -> C,ts_engage_write,555882369
13:42:13.832 -> C,ts_engage_write,555970368
13:42:13.878 -> C,ts_engage_write,556058368
13:42:13.970 -> C,ts_engage_write,556146368
13:42:14.062 -> [FACE] heartbeat
13:42:14.062 -> C,mood_str,50
13:42:14.062 -> C,ts_engage_write,556234472
13:42:14.062 -> C,engage_lvl,0
13:42:14.062 -> C,modifier,15
13:42:14.062 -> C,engage_floor,0
13:42:14.062 -> C,loop_us,276
13:42:14.154 -> C,ts_engage_write,556322367
13:42:14.248 -> C,ts_engage_write,556410369
13:42:14.341 -> C,ts_engage_write,556498369
13:42:14.434 -> C,ts_engage_write,556586368
13:42:14.526 -> C,ts_engage_write,556674368
13:42:14.619 -> C,ts_engage_write,556762368
13:42:14.619 -> C,engage_lvl,0
13:42:14.712 -> C,ts_engage_write,556850370
13:42:14.760 -> C,ts_engage_write,556938368
13:42:14.852 -> C,ts_engage_write,557026368
13:42:14.945 -> C,ts_engage_write,557114369
13:42:15.037 -> C,ts_engage_write,557202369
13:42:15.130 -> [FACE] heartbeat
13:42:15.130 -> C,mood_str,50
13:42:15.130 -> C,ts_engage_write,557290452
13:42:15.130 -> C,engage_lvl,0
13:42:15.130 -> C,modifier,15
13:42:15.130 -> C,engage_floor,0
13:42:15.130 -> C,loop_us,271
13:42:15.223 -> C,ts_engage_write,557378368
13:42:15.316 -> C,ts_engage_write,557466368
13:42:15.410 -> C,ts_engage_write,557554368
13:42:15.504 -> C,ts_engage_write,557642368
13:42:15.549 -> C,ts_engage_write,557730368
13:42:15.643 -> C,ts_engage_write,557818367
13:42:15.643 -> C,engage_lvl,0
13:42:15.736 -> C,ts_engage_write,557906369
13:42:15.829 -> C,ts_engage_write,557994368
13:42:15.922 -> C,ts_engage_write,558082368
13:42:16.016 -> C,ts_engage_write,558170368
13:42:16.108 -> C,ts_engage_write,558258368
13:42:16.202 -> [FACE] heartbeat
13:42:16.202 -> C,mood_str,50
13:42:16.202 -> C,ts_engage_write,558346465
13:42:16.202 -> C,engage_lvl,0
13:42:16.202 -> C,modifier,15
13:42:16.202 -> C,engage_floor,0
13:42:16.202 -> C,loop_us,271
13:42:16.295 -> C,ts_engage_write,558434365
13:42:16.341 -> C,ts_engage_write,558522369
13:42:16.433 -> C,ts_engage_write,558610369
13:42:16.526 -> C,ts_engage_write,558698368
13:42:16.619 -> C,ts_engage_write,558786367
13:42:16.712 -> C,ts_engage_write,558874370
13:42:16.712 -> C,engage_lvl,0
13:42:16.805 -> C,ts_engage_write,558962369
13:42:16.898 -> C,ts_engage_write,559050368
13:42:16.991 -> C,ts_engage_write,559138368
13:42:17.085 -> C,ts_engage_write,559226369
13:42:17.178 -> C,ts_engage_write,559314369
13:42:17.225 -> [FACE] heartbeat
13:42:17.225 -> C,mood_str,50
13:42:17.225 -> C,ts_engage_write,559402465
13:42:17.225 -> C,engage_lvl,0
13:42:17.225 -> C,modifier,15
13:42:17.225 -> C,engage_floor,0
13:42:17.225 -> C,loop_us,264
13:42:17.318 -> C,ts_engage_write,559490368
13:42:17.411 -> C,ts_engage_write,559578368
13:42:17.505 -> C,ts_engage_write,559666368
13:42:17.598 -> C,ts_engage_write,559754367
13:42:17.690 -> C,ts_engage_write,559842369
13:42:17.783 -> C,ts_engage_write,559930368
13:42:17.783 -> C,engage_lvl,0
13:42:17.876 -> C,ts_engage_write,560018368
13:42:17.968 -> C,ts_engage_write,560106368
13:42:18.014 -> C,ts_engage_write,560194368
13:42:18.107 -> C,ts_engage_write,560282368
13:42:18.199 -> C,ts_engage_write,560370368
13:42:18.293 -> [FACE] heartbeat
13:42:18.293 -> C,mood_str,50
13:42:18.293 -> C,ts_engage_write,560458463
13:42:18.293 -> C,engage_lvl,0
13:42:18.293 -> C,modifier,15
13:42:18.293 -> C,engage_floor,0
13:42:18.293 -> C,loop_us,267
13:42:18.384 -> C,ts_engage_write,560546367
13:42:18.478 -> C,ts_engage_write,560634369
13:42:18.570 -> C,ts_engage_write,560722369
13:42:18.664 -> C,ts_engage_write,560810367
13:42:18.757 -> C,ts_engage_write,560898369
13:42:18.850 -> C,ts_engage_write,560986369
13:42:18.850 -> C,engage_lvl,0
13:42:18.896 -> C,ts_engage_write,561074369
13:42:18.990 -> C,ts_engage_write,561162368
13:42:19.082 -> C,ts_engage_write,561250368
13:42:19.176 -> C,ts_engage_write,561338369
13:42:19.268 -> C,ts_engage_write,561426369
13:42:19.360 -> [FACE] heartbeat
13:42:19.360 -> C,mood_str,50
13:42:19.360 -> C,ts_engage_write,561514453
13:42:19.360 -> C,engage_lvl,0
13:42:19.360 -> C,modifier,15
13:42:19.360 -> C,engage_floor,0
13:42:19.360 -> C,loop_us,255
13:42:19.453 -> C,ts_engage_write,561602363
13:42:19.546 -> C,ts_engage_write,561690368
13:42:19.639 -> C,ts_engage_write,561778366
13:42:19.686 -> C,ts_engage_write,561866369
13:42:19.779 -> C,ts_engage_write,561954368
13:42:19.871 -> C,ts_engage_write,562042368
13:42:19.871 -> C,engage_lvl,0
13:42:19.964 -> C,ts_engage_write,562130368
13:42:20.059 -> C,ts_engage_write,562218368
13:42:20.152 -> C,ts_engage_write,562306368
13:42:20.246 -> C,ts_engage_write,562394368
13:42:20.339 -> C,ts_engage_write,562482368
13:42:20.432 -> [FACE] heartbeat
13:42:20.432 -> C,mood_str,50
13:42:20.432 -> C,ts_engage_write,562570450
13:42:20.432 -> C,engage_lvl,0
13:42:20.432 -> C,modifier,15
13:42:20.432 -> C,engage_floor,0
13:42:20.432 -> C,loop_us,262
13:42:20.479 -> C,ts_engage_write,562658364
13:42:20.571 -> C,ts_engage_write,562746367
13:42:20.664 -> C,ts_engage_write,562834368
13:42:20.757 -> C,ts_engage_write,562922368
13:42:20.850 -> C,ts_engage_write,563010367
13:42:20.944 -> C,ts_engage_write,563098368
13:42:20.944 -> C,engage_lvl,0
13:42:21.039 -> C,ts_engage_write,563186368
13:42:21.131 -> C,ts_engage_write,563274368
13:42:21.224 -> C,ts_engage_write,563362368
13:42:21.270 -> C,ts_engage_write,563450368
13:42:21.363 -> C,ts_engage_write,563538368
13:42:21.457 -> [FACE] heartbeat
13:42:21.457 -> C,mood_str,50
13:42:21.457 -> C,ts_engage_write,563626470
13:42:21.457 -> C,engage_lvl,0
13:42:21.457 -> C,modifier,15
13:42:21.457 -> C,engage_floor,0
13:42:21.457 -> C,loop_us,271
13:42:21.549 -> C,ts_engage_write,563714367
13:42:21.644 -> C,ts_engage_write,563802368
13:42:21.736 -> C,ts_engage_write,563890370
13:42:21.828 -> C,ts_engage_write,563978368
13:42:21.920 -> C,ts_engage_write,564066368
13:42:22.013 -> C,ts_engage_write,564154369
13:42:22.013 -> C,engage_lvl,0
13:42:22.106 -> C,ts_engage_write,564242369
13:42:22.152 -> C,ts_engage_write,564330368
13:42:22.246 -> C,ts_engage_write,564418368
13:42:22.340 -> C,ts_engage_write,564506369
13:42:22.432 -> C,ts_engage_write,564594369
13:42:22.526 -> [FACE] heartbeat
13:42:22.526 -> C,mood_str,50
13:42:22.526 -> C,ts_engage_write,564682452
13:42:22.526 -> C,engage_lvl,0
13:42:22.526 -> C,modifier,15
13:42:22.526 -> C,engage_floor,0
13:42:22.526 -> C,loop_us,228
13:42:22.618 -> C,ts_engage_write,564770359
13:42:22.710 -> C,ts_engage_write,564858369
13:42:22.804 -> C,ts_engage_write,564946367
13:42:22.896 -> C,ts_engage_write,565034368
13:42:22.943 -> C,ts_engage_write,565122367
13:42:23.037 -> C,ts_engage_write,565210368
13:42:23.037 -> C,engage_lvl,0
13:42:23.129 -> C,ts_engage_write,565298367
13:42:23.223 -> C,ts_engage_write,565386368
13:42:23.316 -> C,ts_engage_write,565474367
13:42:23.410 -> C,ts_engage_write,565562368
13:42:23.506 -> C,ts_engage_write,565650367
13:42:23.599 -> [FACE] heartbeat
13:42:23.599 -> C,mood_str,50
13:42:23.599 -> C,ts_engage_write,565738448
13:42:23.599 -> C,engage_lvl,0
13:42:23.599 -> C,modifier,15
13:42:23.599 -> C,engage_floor,0
13:42:23.599 -> C,loop_us,265
13:42:23.645 -> C,ts_engage_write,565826366
13:42:23.738 -> C,ts_engage_write,565914369
13:42:23.830 -> C,ts_engage_write,566002367
13:42:23.923 -> C,ts_engage_write,566090368
13:42:24.017 -> C,ts_engage_write,566178367
13:42:24.110 -> C,ts_engage_write,566266368
13:42:24.110 -> C,engage_lvl,0
13:42:24.205 -> C,ts_engage_write,566354367
13:42:24.297 -> C,ts_engage_write,566442368
13:42:24.391 -> C,ts_engage_write,566530367
13:42:24.437 -> C,ts_engage_write,566618368
13:42:24.529 -> C,ts_engage_write,566706367
13:42:24.622 -> [FACE] heartbeat
13:42:24.622 -> C,mood_str,50
13:42:24.622 -> C,ts_engage_write,566794462
13:42:24.622 -> C,engage_lvl,0
13:42:24.622 -> C,modifier,15
13:42:24.622 -> C,engage_floor,0
13:42:24.622 -> C,loop_us,263
13:42:24.715 -> C,ts_engage_write,566882368
13:42:24.808 -> C,ts_engage_write,566970368
13:42:24.902 -> C,ts_engage_write,567058367
13:42:24.995 -> C,ts_engage_write,567146368
13:42:25.088 -> C,ts_engage_write,567234367
13:42:25.182 -> C,ts_engage_write,567322368
13:42:25.182 -> C,engage_lvl,0
13:42:25.275 -> C,ts_engage_write,567410367
13:42:25.321 -> C,ts_engage_write,567498368
13:42:25.415 -> C,ts_engage_write,567586367
13:42:25.509 -> C,ts_engage_write,567674368
13:42:25.601 -> C,ts_engage_write,567762366
13:42:25.694 -> [FACE] heartbeat
13:42:25.694 -> C,mood_str,50
13:42:25.694 -> C,ts_engage_write,567850471
13:42:25.694 -> C,engage_lvl,0
13:42:25.694 -> C,modifier,15
13:42:25.694 -> C,engage_floor,0
13:42:25.694 -> C,loop_us,272
13:42:25.787 -> C,ts_engage_write,567938367
13:42:25.879 -> C,ts_engage_write,568026369
13:42:25.974 -> C,ts_engage_write,568114368
13:42:26.021 -> C,ts_engage_write,568202368
13:42:26.113 -> C,ts_engage_write,568290367
13:42:26.206 -> C,ts_engage_write,568378369
13:42:26.206 -> C,engage_lvl,0
13:42:26.299 -> C,ts_engage_write,568466368
13:42:26.393 -> C,ts_engage_write,568554368
13:42:26.486 -> C,ts_engage_write,568642367
13:42:26.579 -> C,ts_engage_write,568730369
13:42:26.671 -> C,ts_engage_write,568818367
13:42:26.765 -> [FACE] heartbeat
13:42:26.765 -> C,mood_str,50
13:42:26.765 -> C,ts_engage_write,568906453
13:42:26.765 -> C,engage_lvl,0
13:42:26.765 -> C,modifier,15
13:42:26.765 -> C,engage_floor,0
13:42:26.765 -> C,loop_us,227
13:42:26.858 -> C,ts_engage_write,568994363
13:42:26.905 -> C,ts_engage_write,569082368
13:42:26.998 -> C,ts_engage_write,569170367
13:42:27.092 -> C,ts_engage_write,569258368
13:42:27.185 -> C,ts_engage_write,569346367
13:42:27.278 -> C,ts_engage_write,569434368
13:42:27.278 -> C,engage_lvl,0
13:42:27.370 -> C,ts_engage_write,569522367
13:42:27.464 -> C,ts_engage_write,569610368
13:42:27.557 -> C,ts_engage_write,569698367
13:42:27.650 -> C,ts_engage_write,569786367
13:42:27.698 -> C,ts_engage_write,569874368
13:42:27.792 -> [FACE] heartbeat
13:42:27.792 -> C,mood_str,50
13:42:27.792 -> C,ts_engage_write,569962469
13:42:27.792 -> C,engage_lvl,0
13:42:27.792 -> C,modifier,15
13:42:27.792 -> C,engage_floor,0
13:42:27.792 -> C,loop_us,261
13:42:27.885 -> C,ts_engage_write,570050367
13:42:27.979 -> C,ts_engage_write,570138369
13:42:28.072 -> C,ts_engage_write,570226368
13:42:28.166 -> C,ts_engage_write,570314368
13:42:28.259 -> C,ts_engage_write,570402367
13:42:28.352 -> C,ts_engage_write,570490369
13:42:28.352 -> C,engage_lvl,0
13:42:28.399 -> C,ts_engage_write,570578368
13:42:28.491 -> C,ts_engage_write,570666368
13:42:28.585 -> C,ts_engage_write,570754366
13:42:28.678 -> C,ts_engage_write,570842370
13:42:28.770 -> C,ts_engage_write,570930368
13:42:28.866 -> [FACE] heartbeat
13:42:28.866 -> C,mood_str,50
13:42:28.866 -> C,ts_engage_write,571018465
13:42:28.866 -> C,engage_lvl,0
13:42:28.866 -> C,modifier,15
13:42:28.866 -> C,engage_floor,0
13:42:28.866 -> C,loop_us,260
13:42:28.959 -> C,ts_engage_write,571106368
13:42:29.053 -> C,ts_engage_write,571194368
13:42:29.146 -> C,ts_engage_write,571282367
13:42:29.193 -> C,ts_engage_write,571370368
13:42:29.287 -> C,ts_engage_write,571458367
13:42:29.381 -> C,ts_engage_write,571546368
13:42:29.381 -> C,engage_lvl,0
13:42:29.473 -> C,ts_engage_write,571634367
13:42:29.566 -> C,ts_engage_write,571722368
13:42:29.659 -> C,ts_engage_write,571810366
13:42:29.751 -> C,ts_engage_write,571898369
13:42:29.844 -> C,ts_engage_write,571986367
13:42:29.937 -> [FACE] heartbeat
13:42:29.937 -> C,mood_str,50
13:42:29.937 -> C,ts_engage_write,572074449
13:42:29.937 -> C,engage_lvl,0
13:42:29.937 -> C,modifier,15
13:42:29.937 -> C,engage_floor,0
13:42:29.937 -> C,loop_us,266
13:42:29.984 -> C,ts_engage_write,572162367
13:42:30.077 -> C,ts_engage_write,572250368
13:42:30.171 -> C,ts_engage_write,572338367
13:42:30.263 -> C,ts_engage_write,572426368
13:42:30.357 -> C,ts_engage_write,572514367
13:42:30.449 -> C,ts_engage_write,572602368
13:42:30.449 -> C,engage_lvl,0
13:42:30.541 -> C,ts_engage_write,572690367
13:42:30.635 -> C,ts_engage_write,572778367
13:42:30.727 -> C,ts_engage_write,572866368
13:42:30.773 -> C,ts_engage_write,572954368
13:42:30.867 -> C,ts_engage_write,573042367
13:42:30.960 -> [FACE] heartbeat
13:42:30.960 -> C,mood_str,50
13:42:30.960 -> C,ts_engage_write,573130462
13:42:30.960 -> C,engage_lvl,0
13:42:30.960 -> C,modifier,15
13:42:30.960 -> C,engage_floor,0
13:42:30.960 -> C,loop_us,273
13:42:31.052 -> C,ts_engage_write,573218367
13:42:31.145 -> C,ts_engage_write,573306369
13:42:31.237 -> C,ts_engage_write,573394368
13:42:31.329 -> C,ts_engage_write,573482368
13:42:31.424 -> C,ts_engage_write,573570367
13:42:31.516 -> C,ts_engage_write,573658369
13:42:31.516 -> C,engage_lvl,0
13:42:31.609 -> C,ts_engage_write,573746366
13:42:31.656 -> C,ts_engage_write,573834369
13:42:31.749 -> C,ts_engage_write,573922367
13:42:31.842 -> C,ts_engage_write,574010369
13:42:31.934 -> C,ts_engage_write,574098368
13:42:32.028 -> [FACE] heartbeat
13:42:32.028 -> C,mood_str,50
13:42:32.028 -> C,ts_engage_write,574186472
13:42:32.028 -> C,engage_lvl,0
13:42:32.028 -> C,modifier,15
13:42:32.028 -> C,engage_floor,0
13:42:32.028 -> C,loop_us,273
13:42:32.121 -> C,ts_engage_write,574274368
13:42:32.213 -> C,ts_engage_write,574362368
13:42:32.308 -> C,ts_engage_write,574450367
13:42:32.400 -> C,ts_engage_write,574538368
13:42:32.446 -> C,ts_engage_write,574626367
13:42:32.540 -> C,ts_engage_write,574714368
13:42:32.540 -> C,engage_lvl,0
13:42:32.633 -> C,ts_engage_write,574802366
13:42:32.726 -> C,ts_engage_write,574890369
13:42:32.817 -> C,ts_engage_write,574978367
13:42:32.911 -> C,ts_engage_write,575066368
13:42:33.005 -> C,ts_engage_write,575154367
13:42:33.098 -> [FACE] heartbeat
13:42:33.098 -> C,mood_str,50
13:42:33.098 -> C,ts_engage_write,575242462
13:42:33.098 -> C,engage_lvl,0
13:42:33.098 -> C,modifier,15
13:42:33.098 -> C,engage_floor,0
13:42:33.098 -> C,loop_us,251
13:42:33.192 -> C,ts_engage_write,575330365
13:42:33.238 -> C,ts_engage_write,575418369
13:42:33.330 -> C,ts_engage_write,575506368
13:42:33.422 -> C,ts_engage_write,575594368
13:42:33.517 -> C,ts_engage_write,575682367
13:42:33.610 -> C,ts_engage_write,575770368
13:42:33.610 -> C,engage_lvl,0
13:42:33.705 -> C,ts_engage_write,575858369
13:42:33.797 -> C,ts_engage_write,575946368
13:42:33.891 -> C,ts_engage_write,576034367
13:42:33.984 -> C,ts_engage_write,576122369
13:42:34.031 -> C,ts_engage_write,576210368
13:42:34.125 -> [FACE] heartbeat
13:42:34.125 -> C,mood_str,50
13:42:34.125 -> C,ts_engage_write,576298471
13:42:34.125 -> C,engage_lvl,0
13:42:34.125 -> C,modifier,15
13:42:34.125 -> C,engage_floor,0
13:42:34.125 -> C,loop_us,272
13:42:34.218 -> C,ts_engage_write,576386368
13:42:34.310 -> C,ts_engage_write,576474368
13:42:34.403 -> C,ts_engage_write,576562367
13:42:34.496 -> C,ts_engage_write,576650368
13:42:34.589 -> C,ts_engage_write,576738367
13:42:34.683 -> C,ts_engage_write,576826367
13:42:34.683 -> C,engage_lvl,0
13:42:34.775 -> C,ts_engage_write,576914368
13:42:34.822 -> C,ts_engage_write,577002368
13:42:34.915 -> C,ts_engage_write,577090367
13:42:35.008 -> C,ts_engage_write,577178368
13:42:35.101 -> C,ts_engage_write,577266367
13:42:35.194 -> [FACE] heartbeat
13:42:35.194 -> C,mood_str,50
13:42:35.194 -> C,ts_engage_write,577354462
13:42:35.194 -> C,engage_lvl,0
13:42:35.194 -> C,modifier,15
13:42:35.194 -> C,engage_floor,0
13:42:35.194 -> C,loop_us,262
13:42:35.288 -> C,ts_engage_write,577442367
13:42:35.379 -> C,ts_engage_write,577530368
13:42:35.472 -> C,ts_engage_write,577618367
13:42:35.564 -> C,ts_engage_write,577706368
13:42:35.657 -> C,ts_engage_write,577794366
13:42:35.703 -> C,ts_engage_write,577882369
13:42:35.703 -> C,engage_lvl,0
13:42:35.795 -> C,ts_engage_write,577970367
13:42:35.889 -> C,ts_engage_write,578058368
13:42:35.982 -> C,ts_engage_write,578146367
13:42:36.074 -> C,ts_engage_write,578234368
13:42:36.167 -> C,ts_engage_write,578322367
13:42:36.259 -> [FACE] heartbeat
13:42:36.259 -> C,mood_str,50
13:42:36.259 -> C,ts_engage_write,578410448
13:42:36.259 -> C,engage_lvl,0
13:42:36.259 -> C,modifier,15
13:42:36.259 -> C,engage_floor,0
13:42:36.259 -> C,loop_us,252
13:42:36.354 -> C,ts_engage_write,578498367
13:42:36.446 -> C,ts_engage_write,578586368
13:42:36.494 -> C,ts_engage_write,578674367
13:42:36.588 -> C,ts_engage_write,578762367
13:42:36.682 -> C,ts_engage_write,578850368
13:42:36.775 -> C,ts_engage_write,578938368
13:42:36.775 -> C,engage_lvl,0
13:42:36.867 -> C,ts_engage_write,579026367
13:42:36.960 -> C,ts_engage_write,579114368
13:42:37.055 -> C,ts_engage_write,579202367
13:42:37.148 -> C,ts_engage_write,579290368
13:42:37.243 -> C,ts_engage_write,579378367
13:42:37.290 -> [FACE] heartbeat
13:42:37.290 -> C,mood_str,50
13:42:37.290 -> C,ts_engage_write,579466460
13:42:37.290 -> C,engage_lvl,0
13:42:37.290 -> C,modifier,15
13:42:37.290 -> C,engage_floor,0
13:42:37.290 -> C,loop_us,264
13:42:37.384 -> C,ts_engage_write,579554365
13:42:37.478 -> C,ts_engage_write,579642369
13:42:37.571 -> C,ts_engage_write,579730368
13:42:37.663 -> C,ts_engage_write,579818367
13:42:37.755 -> C,ts_engage_write,579906368
13:42:37.847 -> C,ts_engage_write,579994369
13:42:37.847 -> C,engage_lvl,0
13:42:37.938 -> C,ts_engage_write,580082368
13:42:38.031 -> C,ts_engage_write,580170368
13:42:38.079 -> C,ts_engage_write,580258367
13:42:38.173 -> C,ts_engage_write,580346369
13:42:38.268 -> C,ts_engage_write,580434368
13:42:38.362 -> [FACE] heartbeat
13:42:38.362 -> C,mood_str,50
13:42:38.362 -> C,ts_engage_write,580522474
13:42:38.362 -> C,engage_lvl,0
13:42:38.362 -> C,modifier,15
13:42:38.362 -> C,engage_floor,0
13:42:38.362 -> C,loop_us,263
13:42:38.456 -> C,ts_engage_write,580610368
13:42:38.548 -> C,ts_engage_write,580698368
13:42:38.640 -> C,ts_engage_write,580786366
13:42:38.735 -> C,ts_engage_write,580874369
13:42:38.782 -> C,ts_engage_write,580962367
13:42:38.875 -> C,ts_engage_write,581050368
13:42:38.875 -> C,engage_lvl,0
13:42:38.968 -> C,ts_engage_write,581138367
13:42:39.061 -> C,ts_engage_write,581226368
13:42:39.155 -> C,ts_engage_write,581314367
13:42:39.248 -> C,ts_engage_write,581402368
13:42:39.341 -> C,ts_engage_write,581490367
13:42:39.435 -> [FACE] heartbeat
13:42:39.435 -> C,mood_str,50
13:42:39.435 -> C,ts_engage_write,581578470
13:42:39.435 -> C,engage_lvl,0
13:42:39.435 -> C,modifier,15
13:42:39.435 -> C,engage_floor,0
13:42:39.435 -> C,loop_us,272
13:42:39.528 -> C,ts_engage_write,581666367
13:42:39.574 -> C,ts_engage_write,581754368
13:42:39.667 -> C,ts_engage_write,581842369
13:42:39.759 -> C,ts_engage_write,581930368
13:42:39.851 -> C,ts_engage_write,582018367
13:42:39.944 -> C,ts_engage_write,582106369
13:42:39.944 -> C,engage_lvl,0
13:42:40.035 -> C,ts_engage_write,582194368
13:42:40.129 -> C,ts_engage_write,582282368
13:42:40.222 -> C,ts_engage_write,582370367
13:42:40.314 -> C,ts_engage_write,582458369
13:42:40.407 -> C,ts_engage_write,582546368
13:42:40.454 -> [FACE] heartbeat
13:42:40.454 -> C,mood_str,50
13:42:40.454 -> C,ts_engage_write,582634464
13:42:40.454 -> C,engage_lvl,0
13:42:40.454 -> C,modifier,15
13:42:40.454 -> C,engage_floor,0
13:42:40.454 -> C,loop_us,263
13:42:40.546 -> C,ts_engage_write,582722366
13:42:40.639 -> C,ts_engage_write,582810367
13:42:40.732 -> C,ts_engage_write,582898368
13:42:40.824 -> C,ts_engage_write,582986368
13:42:40.918 -> C,ts_engage_write,583074367
13:42:41.010 -> C,ts_engage_write,583162368
13:42:41.010 -> C,engage_lvl,0
13:42:41.103 -> C,ts_engage_write,583250367
13:42:41.196 -> C,ts_engage_write,583338368
13:42:41.289 -> C,ts_engage_write,583426367
13:42:41.335 -> C,ts_engage_write,583514368
13:42:41.428 -> C,ts_engage_write,583602367
13:42:41.520 -> [FACE] heartbeat
13:42:41.520 -> C,mood_str,50
13:42:41.520 -> C,ts_engage_write,583690470
13:42:41.520 -> C,engage_lvl,0
13:42:41.520 -> C,modifier,15
13:42:41.520 -> C,engage_floor,0
13:42:41.520 -> C,loop_us,270
13:42:41.613 -> C,ts_engage_write,583778366
13:42:41.707 -> C,ts_engage_write,583866370
13:42:41.801 -> C,ts_engage_write,583954368
13:42:41.895 -> C,ts_engage_write,584042368
13:42:41.989 -> C,ts_engage_write,584130367
13:42:42.082 -> C,ts_engage_write,584218369
13:42:42.082 -> C,engage_lvl,0
13:42:42.129 -> C,ts_engage_write,584306368
13:42:42.222 -> C,ts_engage_write,584394368
13:42:42.315 -> C,ts_engage_write,584482367
13:42:42.409 -> C,ts_engage_write,584570369
13:42:42.501 -> C,ts_engage_write,584658368
13:42:42.595 -> [FACE] heartbeat
13:42:42.595 -> C,mood_str,50
13:42:42.595 -> C,ts_engage_write,584746451
13:42:42.595 -> C,engage_lvl,0
13:42:42.595 -> C,modifier,15
13:42:42.595 -> C,engage_floor,0
13:42:42.595 -> C,loop_us,258
13:42:42.688 -> C,ts_engage_write,584834369
13:42:42.780 -> C,ts_engage_write,584922368
13:42:42.874 -> C,ts_engage_write,585010367
13:42:42.920 -> C,ts_engage_write,585098368
13:42:43.013 -> C,ts_engage_write,585186367
13:42:43.108 -> C,ts_engage_write,585274368
13:42:43.108 -> C,engage_lvl,0
13:42:43.200 -> C,ts_engage_write,585362367
13:42:43.293 -> C,ts_engage_write,585450368
13:42:43.386 -> C,ts_engage_write,585538367
13:42:43.479 -> C,ts_engage_write,585626368
13:42:43.573 -> C,ts_engage_write,585714367
13:42:43.667 -> [FACE] heartbeat
13:42:43.667 -> C,mood_str,50
13:42:43.667 -> C,ts_engage_write,585802450
13:42:43.667 -> C,engage_lvl,0
13:42:43.667 -> C,modifier,15
13:42:43.667 -> C,engage_floor,0
13:42:43.667 -> C,loop_us,254
13:42:43.713 -> C,ts_engage_write,585890368
13:42:43.807 -> C,ts_engage_write,585978368
13:42:43.899 -> C,ts_engage_write,586066367
13:42:43.993 -> C,ts_engage_write,586154368
13:42:44.086 -> C,ts_engage_write,586242367
13:42:44.179 -> C,ts_engage_write,586330368
13:42:44.179 -> C,engage_lvl,0
13:42:44.272 -> C,ts_engage_write,586418367
13:42:44.364 -> C,ts_engage_write,586506368
13:42:44.456 -> C,ts_engage_write,586594367
13:42:44.503 -> C,ts_engage_write,586682368
13:42:44.594 -> C,ts_engage_write,586770366
13:42:44.687 -> [FACE] heartbeat
13:42:44.687 -> C,mood_str,50
13:42:44.687 -> C,ts_engage_write,586858463
13:42:44.687 -> C,engage_lvl,0
13:42:44.687 -> C,modifier,15
13:42:44.687 -> C,engage_floor,0
13:42:44.687 -> C,loop_us,273
13:42:44.779 -> C,ts_engage_write,586946367
13:42:44.871 -> C,ts_engage_write,587034369
13:42:44.965 -> C,ts_engage_write,587122368
13:42:45.057 -> C,ts_engage_write,587210368
13:42:45.150 -> C,ts_engage_write,587298367
13:42:45.242 -> C,ts_engage_write,587386369
13:42:45.242 -> C,engage_lvl,0
13:42:45.334 -> C,ts_engage_write,587474368
13:42:45.380 -> C,ts_engage_write,587562368
13:42:45.472 -> C,ts_engage_write,587650367
13:42:45.564 -> C,ts_engage_write,587738369
13:42:45.657 -> C,ts_engage_write,587826367
13:42:45.750 -> [FACE] heartbeat
13:42:45.750 -> C,mood_str,50
13:42:45.750 -> C,ts_engage_write,587914464
13:42:45.750 -> C,engage_lvl,0
13:42:45.750 -> C,modifier,15
13:42:45.750 -> C,engage_floor,0
13:42:45.750 -> C,loop_us,261
13:42:45.843 -> C,ts_engage_write,588002368
13:42:45.936 -> C,ts_engage_write,588090368
13:42:46.027 -> C,ts_engage_write,588178367
13:42:46.120 -> C,ts_engage_write,588266368
13:42:46.213 -> C,ts_engage_write,588354367
13:42:46.305 -> C,ts_engage_write,588442368
13:42:46.305 -> C,engage_lvl,0
13:42:46.351 -> C,ts_engage_write,588530367
13:42:46.444 -> C,ts_engage_write,588618368
13:42:46.536 -> C,ts_engage_write,588706367
13:42:46.631 -> C,ts_engage_write,588794367
13:42:46.723 -> C,ts_engage_write,588882368
13:42:46.816 -> [FACE] heartbeat
13:42:46.816 -> C,mood_str,50
13:42:46.816 -> C,ts_engage_write,588970470
13:42:46.816 -> C,engage_lvl,0
13:42:46.816 -> C,modifier,15
13:42:46.816 -> C,engage_floor,0
13:42:46.816 -> C,loop_us,272
13:42:46.910 -> C,ts_engage_write,589058367
13:42:47.002 -> C,ts_engage_write,589146369
13:42:47.094 -> C,ts_engage_write,589234368
13:42:47.141 -> C,ts_engage_write,589322368
13:42:47.234 -> C,ts_engage_write,589410367
13:42:47.328 -> C,ts_engage_write,589498369
13:42:47.328 -> C,engage_lvl,0
13:42:47.420 -> C,ts_engage_write,589586368
13:42:47.512 -> C,ts_engage_write,589674368
13:42:47.605 -> C,ts_engage_write,589762366
13:42:47.699 -> C,ts_engage_write,589850370
13:42:47.791 -> C,ts_engage_write,589938367
13:42:47.885 -> [FACE] heartbeat
13:42:47.885 -> C,mood_str,50
13:42:47.885 -> C,ts_engage_write,590026465
13:42:47.885 -> C,engage_lvl,0
13:42:47.885 -> C,modifier,15
13:42:47.885 -> C,engage_floor,0
13:42:47.885 -> C,loop_us,267
13:42:47.979 -> C,ts_engage_write,590114366
13:42:48.025 -> C,ts_engage_write,590202368
13:42:48.119 -> C,ts_engage_write,590290367
13:42:48.211 -> C,ts_engage_write,590378368
13:42:48.305 -> C,ts_engage_write,590466367
13:42:48.398 -> C,ts_engage_write,590554368
13:42:48.398 -> C,engage_lvl,0
13:42:48.491 -> C,ts_engage_write,590642367
13:42:48.585 -> C,ts_engage_write,590730368
13:42:48.679 -> C,ts_engage_write,590818366
13:42:48.725 -> C,ts_engage_write,590906369
13:42:48.818 -> C,ts_engage_write,590994367
13:42:48.911 -> [FACE] heartbeat
13:42:48.911 -> C,mood_str,50
13:42:48.911 -> C,ts_engage_write,591082449
13:42:48.911 -> C,engage_lvl,0
13:42:48.911 -> C,modifier,15
13:42:48.911 -> C,engage_floor,0
13:42:48.911 -> C,loop_us,224
13:42:49.004 -> C,ts_engage_write,591170362
13:42:49.097 -> C,ts_engage_write,591258368
13:42:49.190 -> C,ts_engage_write,591346367
13:42:49.284 -> C,ts_engage_write,591434368
13:42:49.377 -> C,ts_engage_write,591522367
13:42:49.469 -> C,ts_engage_write,591610368
13:42:49.469 -> C,engage_lvl,0
13:42:49.563 -> C,ts_engage_write,591698367
13:42:49.610 -> C,ts_engage_write,591786367
13:42:49.704 -> C,ts_engage_write,591874368
13:42:49.797 -> C,ts_engage_write,591962368
13:42:49.889 -> C,ts_engage_write,592050367
13:42:49.982 -> [FACE] heartbeat
13:42:49.982 -> C,mood_str,50
13:42:49.982 -> C,ts_engage_write,592138448
13:42:49.982 -> C,engage_lvl,0
13:42:49.982 -> C,modifier,15
13:42:49.982 -> C,engage_floor,0
13:42:49.982 -> C,loop_us,256
13:42:50.074 -> C,ts_engage_write,592226367
13:42:50.167 -> C,ts_engage_write,592314368
13:42:50.260 -> C,ts_engage_write,592402367
13:42:50.353 -> C,ts_engage_write,592490368
13:42:50.399 -> C,ts_engage_write,592578367
13:42:50.493 -> C,ts_engage_write,592666368
13:42:50.493 -> C,engage_lvl,0
13:42:50.585 -> C,ts_engage_write,592754366
13:42:50.678 -> C,ts_engage_write,592842369
13:42:50.771 -> C,ts_engage_write,592930367
13:42:50.863 -> C,ts_engage_write,593018368
13:42:50.958 -> C,ts_engage_write,593106367
13:42:51.051 -> [FACE] heartbeat
13:42:51.051 -> C,mood_str,50
13:42:51.051 -> C,ts_engage_write,593194463
13:42:51.051 -> C,engage_lvl,0
13:42:51.051 -> C,modifier,15
13:42:51.051 -> C,engage_floor,0
13:42:51.051 -> C,loop_us,266
13:42:51.145 -> C,ts_engage_write,593282367
13:42:51.191 -> C,ts_engage_write,593370369
13:42:51.284 -> C,ts_engage_write,593458368
13:42:51.377 -> C,ts_engage_write,593546368
13:42:51.470 -> C,ts_engage_write,593634367
13:42:51.562 -> C,ts_engage_write,593722369
13:42:51.562 -> C,engage_lvl,0
13:42:51.657 -> C,ts_engage_write,593810367
13:42:51.750 -> C,ts_engage_write,593898369
13:42:51.842 -> C,ts_engage_write,593986367
13:42:51.934 -> C,ts_engage_write,594074369
13:42:51.980 -> C,ts_engage_write,594162368
13:42:52.073 -> [FACE] heartbeat
13:42:52.073 -> C,mood_str,50
13:42:52.073 -> C,ts_engage_write,594250451
13:42:52.073 -> C,engage_lvl,0
13:42:52.073 -> C,modifier,15
13:42:52.073 -> C,engage_floor,0
13:42:52.073 -> C,loop_us,256
13:42:52.165 -> C,ts_engage_write,594338364
13:42:52.260 -> C,ts_engage_write,594426368
13:42:52.353 -> C,ts_engage_write,594514367
13:42:52.446 -> C,ts_engage_write,594602368
13:42:52.540 -> C,ts_engage_write,594690367
13:42:52.633 -> C,ts_engage_write,594778367
13:42:52.633 -> C,engage_lvl,0
13:42:52.725 -> C,ts_engage_write,594866368
13:42:52.772 -> C,ts_engage_write,594954368
13:42:52.865 -> C,ts_engage_write,595042367
13:42:52.959 -> C,ts_engage_write,595130368
13:42:53.050 -> C,ts_engage_write,595218367
13:42:53.144 -> [FACE] heartbeat
13:42:53.144 -> C,mood_str,50
13:42:53.144 -> C,ts_engage_write,595306463
13:42:53.144 -> C,engage_lvl,0
13:42:53.144 -> C,modifier,15
13:42:53.144 -> C,engage_floor,0
13:42:53.144 -> C,loop_us,264
13:42:53.239 -> C,ts_engage_write,595394367
13:42:53.332 -> C,ts_engage_write,595482369
13:42:53.424 -> C,ts_engage_write,595570368
13:42:53.518 -> C,ts_engage_write,595658368
13:42:53.564 -> C,ts_engage_write,595746366
13:42:53.657 -> C,ts_engage_write,595834370
13:42:53.657 -> C,engage_lvl,0
13:42:53.750 -> C,ts_engage_write,595922368
13:42:53.845 -> C,ts_engage_write,596010368
13:42:53.939 -> C,ts_engage_write,596098367
13:42:54.031 -> C,ts_engage_write,596186369
13:42:54.124 -> C,ts_engage_write,596274368
13:42:54.216 -> [FACE] heartbeat
13:42:54.216 -> C,mood_str,50
13:42:54.216 -> C,ts_engage_write,596362458
13:42:54.216 -> C,engage_lvl,0
13:42:54.216 -> C,modifier,15
13:42:54.216 -> C,engage_floor,0
13:42:54.216 -> C,loop_us,253
13:42:54.310 -> C,ts_engage_write,596450364
13:42:54.357 -> C,ts_engage_write,596538368
13:42:54.451 -> C,ts_engage_write,596626367
13:42:54.543 -> C,ts_engage_write,596714368
13:42:54.636 -> C,ts_engage_write,596802366
13:42:54.727 -> C,ts_engage_write,596890369
13:42:54.727 -> C,engage_lvl,0
13:42:54.820 -> C,ts_engage_write,596978367
13:42:54.914 -> C,ts_engage_write,597066368
13:42:55.006 -> C,ts_engage_write,597154367
13:42:55.099 -> C,ts_engage_write,597242368
13:42:55.193 -> C,ts_engage_write,597330367
13:42:55.239 -> [FACE] heartbeat
13:42:55.239 -> C,mood_str,50
13:42:55.239 -> C,ts_engage_write,597418455
13:42:55.239 -> C,engage_lvl,0
13:42:55.239 -> C,modifier,15
13:42:55.239 -> C,engage_floor,0
13:42:55.239 -> C,loop_us,249
13:42:55.332 -> C,ts_engage_write,597506364
13:42:55.426 -> C,ts_engage_write,597594368
13:42:55.519 -> C,ts_engage_write,597682367
13:42:55.612 -> C,ts_engage_write,597770367
13:42:55.705 -> C,ts_engage_write,597858368
13:42:55.799 -> C,ts_engage_write,597946368
13:42:55.799 -> C,engage_lvl,0
13:42:55.893 -> C,ts_engage_write,598034367
13:42:55.985 -> C,ts_engage_write,598122368
13:42:56.032 -> C,ts_engage_write,598210367
13:42:56.126 -> C,ts_engage_write,598298368
13:42:56.126 -> [TOUCH] transition raw=1 pressed=1 ms=598298
13:42:56.126 -> [TOUCH] START raw=1 ms=598298
13:42:56.220 -> C,ts_engage_write,598386374
13:42:56.220 -> [TOUCH] transition raw=0 pressed=0 ms=598386
13:42:56.220 -> [TOUCH] RELEASE raw=0 duration=88 ms=598386
13:42:56.220 -> [TOUCH] TAP
13:42:56.220 -> [EMOTION] IDLE -> LOVE
13:42:56.220 -> EVT:{"type":"timeline","text":"User tap interaction","tag":"touch"}
13:42:56.314 -> [FACE] heartbeat
13:42:56.314 -> C,mood_str,50
13:42:56.314 -> C,ts_engage_write,598478579
13:42:56.314 -> C,engage_lvl,0
13:42:56.314 -> C,modifier,15
13:42:56.314 -> C,engage_floor,0
13:42:56.314 -> C,loop_us,392
13:42:56.407 -> C,ts_engage_write,598566384
13:42:56.499 -> C,ts_engage_write,598654394
13:42:56.592 -> C,ts_engage_write,598742386
13:42:56.685 -> C,ts_engage_write,598830391
13:42:56.778 -> C,ts_engage_write,598918388
13:42:56.825 -> C,ts_engage_write,599006391
13:42:56.825 -> C,engage_lvl,0
13:42:56.918 -> C,ts_engage_write,599094388
13:42:57.011 -> C,ts_engage_write,599182390
13:42:57.105 -> C,ts_engage_write,599270389
13:42:57.198 -> C,ts_engage_write,599358394
13:42:57.291 -> C,ts_engage_write,599446389
13:42:57.384 -> [FACE] heartbeat
13:42:57.384 -> C,mood_str,50
13:42:57.384 -> C,ts_engage_write,599534510
13:42:57.384 -> C,engage_lvl,0
13:42:57.384 -> C,modifier,15
13:42:57.384 -> C,engage_floor,0
13:42:57.384 -> C,loop_us,309
13:42:57.477 -> C,ts_engage_write,599622383
13:42:57.571 -> C,ts_engage_write,599710391
13:42:57.617 -> C,ts_engage_write,599798385
13:42:57.710 -> C,ts_engage_write,599886391
13:42:57.802 -> C,ts_engage_write,599974391
13:42:57.895 -> C,ts_engage_write,600062392
13:42:57.895 -> C,engage_lvl,0
13:42:57.988 -> C,ts_engage_write,600150390
13:42:58.083 -> C,ts_engage_write,600238396
13:42:58.176 -> C,dom_touch,99
13:42:58.176 -> C,dom_sec,0
13:42:58.176 -> [MEM] tick: records=6 strength=99
13:42:58.176 -> C,rec_count,6
13:42:58.176 -> C,ts_engage_write,600326575
13:42:58.268 -> C,ts_engage_write,600414392
13:42:58.361 -> C,ts_engage_write,600502386
13:42:58.454 -> [FACE] heartbeat
13:42:58.454 -> C,mood_str,50
13:42:58.454 -> C,ts_engage_write,600590511
13:42:58.454 -> C,engage_lvl,0
13:42:58.454 -> C,modifier,15
13:42:58.454 -> C,engage_floor,0
13:42:58.454 -> C,loop_us,321
13:42:58.500 -> C,ts_engage_write,600678386
13:42:58.592 -> C,ts_engage_write,600766387
13:42:58.684 -> C,ts_engage_write,600854391
13:42:58.778 -> C,ts_engage_write,600947035
13:42:58.870 -> C,ts_engage_write,601035421
13:42:58.963 -> C,ts_engage_write,601123390
13:42:58.963 -> C,engage_lvl,0
13:42:59.056 -> C,ts_engage_write,601214746
13:42:59.149 -> C,ts_engage_write,601303418
13:42:59.240 -> C,ts_engage_write,601391391
13:42:59.333 -> C,ts_engage_write,601479395
13:42:59.427 -> C,ts_engage_write,601567391
13:42:59.473 -> [FACE] heartbeat
13:42:59.473 -> C,mood_str,50
13:42:59.473 -> C,ts_engage_write,601655531
13:42:59.473 -> C,engage_lvl,0
13:42:59.473 -> C,modifier,15
13:42:59.473 -> C,engage_floor,0
13:42:59.473 -> C,loop_us,338
13:42:59.565 -> C,ts_engage_write,601743391
13:42:59.659 -> C,ts_engage_write,601831395
13:42:59.751 -> C,ts_engage_write,601919390
13:42:59.844 -> C,ts_engage_write,602007395
13:42:59.939 -> C,ts_engage_write,602095391
13:43:00.031 -> C,ts_engage_write,602183395
13:43:00.031 -> C,engage_lvl,0
13:43:00.124 -> C,ts_engage_write,602271391
13:43:00.216 -> C,ts_engage_write,602359394
13:43:00.310 -> C,ts_engage_write,602447391
13:43:00.356 -> C,ts_engage_write,602535394
13:43:00.450 -> C,ts_engage_write,602623391
13:43:00.543 -> [FACE] heartbeat
13:43:00.543 -> C,mood_str,50
13:43:00.543 -> C,ts_engage_write,602711523
13:43:00.543 -> C,engage_lvl,0
13:43:00.543 -> C,modifier,15
13:43:00.543 -> C,engage_floor,0
13:43:00.543 -> C,loop_us,332
13:43:00.634 -> C,ts_engage_write,602799390
13:43:00.728 -> C,ts_engage_write,602887397
13:43:00.821 -> C,ts_engage_write,602975390
13:43:00.914 -> C,ts_engage_write,603063394
13:43:01.007 -> C,ts_engage_write,603151391
13:43:01.099 -> C,ts_engage_write,603239394
13:43:01.099 -> C,engage_lvl,0
13:43:01.147 -> C,ts_engage_write,603327391
13:43:01.240 -> [EMOTION] LOVE -> IDLE (timeout)
13:43:01.240 -> C,ts_engage_write,603415491
13:43:01.334 -> C,ts_engage_write,603503377
13:43:01.428 -> C,ts_engage_write,603591377
13:43:01.522 -> C,ts_engage_write,603679374
13:43:01.615 -> [FACE] heartbeat
13:43:01.615 -> C,mood_str,50
13:43:01.615 -> C,ts_engage_write,603767462
13:43:01.615 -> C,engage_lvl,0
13:43:01.615 -> C,modifier,15
13:43:01.615 -> C,engage_floor,0
13:43:01.615 -> C,loop_us,252
13:43:01.708 -> C,ts_engage_write,603855383
13:43:01.801 -> C,ts_engage_write,603943374
13:43:01.896 -> C,ts_engage_write,604031377
13:43:01.942 -> C,ts_engage_write,604119364
13:43:02.034 -> C,ts_engage_write,604207365
13:43:02.128 -> C,ts_engage_write,604295364
13:43:02.128 -> C,engage_lvl,0
13:43:02.220 -> C,ts_engage_write,604383365
13:43:02.312 -> C,ts_engage_write,604471364
13:43:02.408 -> C,ts_engage_write,604559365
13:43:02.500 -> C,ts_engage_write,604647364
13:43:02.592 -> C,ts_engage_write,604735365
13:43:02.684 -> [FACE] heartbeat
13:43:02.684 -> C,mood_str,50
13:43:02.684 -> C,ts_engage_write,604823444
13:43:02.684 -> C,engage_lvl,0
13:43:02.684 -> C,modifier,15
13:43:02.684 -> C,engage_floor,0
13:43:02.684 -> C,loop_us,238
13:43:02.731 -> C,ts_engage_write,604911362
13:43:02.822 -> C,ts_engage_write,604999364
13:43:02.915 -> C,ts_engage_write,605087364
13:43:03.009 -> C,ts_engage_write,605175364
13:43:03.104 -> C,ts_engage_write,605263364
13:43:03.196 -> C,ts_engage_write,605351364
13:43:03.196 -> C,engage_lvl,0
13:43:03.290 -> C,ts_engage_write,605439364
13:43:03.382 -> C,ts_engage_write,605527364
13:43:03.475 -> C,ts_engage_write,605615364
13:43:03.522 -> C,ts_engage_write,605703364
13:43:03.613 -> C,ts_engage_write,605791363
13:43:03.708 -> [FACE] heartbeat
13:43:03.708 -> C,mood_str,50
13:43:03.708 -> C,ts_engage_write,605879449
13:43:03.708 -> C,engage_lvl,0
13:43:03.708 -> C,modifier,15
13:43:03.708 -> C,engage_floor,0
13:43:03.708 -> C,loop_us,241
13:43:03.801 -> C,ts_engage_write,605967361
13:43:03.894 -> C,ts_engage_write,606055364
13:43:03.986 -> C,ts_engage_write,606143365
13:43:04.079 -> C,ts_engage_write,606231364
13:43:04.172 -> C,ts_engage_write,606319365
13:43:04.262 -> C,ts_engage_write,606407364
13:43:04.262 -> C,engage_lvl,0
13:43:04.356 -> C,ts_engage_write,606495365
13:43:04.402 -> C,ts_engage_write,606583364
13:43:04.529 -> C,ts_engage_write,606671365
13:43:04.623 -> C,ts_engage_write,606759363
13:43:04.670 -> C,ts_engage_write,606847367
13:43:04.763 -> [FACE] heartbeat
13:43:04.763 -> C,mood_str,50
13:43:04.763 -> C,ts_engage_write,606935446
13:43:04.763 -> C,engage_lvl,0
13:43:04.763 -> C,modifier,15
13:43:04.763 -> C,engage_floor,0
13:43:04.763 -> C,loop_us,243
13:43:04.857 -> C,ts_engage_write,607023361
13:43:04.949 -> C,ts_engage_write,607111364
13:43:05.042 -> C,ts_engage_write,607199364
13:43:05.135 -> C,ts_engage_write,607287364
13:43:05.228 -> C,ts_engage_write,607375364
13:43:05.321 -> C,ts_engage_write,607463364
13:43:05.321 -> C,engage_lvl,0
13:43:05.414 -> C,ts_engage_write,607551364
13:43:05.462 -> C,ts_engage_write,607639364
13:43:05.556 -> C,ts_engage_write,607727364
13:43:05.649 -> C,ts_engage_write,607815363
13:43:05.743 -> C,ts_engage_write,607903365
13:43:05.836 -> [FACE] heartbeat
13:43:05.836 -> C,mood_str,50
13:43:05.836 -> C,ts_engage_write,607991448
13:43:05.836 -> C,engage_lvl,0
13:43:05.836 -> C,modifier,15
13:43:05.836 -> C,engage_floor,0
13:43:05.836 -> C,loop_us,234
13:43:05.929 -> C,ts_engage_write,608079361
13:43:06.022 -> C,ts_engage_write,608167364
13:43:06.116 -> C,ts_engage_write,608255365
13:43:06.163 -> C,ts_engage_write,608343364
13:43:06.257 -> C,ts_engage_write,608431365
13:43:06.350 -> C,ts_engage_write,608519364
13:43:06.350 -> C,engage_lvl,0
13:43:06.444 -> C,ts_engage_write,608607365
13:43:06.539 -> C,ts_engage_write,608695364
13:43:06.632 -> C,ts_engage_write,608783364
13:43:06.726 -> C,ts_engage_write,608871366
13:43:06.818 -> C,ts_engage_write,608959365
13:43:06.865 -> [FACE] heartbeat
13:43:06.865 -> C,mood_str,50
13:43:06.865 -> C,ts_engage_write,609047457
13:43:06.865 -> C,engage_lvl,0
13:43:06.865 -> C,modifier,15
13:43:06.865 -> C,engage_floor,0
13:43:06.865 -> C,loop_us,230
13:43:06.957 -> C,ts_engage_write,609135361
13:43:07.050 -> C,ts_engage_write,609223364
13:43:07.143 -> C,ts_engage_write,609311365
13:43:07.235 -> C,ts_engage_write,609399364
13:43:07.327 -> C,ts_engage_write,609487365
13:43:07.419 -> C,ts_engage_write,609575364
13:43:07.419 -> C,engage_lvl,0
13:43:07.511 -> C,ts_engage_write,609663365
13:43:07.604 -> C,ts_engage_write,609751363
13:43:07.698 -> C,ts_engage_write,609839367
13:43:07.790 -> C,ts_engage_write,609927364
13:43:07.837 -> C,ts_engage_write,610015365
13:43:07.929 -> [FACE] heartbeat
13:43:07.929 -> C,mood_str,50
13:43:07.929 -> C,ts_engage_write,610103446
13:43:07.929 -> C,engage_lvl,0
13:43:07.929 -> C,modifier,15
13:43:07.929 -> C,engage_floor,0
13:43:07.929 -> C,loop_us,220
13:43:08.022 -> C,ts_engage_write,610191361
13:43:08.115 -> C,ts_engage_write,610279364
13:43:08.210 -> C,ts_engage_write,610367364
13:43:08.303 -> C,ts_engage_write,610455364
13:43:08.395 -> C,ts_engage_write,610543364
13:43:08.490 -> C,ts_engage_write,610631364
13:43:08.490 -> C,engage_lvl,0
13:43:08.582 -> C,ts_engage_write,610719364
13:43:08.630 -> C,ts_engage_write,610807363
13:43:08.722 -> C,ts_engage_write,610895365
13:43:08.814 -> C,ts_engage_write,610983364
13:43:08.906 -> C,ts_engage_write,611071364
13:43:08.999 -> [FACE] heartbeat
13:43:08.999 -> C,mood_str,50
13:43:08.999 -> C,ts_engage_write,611159457
13:43:08.999 -> C,engage_lvl,0
13:43:08.999 -> C,modifier,15
13:43:08.999 -> C,engage_floor,0
13:43:08.999 -> C,loop_us,245
13:43:09.093 -> C,ts_engage_write,611247364
13:43:09.185 -> C,ts_engage_write,611335365
13:43:09.281 -> C,ts_engage_write,611423366
13:43:09.374 -> C,ts_engage_write,611511364
13:43:09.420 -> C,ts_engage_write,611599365
13:43:09.514 -> C,ts_engage_write,611687365
13:43:09.514 -> C,engage_lvl,0
13:43:09.607 -> C,ts_engage_write,611775364
13:43:09.700 -> C,ts_engage_write,611863366
13:43:09.793 -> C,ts_engage_write,611951365
13:43:09.886 -> C,ts_engage_write,612039365
13:43:09.978 -> C,ts_engage_write,612127366
13:43:10.071 -> [FACE] heartbeat
13:43:10.071 -> C,mood_str,50
13:43:10.071 -> C,ts_engage_write,612215448
13:43:10.071 -> C,engage_lvl,0
13:43:10.071 -> C,modifier,15
13:43:10.071 -> C,engage_floor,0
13:43:10.071 -> C,loop_us,240
13:43:10.164 -> C,ts_engage_write,612303362
13:43:10.210 -> C,ts_engage_write,612391364
13:43:10.306 -> C,ts_engage_write,612479364
13:43:10.398 -> C,ts_engage_write,612567364
13:43:10.491 -> C,ts_engage_write,612655364
13:43:10.584 -> C,ts_engage_write,612743364
13:43:10.584 -> C,engage_lvl,0
13:43:10.677 -> C,ts_engage_write,612831365
13:43:10.769 -> C,ts_engage_write,612919365
13:43:10.862 -> C,ts_engage_write,613007364
13:43:10.955 -> C,ts_engage_write,613095364
13:43:11.001 -> C,ts_engage_write,613183364
13:43:11.095 -> [FACE] heartbeat
13:43:11.095 -> C,mood_str,50
13:43:11.095 -> C,ts_engage_write,613271445
13:43:11.095 -> C,engage_lvl,0
13:43:11.095 -> C,modifier,15
13:43:11.095 -> C,engage_floor,0
13:43:11.095 -> C,loop_us,240
13:43:11.188 -> C,ts_engage_write,613359361
13:43:11.280 -> C,ts_engage_write,613447364
13:43:11.373 -> C,ts_engage_write,613535365
13:43:11.468 -> C,ts_engage_write,613623364
13:43:11.559 -> C,ts_engage_write,613711365
13:43:11.654 -> C,ts_engage_write,613799363
13:43:11.654 -> C,engage_lvl,0
13:43:11.747 -> C,ts_engage_write,613887367
13:43:11.794 -> C,ts_engage_write,613975364
13:43:11.888 -> C,ts_engage_write,614063365
13:43:11.980 -> C,ts_engage_write,614151366
13:43:12.074 -> C,ts_engage_write,614239364
13:43:12.167 -> [FACE] heartbeat
13:43:12.167 -> C,mood_str,50
13:43:12.167 -> C,ts_engage_write,614327464
13:43:12.167 -> C,engage_lvl,0
13:43:12.167 -> C,modifier,15
13:43:12.167 -> C,engage_floor,0
13:43:12.167 -> C,loop_us,255
13:43:12.260 -> C,ts_engage_write,614415362
13:43:12.354 -> C,ts_engage_write,614503366
13:43:12.447 -> C,ts_engage_write,614591365
13:43:12.541 -> C,ts_engage_write,614679366
13:43:12.587 -> C,ts_engage_write,614767363
13:43:12.680 -> C,ts_engage_write,614855368
13:43:12.680 -> C,engage_lvl,0
13:43:12.774 -> C,ts_engage_write,614943366
13:43:12.867 -> C,ts_engage_write,615031364
13:43:12.963 -> C,ts_engage_write,615119365
13:43:13.056 -> C,ts_engage_write,615207365
13:43:13.149 -> C,ts_engage_write,615295366
13:43:13.243 -> [FACE] heartbeat
13:43:13.243 -> C,mood_str,50
13:43:13.243 -> C,ts_engage_write,615383461
13:43:13.243 -> C,engage_lvl,0
13:43:13.243 -> C,modifier,15
13:43:13.243 -> C,engage_floor,0
13:43:13.243 -> C,loop_us,247
13:43:13.289 -> C,ts_engage_write,615471365
13:43:13.384 -> C,ts_engage_write,615559364
13:43:13.477 -> C,ts_engage_write,615647365
13:43:13.571 -> C,ts_engage_write,615735364
13:43:13.664 -> C,ts_engage_write,615823364
13:43:13.756 -> C,ts_engage_write,615911366
13:43:13.756 -> C,engage_lvl,0
13:43:13.850 -> C,ts_engage_write,615999365
13:43:13.944 -> C,ts_engage_write,616087364
13:43:14.038 -> C,ts_engage_write,616175365
13:43:14.084 -> C,ts_engage_write,616263364
13:43:14.176 -> C,ts_engage_write,616351365
13:43:14.268 -> [FACE] heartbeat
13:43:14.268 -> C,mood_str,50
13:43:14.268 -> C,ts_engage_write,616439446
13:43:14.268 -> C,engage_lvl,0
13:43:14.268 -> C,modifier,15
13:43:14.268 -> C,engage_floor,0
13:43:14.268 -> C,loop_us,248
13:43:14.362 -> C,ts_engage_write,616527364
13:43:14.455 -> C,ts_engage_write,616615364
13:43:14.548 -> C,ts_engage_write,616703365
13:43:14.641 -> C,ts_engage_write,616791363
13:43:14.735 -> C,ts_engage_write,616879367
13:43:14.827 -> C,ts_engage_write,616967364
13:43:14.827 -> C,engage_lvl,0
13:43:14.874 -> C,ts_engage_write,617055365
13:43:14.967 -> C,ts_engage_write,617143364
13:43:15.060 -> C,ts_engage_write,617231365
13:43:15.152 -> C,ts_engage_write,617319364
13:43:15.245 -> C,ts_engage_write,617407365
13:43:15.339 -> [FACE] heartbeat
13:43:15.339 -> C,mood_str,50
13:43:15.339 -> C,ts_engage_write,617495446
13:43:15.339 -> C,engage_lvl,0
13:43:15.339 -> C,modifier,15
13:43:15.339 -> C,engage_floor,0
13:43:15.339 -> C,loop_us,257
13:43:15.430 -> C,ts_engage_write,617583361
13:43:15.525 -> C,ts_engage_write,617671366
13:43:15.618 -> C,ts_engage_write,617759363
13:43:15.664 -> C,ts_engage_write,617847367
13:43:15.758 -> C,ts_engage_write,617935364
13:43:15.851 -> C,ts_engage_write,618023366
13:43:15.851 -> C,engage_lvl,0
13:43:15.944 -> C,ts_engage_write,618111364
13:43:16.038 -> C,ts_engage_write,618199366
13:43:16.129 -> C,ts_engage_write,618287364
13:43:16.222 -> C,ts_engage_write,618375366
13:43:16.314 -> C,ts_engage_write,618463365
13:43:16.409 -> [FACE] heartbeat
13:43:16.409 -> C,mood_str,50
13:43:16.409 -> C,ts_engage_write,618551446
13:43:16.409 -> C,engage_lvl,0
13:43:16.409 -> C,modifier,15
13:43:16.409 -> C,engage_floor,0
13:43:16.409 -> C,loop_us,251
13:43:16.501 -> C,ts_engage_write,618639364
13:43:16.547 -> C,ts_engage_write,618727364
13:43:16.640 -> C,ts_engage_write,618815364
13:43:16.732 -> C,ts_engage_write,618903366
13:43:16.825 -> C,ts_engage_write,618991365
13:43:16.919 -> C,ts_engage_write,619079364
13:43:16.919 -> C,engage_lvl,0
13:43:17.012 -> C,ts_engage_write,619167365
13:43:17.106 -> C,ts_engage_write,619255364
13:43:17.198 -> C,ts_engage_write,619343365
13:43:17.291 -> C,ts_engage_write,619431364
13:43:17.339 -> C,ts_engage_write,619519365
13:43:17.429 -> [FACE] heartbeat
13:43:17.429 -> C,mood_str,50
13:43:17.429 -> C,ts_engage_write,619607446
13:43:17.429 -> C,engage_lvl,0
13:43:17.429 -> C,modifier,15
13:43:17.429 -> C,engage_floor,0
13:43:17.429 -> C,loop_us,241
13:43:17.522 -> C,ts_engage_write,619695364
13:43:17.616 -> C,ts_engage_write,619783363
13:43:17.709 -> C,ts_engage_write,619871367
13:43:17.802 -> C,ts_engage_write,619959364
13:43:17.895 -> C,ts_engage_write,620047365
13:43:17.985 -> C,ts_engage_write,620135364
13:43:17.985 -> C,engage_lvl,0
13:43:18.077 -> C,ts_engage_write,620223365
13:43:18.170 -> C,ts_engage_write,620311364
13:43:18.217 -> C,ts_engage_write,620399365
13:43:18.310 -> C,ts_engage_write,620487364
13:43:18.404 -> C,ts_engage_write,620575365
13:43:18.498 -> [FACE] heartbeat
13:43:18.498 -> C,mood_str,50
13:43:18.498 -> C,ts_engage_write,620663465
13:43:18.498 -> C,engage_lvl,0
13:43:18.498 -> C,modifier,15
13:43:18.498 -> C,engage_floor,0
13:43:18.498 -> C,loop_us,265
13:43:18.592 -> C,ts_engage_write,620751363
13:43:18.685 -> C,ts_engage_write,620839366
13:43:18.778 -> C,ts_engage_write,620927366
13:43:18.871 -> C,ts_engage_write,621015364
13:43:18.964 -> C,ts_engage_write,621103365
13:43:19.010 -> C,ts_engage_write,621191365
13:43:19.010 -> C,engage_lvl,0
13:43:19.103 -> C,ts_engage_write,621279366
13:43:19.196 -> C,ts_engage_write,621367364
13:43:19.290 -> C,ts_engage_write,621455365
13:43:19.383 -> C,ts_engage_write,621543365
13:43:19.475 -> C,ts_engage_write,621631366
13:43:19.569 -> [FACE] heartbeat
13:43:19.569 -> C,mood_str,50
13:43:19.569 -> C,ts_engage_write,621719448
13:43:19.569 -> C,engage_lvl,0
13:43:19.569 -> C,modifier,15
13:43:19.569 -> C,engage_floor,0
13:43:19.569 -> C,loop_us,221
13:43:19.662 -> C,ts_engage_write,621807360
13:43:19.756 -> C,ts_engage_write,621895366
13:43:19.804 -> C,ts_engage_write,621983364
13:43:19.895 -> C,ts_engage_write,622071364
13:43:19.987 -> C,ts_engage_write,622159364
13:43:20.081 -> C,ts_engage_write,622247364
13:43:20.081 -> C,engage_lvl,0
13:43:20.175 -> C,ts_engage_write,622335364
13:43:20.267 -> C,ts_engage_write,622423364
13:43:20.360 -> C,ts_engage_write,622511364
13:43:20.453 -> C,ts_engage_write,622599364
13:43:20.546 -> C,ts_engage_write,622687364
13:43:20.594 -> [FACE] heartbeat
13:43:20.594 -> C,mood_str,50
13:43:20.594 -> C,ts_engage_write,622775443
13:43:20.594 -> C,engage_lvl,0
13:43:20.594 -> C,modifier,15
13:43:20.594 -> C,engage_floor,0
13:43:20.594 -> C,loop_us,253
13:43:20.688 -> C,ts_engage_write,622863365
13:43:20.780 -> C,ts_engage_write,622951364
13:43:20.872 -> C,ts_engage_write,623039365
13:43:20.966 -> C,ts_engage_write,623127364
13:43:21.059 -> C,ts_engage_write,623215365
13:43:21.152 -> C,ts_engage_write,623303364
13:43:21.152 -> C,engage_lvl,0
13:43:21.245 -> C,ts_engage_write,623391365
13:43:21.338 -> C,ts_engage_write,623479364
13:43:21.385 -> C,ts_engage_write,623567365
13:43:21.478 -> C,ts_engage_write,623655364
13:43:21.570 -> C,ts_engage_write,623743365
13:43:21.663 -> [FACE] heartbeat
13:43:21.663 -> C,mood_str,50
13:43:21.663 -> C,ts_engage_write,623831449
13:43:21.663 -> C,engage_lvl,0
13:43:21.663 -> C,modifier,15
13:43:21.663 -> C,engage_floor,0
13:43:21.663 -> C,loop_us,257
13:43:21.756 -> C,ts_engage_write,623919362
13:43:21.850 -> C,ts_engage_write,624007364
13:43:21.944 -> C,ts_engage_write,624095365
13:43:22.036 -> C,ts_engage_write,624183364
13:43:22.130 -> C,ts_engage_write,624271365
13:43:22.177 -> C,ts_engage_write,624359364
13:43:22.177 -> C,engage_lvl,0
13:43:22.270 -> C,ts_engage_write,624447365
13:43:22.363 -> C,ts_engage_write,624535364
13:43:22.456 -> C,ts_engage_write,624623365
13:43:22.548 -> C,ts_engage_write,624711364
13:43:22.641 -> C,ts_engage_write,624799364
13:43:22.735 -> [FACE] heartbeat
13:43:22.735 -> C,mood_str,50
13:43:22.735 -> C,ts_engage_write,624887461
13:43:22.735 -> C,engage_lvl,0
13:43:22.735 -> C,modifier,15
13:43:22.735 -> C,engage_floor,0
13:43:22.735 -> C,loop_us,256
13:43:22.828 -> C,ts_engage_write,624975364
13:43:22.922 -> C,ts_engage_write,625063365
13:43:23.015 -> C,ts_engage_write,625151366
13:43:23.062 -> C,ts_engage_write,625239364
13:43:23.155 -> C,ts_engage_write,625327365
13:43:23.248 -> C,ts_engage_write,625415365
13:43:23.248 -> C,engage_lvl,0
13:43:23.340 -> C,ts_engage_write,625503366
13:43:23.431 -> C,ts_engage_write,625591364
13:43:23.526 -> C,ts_engage_write,625679365
13:43:23.617 -> C,ts_engage_write,625767364
13:43:23.710 -> C,ts_engage_write,625855367
13:43:23.803 -> [FACE] heartbeat
13:43:23.803 -> C,mood_str,50
13:43:23.803 -> C,ts_engage_write,625943461
13:43:23.803 -> C,engage_lvl,0
13:43:23.803 -> C,modifier,15
13:43:23.803 -> C,engage_floor,0
13:43:23.803 -> C,loop_us,246
13:43:23.849 -> C,ts_engage_write,626031365
13:43:23.941 -> C,ts_engage_write,626119364
13:43:24.034 -> C,ts_engage_write,626207365
13:43:24.127 -> C,ts_engage_write,626295364
13:43:24.220 -> C,ts_engage_write,626383365
13:43:24.313 -> C,ts_engage_write,626471364
13:43:24.313 -> C,engage_lvl,0
13:43:24.408 -> C,ts_engage_write,626559365
13:43:24.500 -> C,ts_engage_write,626647364
13:43:24.593 -> C,ts_engage_write,626735365
13:43:24.640 -> C,ts_engage_write,626823363
13:43:24.733 -> C,ts_engage_write,626911367
13:43:24.827 -> [FACE] heartbeat
13:43:24.827 -> C,mood_str,50
13:43:24.827 -> C,ts_engage_write,626999446
13:43:24.827 -> C,engage_lvl,0
13:43:24.827 -> C,modifier,15
13:43:24.827 -> C,engage_floor,0
13:43:24.827 -> C,loop_us,257
13:43:24.921 -> C,ts_engage_write,627087361
13:43:25.013 -> C,ts_engage_write,627175364
13:43:25.106 -> C,ts_engage_write,627263365
13:43:25.198 -> C,ts_engage_write,627351364
13:43:25.290 -> C,ts_engage_write,627439365
13:43:25.384 -> C,ts_engage_write,627527366
13:43:25.384 -> C,engage_lvl,0
13:43:25.478 -> C,ts_engage_write,627615365
13:43:25.526 -> C,ts_engage_write,627703364
13:43:25.619 -> C,ts_engage_write,627791364
13:43:25.712 -> C,ts_engage_write,627879366
13:43:25.807 -> C,ts_engage_write,627967365
13:43:25.900 -> [FACE] heartbeat
13:43:25.900 -> C,mood_str,50
13:43:25.900 -> C,ts_engage_write,628055446
13:43:25.900 -> C,engage_lvl,0
13:43:25.900 -> C,modifier,15
13:43:25.900 -> C,engage_floor,0
13:43:25.900 -> C,loop_us,251
13:43:25.994 -> C,ts_engage_write,628143361
13:43:26.088 -> C,ts_engage_write,628231364
13:43:26.181 -> C,ts_engage_write,628319365
13:43:26.228 -> C,ts_engage_write,628407364
13:43:26.322 -> C,ts_engage_write,628495365
13:43:26.414 -> C,ts_engage_write,628583364
13:43:26.414 -> C,engage_lvl,0
13:43:26.507 -> C,ts_engage_write,628671365
13:43:26.599 -> C,ts_engage_write,628759364
13:43:26.692 -> C,ts_engage_write,628847365
13:43:26.783 -> C,ts_engage_write,628935366
13:43:26.876 -> C,ts_engage_write,629023364
13:43:26.968 -> [FACE] heartbeat
13:43:26.968 -> C,mood_str,50
13:43:26.968 -> C,ts_engage_write,629111446
13:43:26.968 -> C,engage_lvl,0
13:43:26.968 -> C,modifier,15
13:43:26.968 -> C,engage_floor,0
13:43:26.968 -> C,loop_us,256
13:43:27.060 -> C,ts_engage_write,629199364
13:43:27.107 -> C,ts_engage_write,629287366
13:43:27.200 -> C,ts_engage_write,629375364
13:43:27.294 -> C,ts_engage_write,629463366
13:43:27.389 -> C,ts_engage_write,629551364
13:43:27.482 -> C,ts_engage_write,629639366
13:43:27.482 -> C,engage_lvl,0
13:43:27.577 -> C,ts_engage_write,629727365
13:43:27.671 -> C,ts_engage_write,629815363
13:43:27.763 -> C,ts_engage_write,629903367
13:43:27.810 -> C,ts_engage_write,629991364
13:43:27.903 -> C,ts_engage_write,630079365
13:43:27.995 -> [FACE] heartbeat
13:43:27.995 -> C,mood_str,50
13:43:27.995 -> C,ts_engage_write,630167446
13:43:27.995 -> C,engage_lvl,0
13:43:27.995 -> C,modifier,15
13:43:27.995 -> C,engage_floor,0
13:43:27.995 -> C,loop_us,243
13:43:28.088 -> C,ts_engage_write,630255361
13:43:28.181 -> C,ts_engage_write,630343364
13:43:28.274 -> C,ts_engage_write,630431364
13:43:28.367 -> C,ts_engage_write,630519364
13:43:28.460 -> C,ts_engage_write,630607365
13:43:28.554 -> C,ts_engage_write,630695364
13:43:28.554 -> C,engage_lvl,0
13:43:28.600 -> C,ts_engage_write,630783364
13:43:28.694 -> C,ts_engage_write,630871366
13:43:28.787 -> C,ts_engage_write,630959365
13:43:28.881 -> C,ts_engage_write,631047364
13:43:28.975 -> C,ts_engage_write,631135365
13:43:29.069 -> [FACE] heartbeat
13:43:29.069 -> C,mood_str,50
13:43:29.069 -> C,ts_engage_write,631223459
13:43:29.069 -> C,engage_lvl,0
13:43:29.069 -> C,modifier,15
13:43:29.069 -> C,engage_floor,0
13:43:29.069 -> C,loop_us,255
13:43:29.162 -> C,ts_engage_write,631311364
13:43:29.256 -> C,ts_engage_write,631399365
13:43:29.349 -> C,ts_engage_write,631487366
13:43:29.397 -> C,ts_engage_write,631575364
13:43:29.490 -> C,ts_engage_write,631663365
13:43:29.583 -> C,ts_engage_write,631751364
13:43:29.583 -> C,engage_lvl,0
13:43:29.675 -> C,ts_engage_write,631839367
13:43:29.769 -> C,ts_engage_write,631927364
13:43:29.862 -> C,ts_engage_write,632015365
13:43:29.955 -> C,ts_engage_write,632103365
13:43:30.048 -> C,ts_engage_write,632191366
13:43:30.140 -> [FACE] heartbeat
13:43:30.140 -> C,mood_str,50
13:43:30.140 -> C,ts_engage_write,632279450
13:43:30.140 -> C,engage_lvl,0
13:43:30.140 -> C,modifier,15
13:43:30.140 -> C,engage_floor,0
13:43:30.140 -> C,loop_us,259
13:43:30.186 -> C,ts_engage_write,632367365
13:43:30.278 -> C,ts_engage_write,632455364
13:43:30.372 -> C,ts_engage_write,632543365
13:43:30.466 -> C,ts_engage_write,632631364
13:43:30.560 -> C,ts_engage_write,632719365
13:43:30.654 -> C,ts_engage_write,632807363
13:43:30.654 -> C,engage_lvl,0
13:43:30.747 -> C,ts_engage_write,632895367
13:43:30.840 -> C,ts_engage_write,632983364
13:43:30.933 -> C,ts_engage_write,633071365
13:43:30.980 -> C,ts_engage_write,633159364
13:43:31.072 -> C,ts_engage_write,633247365
13:43:31.166 -> [FACE] heartbeat
13:43:31.166 -> C,mood_str,50
13:43:31.166 -> C,ts_engage_write,633335465
13:43:31.166 -> C,engage_lvl,0
13:43:31.166 -> C,modifier,15
13:43:31.166 -> C,engage_floor,0
13:43:31.166 -> C,loop_us,264
13:43:31.259 -> C,ts_engage_write,633423364
13:43:31.352 -> C,ts_engage_write,633511365
13:43:31.445 -> C,ts_engage_write,633599366
13:43:31.538 -> C,ts_engage_write,633687364
13:43:31.629 -> C,ts_engage_write,633775364
13:43:31.722 -> C,ts_engage_write,633863366
13:43:31.722 -> C,engage_lvl,0
13:43:31.814 -> C,ts_engage_write,633951366
13:43:31.860 -> C,ts_engage_write,634039364
13:43:31.952 -> C,ts_engage_write,634127365
13:43:32.045 -> C,ts_engage_write,634215365
13:43:32.138 -> C,ts_engage_write,634303366
13:43:32.231 -> [FACE] heartbeat
13:43:32.231 -> C,mood_str,50
13:43:32.231 -> C,ts_engage_write,634391448
13:43:32.231 -> C,engage_lvl,0
13:43:32.231 -> C,modifier,15
13:43:32.231 -> C,engage_floor,0
13:43:32.231 -> C,loop_us,245
13:43:32.323 -> C,ts_engage_write,634479362
13:43:32.415 -> C,ts_engage_write,634567364
13:43:32.508 -> C,ts_engage_write,634655364
13:43:32.601 -> C,ts_engage_write,634743364
13:43:32.648 -> C,ts_engage_write,634831365
13:43:32.742 -> C,ts_engage_write,634919365
13:43:32.742 -> C,engage_lvl,0
13:43:32.833 -> C,ts_engage_write,635007365
13:43:32.927 -> C,ts_engage_write,635095364
13:43:33.021 -> C,ts_engage_write,635183364
13:43:33.115 -> C,ts_engage_write,635271364
13:43:33.208 -> C,ts_engage_write,635359364
13:43:33.300 -> [FACE] heartbeat
13:43:33.300 -> C,mood_str,50
13:43:33.300 -> C,ts_engage_write,635447455
13:43:33.300 -> C,engage_lvl,0
13:43:33.300 -> C,modifier,15
13:43:33.300 -> C,engage_floor,0
13:43:33.300 -> C,loop_us,261
13:43:33.394 -> C,ts_engage_write,635535364
13:43:33.440 -> C,ts_engage_write,635623365
13:43:33.534 -> C,ts_engage_write,635711366
13:43:33.627 -> C,ts_engage_write,635799363
13:43:33.720 -> C,ts_engage_write,635887367
13:43:33.812 -> C,ts_engage_write,635975365
13:43:33.812 -> C,engage_lvl,0
13:43:33.904 -> C,ts_engage_write,636063366
13:43:33.996 -> C,ts_engage_write,636151364
13:43:34.089 -> C,ts_engage_write,636239365
13:43:34.182 -> C,ts_engage_write,636327365
13:43:34.274 -> C,ts_engage_write,636415366
13:43:34.321 -> [FACE] heartbeat
13:43:34.321 -> C,mood_str,50
13:43:34.321 -> C,ts_engage_write,636503448
13:43:34.321 -> C,engage_lvl,0
13:43:34.321 -> C,modifier,15
13:43:34.321 -> C,engage_floor,0
13:43:34.321 -> C,loop_us,258
13:43:34.413 -> C,ts_engage_write,636591365
13:43:34.506 -> C,ts_engage_write,636679364
13:43:34.599 -> C,ts_engage_write,636767364
13:43:34.693 -> C,ts_engage_write,636855366
13:43:34.786 -> C,ts_engage_write,636943365
13:43:34.880 -> C,ts_engage_write,637031364
13:43:34.880 -> C,engage_lvl,0
13:43:34.975 -> C,ts_engage_write,637119365
13:43:35.068 -> C,ts_engage_write,637207364
13:43:35.114 -> C,ts_engage_write,637295365
13:43:35.207 -> C,ts_engage_write,637383364
13:43:35.299 -> C,ts_engage_write,637471365
13:43:35.394 -> [FACE] heartbeat
13:43:35.394 -> C,mood_str,50
13:43:35.394 -> C,ts_engage_write,637559446
13:43:35.394 -> C,engage_lvl,0
13:43:35.394 -> C,modifier,15
13:43:35.394 -> C,engage_floor,0
13:43:35.394 -> C,loop_us,252
13:43:35.488 -> C,ts_engage_write,637647361
13:43:35.582 -> C,ts_engage_write,637735364
13:43:35.675 -> C,ts_engage_write,637823363
13:43:35.768 -> C,ts_engage_write,637911366
13:43:35.861 -> C,ts_engage_write,637999364
13:43:35.908 -> C,ts_engage_write,638087364
13:43:35.908 -> C,engage_lvl,0
13:43:36.000 -> C,ts_engage_write,638175364
13:43:36.094 -> C,ts_engage_write,638263364
13:43:36.186 -> C,ts_engage_write,638351364
13:43:36.280 -> C,ts_engage_write,638439364
13:43:36.374 -> C,ts_engage_write,638527364
13:43:36.467 -> [FACE] heartbeat
13:43:36.467 -> C,mood_str,50
13:43:36.467 -> C,ts_engage_write,638615447
13:43:36.467 -> C,engage_lvl,0
13:43:36.467 -> C,modifier,15
13:43:36.467 -> C,engage_floor,0
13:43:36.467 -> C,loop_us,245
13:43:36.560 -> C,ts_engage_write,638703361
13:43:36.653 -> C,ts_engage_write,638791363
13:43:36.700 -> C,ts_engage_write,638879365
13:43:36.794 -> C,ts_engage_write,638967364
13:43:36.887 -> C,ts_engage_write,639055364
13:43:36.980 -> C,ts_engage_write,639143364
13:43:36.980 -> C,engage_lvl,0
13:43:37.073 -> C,ts_engage_write,639231364
13:43:37.164 -> C,ts_engage_write,639319364
13:43:37.257 -> C,ts_engage_write,639407364
13:43:37.348 -> C,ts_engage_write,639495364
13:43:37.440 -> C,ts_engage_write,639583364
13:43:37.533 -> [FACE] heartbeat
13:43:37.533 -> C,mood_str,50
13:43:37.533 -> C,ts_engage_write,639671448
13:43:37.533 -> C,engage_lvl,0
13:43:37.533 -> C,modifier,15
13:43:37.533 -> C,engage_floor,0
13:43:37.533 -> C,loop_us,250
13:43:37.579 -> C,ts_engage_write,639759360
13:43:37.673 -> C,ts_engage_write,639847366
13:43:37.765 -> C,ts_engage_write,639935365
13:43:37.858 -> C,ts_engage_write,640023364
13:43:37.950 -> C,ts_engage_write,640111365
13:43:38.044 -> C,ts_engage_write,640199364
13:43:38.044 -> C,engage_lvl,0
13:43:38.137 -> C,ts_engage_write,640287365
13:43:38.229 -> C,ts_engage_write,640375366
13:43:38.322 -> C,ts_engage_write,640463364
13:43:38.369 -> C,ts_engage_write,640551366
13:43:38.464 -> C,ts_engage_write,640639364
13:43:38.560 -> [FACE] heartbeat
13:43:38.560 -> C,mood_str,50
13:43:38.560 -> C,ts_engage_write,640727460
13:43:38.560 -> C,engage_lvl,0
13:43:38.560 -> C,modifier,15
13:43:38.560 -> C,engage_floor,0
13:43:38.560 -> C,loop_us,247
13:43:38.652 -> C,ts_engage_write,640815361
13:43:38.746 -> C,ts_engage_write,640903367
13:43:38.841 -> C,ts_engage_write,640991364
13:43:38.933 -> C,ts_engage_write,641079366
13:43:39.026 -> C,ts_engage_write,641167364
13:43:39.071 -> C,ts_engage_write,641255366
13:43:39.071 -> C,engage_lvl,0
13:43:39.164 -> C,ts_engage_write,641343365
13:43:39.256 -> C,ts_engage_write,641431364
13:43:39.349 -> C,ts_engage_write,641519365
13:43:39.443 -> C,ts_engage_write,641607366
13:43:39.537 -> C,ts_engage_write,641695364
13:43:39.628 -> [FACE] heartbeat
13:43:39.628 -> C,mood_str,50
13:43:39.628 -> C,ts_engage_write,641783445
13:43:39.628 -> C,engage_lvl,0
13:43:39.628 -> C,modifier,15
13:43:39.628 -> C,engage_floor,0
13:43:39.628 -> C,loop_us,255
13:43:39.722 -> C,ts_engage_write,641871362
13:43:39.815 -> C,ts_engage_write,641959364
13:43:39.908 -> C,ts_engage_write,642047365
13:43:39.955 -> C,ts_engage_write,642135366
13:43:40.048 -> C,ts_engage_write,642223364
13:43:40.142 -> C,ts_engage_write,642311366
13:43:40.142 -> C,engage_lvl,0
13:43:40.236 -> C,ts_engage_write,642399365
13:43:40.330 -> C,ts_engage_write,642487364
13:43:40.423 -> C,ts_engage_write,642575365
13:43:40.516 -> C,ts_engage_write,642663364
13:43:40.608 -> C,ts_engage_write,642751364
13:43:40.701 -> [FACE] heartbeat
13:43:40.701 -> C,mood_str,50
13:43:40.701 -> C,ts_engage_write,642839463
13:43:40.701 -> C,engage_lvl,0
13:43:40.701 -> C,modifier,15
13:43:40.701 -> C,engage_floor,0
13:43:40.701 -> C,loop_us,245
13:43:40.748 -> C,ts_engage_write,642927361
13:43:40.841 -> C,ts_engage_write,643015364
13:43:40.933 -> C,ts_engage_write,643103365
13:43:41.027 -> C,ts_engage_write,643191364
13:43:41.120 -> C,ts_engage_write,643279365
13:43:41.213 -> C,ts_engage_write,643367364
13:43:41.213 -> C,engage_lvl,0
13:43:41.306 -> C,ts_engage_write,643455365
13:43:41.398 -> C,ts_engage_write,643543364
13:43:41.494 -> C,ts_engage_write,643631365
13:43:41.539 -> C,ts_engage_write,643719364
13:43:41.632 -> C,ts_engage_write,643807364
13:43:41.726 -> [FACE] heartbeat
13:43:41.726 -> C,mood_str,50
13:43:41.726 -> C,ts_engage_write,643895450
13:43:41.726 -> C,engage_lvl,0
13:43:41.726 -> C,modifier,15
13:43:41.726 -> C,engage_floor,0
13:43:41.726 -> C,loop_us,222
13:43:41.819 -> C,ts_engage_write,643983361
13:43:41.912 -> C,ts_engage_write,644071364
13:43:42.005 -> C,ts_engage_write,644159364
13:43:42.098 -> C,ts_engage_write,644247364
13:43:42.189 -> C,ts_engage_write,644335364
13:43:42.282 -> C,ts_engage_write,644423364
13:43:42.282 -> C,engage_lvl,0
13:43:42.330 -> C,ts_engage_write,644511364
13:43:42.422 -> C,ts_engage_write,644599364
13:43:42.515 -> C,ts_engage_write,644687365
13:43:42.609 -> C,ts_engage_write,644775363
13:43:42.701 -> C,ts_engage_write,644863367
13:43:42.794 -> [FACE] heartbeat
13:43:42.794 -> C,mood_str,50
13:43:42.794 -> C,ts_engage_write,644951445
13:43:42.794 -> C,engage_lvl,0
13:43:42.794 -> C,modifier,15
13:43:42.794 -> C,engage_floor,0
13:43:42.794 -> C,loop_us,257
13:43:42.886 -> C,ts_engage_write,645039361
13:43:42.886 -> [TOUCH] transition raw=1 pressed=1 ms=645039
13:43:42.886 -> [TOUCH] START raw=1 ms=645039
13:43:42.978 -> C,ts_engage_write,645127371
13:43:42.978 -> [TOUCH] transition raw=0 pressed=0 ms=645127
13:43:42.978 -> [TOUCH] RELEASE raw=0 duration=88 ms=645127
13:43:42.978 -> [TOUCH] TAP
13:43:42.978 -> [EMOTION] IDLE -> LOVE
13:43:42.978 -> EVT:{"type":"timeline","text":"User tap interaction","tag":"touch"}
13:43:43.071 -> C,ts_engage_write,645219445
13:43:43.164 -> C,ts_engage_write,645307386
13:43:43.257 -> C,ts_engage_write,645395391
13:43:43.304 -> C,ts_engage_write,645483385
13:43:43.304 -> C,engage_lvl,0
13:43:43.398 -> C,ts_engage_write,645571395
13:43:43.492 -> C,ts_engage_write,645659386
13:43:43.586 -> C,ts_engage_write,645747391
13:43:43.678 -> C,ts_engage_write,645835390
13:43:43.770 -> C,ts_engage_write,645923391
13:43:43.862 -> [FACE] heartbeat
13:43:43.862 -> C,mood_str,50
13:43:43.862 -> C,ts_engage_write,646011518
13:43:43.862 -> C,engage_lvl,0
13:43:43.862 -> C,modifier,15
13:43:43.862 -> C,engage_floor,0
13:43:43.862 -> C,loop_us,318
13:43:43.956 -> C,ts_engage_write,646099393
13:43:44.048 -> C,ts_engage_write,646187387
13:43:44.094 -> C,ts_engage_write,646275392
13:43:44.188 -> C,ts_engage_write,646363387
13:43:44.281 -> C,ts_engage_write,646451393
13:43:44.374 -> C,ts_engage_write,646539387
13:43:44.374 -> C,engage_lvl,0
13:43:44.465 -> C,ts_engage_write,646627393
13:43:44.559 -> C,ts_engage_write,646715386
13:43:44.654 -> C,ts_engage_write,646803393
13:43:44.747 -> C,ts_engage_write,646891388
13:43:44.840 -> C,ts_engage_write,646979394
13:43:44.888 -> [FACE] heartbeat
13:43:44.888 -> C,mood_str,50
13:43:44.888 -> C,ts_engage_write,647067499
13:43:44.888 -> C,engage_lvl,0
13:43:44.888 -> C,modifier,15
13:43:44.888 -> C,engage_floor,0
13:43:44.888 -> C,loop_us,298
13:43:44.980 -> C,ts_engage_write,647155399
13:43:45.074 -> C,ts_engage_write,647243389
13:43:45.168 -> C,ts_engage_write,647331393
13:43:45.260 -> C,ts_engage_write,647419386
13:43:45.353 -> C,ts_engage_write,647507393
13:43:45.445 -> C,ts_engage_write,647595386
13:43:45.445 -> C,engage_lvl,0
13:43:45.540 -> C,ts_engage_write,647683394
13:43:45.633 -> C,ts_engage_write,647771384
13:43:45.678 -> C,ts_engage_write,647859395
13:43:45.772 -> C,ts_engage_write,647947389
13:43:45.865 -> C,ts_engage_write,648035390
13:43:45.958 -> [FACE] heartbeat
13:43:45.958 -> C,mood_str,50
13:43:45.958 -> C,ts_engage_write,648123522
13:43:45.958 -> C,engage_lvl,0
13:43:45.958 -> C,modifier,15
13:43:45.958 -> C,engage_floor,0
13:43:45.958 -> C,loop_us,329
13:43:46.050 -> C,ts_engage_write,648211391
13:43:46.144 -> C,ts_engage_write,648299392
13:43:46.236 -> C,ts_engage_write,648387389
13:43:46.329 -> C,ts_engage_write,648475390
13:43:46.422 -> C,ts_engage_write,648563392
13:43:46.468 -> C,ts_engage_write,648651389
13:43:46.468 -> C,engage_lvl,0
13:43:46.560 -> C,ts_engage_write,648739391
13:43:46.652 -> C,ts_engage_write,648827387
13:43:46.745 -> C,ts_engage_write,648915392
13:43:46.838 -> C,ts_engage_write,649003390
13:43:46.932 -> C,ts_engage_write,649091392
13:43:47.024 -> [FACE] heartbeat
13:43:47.024 -> C,mood_str,50
13:43:47.024 -> C,ts_engage_write,649179514
13:43:47.024 -> C,engage_lvl,0
13:43:47.024 -> C,modifier,15
13:43:47.024 -> C,engage_floor,0
13:43:47.024 -> C,loop_us,325
13:43:47.118 -> C,ts_engage_write,649267390
13:43:47.210 -> C,ts_engage_write,649355391
13:43:47.303 -> C,ts_engage_write,649443391
13:43:47.348 -> C,ts_engage_write,649531389
13:43:47.442 -> C,ts_engage_write,649619391
13:43:47.537 -> C,ts_engage_write,649707390
13:43:47.537 -> C,engage_lvl,0
13:43:47.628 -> C,ts_engage_write,649795390
13:43:47.721 -> C,ts_engage_write,649883390
13:43:47.814 -> C,ts_engage_write,649971391
13:43:47.907 -> C,ts_engage_write,650059391
13:43:48.000 -> [EMOTION] LOVE -> IDLE (timeout)
13:43:48.000 -> C,ts_engage_write,650147485
13:43:48.093 -> [FACE] heartbeat
13:43:48.093 -> C,mood_str,50
13:43:48.093 -> C,ts_engage_write,650235491
13:43:48.093 -> C,engage_lvl,0
13:43:48.093 -> C,modifier,15
13:43:48.093 -> C,engage_floor,0
13:43:48.093 -> C,loop_us,291
13:43:48.140 -> C,ts_engage_write,650323375
13:43:48.233 -> C,ts_engage_write,650411375
13:43:48.326 -> C,ts_engage_write,650499377
13:43:48.419 -> C,ts_engage_write,650587373
13:43:48.513 -> C,ts_engage_write,650675377
13:43:48.608 -> C,ts_engage_write,650763371
13:43:48.608 -> C,engage_lvl,0
13:43:48.702 -> C,ts_engage_write,650851379
13:43:48.795 -> C,ts_engage_write,650939374
13:43:48.888 -> C,ts_engage_write,651027376
13:43:48.934 -> C,ts_engage_write,651115373
13:43:49.027 -> C,ts_engage_write,651203378
13:43:49.120 -> [FACE] heartbeat
13:43:49.120 -> C,mood_str,50
13:43:49.120 -> C,ts_engage_write,651291467
13:43:49.120 -> C,engage_lvl,0
13:43:49.120 -> C,modifier,15
13:43:49.120 -> C,engage_floor,0
13:43:49.120 -> C,loop_us,264
13:43:49.213 -> C,ts_engage_write,651379381
13:43:49.307 -> C,ts_engage_write,651467375
13:43:49.400 -> C,ts_engage_write,651555376
13:43:49.493 -> C,ts_engage_write,651643364
13:43:49.585 -> C,ts_engage_write,651731367
13:43:49.678 -> C,ts_engage_write,651819363
13:43:49.678 -> C,engage_lvl,0
13:43:49.725 -> C,ts_engage_write,651907367
13:43:49.818 -> C,ts_engage_write,651995366
13:43:49.911 -> C,ts_engage_write,652083365
13:43:50.004 -> C,ts_engage_write,652171364
13:43:50.097 -> C,ts_engage_write,652259367
13:43:50.189 -> [FACE] heartbeat
13:43:50.189 -> C,mood_str,50
13:43:50.189 -> C,ts_engage_write,652347451
13:43:50.189 -> C,engage_lvl,0
13:43:50.189 -> C,modifier,15
13:43:50.189 -> C,engage_floor,0
13:43:50.189 -> C,loop_us,248
13:43:50.283 -> C,ts_engage_write,652435364
13:43:50.376 -> C,ts_engage_write,652523366
13:43:50.469 -> C,ts_engage_write,652611366
13:43:50.562 -> C,ts_engage_write,652699364
13:43:50.609 -> C,ts_engage_write,652787365
13:43:50.701 -> C,ts_engage_write,652875366
13:43:50.701 -> C,engage_lvl,0
13:43:50.795 -> C,ts_engage_write,652963366
13:43:50.889 -> C,ts_engage_write,653051366
13:43:50.982 -> C,ts_engage_write,653139365
13:43:50.982 -> [TOUCH] transition raw=1 pressed=1 ms=653139
13:43:50.982 -> [TOUCH] START raw=1 ms=653139
13:43:51.076 -> C,ts_engage_write,653227372
13:43:51.076 -> [TOUCH] transition raw=0 pressed=0 ms=653227
13:43:51.076 -> [TOUCH] RELEASE raw=0 duration=88 ms=653227
13:43:51.076 -> [TOUCH] TAP
13:43:51.076 -> [EMOTION] IDLE -> EXCITED
13:43:51.076 -> EVT:{"type":"timeline","text":"User tap interaction","tag":"touch"}
13:43:51.169 -> C,ts_engage_write,653319444
13:43:51.263 -> [FACE] heartbeat
13:43:51.263 -> C,mood_str,50
13:43:51.263 -> C,ts_engage_write,653407517
13:43:51.263 -> C,engage_lvl,0
13:43:51.263 -> C,modifier,15
13:43:51.263 -> C,engage_floor,0
13:43:51.263 -> C,loop_us,320
13:43:51.357 -> C,ts_engage_write,653495393
13:43:51.404 -> C,ts_engage_write,653583390
13:43:51.498 -> C,ts_engage_write,653671391
13:43:51.590 -> C,ts_engage_write,653759387
13:43:51.684 -> C,ts_engage_write,653847393
13:43:51.775 -> C,ts_engage_write,653935391
13:43:51.775 -> C,engage_lvl,0
13:43:51.869 -> C,ts_engage_write,654023392
13:43:51.962 -> C,ts_engage_write,654111389
13:43:52.058 -> C,ts_engage_write,654199392
13:43:52.105 -> C,ts_engage_write,654287392
13:43:52.199 -> C,ts_engage_write,654375389
13:43:52.291 -> [FACE] heartbeat
13:43:52.291 -> C,mood_str,50
13:43:52.291 -> C,ts_engage_write,654463510
13:43:52.291 -> C,engage_lvl,0
13:43:52.291 -> C,modifier,15
13:43:52.291 -> C,engage_floor,0
13:43:52.291 -> C,loop_us,307
13:43:52.384 -> C,ts_engage_write,654551393
13:43:52.478 -> C,ts_engage_write,654639393
13:43:52.571 -> C,ts_engage_write,654727390
13:43:52.664 -> C,ts_engage_write,654815388
13:43:52.759 -> C,ts_engage_write,654903392
13:43:52.852 -> C,ts_engage_write,654991392
13:43:52.852 -> C,engage_lvl,0
13:43:52.898 -> C,ts_engage_write,655079385
13:43:52.992 -> C,ts_engage_write,655167382
13:43:53.085 -> C,ts_engage_write,655255383
13:43:53.180 -> C,ts_engage_write,655343380
13:43:53.272 -> C,ts_engage_write,655431391
13:43:53.365 -> [FACE] heartbeat
13:43:53.365 -> C,mood_str,50
13:43:53.365 -> C,ts_engage_write,655519497
13:43:53.365 -> C,engage_lvl,0
13:43:53.365 -> C,modifier,15
13:43:53.365 -> C,engage_floor,0
13:43:53.365 -> C,loop_us,312
13:43:53.458 -> C,ts_engage_write,655607381
13:43:53.551 -> C,ts_engage_write,655695380
13:43:53.645 -> C,ts_engage_write,655783383
13:43:53.691 -> C,ts_engage_write,655871382
13:43:53.784 -> C,ts_engage_write,655959385
13:43:53.878 -> C,ts_engage_write,656047380
13:43:53.878 -> C,engage_lvl,0
13:43:53.971 -> C,ts_engage_write,656135383
13:43:54.064 -> C,ts_engage_write,656223380
13:43:54.157 -> C,ts_engage_write,656311382
13:43:54.250 -> C,ts_engage_write,656399380
13:43:54.344 -> C,ts_engage_write,656487382
13:43:54.436 -> [FACE] heartbeat
13:43:54.436 -> C,mood_str,50
13:43:54.436 -> C,ts_engage_write,656575495
13:43:54.436 -> C,engage_lvl,0
13:43:54.436 -> C,modifier,15
13:43:54.436 -> C,engage_floor,0
13:43:54.436 -> C,loop_us,298
13:43:54.482 -> C,ts_engage_write,656663384
13:43:54.576 -> C,ts_engage_write,656751378
13:43:54.668 -> C,ts_engage_write,656839384
13:43:54.760 -> C,ts_engage_write,656927382
13:43:54.852 -> C,ts_engage_write,657015383
13:43:54.944 -> C,ts_engage_write,657103382
13:43:54.944 -> C,engage_lvl,0
13:43:55.037 -> C,ts_engage_write,657191380
13:43:55.129 -> C,ts_engage_write,657279385
13:43:55.222 -> C,ts_engage_write,657367380
13:43:55.315 -> C,ts_engage_write,657455385
13:43:55.362 -> C,ts_engage_write,657543380
13:43:55.455 -> [FACE] heartbeat
13:43:55.455 -> C,mood_str,50
13:43:55.455 -> C,ts_engage_write,657631504
13:43:55.455 -> C,engage_lvl,0
13:43:55.455 -> C,modifier,15
13:43:55.455 -> C,engage_floor,0
13:43:55.455 -> C,loop_us,318
13:43:55.549 -> C,ts_engage_write,657719379
13:43:55.641 -> C,ts_engage_write,657807383
13:43:55.737 -> C,ts_engage_write,657895381
13:43:55.829 -> C,ts_engage_write,657983385
13:43:55.924 -> C,ts_engage_write,658071380
13:43:56.016 -> C,ts_engage_write,658159385
13:43:56.016 -> C,engage_lvl,0
13:43:56.110 -> [EMOTION] EXCITED -> IDLE (timeout)
13:43:56.110 -> C,ts_engage_write,658247467
13:43:56.156 -> C,ts_engage_write,658335373
13:43:56.248 -> C,ts_engage_write,658423364
13:43:56.341 -> C,ts_engage_write,658511365
13:43:56.433 -> C,ts_engage_write,658599363
13:43:56.526 -> [FACE] heartbeat
13:43:56.526 -> C,mood_str,50
13:43:56.526 -> C,ts_engage_write,658687467
13:43:56.526 -> C,engage_lvl,0
13:43:56.526 -> C,modifier,15
13:43:56.526 -> C,engage_floor,0
13:43:56.526 -> C,loop_us,267
13:43:56.618 -> C,ts_engage_write,658775363
13:43:56.711 -> C,ts_engage_write,658863368
13:43:56.806 -> C,ts_engage_write,658951366
13:43:56.899 -> C,ts_engage_write,659039363
13:43:56.946 -> C,ts_engage_write,659127367
13:43:57.039 -> C,ts_engage_write,659215364
13:43:57.039 -> C,engage_lvl,0
13:43:57.132 -> C,ts_engage_write,659303366
13:43:57.225 -> C,ts_engage_write,659391364
13:43:57.318 -> C,ts_engage_write,659479365
13:43:57.412 -> C,ts_engage_write,659567364
13:43:57.505 -> C,ts_engage_write,659655367
13:43:57.597 -> [FACE] heartbeat
13:43:57.597 -> C,mood_str,50
13:43:57.597 -> C,ts_engage_write,659743473
13:43:57.597 -> C,engage_lvl,0
13:43:57.597 -> C,modifier,15
13:43:57.597 -> C,engage_floor,0
13:43:57.597 -> C,loop_us,257
13:43:57.691 -> C,ts_engage_write,659831366
13:43:57.737 -> C,ts_engage_write,659919364
13:43:57.830 -> C,ts_engage_write,660007365
13:43:57.923 -> C,ts_engage_write,660095363
13:43:58.016 -> C,ts_engage_write,660183367
13:43:58.110 -> C,ts_engage_write,660271363
13:43:58.110 -> C,engage_lvl,0
13:43:58.204 -> C,dom_touch,99
13:43:58.204 -> C,dom_sec,0
13:43:58.204 -> [MEM] tick: records=6 strength=99
13:43:58.204 -> C,rec_count,6
13:43:58.204 -> C,ts_engage_write,660359508
13:43:58.298 -> C,ts_engage_write,660447368
13:43:58.391 -> C,ts_engage_write,660535364
13:43:58.484 -> C,ts_engage_write,660623366
13:43:58.530 -> C,ts_engage_write,660711364
13:43:58.624 -> [FACE] heartbeat
13:43:58.624 -> C,mood_str,50
13:43:58.624 -> C,ts_engage_write,660799463
13:43:58.624 -> C,engage_lvl,0
13:43:58.624 -> C,modifier,15
13:43:58.624 -> C,engage_floor,0
13:43:58.624 -> C,loop_us,260
13:43:58.716 -> C,ts_engage_write,660887367
13:43:58.809 -> C,ts_engage_write,660975364
13:43:58.902 -> C,ts_engage_write,661063365
13:43:58.995 -> C,ts_engage_write,661151363
13:43:59.088 -> C,ts_engage_write,661242752
13:43:59.181 -> C,ts_engage_write,661330395
13:43:59.181 -> C,engage_lvl,0
13:43:59.274 -> C,ts_engage_write,661418369
13:43:59.368 -> C,ts_engage_write,661506367
13:43:59.414 -> C,ts_engage_write,661594368
13:43:59.508 -> C,ts_engage_write,661682368
13:43:59.602 -> C,ts_engage_write,661770367
13:43:59.695 -> [FACE] heartbeat
13:43:59.695 -> C,mood_str,50
13:43:59.695 -> C,ts_engage_write,661858459
13:43:59.695 -> C,engage_lvl,0
13:43:59.695 -> C,modifier,15
13:43:59.695 -> C,engage_floor,0
13:43:59.695 -> C,loop_us,268
13:43:59.789 -> C,ts_engage_write,661946363
13:43:59.881 -> C,ts_engage_write,662034368
13:43:59.976 -> C,ts_engage_write,662122366
13:44:00.069 -> C,ts_engage_write,662210368
13:44:00.115 -> C,ts_engage_write,662298366
13:44:00.211 -> C,ts_engage_write,662386368
13:44:00.211 -> C,engage_lvl,0
13:44:00.304 -> C,ts_engage_write,662474366
13:44:00.397 -> C,ts_engage_write,662562368
13:44:00.489 -> C,ts_engage_write,662650366
13:44:00.581 -> C,ts_engage_write,662738368
13:44:00.674 -> C,ts_engage_write,662826365
13:44:00.768 -> [FACE] heartbeat
13:44:00.768 -> C,mood_str,50
13:44:00.768 -> C,ts_engage_write,662914457
13:44:00.768 -> C,engage_lvl,0
13:44:00.768 -> C,modifier,15
13:44:00.768 -> C,engage_floor,0
13:44:00.768 -> C,loop_us,258
13:44:00.861 -> C,ts_engage_write,663002366
13:44:00.907 -> C,ts_engage_write,663090369
13:44:00.999 -> C,ts_engage_write,663178368
13:44:01.094 -> C,ts_engage_write,663266368
13:44:01.187 -> C,ts_engage_write,663354367
13:44:01.280 -> C,ts_engage_write,663442369
13:44:01.280 -> C,engage_lvl,0
13:44:01.372 -> C,ts_engage_write,663530368
13:44:01.466 -> C,ts_engage_write,663618368
13:44:01.560 -> C,ts_engage_write,663706367
13:44:01.652 -> C,ts_engage_write,663794368
13:44:01.699 -> C,ts_engage_write,663882370
13:44:01.791 -> [FACE] heartbeat
13:44:01.791 -> C,mood_str,50
13:44:01.791 -> C,ts_engage_write,663970460
13:44:01.791 -> C,engage_lvl,0
13:44:01.791 -> C,modifier,15
13:44:01.791 -> C,engage_floor,0
13:44:01.791 -> C,loop_us,260
13:44:01.885 -> C,ts_engage_write,664058367
13:44:01.977 -> C,ts_engage_write,664146368
13:44:02.069 -> C,ts_engage_write,664234367
13:44:02.162 -> C,ts_engage_write,664322368
13:44:02.254 -> C,ts_engage_write,664410367
13:44:02.348 -> C,ts_engage_write,664498368
13:44:02.348 -> C,engage_lvl,0
13:44:02.443 -> C,ts_engage_write,664586367
13:44:02.535 -> C,ts_engage_write,664674368
13:44:02.581 -> C,ts_engage_write,664762366
13:44:02.674 -> C,ts_engage_write,664850370
13:44:02.767 -> C,ts_engage_write,664938367
13:44:02.860 -> [FACE] heartbeat
13:44:02.860 -> C,mood_str,50
13:44:02.860 -> C,ts_engage_write,665026446
13:44:02.860 -> C,engage_lvl,0
13:44:02.860 -> C,modifier,15
13:44:02.860 -> C,engage_floor,0
13:44:02.860 -> C,loop_us,242
13:44:02.954 -> C,ts_engage_write,665114366
13:44:03.046 -> C,ts_engage_write,665202368
13:44:03.138 -> C,ts_engage_write,665290367
13:44:03.232 -> C,ts_engage_write,665378368
13:44:03.325 -> C,ts_engage_write,665466367
13:44:03.370 -> C,ts_engage_write,665554368
13:44:03.370 -> C,engage_lvl,0
13:44:03.463 -> C,ts_engage_write,665642367
13:44:03.590 -> C,ts_engage_write,665730368
13:44:03.635 -> C,ts_engage_write,665818366
13:44:03.730 -> C,ts_engage_write,665906370
13:44:03.825 -> C,ts_engage_write,665994367
13:44:03.918 -> [FACE] heartbeat
13:44:03.918 -> C,mood_str,50
13:44:03.918 -> C,ts_engage_write,666082465
13:44:03.918 -> C,engage_lvl,0
13:44:03.918 -> C,modifier,15
13:44:03.918 -> C,engage_floor,0
13:44:03.918 -> C,loop_us,266
13:44:04.012 -> C,ts_engage_write,666170366
13:44:04.104 -> C,ts_engage_write,666258369
13:44:04.196 -> C,ts_engage_write,666346368
13:44:04.290 -> C,ts_engage_write,666434368
13:44:04.338 -> C,ts_engage_write,666522367
13:44:04.430 -> C,ts_engage_write,666610369
13:44:04.430 -> C,engage_lvl,0
13:44:04.524 -> C,ts_engage_write,666698368
13:44:04.616 -> C,ts_engage_write,666786367
13:44:04.708 -> C,ts_engage_write,666874368
13:44:04.800 -> C,ts_engage_write,666962369
13:44:04.893 -> C,ts_engage_write,667050368
13:44:04.986 -> [FACE] heartbeat
13:44:04.986 -> C,mood_str,50
13:44:04.986 -> C,ts_engage_write,667138469
13:44:04.986 -> C,engage_lvl,0
13:44:04.986 -> C,modifier,15
13:44:04.986 -> C,engage_floor,0
13:44:04.986 -> C,loop_us,268
13:44:05.078 -> C,ts_engage_write,667226367
13:44:05.171 -> C,ts_engage_write,667314368
13:44:05.218 -> C,ts_engage_write,667402367
13:44:05.309 -> C,ts_engage_write,667490368
13:44:05.405 -> C,ts_engage_write,667578367
13:44:05.496 -> C,ts_engage_write,667666368
13:44:05.496 -> C,engage_lvl,0
13:44:05.590 -> C,ts_engage_write,667754366
13:44:05.683 -> C,ts_engage_write,667842370
13:44:05.775 -> C,ts_engage_write,667930367
13:44:05.869 -> C,ts_engage_write,668018368
13:44:05.962 -> C,ts_engage_write,668106367
13:44:06.054 -> [FACE] heartbeat
13:44:06.054 -> C,mood_str,50
13:44:06.054 -> C,ts_engage_write,668194465
13:44:06.054 -> C,engage_lvl,0
13:44:06.054 -> C,modifier,15
13:44:06.054 -> C,engage_floor,0
13:44:06.054 -> C,loop_us,269
13:44:06.100 -> C,ts_engage_write,668282366
13:44:06.194 -> C,ts_engage_write,668370369
13:44:06.286 -> C,ts_engage_write,668458368
13:44:06.379 -> C,ts_engage_write,668546368
13:44:06.472 -> C,ts_engage_write,668634367
13:44:06.566 -> C,ts_engage_write,668722369
13:44:06.566 -> C,engage_lvl,0
13:44:06.660 -> C,ts_engage_write,668810367
13:44:06.753 -> C,ts_engage_write,668898370
13:44:06.846 -> C,ts_engage_write,668986367
13:44:06.893 -> C,ts_engage_write,669074369
13:44:06.986 -> C,ts_engage_write,669162368
13:44:07.079 -> [FACE] heartbeat
13:44:07.079 -> C,mood_str,50
13:44:07.079 -> C,ts_engage_write,669250459
13:44:07.079 -> C,engage_lvl,0
13:44:07.079 -> C,modifier,15
13:44:07.079 -> C,engage_floor,0
13:44:07.079 -> C,loop_us,259
13:44:07.079 -> [TOUCH] transition raw=1 pressed=1 ms=669250
13:44:07.079 -> [TOUCH] START raw=1 ms=669250
13:44:07.173 -> C,ts_engage_write,669338373
13:44:07.265 -> C,ts_engage_write,669426370
13:44:07.265 -> [TOUCH] transition raw=0 pressed=0 ms=669426
13:44:07.265 -> [TOUCH] RELEASE raw=0 duration=176 ms=669426
13:44:07.265 -> [TOUCH] TAP
13:44:07.265 -> [EMOTION] IDLE -> SURPRISED
13:44:07.265 -> EVT:{"type":"timeline","text":"User tap interaction","tag":"touch"}
13:44:07.358 -> C,ts_engage_write,669518441
13:44:07.451 -> C,ts_engage_write,669606373
13:44:07.544 -> C,ts_engage_write,669694380
13:44:07.636 -> C,ts_engage_write,669782370
13:44:07.636 -> C,engage_lvl,0
13:44:07.729 -> C,ts_engage_write,669870378
13:44:07.776 -> C,ts_engage_write,669958371
13:44:07.868 -> C,ts_engage_write,670046378
13:44:07.961 -> C,ts_engage_write,670134372
13:44:08.054 -> C,ts_engage_write,670222377
13:44:08.147 -> [FACE] heartbeat
13:44:08.147 -> C,mood_str,50
13:44:08.147 -> C,ts_engage_write,670310475
13:44:08.147 -> C,engage_lvl,0
13:44:08.147 -> C,modifier,15
13:44:08.147 -> C,engage_floor,0
13:44:08.147 -> C,loop_us,276
13:44:08.240 -> C,ts_engage_write,670398377
13:44:08.333 -> C,ts_engage_write,670486372
13:44:08.428 -> C,ts_engage_write,670574377
13:44:08.521 -> C,ts_engage_write,670662371
13:44:08.568 -> C,ts_engage_write,670750377
13:44:08.660 -> C,ts_engage_write,670838374
13:44:08.660 -> C,engage_lvl,0
13:44:08.753 -> C,ts_engage_write,670926377
13:44:08.845 -> C,ts_engage_write,671014371
13:44:08.939 -> C,ts_engage_write,671102378
13:44:09.032 -> C,ts_engage_write,671190372
13:44:09.126 -> C,ts_engage_write,671278373
13:44:09.219 -> [FACE] heartbeat
13:44:09.219 -> C,mood_str,50
13:44:09.219 -> C,ts_engage_write,671366465
13:44:09.219 -> C,engage_lvl,0
13:44:09.219 -> C,modifier,15
13:44:09.219 -> C,engage_floor,0
13:44:09.219 -> C,loop_us,266
13:44:09.312 -> C,ts_engage_write,671454371
13:44:09.358 -> C,ts_engage_write,671542369
13:44:09.451 -> C,ts_engage_write,671630373
13:44:09.544 -> C,ts_engage_write,671718368
13:44:09.637 -> C,ts_engage_write,671806372
13:44:09.729 -> C,ts_engage_write,671894370
13:44:09.729 -> C,engage_lvl,0
13:44:09.822 -> C,ts_engage_write,671982373
13:44:09.914 -> C,ts_engage_write,672070368
13:44:10.007 -> C,ts_engage_write,672158373
13:44:10.098 -> C,ts_engage_write,672246369
13:44:10.191 -> C,ts_engage_write,672334373
13:44:10.238 -> [FACE] heartbeat
13:44:10.238 -> C,mood_str,50
13:44:10.238 -> C,ts_engage_write,672422446
13:44:10.238 -> C,engage_lvl,0
13:44:10.238 -> C,modifier,15
13:44:10.238 -> C,engage_floor,0
13:44:10.238 -> C,loop_us,245
13:44:10.332 -> C,ts_engage_write,672510369
13:44:10.425 -> C,ts_engage_write,672598369
13:44:10.517 -> C,ts_engage_write,672686371
13:44:10.610 -> C,ts_engage_write,672774367
13:44:10.705 -> C,ts_engage_write,672862373
13:44:10.705 -> [TOUCH] transition raw=1 pressed=1 ms=672862
13:44:10.705 -> [TOUCH] START raw=1 ms=672862
13:44:10.798 -> C,ts_engage_write,672950377
13:44:10.798 -> C,engage_lvl,0
13:44:10.798 -> [TOUCH] transition raw=0 pressed=0 ms=672950
13:44:10.798 -> [TOUCH] RELEASE raw=0 duration=88 ms=672950
13:44:10.798 -> [TOUCH] TAP
13:44:10.798 -> [EMOTION] SURPRISED -> EXCITED
13:44:10.798 -> EVT:{"type":"timeline","text":"User tap interaction","tag":"touch"}
13:44:10.891 -> C,ts_engage_write,673042443
13:44:10.983 -> C,ts_engage_write,673130388
13:44:11.075 -> C,ts_engage_write,673218392
13:44:11.122 -> C,ts_engage_write,673306388
13:44:11.215 -> C,ts_engage_write,673394390
13:44:11.308 -> [FACE] heartbeat
13:44:11.308 -> C,mood_str,50
13:44:11.308 -> C,ts_engage_write,673482512
13:44:11.308 -> C,engage_lvl,0
13:44:11.308 -> C,modifier,15
13:44:11.308 -> C,engage_floor,0
13:44:11.308 -> C,loop_us,315
13:44:11.400 -> C,ts_engage_write,673570398
13:44:11.495 -> C,ts_engage_write,673658386
13:44:11.587 -> C,ts_engage_write,673746390
13:44:11.681 -> C,ts_engage_write,673834389
13:44:11.776 -> C,ts_engage_write,673922392
13:44:11.870 -> C,ts_engage_write,674010388
13:44:11.870 -> C,engage_lvl,0
13:44:11.916 -> C,ts_engage_write,674098395
13:44:12.010 -> C,ts_engage_write,674186386
13:44:12.103 -> C,ts_engage_write,674274395
13:44:12.196 -> C,ts_engage_write,674362386
13:44:12.287 -> C,ts_engage_write,674450395
13:44:12.379 -> [FACE] heartbeat
13:44:12.379 -> C,mood_str,50
13:44:12.379 -> C,ts_engage_write,674538486
13:44:12.379 -> C,engage_lvl,0
13:44:12.379 -> C,modifier,15
13:44:12.379 -> C,engage_floor,0
13:44:12.379 -> C,loop_us,287
13:44:12.473 -> C,ts_engage_write,674626399
13:44:12.566 -> C,ts_engage_write,674714388
13:44:12.658 -> C,ts_engage_write,674802383
13:44:12.752 -> C,ts_engage_write,674890380
13:44:12.798 -> C,ts_engage_write,674978382
13:44:12.891 -> C,ts_engage_write,675066379
13:44:12.891 -> C,engage_lvl,0
13:44:12.983 -> C,ts_engage_write,675154385
13:44:13.077 -> C,ts_engage_write,675242379
13:44:13.171 -> C,ts_engage_write,675330382
13:44:13.264 -> C,ts_engage_write,675418381
13:44:13.357 -> C,ts_engage_write,675506383
13:44:13.450 -> [FACE] heartbeat
13:44:13.450 -> C,mood_str,50
13:44:13.450 -> C,ts_engage_write,675594497
13:44:13.450 -> C,engage_lvl,0
13:44:13.450 -> C,modifier,15
13:44:13.450 -> C,engage_floor,0
13:44:13.450 -> C,loop_us,301
13:44:13.498 -> C,ts_engage_write,675682382
13:44:13.591 -> C,ts_engage_write,675770378
13:44:13.685 -> C,ts_engage_write,675858381
13:44:13.777 -> C,ts_engage_write,675946381
13:44:13.868 -> C,ts_engage_write,676034383
13:44:13.961 -> C,ts_engage_write,676122379
13:44:13.961 -> C,engage_lvl,0
13:44:14.055 -> C,ts_engage_write,676210390
13:44:14.148 -> C,ts_engage_write,676298381
13:44:14.242 -> C,ts_engage_write,676386383
13:44:14.334 -> C,ts_engage_write,676474381
13:44:14.381 -> C,ts_engage_write,676562380
13:44:14.473 -> [FACE] heartbeat
13:44:14.473 -> C,mood_str,50
13:44:14.473 -> C,ts_engage_write,676650483
13:44:14.473 -> C,engage_lvl,0
13:44:14.473 -> C,modifier,15
13:44:14.473 -> C,engage_floor,0
13:44:14.473 -> C,loop_us,288
13:44:14.567 -> C,ts_engage_write,676738381
13:44:14.661 -> C,ts_engage_write,676826381
13:44:14.753 -> C,ts_engage_write,676914382
13:44:14.846 -> C,ts_engage_write,677002384
13:44:14.939 -> C,ts_engage_write,677090380
13:44:15.031 -> C,ts_engage_write,677178386
13:44:15.031 -> C,engage_lvl,0
13:44:15.123 -> C,ts_engage_write,677266380
13:44:15.169 -> C,ts_engage_write,677354382
13:44:15.263 -> C,ts_engage_write,677442381
13:44:15.357 -> C,ts_engage_write,677530382
13:44:15.448 -> C,ts_engage_write,677618381
13:44:15.541 -> [FACE] heartbeat
13:44:15.541 -> C,mood_str,50
13:44:15.541 -> C,ts_engage_write,677706477
13:44:15.541 -> C,engage_lvl,0
13:44:15.541 -> C,modifier,15
13:44:15.541 -> C,engage_floor,0
13:44:15.541 -> C,loop_us,281
13:44:15.633 -> C,ts_engage_write,677794376
13:44:15.726 -> C,ts_engage_write,677882383
13:44:15.819 -> [EMOTION] EXCITED -> IDLE (timeout)
13:44:15.819 -> C,ts_engage_write,677970471
13:44:15.911 -> C,ts_engage_write,678058373
13:44:16.004 -> C,ts_engage_write,678146366
13:44:16.050 -> C,ts_engage_write,678234366
13:44:16.050 -> C,engage_lvl,0
13:44:16.143 -> C,ts_engage_write,678322365
13:44:16.236 -> C,ts_engage_write,678410367
13:44:16.329 -> C,ts_engage_write,678498365
13:44:16.422 -> C,ts_engage_write,678586366
13:44:16.515 -> C,ts_engage_write,678674366
13:44:16.607 -> [FACE] heartbeat
13:44:16.607 -> C,mood_str,50
13:44:16.607 -> C,ts_engage_write,678762452
13:44:16.607 -> C,engage_lvl,0
13:44:16.607 -> C,modifier,15
13:44:16.607 -> C,engage_floor,0
13:44:16.607 -> C,loop_us,226
13:44:16.698 -> C,ts_engage_write,678850361
13:44:16.791 -> C,ts_engage_write,678938367
13:44:16.886 -> C,ts_engage_write,679026365
13:44:16.933 -> C,ts_engage_write,679114366
13:44:17.025 -> C,ts_engage_write,679202366
13:44:17.118 -> C,ts_engage_write,679290366
13:44:17.118 -> C,engage_lvl,0
13:44:17.211 -> C,ts_engage_write,679378365
13:44:17.305 -> C,ts_engage_write,679466367
13:44:17.398 -> C,ts_engage_write,679554365
13:44:17.491 -> C,ts_engage_write,679642366
13:44:17.585 -> C,ts_engage_write,679730366
13:44:17.678 -> [FACE] heartbeat
13:44:17.678 -> C,mood_str,50
13:44:17.678 -> C,ts_engage_write,679818440
13:44:17.678 -> C,engage_lvl,0
13:44:17.678 -> C,modifier,15
13:44:17.678 -> C,engage_floor,0
13:44:17.678 -> C,loop_us,240
13:44:17.723 -> C,ts_engage_write,679906361
13:44:17.723 -> [TOUCH] transition raw=1 pressed=1 ms=679906
13:44:17.723 -> [TOUCH] START raw=1 ms=679906
13:44:17.816 -> C,ts_engage_write,679994372
13:44:17.816 -> [TOUCH] transition raw=0 pressed=0 ms=679994
13:44:17.816 -> [TOUCH] RELEASE raw=0 duration=88 ms=679994
13:44:17.816 -> [TOUCH] TAP
13:44:17.816 -> [EMOTION] IDLE -> HAPPY
13:44:17.816 -> EVT:{"type":"timeline","text":"User tap interaction","tag":"touch"}
13:44:17.908 -> C,ts_engage_write,680086444
13:44:18.001 -> C,ts_engage_write,680175383
13:44:18.095 -> C,ts_engage_write,680263389
13:44:18.187 -> C,ts_engage_write,680351383
13:44:18.187 -> C,engage_lvl,0
13:44:18.279 -> C,ts_engage_write,680439386
13:44:18.372 -> C,ts_engage_write,680527383
13:44:18.465 -> C,ts_engage_write,680615384
13:44:18.558 -> C,ts_engage_write,680703383
13:44:18.651 -> C,ts_engage_write,680791383
13:44:18.698 -> [FACE] heartbeat
13:44:18.698 -> C,mood_str,50
13:44:18.698 -> C,ts_engage_write,680879507
13:44:18.698 -> C,engage_lvl,0
13:44:18.698 -> C,modifier,15
13:44:18.698 -> C,engage_floor,0
13:44:18.698 -> C,loop_us,293
13:44:18.791 -> C,ts_engage_write,680968383
13:44:18.884 -> C,ts_engage_write,681056384
13:44:18.979 -> C,ts_engage_write,681144386
13:44:19.072 -> C,ts_engage_write,681232383
13:44:19.166 -> C,ts_engage_write,681320387
13:44:19.258 -> C,ts_engage_write,681408382
13:44:19.258 -> C,engage_lvl,0
13:44:19.351 -> C,ts_engage_write,681496386
13:44:19.444 -> C,ts_engage_write,681584384
13:44:19.490 -> C,ts_engage_write,681672385
13:44:19.583 -> C,ts_engage_write,681760383
13:44:19.675 -> C,ts_engage_write,681848384
13:44:19.767 -> [FACE] heartbeat
13:44:19.767 -> C,mood_str,50
13:44:19.767 -> C,ts_engage_write,681936475
13:44:19.767 -> C,engage_lvl,0
13:44:19.767 -> C,modifier,15
13:44:19.767 -> C,engage_floor,0
13:44:19.767 -> C,loop_us,272
13:44:19.860 -> C,ts_engage_write,682025385
13:44:19.955 -> C,ts_engage_write,682113382
13:44:20.047 -> C,ts_engage_write,682201383
13:44:20.139 -> C,ts_engage_write,682289382
13:44:20.232 -> C,ts_engage_write,682377383
13:44:20.325 -> C,ts_engage_write,682465382
13:44:20.325 -> C,engage_lvl,0
13:44:20.372 -> C,ts_engage_write,682553384
13:44:20.463 -> C,ts_engage_write,682641382
13:44:20.556 -> C,ts_engage_write,682729384
13:44:20.648 -> C,ts_engage_write,682817380
13:44:20.741 -> C,ts_engage_write,682905383
13:44:20.832 -> [FACE] heartbeat
13:44:20.832 -> C,mood_str,50
13:44:20.832 -> C,ts_engage_write,682993489
13:44:20.832 -> C,engage_lvl,0
13:44:20.832 -> C,modifier,15
13:44:20.832 -> C,engage_floor,0
13:44:20.832 -> C,loop_us,289
13:44:20.925 -> C,ts_engage_write,683082382
13:44:21.017 -> C,ts_engage_write,683170382
13:44:21.112 -> C,ts_engage_write,683258384
13:44:21.204 -> C,ts_engage_write,683346383
13:44:21.250 -> C,ts_engage_write,683434383
13:44:21.344 -> C,ts_engage_write,683522382
13:44:21.344 -> C,engage_lvl,0
13:44:21.438 -> C,ts_engage_write,683610382
13:44:21.531 -> C,ts_engage_write,683698383
13:44:21.624 -> C,ts_engage_write,683786380
13:44:21.716 -> C,ts_engage_write,683874382
13:44:21.808 -> C,ts_engage_write,683962384
13:44:21.903 -> [FACE] heartbeat
13:44:21.903 -> C,mood_str,50
13:44:21.903 -> C,ts_engage_write,684050478
13:44:21.903 -> C,engage_lvl,0
13:44:21.903 -> C,modifier,15
13:44:21.903 -> C,engage_floor,0
13:44:21.903 -> C,loop_us,285
13:44:21.996 -> C,ts_engage_write,684139385
13:44:22.043 -> C,ts_engage_write,684227383
13:44:22.135 -> C,ts_engage_write,684315389
13:44:22.229 -> C,ts_engage_write,684403383
13:44:22.323 -> C,ts_engage_write,684491383
13:44:22.415 -> C,ts_engage_write,684579383
13:44:22.415 -> C,engage_lvl,0
13:44:22.509 -> C,ts_engage_write,684667384
13:44:22.601 -> C,ts_engage_write,684755380
13:44:22.696 -> C,ts_engage_write,684843384
13:44:22.789 -> C,ts_engage_write,684931383
13:44:22.836 -> [EMOTION] HAPPY -> IDLE (timeout)
13:44:22.836 -> C,ts_engage_write,685019469
13:44:22.929 -> [FACE] heartbeat
13:44:22.929 -> C,mood_str,50
13:44:22.929 -> C,ts_engage_write,685107473
13:44:22.929 -> C,engage_lvl,0
13:44:22.929 -> C,modifier,15
13:44:22.929 -> C,engage_floor,0
13:44:22.929 -> C,loop_us,277
13:44:23.024 -> C,ts_engage_write,685195363
13:44:23.117 -> C,ts_engage_write,685283367
13:44:23.209 -> C,ts_engage_write,685371366
13:44:23.302 -> C,ts_engage_write,685459366
13:44:23.395 -> C,ts_engage_write,685547366
13:44:23.489 -> C,ts_engage_write,685635366
13:44:23.489 -> C,engage_lvl,0
13:44:23.582 -> C,ts_engage_write,685723366
13:44:23.628 -> C,ts_engage_write,685811365
13:44:23.721 -> C,ts_engage_write,685899367
13:44:23.815 -> C,ts_engage_write,685987366
13:44:23.909 -> C,ts_engage_write,686075366
13:44:24.000 -> [FACE] heartbeat
13:44:24.000 -> C,mood_str,50
13:44:24.000 -> C,ts_engage_write,686163442
13:44:24.000 -> C,engage_lvl,0
13:44:24.000 -> C,modifier,15
13:44:24.000 -> C,engage_floor,0
13:44:24.000 -> C,loop_us,241
13:44:24.092 -> C,ts_engage_write,686251365
13:44:24.185 -> C,ts_engage_write,686339366
13:44:24.278 -> C,ts_engage_write,686427365
13:44:24.372 -> C,ts_engage_write,686515366
13:44:24.419 -> C,ts_engage_write,686603365
13:44:24.512 -> C,ts_engage_write,686691367
13:44:24.512 -> C,engage_lvl,0
13:44:24.606 -> C,ts_engage_write,686779365
13:44:24.699 -> C,ts_engage_write,686867367
13:44:24.793 -> C,ts_engage_write,686955366
13:44:24.886 -> C,ts_engage_write,687043366
13:44:24.979 -> C,ts_engage_write,687131366
13:44:25.073 -> [FACE] heartbeat
13:44:25.073 -> C,mood_str,50
13:44:25.073 -> C,ts_engage_write,687219452
13:44:25.073 -> C,engage_lvl,0
13:44:25.073 -> C,modifier,15
13:44:25.073 -> C,engage_floor,0
13:44:25.073 -> C,loop_us,227
13:44:25.165 -> C,ts_engage_write,687307365
13:44:25.212 -> C,ts_engage_write,687395366
13:44:25.306 -> C,ts_engage_write,687483366
13:44:25.399 -> C,ts_engage_write,687571366
13:44:25.491 -> C,ts_engage_write,687659366
13:44:25.585 -> C,ts_engage_write,687747365
13:44:25.585 -> C,engage_lvl,0
13:44:25.677 -> C,ts_engage_write,687835367
13:44:25.771 -> C,ts_engage_write,687923366
13:44:25.864 -> C,ts_engage_write,688011366
13:44:25.957 -> C,ts_engage_write,688099366
13:44:26.004 -> C,ts_engage_write,688187366
13:44:26.097 -> [FACE] heartbeat
13:44:26.097 -> C,mood_str,50
13:44:26.097 -> C,ts_engage_write,688275462
13:44:26.097 -> C,engage_lvl,0
13:44:26.097 -> C,modifier,15
13:44:26.097 -> C,engage_floor,0
13:44:26.097 -> C,loop_us,235
13:44:26.189 -> C,ts_engage_write,688363365
13:44:26.283 -> C,ts_engage_write,688451366
13:44:26.375 -> C,ts_engage_write,688539366
13:44:26.468 -> C,ts_engage_write,688627366
13:44:26.560 -> C,ts_engage_write,688715366
13:44:26.654 -> C,ts_engage_write,688803365
13:44:26.654 -> C,engage_lvl,0
13:44:26.747 -> C,ts_engage_write,688891367
13:44:26.794 -> C,ts_engage_write,688979366
13:44:26.888 -> C,ts_engage_write,689067366
13:44:26.979 -> C,ts_engage_write,689155366
13:44:27.073 -> C,ts_engage_write,689243366
13:44:27.167 -> [FACE] heartbeat
13:44:27.167 -> C,mood_str,50
13:44:27.167 -> C,ts_engage_write,689331442
13:44:27.167 -> C,engage_lvl,0
13:44:27.167 -> C,modifier,15
13:44:27.167 -> C,engage_floor,0
13:44:27.167 -> C,loop_us,216
13:44:27.261 -> C,ts_engage_write,689419365
13:44:27.353 -> C,ts_engage_write,689507366
13:44:27.446 -> C,ts_engage_write,689595365
13:44:27.540 -> C,ts_engage_write,689683366
13:44:27.631 -> C,ts_engage_write,689771365
13:44:27.678 -> C,ts_engage_write,689859367
13:44:27.678 -> C,engage_lvl,0
13:44:27.771 -> C,ts_engage_write,689947366
13:44:27.864 -> C,ts_engage_write,690035366
13:44:27.957 -> C,ts_engage_write,690123366
13:44:28.050 -> C,ts_engage_write,690211366
13:44:28.144 -> C,ts_engage_write,690299366
13:44:28.237 -> [FACE] heartbeat
13:44:28.237 -> C,mood_str,50
13:44:28.237 -> C,ts_engage_write,690387461
13:44:28.237 -> C,engage_lvl,0
13:44:28.237 -> C,modifier,15
13:44:28.237 -> C,engage_floor,0
13:44:28.237 -> C,loop_us,238
13:44:28.328 -> C,ts_engage_write,690475365
13:44:28.422 -> C,ts_engage_write,690563367
13:44:28.469 -> C,ts_engage_write,690651367
13:44:28.562 -> C,ts_engage_write,690739366
13:44:28.654 -> C,ts_engage_write,690827365
13:44:28.747 -> C,ts_engage_write,690915369
13:44:28.747 -> C,engage_lvl,0
13:44:28.841 -> C,ts_engage_write,691003366
13:44:28.935 -> C,ts_engage_write,691091367
13:44:29.029 -> C,ts_engage_write,691179365
13:44:29.122 -> C,ts_engage_write,691267368
13:44:29.215 -> C,ts_engage_write,691355366
13:44:29.262 -> [FACE] heartbeat
13:44:29.262 -> C,mood_str,50
13:44:29.262 -> C,ts_engage_write,691443443
13:44:29.262 -> C,engage_lvl,0
13:44:29.262 -> C,modifier,15
13:44:29.262 -> C,engage_floor,0
13:44:29.262 -> C,loop_us,244
13:44:29.355 -> C,ts_engage_write,691531366
13:44:29.448 -> C,ts_engage_write,691619366
13:44:29.541 -> C,ts_engage_write,691707366
13:44:29.633 -> C,ts_engage_write,691795365
13:44:29.726 -> C,ts_engage_write,691883367
13:44:29.819 -> C,ts_engage_write,691971366
13:44:29.819 -> C,engage_lvl,0
13:44:29.912 -> C,ts_engage_write,692059366
13:44:30.004 -> C,ts_engage_write,692147367
13:44:30.050 -> C,ts_engage_write,692235365
13:44:30.144 -> C,ts_engage_write,692323367
13:44:30.237 -> C,ts_engage_write,692411365
13:44:30.330 -> [FACE] heartbeat
13:44:30.330 -> C,mood_str,50
13:44:30.330 -> C,ts_engage_write,692499453
13:44:30.330 -> C,engage_lvl,0
13:44:30.330 -> C,modifier,15
13:44:30.330 -> C,engage_floor,0
13:44:30.330 -> C,loop_us,252
13:44:30.424 -> C,ts_engage_write,692587365
13:44:30.517 -> C,ts_engage_write,692675368
13:44:30.610 -> C,ts_engage_write,692763364
13:44:30.704 -> C,ts_engage_write,692851369
13:44:30.797 -> C,ts_engage_write,692939365
13:44:30.844 -> C,ts_engage_write,693027368
13:44:30.844 -> C,engage_lvl,0
13:44:30.937 -> C,ts_engage_write,693115366
13:44:31.029 -> C,ts_engage_write,693203367
13:44:31.123 -> C,ts_engage_write,693291365
13:44:31.217 -> C,ts_engage_write,693379368
13:44:31.310 -> C,ts_engage_write,693467366
13:44:31.402 -> [FACE] heartbeat
13:44:31.402 -> C,mood_str,50
13:44:31.402 -> C,ts_engage_write,693555455
13:44:31.402 -> C,engage_lvl,0
13:44:31.402 -> C,modifier,15
13:44:31.402 -> C,engage_floor,0
13:44:31.402 -> C,loop_us,252
13:44:31.496 -> C,ts_engage_write,693643366
13:44:31.589 -> C,ts_engage_write,693731366
13:44:31.635 -> C,ts_engage_write,693819365
13:44:31.729 -> C,ts_engage_write,693907367
13:44:31.821 -> C,ts_engage_write,693995365
13:44:31.914 -> C,ts_engage_write,694083366
13:44:31.914 -> C,engage_lvl,0
13:44:32.006 -> C,ts_engage_write,694171366
13:44:32.097 -> C,ts_engage_write,694259366
13:44:32.189 -> C,ts_engage_write,694347366
13:44:32.283 -> C,ts_engage_write,694435366
13:44:32.374 -> C,ts_engage_write,694523366
13:44:32.466 -> [FACE] heartbeat
13:44:32.466 -> C,mood_str,50
13:44:32.466 -> C,ts_engage_write,694611441
13:44:32.466 -> C,engage_lvl,0
13:44:32.466 -> C,modifier,15
13:44:32.466 -> C,engage_floor,0
13:44:32.466 -> C,loop_us,215
13:44:32.558 -> C,ts_engage_write,694699365
13:44:32.605 -> C,ts_engage_write,694787365
13:44:32.698 -> C,ts_engage_write,694875366
13:44:32.791 -> C,ts_engage_write,694963366
13:44:32.884 -> C,ts_engage_write,695051365
13:44:32.978 -> C,ts_engage_write,695139366
13:44:32.978 -> C,engage_lvl,0
13:44:33.071 -> C,ts_engage_write,695227365
13:44:33.164 -> C,ts_engage_write,695315366
13:44:33.257 -> C,ts_engage_write,695403365
13:44:33.350 -> C,ts_engage_write,695491366
13:44:33.397 -> C,ts_engage_write,695579365
13:44:33.492 -> [FACE] heartbeat
13:44:33.492 -> C,mood_str,50
13:44:33.492 -> C,ts_engage_write,695667460
13:44:33.492 -> C,engage_lvl,0
13:44:33.492 -> C,modifier,15
13:44:33.492 -> C,engage_floor,0
13:44:33.492 -> C,loop_us,259
13:44:33.584 -> C,ts_engage_write,695755364
13:44:33.677 -> C,ts_engage_write,695843368
13:44:33.770 -> C,ts_engage_write,695931367
13:44:33.864 -> C,ts_engage_write,696019366
13:44:33.957 -> C,ts_engage_write,696107366
13:44:34.050 -> C,ts_engage_write,696195367
13:44:34.050 -> C,engage_lvl,0
13:44:34.144 -> C,ts_engage_write,696283367
13:44:34.190 -> C,ts_engage_write,696371366
13:44:34.283 -> C,ts_engage_write,696459366
13:44:34.376 -> C,ts_engage_write,696547367
13:44:34.468 -> C,ts_engage_write,696635367
13:44:34.562 -> [FACE] heartbeat
13:44:34.562 -> C,mood_str,50
13:44:34.562 -> C,ts_engage_write,696723454
13:44:34.562 -> C,engage_lvl,0
13:44:34.562 -> C,modifier,15
13:44:34.562 -> C,engage_floor,0
13:44:34.562 -> C,loop_us,250
13:44:34.654 -> C,ts_engage_write,696811364
13:44:34.747 -> C,ts_engage_write,696899367
13:44:34.841 -> C,ts_engage_write,696987366
13:44:34.934 -> C,ts_engage_write,697075366
13:44:34.981 -> C,ts_engage_write,697163366
13:44:35.075 -> C,ts_engage_write,697251366
13:44:35.075 -> C,engage_lvl,0
13:44:35.167 -> C,ts_engage_write,697339366
13:44:35.260 -> C,ts_engage_write,697427366
13:44:35.355 -> C,ts_engage_write,697515366
13:44:35.447 -> C,ts_engage_write,697603366
13:44:35.540 -> C,ts_engage_write,697691366
13:44:35.634 -> [FACE] heartbeat
13:44:35.634 -> C,mood_str,50
13:44:35.634 -> C,ts_engage_write,697779440
13:44:35.634 -> C,engage_lvl,0
13:44:35.634 -> C,modifier,15
13:44:35.634 -> C,engage_floor,0
13:44:35.634 -> C,loop_us,238
13:44:35.727 -> C,ts_engage_write,697867366
13:44:35.774 -> C,ts_engage_write,697955366
13:44:35.867 -> C,ts_engage_write,698043365
13:44:35.961 -> C,ts_engage_write,698131366
13:44:36.054 -> C,ts_engage_write,698219365
13:44:36.147 -> C,ts_engage_write,698307366
13:44:36.147 -> C,engage_lvl,0
13:44:36.240 -> C,ts_engage_write,698395365
13:44:36.333 -> C,ts_engage_write,698483366
13:44:36.426 -> C,ts_engage_write,698571365
13:44:36.519 -> C,ts_engage_write,698659366
13:44:36.566 -> C,ts_engage_write,698747364
13:44:36.660 -> [FACE] heartbeat
13:44:36.660 -> C,mood_str,50
13:44:36.660 -> C,ts_engage_write,698835444
13:44:36.660 -> C,engage_lvl,0
13:44:36.660 -> C,modifier,15
13:44:36.660 -> C,engage_floor,0
13:44:36.660 -> C,loop_us,250
13:44:36.754 -> C,ts_engage_write,698923364
13:44:36.846 -> C,ts_engage_write,699011366
13:44:36.941 -> C,ts_engage_write,699099366
13:44:37.033 -> C,ts_engage_write,699187366
13:44:37.127 -> C,ts_engage_write,699275366
13:44:37.221 -> C,ts_engage_write,699363366
13:44:37.221 -> C,engage_lvl,0
13:44:37.266 -> C,ts_engage_write,699451366
13:44:37.359 -> C,ts_engage_write,699539366
13:44:37.451 -> C,ts_engage_write,699627366
13:44:37.544 -> C,ts_engage_write,699715366
13:44:37.637 -> C,ts_engage_write,699803365
13:44:37.730 -> [FACE] heartbeat
13:44:37.730 -> C,mood_str,50
13:44:37.730 -> C,ts_engage_write,699891462
13:44:37.730 -> C,engage_lvl,0
13:44:37.730 -> C,modifier,15
13:44:37.730 -> C,engage_floor,0
13:44:37.730 -> C,loop_us,261
13:44:37.822 -> C,ts_engage_write,699979365
13:44:37.916 -> C,ts_engage_write,700067367
13:44:38.009 -> C,ts_engage_write,700155367
13:44:38.104 -> C,ts_engage_write,700243366
13:44:38.150 -> C,ts_engage_write,700331366
13:44:38.245 -> C,ts_engage_write,700419367
13:44:38.245 -> C,engage_lvl,0
13:44:38.338 -> C,ts_engage_write,700507367
13:44:38.430 -> C,ts_engage_write,700595366
13:44:38.524 -> C,ts_engage_write,700683366
13:44:38.617 -> C,ts_engage_write,700771366
13:44:38.710 -> C,ts_engage_write,700859368
13:44:38.802 -> [FACE] heartbeat
13:44:38.802 -> C,mood_str,50
13:44:38.802 -> C,ts_engage_write,700947443
13:44:38.802 -> C,engage_lvl,0
13:44:38.802 -> C,modifier,15
13:44:38.802 -> C,engage_floor,0
13:44:38.802 -> C,loop_us,255
13:44:38.896 -> C,ts_engage_write,701035366
13:44:38.942 -> C,ts_engage_write,701123366
13:44:39.034 -> C,ts_engage_write,701211366
13:44:39.128 -> C,ts_engage_write,701299366
13:44:39.222 -> C,ts_engage_write,701387366
13:44:39.316 -> C,ts_engage_write,701475366
13:44:39.316 -> C,engage_lvl,0
13:44:39.410 -> C,ts_engage_write,701563366
13:44:39.504 -> C,ts_engage_write,701651366
13:44:39.596 -> C,ts_engage_write,701739366
13:44:39.643 -> C,ts_engage_write,701827365
13:44:39.736 -> C,ts_engage_write,701915367
13:44:39.828 -> [FACE] heartbeat
13:44:39.828 -> C,mood_str,50
13:44:39.828 -> C,ts_engage_write,702003441
13:44:39.828 -> C,engage_lvl,0
13:44:39.828 -> C,modifier,15
13:44:39.828 -> C,engage_floor,0
13:44:39.828 -> C,loop_us,243
13:44:39.923 -> C,ts_engage_write,702091365
13:44:40.016 -> C,ts_engage_write,702179366
13:44:40.109 -> C,ts_engage_write,702267366
13:44:40.203 -> C,ts_engage_write,702355366
13:44:40.296 -> C,ts_engage_write,702443366
13:44:40.390 -> C,ts_engage_write,702531366
13:44:40.390 -> C,engage_lvl,0
13:44:40.436 -> C,ts_engage_write,702619366
13:44:40.528 -> C,ts_engage_write,702707366
13:44:40.622 -> C,ts_engage_write,702795365
13:44:40.717 -> C,ts_engage_write,702883367
13:44:40.810 -> C,ts_engage_write,702971366
13:44:40.903 -> [FACE] heartbeat
13:44:40.903 -> C,mood_str,50
13:44:40.903 -> C,ts_engage_write,703059441
13:44:40.903 -> C,engage_lvl,0
13:44:40.903 -> C,modifier,15
13:44:40.903 -> C,engage_floor,0
13:44:40.903 -> C,loop_us,241
13:44:40.996 -> C,ts_engage_write,703147365
13:44:41.089 -> C,ts_engage_write,703235366
13:44:41.183 -> C,ts_engage_write,703323366
13:44:41.229 -> C,ts_engage_write,703411366
13:44:41.323 -> C,ts_engage_write,703499366
13:44:41.416 -> C,ts_engage_write,703587366
13:44:41.416 -> C,engage_lvl,0
13:44:41.510 -> C,ts_engage_write,703675365
13:44:41.603 -> C,ts_engage_write,703763365
13:44:41.696 -> C,ts_engage_write,703851367
13:44:41.790 -> C,ts_engage_write,703939366
13:44:41.882 -> C,ts_engage_write,704027366
13:44:41.974 -> [FACE] heartbeat
13:44:41.974 -> C,mood_str,50
13:44:41.974 -> C,ts_engage_write,704115453
13:44:41.974 -> C,engage_lvl,0
13:44:41.974 -> C,modifier,15
13:44:41.974 -> C,engage_floor,0
13:44:41.974 -> C,loop_us,251
13:44:42.020 -> C,ts_engage_write,704203365
13:44:42.112 -> C,ts_engage_write,704291367
13:44:42.206 -> C,ts_engage_write,704379367
13:44:42.297 -> C,ts_engage_write,704467366
13:44:42.389 -> C,ts_engage_write,704555366
13:44:42.482 -> C,ts_engage_write,704643367
13:44:42.482 -> C,engage_lvl,0
13:44:42.576 -> C,ts_engage_write,704731367
13:44:42.669 -> C,ts_engage_write,704819365
13:44:42.761 -> C,ts_engage_write,704907367
13:44:42.854 -> C,ts_engage_write,704995368
13:44:42.900 -> C,ts_engage_write,705083366
13:44:42.994 -> [FACE] heartbeat
13:44:42.994 -> C,mood_str,50
13:44:42.994 -> C,ts_engage_write,705171454
13:44:42.994 -> C,engage_lvl,0
13:44:42.994 -> C,modifier,15
13:44:42.994 -> C,engage_floor,0
13:44:42.994 -> C,loop_us,263
13:44:43.088 -> C,ts_engage_write,705259366
13:44:43.181 -> C,ts_engage_write,705347366
13:44:43.275 -> C,ts_engage_write,705435366
13:44:43.368 -> C,ts_engage_write,705523366
13:44:43.460 -> C,ts_engage_write,705611366
13:44:43.552 -> C,ts_engage_write,705699366
13:44:43.552 -> C,engage_lvl,0
13:44:43.645 -> C,ts_engage_write,705787365
13:44:43.691 -> C,ts_engage_write,705875367
13:44:43.783 -> C,ts_engage_write,705963366
13:44:43.876 -> C,ts_engage_write,706051366
13:44:43.969 -> C,ts_engage_write,706139366
13:44:44.062 -> [FACE] heartbeat
13:44:44.062 -> C,mood_str,50
13:44:44.062 -> C,ts_engage_write,706227441
13:44:44.062 -> C,engage_lvl,0
13:44:44.062 -> C,modifier,15
13:44:44.062 -> C,engage_floor,0
13:44:44.062 -> C,loop_us,254
13:44:44.156 -> C,ts_engage_write,706315365
13:44:44.247 -> C,ts_engage_write,706403366
13:44:44.341 -> C,ts_engage_write,706491366
13:44:44.433 -> C,ts_engage_write,706579366
13:44:44.526 -> C,ts_engage_write,706667366
13:44:44.573 -> C,ts_engage_write,706755365
13:44:44.573 -> C,engage_lvl,0
13:44:44.666 -> C,ts_engage_write,706843367
13:44:44.759 -> C,ts_engage_write,706931366
13:44:44.854 -> C,ts_engage_write,707019366
13:44:44.945 -> C,ts_engage_write,707107366
13:44:45.038 -> C,ts_engage_write,707195366
13:44:45.132 -> [FACE] heartbeat
13:44:45.132 -> C,mood_str,50
13:44:45.132 -> C,ts_engage_write,707283441
13:44:45.132 -> C,engage_lvl,0
13:44:45.132 -> C,modifier,15
13:44:45.132 -> C,engage_floor,0
13:44:45.132 -> C,loop_us,250
13:44:45.224 -> C,ts_engage_write,707371365
13:44:45.317 -> C,ts_engage_write,707459366
13:44:45.362 -> C,ts_engage_write,707547366
13:44:45.455 -> C,ts_engage_write,707635366
13:44:45.548 -> C,ts_engage_write,707723366
13:44:45.641 -> C,ts_engage_write,707811365
13:44:45.641 -> C,engage_lvl,0
13:44:45.735 -> C,ts_engage_write,707899367
13:44:45.828 -> C,ts_engage_write,707987366
13:44:45.921 -> C,ts_engage_write,708075366
13:44:46.014 -> C,ts_engage_write,708163366
13:44:46.107 -> C,ts_engage_write,708251366
13:44:46.199 -> [FACE] heartbeat
13:44:46.199 -> C,mood_str,50
13:44:46.199 -> C,ts_engage_write,708339454
13:44:46.199 -> C,engage_lvl,0
13:44:46.199 -> C,modifier,15
13:44:46.199 -> C,engage_floor,0
13:44:46.199 -> C,loop_us,264
13:44:46.246 -> C,ts_engage_write,708427365
13:44:46.339 -> C,ts_engage_write,708515367
13:44:46.432 -> C,ts_engage_write,708603367
13:44:46.526 -> C,ts_engage_write,708691366
13:44:46.619 -> C,ts_engage_write,708779365
13:44:46.713 -> C,ts_engage_write,708867368
13:44:46.713 -> C,engage_lvl,0
13:44:46.807 -> C,ts_engage_write,708955367
13:44:46.900 -> C,ts_engage_write,709043366
13:44:46.946 -> C,ts_engage_write,709131366
13:44:47.039 -> C,ts_engage_write,709219367
13:44:47.132 -> C,ts_engage_write,709307367
13:44:47.226 -> [FACE] heartbeat
13:44:47.226 -> C,mood_str,50
13:44:47.226 -> C,ts_engage_write,709395443
13:44:47.226 -> C,engage_lvl,0
13:44:47.226 -> C,modifier,15
13:44:47.226 -> C,engage_floor,0
13:44:47.226 -> C,loop_us,217
13:44:47.318 -> C,ts_engage_write,709483360
13:44:47.410 -> C,ts_engage_write,709571367
13:44:47.504 -> C,ts_engage_write,709659366
13:44:47.597 -> C,ts_engage_write,709747365
13:44:47.690 -> C,ts_engage_write,709835366
13:44:47.783 -> C,ts_engage_write,709923367
13:44:47.783 -> C,engage_lvl,0
13:44:47.830 -> C,ts_engage_write,710011366
13:44:47.922 -> C,ts_engage_write,710099366
13:44:48.015 -> C,ts_engage_write,710187365
13:44:48.108 -> C,ts_engage_write,710275367
13:44:48.201 -> C,ts_engage_write,710363366
13:44:48.295 -> [FACE] heartbeat
13:44:48.295 -> C,mood_str,50
13:44:48.295 -> C,ts_engage_write,710451460
13:44:48.295 -> C,engage_lvl,0
13:44:48.295 -> C,modifier,15
13:44:48.295 -> C,engage_floor,0
13:44:48.295 -> C,loop_us,256
13:44:48.388 -> C,ts_engage_write,710539366
13:44:48.480 -> C,ts_engage_write,710627366
13:44:48.574 -> C,ts_engage_write,710715365
13:44:48.620 -> C,ts_engage_write,710803365
13:44:48.714 -> C,ts_engage_write,710891366
13:44:48.808 -> C,ts_engage_write,710979366
13:44:48.808 -> C,engage_lvl,0
13:44:48.901 -> C,ts_engage_write,711067365
13:44:48.993 -> C,ts_engage_write,711155366
13:44:49.086 -> C,ts_engage_write,711243365
13:44:49.179 -> C,ts_engage_write,711331366
13:44:49.275 -> C,ts_engage_write,711419365
13:44:49.321 -> [FACE] heartbeat
13:44:49.321 -> C,mood_str,50
13:44:49.368 -> C,ts_engage_write,711507439
13:44:49.368 -> C,engage_lvl,0
13:44:49.368 -> C,modifier,15
13:44:49.368 -> C,engage_floor,0
13:44:49.368 -> C,loop_us,236
13:44:49.414 -> C,ts_engage_write,711595365
13:44:49.507 -> C,ts_engage_write,711683366
13:44:49.599 -> C,ts_engage_write,711771364
13:44:49.693 -> C,ts_engage_write,711859367
13:44:49.787 -> C,ts_engage_write,711947365
13:44:49.880 -> C,ts_engage_write,712035366
13:44:49.880 -> C,engage_lvl,0
13:44:49.974 -> C,ts_engage_write,712123365
13:44:50.067 -> C,ts_engage_write,712211366
13:44:50.160 -> C,ts_engage_write,712299365
13:44:50.208 -> C,ts_engage_write,712387366
13:44:50.302 -> C,ts_engage_write,712475365
13:44:50.394 -> [FACE] heartbeat
13:44:50.394 -> C,mood_str,50
13:44:50.394 -> C,ts_engage_write,712563450
13:44:50.394 -> C,engage_lvl,0
13:44:50.394 -> C,modifier,15
13:44:50.394 -> C,engage_floor,0
13:44:50.394 -> C,loop_us,248
13:44:50.489 -> C,ts_engage_write,712651365
13:44:50.583 -> C,ts_engage_write,712739367
13:44:50.677 -> C,ts_engage_write,712827364
13:44:50.770 -> C,ts_engage_write,712915367
13:44:50.863 -> C,ts_engage_write,713003365
13:44:50.909 -> C,ts_engage_write,713091367
13:44:50.909 -> C,engage_lvl,0
13:44:51.001 -> C,ts_engage_write,713179366
13:44:51.095 -> C,ts_engage_write,713267366
13:44:51.188 -> C,ts_engage_write,713355365
13:44:51.281 -> C,ts_engage_write,713443367
13:44:51.373 -> C,ts_engage_write,713531366
13:44:51.465 -> [FACE] heartbeat
13:44:51.465 -> C,mood_str,50
13:44:51.465 -> C,ts_engage_write,713619453
13:44:51.465 -> C,engage_lvl,0
13:44:51.465 -> C,modifier,15
13:44:51.465 -> C,engage_floor,0
13:44:51.465 -> C,loop_us,260
13:44:51.558 -> C,ts_engage_write,713707366
13:44:51.650 -> C,ts_engage_write,713795365
13:44:51.744 -> C,ts_engage_write,713883366
13:44:51.791 -> C,ts_engage_write,713971366
13:44:51.884 -> C,ts_engage_write,714059365
13:44:51.976 -> C,ts_engage_write,714147366
13:44:51.976 -> C,engage_lvl,0
13:44:52.069 -> C,ts_engage_write,714235365
13:44:52.161 -> C,ts_engage_write,714323366
13:44:52.255 -> C,ts_engage_write,714411365
13:44:52.348 -> C,ts_engage_write,714499366
13:44:52.441 -> C,ts_engage_write,714587365
13:44:52.534 -> [FACE] heartbeat
13:44:52.534 -> C,mood_str,50
13:44:52.534 -> C,ts_engage_write,714675439
13:44:52.534 -> C,engage_lvl,0
13:44:52.534 -> C,modifier,15
13:44:52.534 -> C,engage_floor,0
13:44:52.534 -> C,loop_us,235
13:44:52.580 -> C,ts_engage_write,714763364
13:44:52.674 -> C,ts_engage_write,714851367
13:44:52.766 -> C,ts_engage_write,714939365
13:44:52.859 -> C,ts_engage_write,715027366
13:44:52.952 -> C,ts_engage_write,715115365
13:44:53.045 -> C,ts_engage_write,715203366
13:44:53.045 -> C,engage_lvl,0
13:44:53.139 -> C,ts_engage_write,715291365
13:44:53.233 -> C,ts_engage_write,715379366
13:44:53.325 -> C,ts_engage_write,715467365
13:44:53.371 -> C,ts_engage_write,715555366
13:44:53.464 -> C,ts_engage_write,715643365
13:44:53.556 -> [FACE] heartbeat
13:44:53.556 -> C,mood_str,50
13:44:53.556 -> C,ts_engage_write,715731461
13:44:53.556 -> C,engage_lvl,0
13:44:53.556 -> C,modifier,15
13:44:53.556 -> C,engage_floor,0
13:44:53.556 -> C,loop_us,261
13:44:53.649 -> C,ts_engage_write,715819364
13:44:53.742 -> C,ts_engage_write,715907368
13:44:53.834 -> C,ts_engage_write,715995366
13:44:53.928 -> C,ts_engage_write,716083366
13:44:54.021 -> C,ts_engage_write,716171365
13:44:54.114 -> C,ts_engage_write,716259367
13:44:54.114 -> C,engage_lvl,0
13:44:54.206 -> C,ts_engage_write,716347366
13:44:54.253 -> C,ts_engage_write,716435366
13:44:54.345 -> C,ts_engage_write,716523365
13:44:54.439 -> C,ts_engage_write,716611367
13:44:54.532 -> C,ts_engage_write,716699366
13:44:54.624 -> [FACE] heartbeat
13:44:54.624 -> C,mood_str,50
13:44:54.624 -> C,ts_engage_write,716787440
13:44:54.624 -> C,engage_lvl,0
13:44:54.624 -> C,modifier,15
13:44:54.624 -> C,engage_floor,0
13:44:54.624 -> C,loop_us,245
13:44:54.716 -> C,ts_engage_write,716875367
13:44:54.810 -> C,ts_engage_write,716963366
13:44:54.904 -> C,ts_engage_write,717051365
13:44:54.997 -> C,ts_engage_write,717139366
13:44:55.044 -> C,ts_engage_write,717227365
13:44:55.137 -> C,ts_engage_write,717315366
13:44:55.137 -> C,engage_lvl,0
13:44:55.230 -> C,ts_engage_write,717403365
13:44:55.324 -> C,ts_engage_write,717491366
13:44:55.417 -> C,ts_engage_write,717579365
13:44:55.417 -> [TOUCH] transition raw=1 pressed=1 ms=717579
13:44:55.417 -> [TOUCH] START raw=1 ms=717579
13:44:55.509 -> C,ts_engage_write,717667374
13:44:55.509 -> [TOUCH] transition raw=0 pressed=0 ms=717667
13:44:55.509 -> [TOUCH] RELEASE raw=0 duration=88 ms=717667
13:44:55.509 -> [TOUCH] TAP
13:44:55.509 -> [EMOTION] IDLE -> SURPRISED
13:44:55.509 -> EVT:{"type":"timeline","text":"User tap interaction","tag":"touch"}
13:44:55.601 -> C,ts_engage_write,717759443
13:44:55.694 -> [FACE] heartbeat
13:44:55.694 -> C,mood_str,50
13:44:55.694 -> C,ts_engage_write,717847487
13:44:55.694 -> C,engage_lvl,0
13:44:55.694 -> C,modifier,15
13:44:55.694 -> C,engage_floor,0
13:44:55.694 -> C,loop_us,293
13:44:55.788 -> C,ts_engage_write,717935379
13:44:55.880 -> C,ts_engage_write,718023376
13:44:55.927 -> C,ts_engage_write,718111380
13:44:56.020 -> C,ts_engage_write,718199376
13:44:56.113 -> C,ts_engage_write,718287381
13:44:56.207 -> C,ts_engage_write,718375378
13:44:56.207 -> C,engage_lvl,0
13:44:56.299 -> C,ts_engage_write,718463380
13:44:56.391 -> C,ts_engage_write,718551375
13:44:56.485 -> C,ts_engage_write,718639381
13:44:56.578 -> C,ts_engage_write,718727376
13:44:56.669 -> C,ts_engage_write,718815379
13:44:56.763 -> [FACE] heartbeat
13:44:56.763 -> C,mood_str,50
13:44:56.763 -> C,ts_engage_write,718903453
13:44:56.763 -> C,engage_lvl,0
13:44:56.763 -> C,modifier,15
13:44:56.763 -> C,engage_floor,0
13:44:56.763 -> C,loop_us,249
13:44:56.810 -> C,ts_engage_write,718991379
13:44:56.904 -> C,ts_engage_write,719079376
13:44:56.998 -> C,ts_engage_write,719167380
13:44:57.090 -> C,ts_engage_write,719255375
13:44:57.183 -> C,ts_engage_write,719343381
13:44:57.278 -> C,ts_engage_write,719431376
13:44:57.278 -> C,engage_lvl,0
13:44:57.374 -> C,ts_engage_write,719519375
13:44:57.421 -> C,ts_engage_write,719607371
13:44:57.514 -> C,ts_engage_write,719695372
13:44:57.608 -> C,ts_engage_write,719783371
13:44:57.700 -> C,ts_engage_write,719871371
13:44:57.794 -> [FACE] heartbeat
13:44:57.794 -> C,mood_str,50
13:44:57.794 -> C,ts_engage_write,719959447
13:44:57.794 -> C,engage_lvl,0
13:44:57.794 -> C,modifier,15
13:44:57.794 -> C,engage_floor,0
13:44:57.794 -> C,loop_us,258
13:44:57.887 -> C,ts_engage_write,720047375
13:44:57.980 -> C,ts_engage_write,720135372
13:44:58.074 -> C,ts_engage_write,720223371
13:44:58.167 -> C,ts_engage_write,720311371
13:44:58.213 -> C,dom_touch,99
13:44:58.260 -> C,dom_sec,0
13:44:58.260 -> [MEM] tick: records=6 strength=99
13:44:58.260 -> C,rec_count,6
13:44:58.260 -> C,ts_engage_write,720399515
13:44:58.308 -> C,ts_engage_write,720487378
13:44:58.308 -> C,engage_lvl,0
13:44:58.400 -> C,ts_engage_write,720575374
13:44:58.495 -> C,ts_engage_write,720663371
13:44:58.588 -> C,ts_engage_write,720751372
13:44:58.680 -> C,ts_engage_write,720839371
13:44:58.774 -> C,ts_engage_write,720927372
13:44:58.867 -> [FACE] heartbeat
13:44:58.867 -> C,mood_str,50
13:44:58.867 -> C,ts_engage_write,721015448
13:44:58.867 -> C,engage_lvl,0
13:44:58.867 -> C,modifier,15
13:44:58.867 -> C,engage_floor,0
13:44:58.867 -> C,loop_us,226
13:44:58.960 -> C,ts_engage_write,721103372
13:44:59.007 -> C,ts_engage_write,721191369
13:44:59.100 -> C,ts_engage_write,721282759
13:44:59.193 -> C,ts_engage_write,721371401
13:44:59.287 -> C,ts_engage_write,721459375
13:44:59.380 -> C,ts_engage_write,721547375
13:44:59.380 -> C,engage_lvl,0
13:44:59.474 -> C,ts_engage_write,721635375
13:44:59.567 -> C,ts_engage_write,721723375
13:44:59.660 -> C,ts_engage_write,721811374
13:44:59.755 -> C,ts_engage_write,721899376
13:44:59.848 -> C,ts_engage_write,721987375
13:44:59.895 -> [FACE] heartbeat
13:44:59.895 -> C,mood_str,50
13:44:59.895 -> C,ts_engage_write,722075476
13:44:59.895 -> C,engage_lvl,0
13:44:59.895 -> C,modifier,15
13:44:59.895 -> C,engage_floor,0
13:44:59.895 -> C,loop_us,274
13:44:59.987 -> C,ts_engage_write,722163374
13:45:00.080 -> C,ts_engage_write,722251375
13:45:00.172 -> C,ts_engage_write,722339375
13:45:00.265 -> C,ts_engage_write,722427375
13:45:00.358 -> C,ts_engage_write,722515375
13:45:00.452 -> C,ts_engage_write,722603375
13:45:00.452 -> C,engage_lvl,0
13:45:00.545 -> [EMOTION] SURPRISED -> IDLE (timeout)
13:45:00.545 -> C,ts_engage_write,722691449
13:45:00.637 -> C,ts_engage_write,722779373
13:45:00.684 -> C,ts_engage_write,722867370
13:45:00.778 -> C,ts_engage_write,722955367
13:45:00.871 -> C,ts_engage_write,723043368
13:45:00.964 -> [FACE] heartbeat
13:45:00.964 -> C,mood_str,50
13:45:00.964 -> C,ts_engage_write,723131445
13:45:00.964 -> C,engage_lvl,0
13:45:00.964 -> C,modifier,15
13:45:00.964 -> C,engage_floor,0
13:45:00.964 -> C,loop_us,261
13:45:01.057 -> C,ts_engage_write,723219367
13:45:01.149 -> C,ts_engage_write,723307367
13:45:01.242 -> C,ts_engage_write,723395368
13:45:01.333 -> C,ts_engage_write,723483367
13:45:01.426 -> C,ts_engage_write,723571368
13:45:01.518 -> C,ts_engage_write,723659367
13:45:01.518 -> C,engage_lvl,0
13:45:01.565 -> C,ts_engage_write,723747367
13:45:01.659 -> C,ts_engage_write,723835368
13:45:01.752 -> C,ts_engage_write,723923368
13:45:01.845 -> C,ts_engage_write,724011367
13:45:01.937 -> C,ts_engage_write,724099368
13:45:02.029 -> [FACE] heartbeat
13:45:02.029 -> C,mood_str,50
13:45:02.029 -> C,ts_engage_write,724187446
13:45:02.029 -> C,engage_lvl,0
13:45:02.029 -> C,modifier,15
13:45:02.029 -> C,engage_floor,0
13:45:02.029 -> C,loop_us,252
13:45:02.122 -> C,ts_engage_write,724275367
13:45:02.216 -> C,ts_engage_write,724363367
13:45:02.309 -> C,ts_engage_write,724451368
13:45:02.355 -> C,ts_engage_write,724539367
13:45:02.448 -> C,ts_engage_write,724627368
13:45:02.542 -> C,ts_engage_write,724715367
13:45:02.542 -> C,engage_lvl,0
13:45:02.634 -> C,ts_engage_write,724803367
13:45:02.727 -> C,ts_engage_write,724891368
13:45:02.820 -> C,ts_engage_write,724979368
13:45:02.912 -> C,ts_engage_write,725067367
13:45:03.006 -> C,ts_engage_write,725155368
13:45:03.099 -> [FACE] heartbeat
13:45:03.099 -> C,mood_str,50
13:45:03.099 -> C,ts_engage_write,725243458
13:45:03.099 -> C,engage_lvl,0
13:45:03.099 -> C,modifier,15
13:45:03.099 -> C,engage_floor,0
13:45:03.099 -> C,loop_us,274
13:45:03.193 -> C,ts_engage_write,725331367
13:45:03.240 -> C,ts_engage_write,725419368
13:45:03.334 -> C,ts_engage_write,725507369
13:45:03.428 -> C,ts_engage_write,725595367
13:45:03.523 -> C,ts_engage_write,725683368
13:45:03.615 -> C,ts_engage_write,725771367
13:45:03.615 -> C,engage_lvl,0
13:45:03.708 -> C,ts_engage_write,725859370
13:45:03.800 -> C,ts_engage_write,725947367
13:45:03.894 -> C,ts_engage_write,726035368
13:45:03.939 -> C,ts_engage_write,726123368
13:45:04.032 -> C,ts_engage_write,726211369
13:45:04.124 -> [FACE] heartbeat
13:45:04.124 -> C,mood_str,50
13:45:04.124 -> C,ts_engage_write,726299470
13:45:04.124 -> C,engage_lvl,0
13:45:04.124 -> C,modifier,15
13:45:04.124 -> C,engage_floor,0
13:45:04.124 -> C,loop_us,275
13:45:04.215 -> C,ts_engage_write,726387368
13:45:04.309 -> C,ts_engage_write,726475367
13:45:04.402 -> C,ts_engage_write,726563368
13:45:04.495 -> C,ts_engage_write,726651367
13:45:04.589 -> C,ts_engage_write,726739368
13:45:04.684 -> C,ts_engage_write,726827366
13:45:04.684 -> C,engage_lvl,0
13:45:04.730 -> C,ts_engage_write,726915370
13:45:04.823 -> C,ts_engage_write,727003367
13:45:04.917 -> C,ts_engage_write,727091368
13:45:05.010 -> C,ts_engage_write,727179367
13:45:05.102 -> C,ts_engage_write,727267368
13:45:05.102 -> [TOUCH] transition raw=1 pressed=1 ms=727267
13:45:05.102 -> [TOUCH] START raw=1 ms=727267
13:45:05.195 -> [FACE] heartbeat
13:45:05.195 -> C,mood_str,50
13:45:05.195 -> C,ts_engage_write,727355474
13:45:05.195 -> C,engage_lvl,0
13:45:05.195 -> C,modifier,15
13:45:05.195 -> C,engage_floor,0
13:45:05.195 -> C,loop_us,281
13:45:05.195 -> [TOUCH] transition raw=0 pressed=0 ms=727355
13:45:05.195 -> [TOUCH] RELEASE raw=0 duration=88 ms=727355
13:45:05.195 -> [TOUCH] TAP
13:45:05.195 -> [EMOTION] IDLE -> SURPRISED
13:45:05.195 -> EVT:{"type":"timeline","text":"User tap interaction","tag":"touch"}
13:45:05.286 -> C,ts_engage_write,727447441
13:45:05.379 -> C,ts_engage_write,727535378
13:45:05.472 -> C,ts_engage_write,727623380
13:45:05.564 -> C,ts_engage_write,727711374
13:45:05.657 -> C,ts_engage_write,727799377
13:45:05.703 -> C,ts_engage_write,727887376
13:45:05.703 -> C,engage_lvl,0
13:45:05.795 -> C,ts_engage_write,727975379
13:45:05.887 -> C,ts_engage_write,728063374
13:45:05.980 -> C,ts_engage_write,728151378
13:45:06.074 -> C,ts_engage_write,728239375
13:45:06.167 -> C,ts_engage_write,728327379
13:45:06.260 -> [FACE] heartbeat
13:45:06.260 -> C,mood_str,50
13:45:06.260 -> C,ts_engage_write,728415477
13:45:06.260 -> C,engage_lvl,0
13:45:06.260 -> C,modifier,15
13:45:06.260 -> C,engage_floor,0
13:45:06.260 -> C,loop_us,270
13:45:06.354 -> C,ts_engage_write,728503377
13:45:06.447 -> C,ts_engage_write,728591374
13:45:06.494 -> C,ts_engage_write,728679378
13:45:06.588 -> C,ts_engage_write,728767373
13:45:06.681 -> C,ts_engage_write,728855380
13:45:06.774 -> C,ts_engage_write,728943374
13:45:06.774 -> C,engage_lvl,0
13:45:06.867 -> C,ts_engage_write,729031378
13:45:06.960 -> C,ts_engage_write,729119374
13:45:07.052 -> C,ts_engage_write,729207374
13:45:07.146 -> C,ts_engage_write,729295370
13:45:07.239 -> C,ts_engage_write,729383374
13:45:07.331 -> [FACE] heartbeat
13:45:07.331 -> C,mood_str,50
13:45:07.331 -> C,ts_engage_write,729471463
13:45:07.331 -> C,engage_lvl,0
13:45:07.331 -> C,modifier,15
13:45:07.331 -> C,engage_floor,0
13:45:07.331 -> C,loop_us,258
13:45:07.376 -> C,ts_engage_write,729559371
13:45:07.471 -> C,ts_engage_write,729647370
13:45:07.563 -> C,ts_engage_write,729735374
13:45:07.655 -> C,ts_engage_write,729823369
13:45:07.747 -> C,ts_engage_write,729911376
13:45:07.840 -> C,ts_engage_write,729999370
13:45:07.840 -> C,engage_lvl,0
13:45:07.933 -> C,ts_engage_write,730087374
13:45:08.026 -> C,ts_engage_write,730175370
13:45:08.118 -> C,ts_engage_write,730263374
13:45:08.165 -> C,ts_engage_write,730351370
13:45:08.259 -> C,ts_engage_write,730439374
13:45:08.352 -> [FACE] heartbeat
13:45:08.352 -> C,mood_str,50
13:45:08.352 -> C,ts_engage_write,730527470
13:45:08.352 -> C,engage_lvl,0
13:45:08.352 -> C,modifier,15
13:45:08.352 -> C,engage_floor,0
13:45:08.352 -> C,loop_us,268
13:45:08.445 -> C,ts_engage_write,730615370
13:45:08.538 -> C,ts_engage_write,730703370
13:45:08.632 -> C,ts_engage_write,730791373
13:45:08.723 -> C,ts_engage_write,730879371
13:45:08.816 -> C,ts_engage_write,730967374
13:45:08.908 -> C,ts_engage_write,731055370
13:45:08.908 -> C,engage_lvl,0
13:45:09.001 -> C,ts_engage_write,731143374
13:45:09.048 -> C,ts_engage_write,731231370
13:45:09.141 -> C,ts_engage_write,731319374
13:45:09.234 -> C,ts_engage_write,731407370
13:45:09.327 -> C,ts_engage_write,731495374
13:45:09.420 -> [FACE] heartbeat
13:45:09.420 -> C,mood_str,50
13:45:09.420 -> C,ts_engage_write,731583452
13:45:09.420 -> C,engage_lvl,0
13:45:09.420 -> C,modifier,15
13:45:09.420 -> C,engage_floor,0
13:45:09.420 -> C,loop_us,268
13:45:09.514 -> C,ts_engage_write,731671371
13:45:09.607 -> C,ts_engage_write,731759369
13:45:09.700 -> C,ts_engage_write,731847374
13:45:09.792 -> C,ts_engage_write,731935370
13:45:09.839 -> C,ts_engage_write,732023372
13:45:09.930 -> C,ts_engage_write,732111373
13:45:09.930 -> C,engage_lvl,0
13:45:10.024 -> C,ts_engage_write,732199374
13:45:10.118 -> C,ts_engage_write,732287370
13:45:10.212 -> [EMOTION] SURPRISED -> IDLE (timeout)
13:45:10.212 -> C,ts_engage_write,732375453
13:45:10.305 -> C,ts_engage_write,732463373
13:45:10.399 -> C,ts_engage_write,732551370
13:45:10.493 -> [FACE] heartbeat
13:45:10.493 -> C,mood_str,50
13:45:10.493 -> C,ts_engage_write,732639440
13:45:10.493 -> C,engage_lvl,0
13:45:10.493 -> C,modifier,15
13:45:10.493 -> C,engage_floor,0
13:45:10.493 -> C,loop_us,217
13:45:10.586 -> C,ts_engage_write,732727358
13:45:10.634 -> C,ts_engage_write,732815364
13:45:10.728 -> C,ts_engage_write,732903366
13:45:10.821 -> C,ts_engage_write,732991366
13:45:10.913 -> C,ts_engage_write,733079364
13:45:11.007 -> C,ts_engage_write,733167365
13:45:11.007 -> C,engage_lvl,0
13:45:11.100 -> C,ts_engage_write,733255364
13:45:11.194 -> C,ts_engage_write,733343365
13:45:11.286 -> C,ts_engage_write,733431364
13:45:11.379 -> C,ts_engage_write,733519365
13:45:11.426 -> C,ts_engage_write,733607363
13:45:11.518 -> [FACE] heartbeat
13:45:11.518 -> C,mood_str,50
13:45:11.518 -> C,ts_engage_write,733695437
13:45:11.518 -> C,engage_lvl,0
13:45:11.518 -> C,modifier,15
13:45:11.518 -> C,engage_floor,0
13:45:11.518 -> C,loop_us,240
13:45:11.612 -> C,ts_engage_write,733783362
13:45:11.705 -> C,ts_engage_write,733871368
13:45:11.798 -> C,ts_engage_write,733959364
13:45:11.890 -> C,ts_engage_write,734047368
13:45:11.983 -> C,ts_engage_write,734135364
13:45:12.077 -> C,ts_engage_write,734223368
13:45:12.077 -> C,engage_lvl,0
13:45:12.170 -> C,ts_engage_write,734311366
13:45:12.216 -> C,ts_engage_write,734399367
13:45:12.310 -> C,ts_engage_write,734487366
13:45:12.402 -> C,ts_engage_write,734575367
13:45:12.497 -> C,ts_engage_write,734663366
13:45:12.590 -> [FACE] heartbeat
13:45:12.590 -> C,mood_str,50
13:45:12.590 -> C,ts_engage_write,734751438
13:45:12.590 -> C,engage_lvl,0
13:45:12.590 -> C,modifier,15
13:45:12.590 -> C,engage_floor,0
13:45:12.590 -> C,loop_us,240
13:45:12.683 -> C,ts_engage_write,734839359
13:45:12.776 -> C,ts_engage_write,734927368
13:45:12.869 -> C,ts_engage_write,735015363
13:45:12.962 -> C,ts_engage_write,735103368
13:45:13.009 -> C,ts_engage_write,735191363
13:45:13.102 -> C,ts_engage_write,735279368
13:45:13.102 -> C,engage_lvl,0
13:45:13.195 -> C,ts_engage_write,735367364
13:45:13.195 -> [TOUCH] transition raw=1 pressed=1 ms=735367
13:45:13.195 -> [TOUCH] START raw=1 ms=735367
13:45:13.286 -> C,ts_engage_write,735455374
13:45:13.286 -> [TOUCH] transition raw=0 pressed=0 ms=735455
13:45:13.286 -> [TOUCH] RELEASE raw=0 duration=88 ms=735455
13:45:13.286 -> [TOUCH] TAP
13:45:13.286 -> [EMOTION] IDLE -> LOVE
13:45:13.286 -> EVT:{"type":"timeline","text":"User tap interaction","tag":"touch"}
13:45:13.380 -> C,ts_engage_write,735547443
13:45:13.476 -> C,ts_engage_write,735635384
13:45:13.570 -> C,ts_engage_write,735723394
13:45:13.664 -> [FACE] heartbeat
13:45:13.664 -> C,mood_str,50
13:45:13.664 -> C,ts_engage_write,735811512
13:45:13.664 -> C,engage_lvl,0
13:45:13.664 -> C,modifier,15
13:45:13.664 -> C,engage_floor,0
13:45:13.664 -> C,loop_us,305
13:45:13.757 -> C,ts_engage_write,735899396
13:45:13.803 -> C,ts_engage_write,735987385
13:45:13.896 -> C,ts_engage_write,736075391
13:45:13.988 -> C,ts_engage_write,736163389
13:45:14.081 -> C,ts_engage_write,736251391
13:45:14.175 -> C,ts_engage_write,736339387
13:45:14.175 -> C,engage_lvl,0
13:45:14.268 -> C,ts_engage_write,736427391
13:45:14.360 -> C,ts_engage_write,736515385
13:45:14.454 -> C,ts_engage_write,736603391
13:45:14.548 -> C,ts_engage_write,736691389
13:45:14.595 -> C,ts_engage_write,736779389
13:45:14.689 -> [FACE] heartbeat
13:45:14.689 -> C,mood_str,50
13:45:14.689 -> C,ts_engage_write,736867514
13:45:14.689 -> C,engage_lvl,0
13:45:14.689 -> C,modifier,15
13:45:14.689 -> C,engage_floor,0
13:45:14.689 -> C,loop_us,310
13:45:14.781 -> C,ts_engage_write,736955391
13:45:14.874 -> C,ts_engage_write,737043389
13:45:14.966 -> C,ts_engage_write,737131390
13:45:15.060 -> C,ts_engage_write,737219386
13:45:15.155 -> C,ts_engage_write,737307391
13:45:15.249 -> C,ts_engage_write,737395386
13:45:15.249 -> C,engage_lvl,0
13:45:15.341 -> C,ts_engage_write,737483393
13:45:15.388 -> C,ts_engage_write,737571389
13:45:15.481 -> C,ts_engage_write,737659390
13:45:15.574 -> C,ts_engage_write,737747387
13:45:15.667 -> C,ts_engage_write,737835391
13:45:15.761 -> [FACE] heartbeat
13:45:15.761 -> C,mood_str,50
13:45:15.761 -> C,ts_engage_write,737923510
13:45:15.761 -> C,engage_lvl,0
13:45:15.761 -> C,modifier,15
13:45:15.761 -> C,engage_floor,0
13:45:15.761 -> C,loop_us,314
13:45:15.853 -> C,ts_engage_write,738011396
13:45:15.944 -> C,ts_engage_write,738099393
13:45:16.038 -> C,ts_engage_write,738187394
13:45:16.130 -> C,ts_engage_write,738275386
13:45:16.177 -> C,ts_engage_write,738363391
13:45:16.271 -> C,ts_engage_write,738451388
13:45:16.271 -> C,engage_lvl,0
13:45:16.364 -> C,ts_engage_write,738539391
13:45:16.457 -> C,ts_engage_write,738627387
13:45:16.550 -> C,ts_engage_write,738715390
13:45:16.644 -> C,ts_engage_write,738803386
13:45:16.738 -> C,ts_engage_write,738891394
13:45:16.829 -> [FACE] heartbeat
13:45:16.829 -> C,mood_str,50
13:45:16.829 -> C,ts_engage_write,738979512
13:45:16.829 -> C,engage_lvl,0
13:45:16.829 -> C,modifier,15
13:45:16.829 -> C,engage_floor,0
13:45:16.829 -> C,loop_us,318
13:45:16.923 -> C,ts_engage_write,739067395
13:45:17.015 -> C,ts_engage_write,739155386
13:45:17.062 -> C,ts_engage_write,739243389
13:45:17.156 -> C,ts_engage_write,739331388
13:45:17.248 -> C,ts_engage_write,739419390
13:45:17.341 -> C,ts_engage_write,739507388
13:45:17.341 -> C,engage_lvl,0
13:45:17.433 -> C,ts_engage_write,739595394
13:45:17.526 -> C,ts_engage_write,739683386
13:45:17.618 -> C,ts_engage_write,739771389
13:45:17.710 -> C,ts_engage_write,739859389
13:45:17.803 -> C,ts_engage_write,739947390
13:45:17.849 -> [FACE] heartbeat
13:45:17.849 -> C,mood_str,50
13:45:17.849 -> C,ts_engage_write,740035516
13:45:17.849 -> C,engage_lvl,0
13:45:17.849 -> C,modifier,15
13:45:17.849 -> C,engage_floor,0
13:45:17.849 -> C,loop_us,319
13:45:17.943 -> C,ts_engage_write,740123392
13:45:18.036 -> C,ts_engage_write,740211388
13:45:18.130 -> C,ts_engage_write,740299392
13:45:18.222 -> C,ts_engage_write,740387386
13:45:18.315 -> [EMOTION] LOVE -> IDLE (timeout)
13:45:18.315 -> C,ts_engage_write,740475484
13:45:18.409 -> C,ts_engage_write,740563377
13:45:18.409 -> C,engage_lvl,0
13:45:18.502 -> C,ts_engage_write,740651376
13:45:18.595 -> C,ts_engage_write,740739375
13:45:18.642 -> C,ts_engage_write,740827374
13:45:18.734 -> C,ts_engage_write,740915379
13:45:18.828 -> C,ts_engage_write,741003375
13:45:18.921 -> [FACE] heartbeat
13:45:18.921 -> C,mood_str,50
13:45:18.921 -> C,ts_engage_write,741091480
13:45:18.921 -> C,engage_lvl,0
13:45:18.921 -> C,modifier,15
13:45:18.921 -> C,engage_floor,0
13:45:18.921 -> C,loop_us,255
13:45:19.013 -> C,ts_engage_write,741179372
13:45:19.106 -> C,ts_engage_write,741267376
13:45:19.199 -> C,ts_engage_write,741355375
13:45:19.293 -> C,ts_engage_write,741443366
13:45:19.386 -> C,ts_engage_write,741531365
13:45:19.432 -> C,ts_engage_write,741619366
13:45:19.479 -> C,engage_lvl,0
13:45:19.526 -> C,ts_engage_write,741707364
13:45:19.618 -> C,ts_engage_write,741795366
13:45:19.712 -> C,ts_engage_write,741883365
13:45:19.807 -> C,ts_engage_write,741971366
13:45:19.901 -> C,ts_engage_write,742059370
13:45:19.993 -> [FACE] heartbeat
13:45:19.993 -> C,mood_str,50
13:45:19.993 -> C,ts_engage_write,742147440
13:45:19.993 -> C,engage_lvl,0
13:45:19.993 -> C,modifier,15
13:45:19.993 -> C,engage_floor,0
13:45:19.993 -> C,loop_us,250
13:45:20.086 -> C,ts_engage_write,742235359
13:45:20.180 -> C,ts_engage_write,742323367
13:45:20.225 -> C,ts_engage_write,742411364
13:45:20.318 -> C,ts_engage_write,742499366
13:45:20.410 -> C,ts_engage_write,742587365
13:45:20.504 -> C,ts_engage_write,742675366
13:45:20.504 -> C,engage_lvl,0
13:45:20.598 -> C,ts_engage_write,742763363
13:45:20.690 -> C,ts_engage_write,742851368
13:45:20.782 -> C,ts_engage_write,742939364
13:45:20.876 -> C,ts_engage_write,743027366
13:45:20.969 -> C,ts_engage_write,743115365
13:45:21.062 -> [FACE] heartbeat
13:45:21.062 -> C,mood_str,50
13:45:21.062 -> C,ts_engage_write,743203441
13:45:21.062 -> C,engage_lvl,0
13:45:21.062 -> C,modifier,15
13:45:21.062 -> C,engage_floor,0
13:45:21.062 -> C,loop_us,243
13:45:21.109 -> C,ts_engage_write,743291363
13:45:21.202 -> C,ts_engage_write,743379367
13:45:21.295 -> C,ts_engage_write,743467364
13:45:21.388 -> C,ts_engage_write,743555366
13:45:21.479 -> C,ts_engage_write,743643365
13:45:21.572 -> C,ts_engage_write,743731366
13:45:21.572 -> C,engage_lvl,0
13:45:21.666 -> C,ts_engage_write,743819363
13:45:21.760 -> C,ts_engage_write,743907368
13:45:21.852 -> C,ts_engage_write,743995364
13:45:21.899 -> C,ts_engage_write,744083366
13:45:21.993 -> C,ts_engage_write,744171365
13:45:22.087 -> [FACE] heartbeat
13:45:22.087 -> C,mood_str,50
13:45:22.087 -> C,ts_engage_write,744259440
13:45:22.087 -> C,engage_lvl,0
13:45:22.087 -> C,modifier,15
13:45:22.087 -> C,engage_floor,0
13:45:22.087 -> C,loop_us,242
13:45:22.180 -> C,ts_engage_write,744347363
13:45:22.274 -> C,ts_engage_write,744435367
13:45:22.366 -> C,ts_engage_write,744523364
13:45:22.459 -> C,ts_engage_write,744611366
13:45:22.551 -> C,ts_engage_write,744699365
13:45:22.644 -> C,ts_engage_write,744787364
13:45:22.644 -> C,engage_lvl,0
13:45:22.691 -> C,ts_engage_write,744875365
13:45:22.785 -> C,ts_engage_write,744963367
13:45:22.878 -> C,ts_engage_write,745051364
13:45:22.972 -> C,ts_engage_write,745139366
13:45:23.065 -> C,ts_engage_write,745227365
13:45:23.156 -> [FACE] heartbeat
13:45:23.156 -> C,mood_str,50
13:45:23.156 -> C,ts_engage_write,745315459
13:45:23.156 -> C,engage_lvl,0
13:45:23.156 -> C,modifier,15
13:45:23.156 -> C,engage_floor,0
13:45:23.156 -> C,loop_us,247
13:45:23.250 -> C,ts_engage_write,745403363
13:45:23.346 -> C,ts_engage_write,745491367
13:45:23.438 -> C,ts_engage_write,745579364
13:45:23.485 -> C,ts_engage_write,745667366
13:45:23.578 -> C,ts_engage_write,745755364
13:45:23.671 -> C,ts_engage_write,745843367
13:45:23.671 -> C,engage_lvl,0
13:45:23.765 -> C,ts_engage_write,745931364
13:45:23.856 -> C,ts_engage_write,746019367
13:45:23.949 -> C,ts_engage_write,746107364
13:45:24.043 -> C,ts_engage_write,746195366
13:45:24.134 -> C,ts_engage_write,746283365
13:45:24.228 -> [FACE] heartbeat
13:45:24.228 -> C,mood_str,50
13:45:24.228 -> C,ts_engage_write,746371469
13:45:24.228 -> C,engage_lvl,0
13:45:24.228 -> C,modifier,15
13:45:24.228 -> C,engage_floor,0
13:45:24.228 -> C,loop_us,270
13:45:24.275 -> C,ts_engage_write,746459364
13:45:24.400 -> C,ts_engage_write,746547366
13:45:24.495 -> C,ts_engage_write,746635366
13:45:24.541 -> C,ts_engage_write,746723364
13:45:24.633 -> C,ts_engage_write,746811365
13:45:24.728 -> C,ts_engage_write,746899366
13:45:24.728 -> C,engage_lvl,0
13:45:24.823 -> C,ts_engage_write,746987366
13:45:24.918 -> C,ts_engage_write,747075366
13:45:25.010 -> C,ts_engage_write,747163365
13:45:25.103 -> C,ts_engage_write,747251365
13:45:25.196 -> C,ts_engage_write,747339367
13:45:25.243 -> [FACE] heartbeat
13:45:25.243 -> C,mood_str,50
13:45:25.243 -> C,ts_engage_write,747427458
13:45:25.243 -> C,engage_lvl,0
13:45:25.243 -> C,modifier,15
13:45:25.243 -> C,engage_floor,0
13:45:25.243 -> C,loop_us,255
13:45:25.336 -> C,ts_engage_write,747515365
13:45:25.429 -> C,ts_engage_write,747603366
13:45:25.522 -> C,ts_engage_write,747691365
13:45:25.615 -> C,ts_engage_write,747779363
13:45:25.709 -> C,ts_engage_write,747867368
13:45:25.802 -> C,ts_engage_write,747955364
13:45:25.802 -> C,engage_lvl,0
13:45:25.895 -> C,ts_engage_write,748043365
13:45:25.988 -> C,ts_engage_write,748131366
13:45:26.033 -> C,ts_engage_write,748219365
13:45:26.126 -> C,ts_engage_write,748307364
13:45:26.219 -> C,ts_engage_write,748395367
13:45:26.314 -> [FACE] heartbeat
13:45:26.314 -> C,mood_str,50
13:45:26.314 -> C,ts_engage_write,748483444
13:45:26.314 -> C,engage_lvl,0
13:45:26.314 -> C,modifier,15
13:45:26.314 -> C,engage_floor,0
13:45:26.314 -> C,loop_us,256
13:45:26.406 -> C,ts_engage_write,748571364
13:45:26.498 -> C,ts_engage_write,748659366
13:45:26.591 -> C,ts_engage_write,748747364
13:45:26.685 -> C,ts_engage_write,748835366
13:45:26.779 -> C,ts_engage_write,748923367
13:45:26.825 -> C,ts_engage_write,749011364
13:45:26.825 -> C,engage_lvl,0
13:45:26.919 -> C,ts_engage_write,749099365
13:45:27.012 -> C,ts_engage_write,749187366
13:45:27.105 -> C,ts_engage_write,749275365
13:45:27.197 -> C,ts_engage_write,749363364
13:45:27.291 -> C,ts_engage_write,749451367
13:45:27.385 -> [FACE] heartbeat
13:45:27.385 -> C,mood_str,50
13:45:27.385 -> C,ts_engage_write,749539443
13:45:27.385 -> C,engage_lvl,0
13:45:27.385 -> C,modifier,15
13:45:27.385 -> C,engage_floor,0
13:45:27.385 -> C,loop_us,248
13:45:27.478 -> C,ts_engage_write,749627364
13:45:27.571 -> C,ts_engage_write,749715366
13:45:27.618 -> C,ts_engage_write,749803364
13:45:27.712 -> C,ts_engage_write,749891366
13:45:27.805 -> C,ts_engage_write,749979367
13:45:27.885 -> C,ts_engage_write,750067364
13:45:27.885 -> C,engage_lvl,0
13:45:27.977 -> C,ts_engage_write,750155365
13:45:28.069 -> C,ts_engage_write,750243366
13:45:28.162 -> C,ts_engage_write,750331365
13:45:28.257 -> C,ts_engage_write,750419364
13:45:28.349 -> C,ts_engage_write,750507367
13:45:28.443 -> [FACE] heartbeat
13:45:28.443 -> C,mood_str,50
13:45:28.443 -> C,ts_engage_write,750595463
13:45:28.443 -> C,engage_lvl,0
13:45:28.443 -> C,modifier,15
13:45:28.443 -> C,engage_floor,0
13:45:28.443 -> C,loop_us,264
13:45:28.536 -> C,ts_engage_write,750683364
13:45:28.630 -> C,ts_engage_write,750771365
13:45:28.675 -> C,ts_engage_write,750859367
13:45:28.769 -> C,ts_engage_write,750947364
13:45:28.863 -> C,ts_engage_write,751035367
13:45:28.956 -> C,ts_engage_write,751123365
13:45:28.956 -> C,engage_lvl,0
13:45:29.050 -> C,ts_engage_write,751211366
13:45:29.143 -> C,ts_engage_write,751299366
13:45:29.236 -> C,ts_engage_write,751387365
13:45:29.328 -> C,ts_engage_write,751475365
13:45:29.422 -> C,ts_engage_write,751563367
13:45:29.469 -> [FACE] heartbeat
13:45:29.469 -> C,mood_str,50
13:45:29.469 -> C,ts_engage_write,751651458
13:45:29.469 -> C,engage_lvl,0
13:45:29.469 -> C,modifier,15
13:45:29.469 -> C,engage_floor,0
13:45:29.469 -> C,loop_us,266
13:45:29.562 -> C,ts_engage_write,751739362
13:45:29.654 -> C,ts_engage_write,751827364
13:45:29.748 -> C,ts_engage_write,751915367
13:45:29.841 -> C,ts_engage_write,752003364
13:45:29.934 -> C,ts_engage_write,752091367
13:45:30.028 -> C,ts_engage_write,752179364
13:45:30.028 -> C,engage_lvl,0
13:45:30.120 -> C,ts_engage_write,752267365
13:45:30.214 -> C,ts_engage_write,752355366
13:45:30.260 -> C,ts_engage_write,752443365
13:45:30.354 -> C,ts_engage_write,752531364
13:45:30.446 -> C,ts_engage_write,752619367
13:45:30.539 -> [FACE] heartbeat
13:45:30.539 -> C,mood_str,50
13:45:30.539 -> C,ts_engage_write,752707446
13:45:30.539 -> C,engage_lvl,0
13:45:30.539 -> C,modifier,15
13:45:30.539 -> C,engage_floor,0
13:45:30.539 -> C,loop_us,252
13:45:30.631 -> C,ts_engage_write,752795360
13:45:30.725 -> C,ts_engage_write,752883367
13:45:30.818 -> C,ts_engage_write,752971364
13:45:30.912 -> C,ts_engage_write,753059364
13:45:31.005 -> C,ts_engage_write,753147365
13:45:31.051 -> C,ts_engage_write,753235364
13:45:31.051 -> C,engage_lvl,0
13:45:31.144 -> C,ts_engage_write,753323365
13:45:31.237 -> C,ts_engage_write,753411366
13:45:31.331 -> C,ts_engage_write,753499365
13:45:31.423 -> C,ts_engage_write,753587364
13:45:31.516 -> C,ts_engage_write,753675367
13:45:31.609 -> [FACE] heartbeat
13:45:31.609 -> C,mood_str,50
13:45:31.609 -> C,ts_engage_write,753763446
13:45:31.609 -> C,engage_lvl,0
13:45:31.609 -> C,modifier,15
13:45:31.609 -> C,engage_floor,0
13:45:31.609 -> C,loop_us,220
13:45:31.701 -> C,ts_engage_write,753851360
13:45:31.795 -> C,ts_engage_write,753939366
13:45:31.841 -> C,ts_engage_write,754027364
13:45:31.935 -> C,ts_engage_write,754115364
13:45:32.027 -> C,ts_engage_write,754203365
13:45:32.121 -> C,ts_engage_write,754291364
13:45:32.121 -> C,engage_lvl,0
13:45:32.213 -> C,ts_engage_write,754379364
13:45:32.306 -> C,ts_engage_write,754467366
13:45:32.398 -> C,ts_engage_write,754555365
13:45:32.490 -> C,ts_engage_write,754643364
13:45:32.584 -> C,ts_engage_write,754731367
13:45:32.676 -> [FACE] heartbeat
13:45:32.676 -> C,mood_str,50
13:45:32.676 -> C,ts_engage_write,754819446
13:45:32.676 -> C,engage_lvl,0
13:45:32.676 -> C,modifier,15
13:45:32.676 -> C,engage_floor,0
13:45:32.676 -> C,loop_us,246
13:45:32.723 -> C,ts_engage_write,754907365
13:45:32.817 -> C,ts_engage_write,754995366
13:45:32.910 -> C,ts_engage_write,755083365
13:45:33.004 -> C,ts_engage_write,755171364
13:45:33.096 -> C,ts_engage_write,755259367
13:45:33.189 -> C,ts_engage_write,755347364
13:45:33.189 -> C,engage_lvl,0
13:45:33.281 -> C,ts_engage_write,755435365
13:45:33.376 -> C,ts_engage_write,755523366
13:45:33.469 -> C,ts_engage_write,755611365
13:45:33.516 -> C,ts_engage_write,755699364
13:45:33.607 -> C,ts_engage_write,755787365
13:45:33.700 -> [FACE] heartbeat
13:45:33.700 -> C,mood_str,50
13:45:33.700 -> C,ts_engage_write,755875454
13:45:33.700 -> C,engage_lvl,0
13:45:33.700 -> C,modifier,15
13:45:33.700 -> C,engage_floor,0
13:45:33.700 -> C,loop_us,244
13:45:33.792 -> C,ts_engage_write,755963359
13:45:33.884 -> C,ts_engage_write,756051366
13:45:33.977 -> C,ts_engage_write,756139365
13:45:34.071 -> C,ts_engage_write,756227364
13:45:34.163 -> C,ts_engage_write,756315367
13:45:34.256 -> C,ts_engage_write,756403364
13:45:34.256 -> C,engage_lvl,0
13:45:34.349 -> C,ts_engage_write,756491365
13:45:34.396 -> C,ts_engage_write,756579366
13:45:34.491 -> C,ts_engage_write,756667365
13:45:34.584 -> C,ts_engage_write,756755363
13:45:34.677 -> C,ts_engage_write,756843368
13:45:34.769 -> [FACE] heartbeat
13:45:34.769 -> C,mood_str,50
13:45:34.769 -> C,ts_engage_write,756931449
13:45:34.769 -> C,engage_lvl,0
13:45:34.769 -> C,modifier,15
13:45:34.769 -> C,engage_floor,0
13:45:34.769 -> C,loop_us,241
13:45:34.863 -> C,ts_engage_write,757019359
13:45:34.956 -> C,ts_engage_write,757107366
13:45:35.049 -> C,ts_engage_write,757195365
13:45:35.096 -> C,ts_engage_write,757283364
13:45:35.189 -> C,ts_engage_write,757371367
13:45:35.282 -> C,ts_engage_write,757459364
13:45:35.282 -> C,engage_lvl,0
13:45:35.375 -> C,ts_engage_write,757547365
13:45:35.469 -> C,ts_engage_write,757635366
13:45:35.563 -> C,ts_engage_write,757723365
13:45:35.655 -> C,ts_engage_write,757811363
13:45:35.748 -> C,ts_engage_write,757899368
13:45:35.842 -> [FACE] heartbeat
13:45:35.842 -> C,mood_str,50
13:45:35.842 -> C,ts_engage_write,757987461
13:45:35.842 -> C,engage_lvl,0
13:45:35.842 -> C,modifier,15
13:45:35.842 -> C,engage_floor,0
13:45:35.842 -> C,loop_us,262
13:45:35.889 -> C,ts_engage_write,758075364
13:45:35.982 -> C,ts_engage_write,758163366
13:45:36.076 -> C,ts_engage_write,758251366
13:45:36.170 -> C,ts_engage_write,758339364
13:45:36.262 -> C,ts_engage_write,758427367
13:45:36.357 -> C,ts_engage_write,758515365
13:45:36.357 -> C,engage_lvl,0
13:45:36.449 -> C,ts_engage_write,758603366
13:45:36.544 -> C,ts_engage_write,758691366
13:45:36.637 -> C,ts_engage_write,758779364
13:45:36.683 -> C,ts_engage_write,758867366
13:45:36.776 -> C,ts_engage_write,758955367
13:45:36.869 -> [FACE] heartbeat
13:45:36.869 -> C,mood_str,50
13:45:36.869 -> C,ts_engage_write,759043458
13:45:36.869 -> C,engage_lvl,0
13:45:36.869 -> C,modifier,15
13:45:36.869 -> C,engage_floor,0
13:45:36.869 -> C,loop_us,257
13:45:36.962 -> C,ts_engage_write,759131365
13:45:37.055 -> C,ts_engage_write,759219366
13:45:37.148 -> C,ts_engage_write,759307365
13:45:37.241 -> C,ts_engage_write,759395364
13:45:37.335 -> C,ts_engage_write,759483367
13:45:37.429 -> C,ts_engage_write,759571364
13:45:37.429 -> C,engage_lvl,0
13:45:37.476 -> C,ts_engage_write,759659365
13:45:37.569 -> C,ts_engage_write,759747364
13:45:37.662 -> C,ts_engage_write,759835367
13:45:37.755 -> C,ts_engage_write,759923364
13:45:37.848 -> C,ts_engage_write,760011367
13:45:37.941 -> [FACE] heartbeat
13:45:37.941 -> C,mood_str,50
13:45:37.941 -> C,ts_engage_write,760099444
13:45:37.941 -> C,engage_lvl,0
13:45:37.941 -> C,modifier,15
13:45:37.941 -> C,engage_floor,0
13:45:37.941 -> C,loop_us,256
13:45:38.033 -> C,ts_engage_write,760187364
13:45:38.128 -> C,ts_engage_write,760275366
13:45:38.220 -> C,ts_engage_write,760363365
13:45:38.266 -> C,ts_engage_write,760451364
13:45:38.360 -> C,ts_engage_write,760539367
13:45:38.454 -> C,ts_engage_write,760627364
13:45:38.454 -> C,engage_lvl,0
13:45:38.546 -> C,ts_engage_write,760715365
13:45:38.640 -> C,ts_engage_write,760803364
13:45:38.731 -> C,ts_engage_write,760891367
13:45:38.825 -> C,ts_engage_write,760979364
13:45:38.918 -> C,ts_engage_write,761067367
13:45:39.011 -> [FACE] heartbeat
13:45:39.011 -> C,mood_str,50
13:45:39.011 -> C,ts_engage_write,761155443
13:45:39.011 -> C,engage_lvl,0
13:45:39.011 -> C,modifier,15
13:45:39.011 -> C,engage_floor,0
13:45:39.011 -> C,loop_us,242
13:45:39.058 -> C,ts_engage_write,761243364
13:45:39.153 -> C,ts_engage_write,761331366
13:45:39.244 -> C,ts_engage_write,761419365
13:45:39.338 -> C,ts_engage_write,761507364
13:45:39.431 -> C,ts_engage_write,761595367
13:45:39.524 -> C,ts_engage_write,761683364
13:45:39.524 -> C,engage_lvl,0
13:45:39.617 -> C,ts_engage_write,761771364
13:45:39.711 -> C,ts_engage_write,761859367
13:45:39.806 -> C,ts_engage_write,761947365
13:45:39.852 -> C,ts_engage_write,762035364
13:45:39.945 -> C,ts_engage_write,762123367
13:45:40.039 -> [FACE] heartbeat
13:45:40.039 -> C,mood_str,50
13:45:40.039 -> C,ts_engage_write,762211443
13:45:40.039 -> C,engage_lvl,0
13:45:40.039 -> C,modifier,15
13:45:40.039 -> C,engage_floor,0
13:45:40.039 -> C,loop_us,249
13:45:40.132 -> C,ts_engage_write,762299361
13:45:40.226 -> C,ts_engage_write,762387366
13:45:40.319 -> C,ts_engage_write,762475364
13:45:40.412 -> C,ts_engage_write,762563364
13:45:40.505 -> C,ts_engage_write,762651365
13:45:40.598 -> C,ts_engage_write,762739364
13:45:40.598 -> C,engage_lvl,0
13:45:40.644 -> C,ts_engage_write,762827363
13:45:40.738 -> C,ts_engage_write,762915367
13:45:40.829 -> C,ts_engage_write,763003364
13:45:40.923 -> C,ts_engage_write,763091364
13:45:41.017 -> C,ts_engage_write,763179367
13:45:41.110 -> [FACE] heartbeat
13:45:41.110 -> C,mood_str,50
13:45:41.110 -> C,ts_engage_write,763267445
13:45:41.110 -> C,engage_lvl,0
13:45:41.110 -> C,modifier,15
13:45:41.110 -> C,engage_floor,0
13:45:41.110 -> C,loop_us,242
13:45:41.203 -> C,ts_engage_write,763355361
13:45:41.295 -> C,ts_engage_write,763443366
13:45:41.386 -> C,ts_engage_write,763531364
13:45:41.433 -> C,ts_engage_write,763619364
13:45:41.525 -> C,ts_engage_write,763707367
13:45:41.617 -> C,ts_engage_write,763795363
13:45:41.617 -> C,engage_lvl,0
13:45:41.710 -> C,ts_engage_write,763883367
13:45:41.803 -> C,ts_engage_write,763971366
13:45:41.896 -> C,ts_engage_write,764059365
13:45:41.991 -> C,ts_engage_write,764147364
13:45:42.085 -> C,ts_engage_write,764235367
13:45:42.177 -> [FACE] heartbeat
13:45:42.177 -> C,mood_str,50
13:45:42.177 -> C,ts_engage_write,764323443
13:45:42.177 -> C,engage_lvl,0
13:45:42.177 -> C,modifier,15
13:45:42.177 -> C,engage_floor,0
13:45:42.177 -> C,loop_us,242
13:45:42.271 -> C,ts_engage_write,764411359
13:45:42.317 -> C,ts_engage_write,764499366
13:45:42.409 -> C,ts_engage_write,764587364
13:45:42.504 -> C,ts_engage_write,764675364
13:45:42.596 -> C,ts_engage_write,764763364
13:45:42.691 -> C,ts_engage_write,764851366
13:45:42.691 -> C,engage_lvl,0
13:45:42.785 -> C,ts_engage_write,764939365
13:45:42.878 -> C,ts_engage_write,765027366
13:45:42.970 -> C,ts_engage_write,765115365
13:45:43.018 -> C,ts_engage_write,765203364
13:45:43.112 -> C,ts_engage_write,765291367
13:45:43.206 -> [FACE] heartbeat
13:45:43.206 -> C,mood_str,50
13:45:43.206 -> C,ts_engage_write,765379443
13:45:43.206 -> C,engage_lvl,0
13:45:43.206 -> C,modifier,15
13:45:43.206 -> C,engage_floor,0
13:45:43.206 -> C,loop_us,239
13:45:43.299 -> C,ts_engage_write,765467359
13:45:43.392 -> C,ts_engage_write,765555366
13:45:43.485 -> C,ts_engage_write,765643364
13:45:43.579 -> C,ts_engage_write,765731364
13:45:43.672 -> C,ts_engage_write,765819364
13:45:43.766 -> C,ts_engage_write,765907366
13:45:43.766 -> C,engage_lvl,0
13:45:43.812 -> C,ts_engage_write,765995364
13:45:43.905 -> C,ts_engage_write,766083366
13:45:43.999 -> C,ts_engage_write,766171365
13:45:44.094 -> C,ts_engage_write,766259364
13:45:44.187 -> C,ts_engage_write,766347367
13:45:44.279 -> [FACE] heartbeat
13:45:44.279 -> C,mood_str,50
13:45:44.279 -> C,ts_engage_write,766435462
13:45:44.279 -> C,engage_lvl,0
13:45:44.279 -> C,modifier,15
13:45:44.279 -> C,engage_floor,0
13:45:44.279 -> C,loop_us,256
13:45:44.372 -> C,ts_engage_write,766523359
13:45:44.465 -> C,ts_engage_write,766611366
13:45:44.512 -> C,ts_engage_write,766699366
13:45:44.606 -> C,ts_engage_write,766787363
13:45:44.700 -> C,ts_engage_write,766875368
13:45:44.793 -> C,ts_engage_write,766963365
13:45:44.793 -> C,engage_lvl,0
13:45:44.887 -> C,ts_engage_write,767051366
13:45:44.980 -> C,ts_engage_write,767139366
13:45:45.072 -> C,ts_engage_write,767227365
13:45:45.165 -> C,ts_engage_write,767315365
13:45:45.258 -> C,ts_engage_write,767403367
13:45:45.305 -> [FACE] heartbeat
13:45:45.305 -> C,mood_str,50
13:45:45.305 -> C,ts_engage_write,767491445
13:45:45.305 -> C,engage_lvl,0
13:45:45.305 -> C,modifier,15
13:45:45.305 -> C,engage_floor,0
13:45:45.305 -> C,loop_us,219
13:45:45.398 -> C,ts_engage_write,767579360
13:45:45.493 -> C,ts_engage_write,767667366
13:45:45.584 -> C,ts_engage_write,767755363
13:45:45.663 -> C,ts_engage_write,767843366
13:45:45.755 -> C,ts_engage_write,767931367
13:45:45.848 -> C,ts_engage_write,768019364
13:45:45.848 -> C,engage_lvl,0
13:45:45.941 -> C,ts_engage_write,768107365
13:45:46.034 -> C,ts_engage_write,768195366
13:45:46.128 -> C,ts_engage_write,768283365
13:45:46.221 -> C,ts_engage_write,768371364
13:45:46.314 -> C,ts_engage_write,768459367
13:45:46.361 -> [FACE] heartbeat
13:45:46.361 -> C,mood_str,50
13:45:46.361 -> C,ts_engage_write,768547462
13:45:46.361 -> C,engage_lvl,0
13:45:46.361 -> C,modifier,15
13:45:46.361 -> C,engage_floor,0
13:45:46.361 -> C,loop_us,239
13:45:46.456 -> C,ts_engage_write,768635359
13:45:46.550 -> C,ts_engage_write,768723366
13:45:46.642 -> C,ts_engage_write,768811365
13:45:46.734 -> C,ts_engage_write,768899366
13:45:46.828 -> C,ts_engage_write,768987367
13:45:46.919 -> C,ts_engage_write,769075365
13:45:46.919 -> C,engage_lvl,0
13:45:47.014 -> C,ts_engage_write,769163366
13:45:47.106 -> C,ts_engage_write,769251366
13:45:47.153 -> C,ts_engage_write,769339365
13:45:47.246 -> C,ts_engage_write,769427365
13:45:47.339 -> C,ts_engage_write,769515367
13:45:47.432 -> [FACE] heartbeat
13:45:47.432 -> C,mood_str,50
13:45:47.432 -> C,ts_engage_write,769603445
13:45:47.432 -> C,engage_lvl,0
13:45:47.432 -> C,modifier,15
13:45:47.432 -> C,engage_floor,0
13:45:47.432 -> C,loop_us,244
13:45:47.525 -> C,ts_engage_write,769691362
13:45:47.619 -> C,ts_engage_write,769779364
13:45:47.712 -> C,ts_engage_write,769867367
13:45:47.805 -> C,ts_engage_write,769955364
13:45:47.898 -> C,ts_engage_write,770043367
13:45:47.945 -> C,ts_engage_write,770131364
13:45:47.945 -> C,engage_lvl,0
13:45:48.039 -> C,ts_engage_write,770219365
13:45:48.131 -> C,ts_engage_write,770307366
13:45:48.225 -> C,ts_engage_write,770395365
13:45:48.318 -> C,ts_engage_write,770483364
13:45:48.412 -> C,ts_engage_write,770571367
13:45:48.505 -> [FACE] heartbeat
13:45:48.505 -> C,mood_str,50
13:45:48.505 -> C,ts_engage_write,770659456
13:45:48.505 -> C,engage_lvl,0
13:45:48.505 -> C,modifier,15
13:45:48.505 -> C,engage_floor,0
13:45:48.505 -> C,loop_us,254
13:45:48.598 -> C,ts_engage_write,770747363
13:45:48.691 -> C,ts_engage_write,770835368
13:45:48.738 -> C,ts_engage_write,770923366
13:45:48.830 -> C,ts_engage_write,771011364
13:45:48.923 -> C,ts_engage_write,771099367
13:45:49.015 -> C,ts_engage_write,771187365
13:45:49.015 -> C,engage_lvl,0
13:45:49.108 -> C,ts_engage_write,771275366
13:45:49.201 -> C,ts_engage_write,771363366
13:45:49.294 -> C,ts_engage_write,771451365
13:45:49.387 -> C,ts_engage_write,771539365
13:45:49.480 -> C,ts_engage_write,771627367
13:45:49.574 -> [FACE] heartbeat
13:45:49.574 -> C,mood_str,50
13:45:49.574 -> C,ts_engage_write,771715464
13:45:49.574 -> C,engage_lvl,0
13:45:49.574 -> C,modifier,15
13:45:49.574 -> C,engage_floor,0
13:45:49.574 -> C,loop_us,252
13:45:49.619 -> C,ts_engage_write,771803360
13:45:49.714 -> C,ts_engage_write,771891367
13:45:49.808 -> C,ts_engage_write,771979365
13:45:49.900 -> C,ts_engage_write,772067364
13:45:49.994 -> C,ts_engage_write,772155367
13:45:50.088 -> C,ts_engage_write,772243364
13:45:50.088 -> C,engage_lvl,0
13:45:50.180 -> C,ts_engage_write,772331365
13:45:50.273 -> C,ts_engage_write,772419366
13:45:50.320 -> C,ts_engage_write,772507365
13:45:50.414 -> C,ts_engage_write,772595364
13:45:50.507 -> C,ts_engage_write,772683367
13:45:50.599 -> [FACE] heartbeat
13:45:50.599 -> C,mood_str,50
13:45:50.599 -> C,ts_engage_write,772771442
13:45:50.599 -> C,engage_lvl,0
13:45:50.599 -> C,modifier,15
13:45:50.599 -> C,engage_floor,0
13:45:50.599 -> C,loop_us,251
13:45:50.694 -> C,ts_engage_write,772859362
13:45:50.787 -> C,ts_engage_write,772947366
13:45:50.879 -> C,ts_engage_write,773035365
13:45:50.972 -> C,ts_engage_write,773123364
13:45:51.067 -> C,ts_engage_write,773211367
13:45:51.113 -> C,ts_engage_write,773299364
13:45:51.113 -> C,engage_lvl,0
13:45:51.206 -> C,ts_engage_write,773387365
13:45:51.299 -> C,ts_engage_write,773475366
13:45:51.393 -> C,ts_engage_write,773563365
13:45:51.484 -> C,ts_engage_write,773651364
13:45:51.578 -> C,ts_engage_write,773739367
13:45:51.671 -> [FACE] heartbeat
13:45:51.671 -> C,mood_str,50
13:45:51.671 -> C,ts_engage_write,773827443
13:45:51.671 -> C,engage_lvl,0
13:45:51.671 -> C,modifier,15
13:45:51.671 -> C,engage_floor,0
13:45:51.671 -> C,loop_us,255
13:45:51.764 -> C,ts_engage_write,773915362
13:45:51.857 -> C,ts_engage_write,774003366
13:45:51.904 -> C,ts_engage_write,774091365
13:45:51.997 -> C,ts_engage_write,774179364
13:45:52.091 -> C,ts_engage_write,774267367
13:45:52.184 -> C,ts_engage_write,774355364
13:45:52.184 -> C,engage_lvl,0
13:45:52.278 -> C,ts_engage_write,774443365
13:45:52.371 -> C,ts_engage_write,774531366
13:45:52.464 -> C,ts_engage_write,774619365
13:45:52.557 -> C,ts_engage_write,774707364
13:45:52.650 -> C,ts_engage_write,774795365
13:45:52.697 -> [FACE] heartbeat
13:45:52.697 -> C,mood_str,50
13:45:52.697 -> C,ts_engage_write,774883467
13:45:52.697 -> C,engage_lvl,0
13:45:52.697 -> C,modifier,15
13:45:52.697 -> C,engage_floor,0
13:45:52.697 -> C,loop_us,267
13:45:52.791 -> C,ts_engage_write,774971364
13:45:52.884 -> C,ts_engage_write,775059366
13:45:52.977 -> C,ts_engage_write,775147366
13:45:53.071 -> C,ts_engage_write,775235364
13:45:53.163 -> C,ts_engage_write,775323367
13:45:53.256 -> C,ts_engage_write,775411365
13:45:53.256 -> C,engage_lvl,0
13:45:53.349 -> C,ts_engage_write,775499366
13:45:53.442 -> C,ts_engage_write,775587366
13:45:53.488 -> C,ts_engage_write,775675365
13:45:53.581 -> C,ts_engage_write,775763364
13:45:53.675 -> C,ts_engage_write,775851369
13:45:53.767 -> [FACE] heartbeat
13:45:53.767 -> C,mood_str,50
13:45:53.767 -> C,ts_engage_write,775939445
13:45:53.767 -> C,engage_lvl,0
13:45:53.767 -> C,modifier,15
13:45:53.767 -> C,engage_floor,0
13:45:53.767 -> C,loop_us,244
13:45:53.861 -> C,ts_engage_write,776027360
13:45:53.952 -> C,ts_engage_write,776115366
13:45:54.045 -> C,ts_engage_write,776203364
13:45:54.139 -> C,ts_engage_write,776291364
13:45:54.231 -> C,ts_engage_write,776379365
13:45:54.324 -> C,ts_engage_write,776467364
13:45:54.324 -> C,engage_lvl,0
13:45:54.371 -> C,ts_engage_write,776555364
13:45:54.463 -> C,ts_engage_write,776643366
13:45:54.554 -> C,ts_engage_write,776731364
13:45:54.647 -> C,ts_engage_write,776819363
13:45:54.739 -> C,ts_engage_write,776907367
13:45:54.832 -> [FACE] heartbeat
13:45:54.832 -> C,mood_str,50
13:45:54.832 -> C,ts_engage_write,776995443
13:45:54.832 -> C,engage_lvl,0
13:45:54.832 -> C,modifier,15
13:45:54.832 -> C,engage_floor,0
13:45:54.832 -> C,loop_us,252
13:45:54.926 -> C,ts_engage_write,777083364
13:45:55.019 -> C,ts_engage_write,777171366
13:45:55.112 -> C,ts_engage_write,777259365
13:45:55.206 -> C,ts_engage_write,777347364
13:45:55.251 -> C,ts_engage_write,777435367
13:45:55.345 -> C,ts_engage_write,777523364
13:45:55.345 -> C,engage_lvl,0
13:45:55.438 -> C,ts_engage_write,777611365
13:45:55.530 -> C,ts_engage_write,777699366
13:45:55.623 -> C,ts_engage_write,777787364
13:45:55.715 -> C,ts_engage_write,777875366
13:45:55.808 -> C,ts_engage_write,777963367
13:45:55.901 -> [FACE] heartbeat
13:45:55.901 -> C,mood_str,50
13:45:55.901 -> C,ts_engage_write,778051443
13:45:55.901 -> C,engage_lvl,0
13:45:55.901 -> C,modifier,15
13:45:55.901 -> C,engage_floor,0
13:45:55.901 -> C,loop_us,250
13:45:55.995 -> C,ts_engage_write,778139364
13:45:56.041 -> C,ts_engage_write,778227366
13:45:56.134 -> C,ts_engage_write,778315365
13:45:56.228 -> C,ts_engage_write,778403364
13:45:56.322 -> C,ts_engage_write,778491367
13:45:56.414 -> C,ts_engage_write,778579364
13:45:56.414 -> C,engage_lvl,0
13:45:56.506 -> C,ts_engage_write,778667365
13:45:56.599 -> C,ts_engage_write,778755364
13:45:56.693 -> C,ts_engage_write,778843367
13:45:56.785 -> C,ts_engage_write,778931364
13:45:56.877 -> C,ts_engage_write,779019367
13:45:56.924 -> [FACE] heartbeat
13:45:56.924 -> C,mood_str,50
13:45:56.924 -> C,ts_engage_write,779107444
13:45:56.924 -> C,engage_lvl,0
13:45:56.924 -> C,modifier,15
13:45:56.924 -> C,engage_floor,0
13:45:56.924 -> C,loop_us,218
13:45:57.017 -> C,ts_engage_write,779195359
13:45:57.110 -> C,ts_engage_write,779283366
13:45:57.202 -> C,ts_engage_write,779371364
13:45:57.296 -> C,ts_engage_write,779459364
13:45:57.390 -> C,ts_engage_write,779547367
13:45:57.483 -> C,ts_engage_write,779635364
13:45:57.483 -> C,engage_lvl,0
13:45:57.576 -> C,ts_engage_write,779723365
13:45:57.668 -> C,ts_engage_write,779811364
13:45:57.714 -> C,ts_engage_write,779899367
13:45:57.806 -> C,ts_engage_write,779987364
13:45:57.899 -> C,ts_engage_write,780075367
13:45:57.993 -> [FACE] heartbeat
13:45:57.993 -> C,mood_str,50
13:45:57.993 -> C,ts_engage_write,780163445
13:45:57.993 -> C,engage_lvl,0
13:45:57.993 -> C,modifier,15
13:45:57.993 -> C,engage_floor,0
13:45:57.993 -> C,loop_us,240
13:45:58.085 -> C,ts_engage_write,780251361
13:45:58.178 -> C,ts_engage_write,780339366
13:45:58.272 -> C,dom_touch,100
13:45:58.272 -> C,dom_sec,0
13:45:58.272 -> [MEM] tick: records=6 strength=100
13:45:58.272 -> C,rec_count,6
13:45:58.272 -> C,ts_engage_write,780427512
13:45:58.366 -> C,ts_engage_write,780515369
13:45:58.458 -> C,ts_engage_write,780603366
13:45:58.505 -> C,ts_engage_write,780691366
13:45:58.505 -> C,engage_lvl,0
13:45:58.598 -> C,ts_engage_write,780779363
13:45:58.691 -> C,ts_engage_write,780867369
13:45:58.784 -> C,ts_engage_write,780955365
13:45:58.877 -> C,ts_engage_write,781043366
13:45:58.970 -> C,ts_engage_write,781131366
13:45:59.063 -> [FACE] heartbeat
13:45:59.063 -> C,mood_str,50
13:45:59.063 -> C,ts_engage_write,781219469
13:45:59.063 -> C,engage_lvl,0
13:45:59.063 -> C,modifier,15
13:45:59.063 -> C,engage_floor,0
13:45:59.063 -> C,loop_us,244
13:45:59.157 -> C,ts_engage_write,781310758
13:45:59.250 -> C,ts_engage_write,781398394
13:45:59.344 -> C,ts_engage_write,781486368
13:45:59.390 -> C,ts_engage_write,781574368
13:45:59.483 -> C,ts_engage_write,781662367
13:45:59.575 -> C,ts_engage_write,781750368
13:45:59.575 -> C,engage_lvl,0
13:45:59.668 -> C,ts_engage_write,781838370
13:45:59.761 -> C,ts_engage_write,781926367
13:45:59.855 -> C,ts_engage_write,782014368
13:45:59.948 -> C,ts_engage_write,782102368
13:46:00.041 -> C,ts_engage_write,782190369
13:46:00.133 -> [FACE] heartbeat
13:46:00.133 -> C,mood_str,50
13:46:00.133 -> C,ts_engage_write,782278459
13:46:00.133 -> C,engage_lvl,0
13:46:00.133 -> C,modifier,15
13:46:00.133 -> C,engage_floor,0
13:46:00.133 -> C,loop_us,271
13:46:00.181 -> C,ts_engage_write,782366368
13:46:00.273 -> C,ts_engage_write,782454367
13:46:00.367 -> C,ts_engage_write,782542370
13:46:00.461 -> C,ts_engage_write,782630367
13:46:00.556 -> C,ts_engage_write,782718368
13:46:00.648 -> C,ts_engage_write,782806366
13:46:00.648 -> C,engage_lvl,0
13:46:00.741 -> C,ts_engage_write,782894370
13:46:00.834 -> C,ts_engage_write,782982367
13:46:00.927 -> C,ts_engage_write,783070368
13:46:00.974 -> C,ts_engage_write,783158367
13:46:01.067 -> C,ts_engage_write,783246368
13:46:01.160 -> [FACE] heartbeat
13:46:01.160 -> C,mood_str,50
13:46:01.160 -> C,ts_engage_write,783334448
13:46:01.160 -> C,engage_lvl,0
13:46:01.160 -> C,modifier,15
13:46:01.160 -> C,engage_floor,0
13:46:01.160 -> C,loop_us,251
13:46:01.254 -> C,ts_engage_write,783422367
13:46:01.346 -> C,ts_engage_write,783510367
13:46:01.440 -> C,ts_engage_write,783598368
13:46:01.534 -> C,ts_engage_write,783686367
13:46:01.627 -> C,ts_engage_write,783774367
13:46:01.719 -> C,ts_engage_write,783862368
13:46:01.719 -> C,engage_lvl,0
13:46:01.766 -> C,ts_engage_write,783950368
13:46:01.859 -> C,ts_engage_write,784038367
13:46:01.954 -> C,ts_engage_write,784126368
13:46:02.046 -> C,ts_engage_write,784214367
13:46:02.139 -> C,ts_engage_write,784302368
13:46:02.233 -> [FACE] heartbeat
13:46:02.233 -> C,mood_str,50
13:46:02.233 -> C,ts_engage_write,784390470
13:46:02.233 -> C,engage_lvl,0
13:46:02.233 -> C,modifier,15
13:46:02.233 -> C,engage_floor,0
13:46:02.233 -> C,loop_us,272
13:46:02.325 -> C,ts_engage_write,784478367
13:46:02.418 -> C,ts_engage_write,784566368
13:46:02.512 -> C,ts_engage_write,784654369
13:46:02.558 -> C,ts_engage_write,784742367
13:46:02.651 -> C,ts_engage_write,784830367
13:46:02.744 -> C,ts_engage_write,784918369
13:46:02.744 -> C,engage_lvl,0
13:46:02.838 -> C,ts_engage_write,785006369
13:46:02.932 -> C,ts_engage_write,785094367
13:46:03.025 -> C,ts_engage_write,785182368
13:46:03.116 -> C,ts_engage_write,785270368
13:46:03.210 -> C,ts_engage_write,785358369
13:46:03.304 -> [FACE] heartbeat
13:46:03.304 -> C,mood_str,50
13:46:03.304 -> C,ts_engage_write,785446465
13:46:03.304 -> C,engage_lvl,0
13:46:03.304 -> C,modifier,15
13:46:03.304 -> C,engage_floor,0
13:46:03.304 -> C,loop_us,266
13:46:03.351 -> C,ts_engage_write,785534368
13:46:03.444 -> C,ts_engage_write,785622367
13:46:03.537 -> C,ts_engage_write,785710368
13:46:03.631 -> C,ts_engage_write,785798366
13:46:03.724 -> C,ts_engage_write,785886370
13:46:03.817 -> C,ts_engage_write,785974367
13:46:03.817 -> C,engage_lvl,0
13:46:03.912 -> C,ts_engage_write,786062368
13:46:04.005 -> C,ts_engage_write,786150367
13:46:04.050 -> C,ts_engage_write,786238368
13:46:04.143 -> C,ts_engage_write,786326367
13:46:04.237 -> C,ts_engage_write,786414368
13:46:04.331 -> [FACE] heartbeat
13:46:04.331 -> C,mood_str,50
13:46:04.331 -> C,ts_engage_write,786502462
13:46:04.331 -> C,engage_lvl,0
13:46:04.331 -> C,modifier,15
13:46:04.331 -> C,engage_floor,0
13:46:04.331 -> C,loop_us,252
13:46:04.426 -> C,ts_engage_write,786590367
13:46:04.518 -> C,ts_engage_write,786678367
13:46:04.611 -> C,ts_engage_write,786766367
13:46:04.703 -> C,ts_engage_write,786854368
13:46:04.798 -> C,ts_engage_write,786942368
13:46:04.846 -> C,ts_engage_write,787030367
13:46:04.846 -> C,engage_lvl,0
13:46:04.938 -> C,ts_engage_write,787118368
13:46:05.031 -> C,ts_engage_write,787206367
13:46:05.123 -> C,ts_engage_write,787294368
13:46:05.216 -> C,ts_engage_write,787382367
13:46:05.310 -> C,ts_engage_write,787470368
13:46:05.403 -> [FACE] heartbeat
13:46:05.403 -> C,mood_str,50
13:46:05.403 -> C,ts_engage_write,787558448
13:46:05.403 -> C,engage_lvl,0
13:46:05.403 -> C,modifier,15
13:46:05.403 -> C,engage_floor,0
13:46:05.403 -> C,loop_us,225
13:46:05.497 -> C,ts_engage_write,787646364
13:46:05.590 -> C,ts_engage_write,787734367
13:46:05.638 -> C,ts_engage_write,787822366
13:46:05.730 -> C,ts_engage_write,787910368
13:46:05.823 -> C,ts_engage_write,787998367
13:46:05.917 -> C,ts_engage_write,788086367
13:46:05.917 -> C,engage_lvl,0
13:46:06.010 -> C,ts_engage_write,788174367
13:46:06.101 -> C,ts_engage_write,788262367
13:46:06.194 -> C,ts_engage_write,788350367
13:46:06.288 -> C,ts_engage_write,788438367
13:46:06.382 -> C,ts_engage_write,788526367
13:46:06.428 -> [FACE] heartbeat
13:46:06.428 -> C,mood_str,50
13:46:06.428 -> C,ts_engage_write,788614469
13:46:06.428 -> C,engage_lvl,0
13:46:06.428 -> C,modifier,15
13:46:06.428 -> C,engage_floor,0
13:46:06.428 -> C,loop_us,270
13:46:06.520 -> C,ts_engage_write,788702367
13:46:06.613 -> C,ts_engage_write,788790367
13:46:06.706 -> C,ts_engage_write,788878370
13:46:06.799 -> C,ts_engage_write,788966367
13:46:06.894 -> C,ts_engage_write,789054368
13:46:06.987 -> C,ts_engage_write,789142368
13:46:06.987 -> C,engage_lvl,0
13:46:07.079 -> C,ts_engage_write,789230369
13:46:07.174 -> C,ts_engage_write,789318367
13:46:07.220 -> C,ts_engage_write,789406368
13:46:07.313 -> C,ts_engage_write,789494368
13:46:07.405 -> C,ts_engage_write,789582369
13:46:07.499 -> [FACE] heartbeat
13:46:07.499 -> C,mood_str,50
13:46:07.499 -> C,ts_engage_write,789670472
13:46:07.499 -> C,engage_lvl,0
13:46:07.499 -> C,modifier,15
13:46:07.499 -> C,engage_floor,0
13:46:07.499 -> C,loop_us,270
13:46:07.591 -> C,ts_engage_write,789758367
13:46:07.684 -> C,ts_engage_write,789846368
13:46:07.776 -> C,ts_engage_write,789934368
13:46:07.869 -> C,ts_engage_write,790022367
13:46:07.962 -> C,ts_engage_write,790110368
13:46:08.054 -> C,ts_engage_write,790198367
13:46:08.054 -> C,engage_lvl,0
13:46:08.100 -> C,ts_engage_write,790286368
13:46:08.194 -> C,ts_engage_write,790374367
13:46:08.287 -> C,ts_engage_write,790462368
13:46:08.379 -> C,ts_engage_write,790550367
13:46:08.474 -> C,ts_engage_write,790638368
13:46:08.566 -> [FACE] heartbeat
13:46:08.566 -> C,mood_str,50
13:46:08.566 -> C,ts_engage_write,790726473
13:46:08.566 -> C,engage_lvl,0
13:46:08.566 -> C,modifier,15
13:46:08.566 -> C,engage_floor,0
13:46:08.566 -> C,loop_us,274
13:46:08.660 -> C,ts_engage_write,790814366
13:46:08.752 -> C,ts_engage_write,790902369
13:46:08.845 -> C,ts_engage_write,790990369
13:46:08.893 -> C,ts_engage_write,791078367
13:46:08.984 -> C,ts_engage_write,791166368
13:46:09.077 -> C,ts_engage_write,791254368
13:46:09.077 -> C,engage_lvl,0
13:46:09.171 -> C,ts_engage_write,791342369
13:46:09.265 -> C,ts_engage_write,791430367
13:46:09.356 -> C,ts_engage_write,791518368
13:46:09.451 -> C,ts_engage_write,791606368
13:46:09.545 -> C,ts_engage_write,791694369
13:46:09.638 -> [FACE] heartbeat
13:46:09.638 -> C,mood_str,50
13:46:09.638 -> C,ts_engage_write,791782466
13:46:09.638 -> C,engage_lvl,0
13:46:09.638 -> C,modifier,15
13:46:09.638 -> C,engage_floor,0
13:46:09.638 -> C,loop_us,277
13:46:09.684 -> C,ts_engage_write,791870366
13:46:09.778 -> C,ts_engage_write,791958367
13:46:09.871 -> C,ts_engage_write,792046368
13:46:09.963 -> C,ts_engage_write,792134367
13:46:10.057 -> C,ts_engage_write,792222368
13:46:10.151 -> C,ts_engage_write,792310367
13:46:10.151 -> C,engage_lvl,0
13:46:10.246 -> C,ts_engage_write,792398368
13:46:10.339 -> C,ts_engage_write,792486367
13:46:10.432 -> C,ts_engage_write,792574368
13:46:10.479 -> C,ts_engage_write,792662367
13:46:10.573 -> C,ts_engage_write,792750367
13:46:10.665 -> [FACE] heartbeat
13:46:10.665 -> C,mood_str,50
13:46:10.665 -> C,ts_engage_write,792838450
13:46:10.665 -> C,engage_lvl,0
13:46:10.665 -> C,modifier,15
13:46:10.665 -> C,engage_floor,0
13:46:10.665 -> C,loop_us,264
13:46:10.758 -> C,ts_engage_write,792926367
13:46:10.851 -> C,ts_engage_write,793014367
13:46:10.946 -> C,ts_engage_write,793102368
13:46:11.038 -> C,ts_engage_write,793190367
13:46:11.131 -> C,ts_engage_write,793278368
13:46:11.178 -> C,ts_engage_write,793366367
13:46:11.178 -> C,engage_lvl,0
13:46:11.271 -> C,ts_engage_write,793454368
13:46:11.363 -> C,ts_engage_write,793542367
13:46:11.457 -> C,ts_engage_write,793630368
13:46:11.551 -> C,ts_engage_write,793718367
13:46:11.644 -> C,ts_engage_write,793806367
13:46:11.738 -> [FACE] heartbeat
13:46:11.738 -> C,mood_str,50
13:46:11.738 -> C,ts_engage_write,793894450
13:46:11.738 -> C,engage_lvl,0
13:46:11.738 -> C,modifier,15
13:46:11.738 -> C,engage_floor,0
13:46:11.738 -> C,loop_us,254
13:46:11.830 -> C,ts_engage_write,793982367
13:46:11.923 -> C,ts_engage_write,794070367
13:46:12.015 -> C,ts_engage_write,794158368
13:46:12.062 -> C,ts_engage_write,794246367
13:46:12.155 -> C,ts_engage_write,794334368
13:46:12.248 -> C,ts_engage_write,794422367
13:46:12.248 -> C,engage_lvl,0
13:46:12.341 -> C,ts_engage_write,794510368
13:46:12.435 -> C,ts_engage_write,794598367
13:46:12.527 -> C,ts_engage_write,794686368
13:46:12.621 -> C,ts_engage_write,794774366
13:46:12.715 -> C,ts_engage_write,794862370
13:46:12.762 -> [FACE] heartbeat
13:46:12.810 -> C,mood_str,50
13:46:12.810 -> C,ts_engage_write,794950451
13:46:12.810 -> C,engage_lvl,0
13:46:12.810 -> C,modifier,15
13:46:12.810 -> C,engage_floor,0
13:46:12.810 -> C,loop_us,227
13:46:12.857 -> C,ts_engage_write,795038364
13:46:12.950 -> C,ts_engage_write,795126367
13:46:13.043 -> C,ts_engage_write,795214367
13:46:13.135 -> C,ts_engage_write,795302367
13:46:13.228 -> C,ts_engage_write,795390367
13:46:13.323 -> C,ts_engage_write,795478367
13:46:13.323 -> C,engage_lvl,0
13:46:13.417 -> C,ts_engage_write,795566367
13:46:13.509 -> C,ts_engage_write,795654367
13:46:13.555 -> C,ts_engage_write,795742367
13:46:13.648 -> C,ts_engage_write,795830366
13:46:13.742 -> C,ts_engage_write,795918370
13:46:13.835 -> [FACE] heartbeat
13:46:13.835 -> C,mood_str,50
13:46:13.835 -> C,ts_engage_write,796006449
13:46:13.835 -> C,engage_lvl,0
13:46:13.835 -> C,modifier,15
13:46:13.835 -> C,engage_floor,0
13:46:13.835 -> C,loop_us,259
13:46:13.927 -> C,ts_engage_write,796094367
13:46:14.021 -> C,ts_engage_write,796182367
13:46:14.114 -> C,ts_engage_write,796270368
13:46:14.209 -> C,ts_engage_write,796358367
13:46:14.303 -> C,ts_engage_write,796446368
13:46:14.350 -> C,ts_engage_write,796534367
13:46:14.350 -> C,engage_lvl,0
13:46:14.443 -> C,ts_engage_write,796622368
13:46:14.536 -> C,ts_engage_write,796710367
13:46:14.628 -> C,ts_engage_write,796798367
13:46:14.722 -> C,ts_engage_write,796886368
13:46:14.816 -> C,ts_engage_write,796974368
13:46:14.909 -> [FACE] heartbeat
13:46:14.909 -> C,mood_str,50
13:46:14.909 -> C,ts_engage_write,797062450
13:46:14.909 -> C,engage_lvl,0
13:46:14.909 -> C,modifier,15
13:46:14.909 -> C,engage_floor,0
13:46:14.909 -> C,loop_us,255
13:46:15.001 -> C,ts_engage_write,797150367
13:46:15.096 -> C,ts_engage_write,797238367
13:46:15.142 -> C,ts_engage_write,797326368
13:46:15.235 -> C,ts_engage_write,797414367
13:46:15.328 -> C,ts_engage_write,797502368
13:46:15.421 -> C,ts_engage_write,797590367
13:46:15.421 -> C,engage_lvl,0
13:46:15.514 -> C,ts_engage_write,797678368
13:46:15.607 -> C,ts_engage_write,797766366
13:46:15.700 -> C,ts_engage_write,797854370
13:46:15.796 -> C,ts_engage_write,797942367
13:46:15.843 -> C,ts_engage_write,798030368
13:46:15.935 -> [FACE] heartbeat
13:46:15.935 -> C,mood_str,50
13:46:15.935 -> C,ts_engage_write,798118448
13:46:15.935 -> C,engage_lvl,0
13:46:15.935 -> C,modifier,15
13:46:15.935 -> C,engage_floor,0
13:46:15.935 -> C,loop_us,262
13:46:16.026 -> C,ts_engage_write,798206367
13:46:16.117 -> C,ts_engage_write,798294367
13:46:16.209 -> C,ts_engage_write,798382368
13:46:16.302 -> C,ts_engage_write,798470367
13:46:16.395 -> C,ts_engage_write,798558368
13:46:16.489 -> C,ts_engage_write,798646367
13:46:16.489 -> C,engage_lvl,0
13:46:16.581 -> C,ts_engage_write,798734368
13:46:16.675 -> C,ts_engage_write,798822366
13:46:16.768 -> C,ts_engage_write,798910370
13:46:16.814 -> C,ts_engage_write,798998367
13:46:16.907 -> C,ts_engage_write,799086368
13:46:17.000 -> [FACE] heartbeat
13:46:17.000 -> C,mood_str,50
13:46:17.000 -> C,ts_engage_write,799174464
13:46:17.000 -> C,engage_lvl,0
13:46:17.000 -> C,modifier,15
13:46:17.000 -> C,engage_floor,0
13:46:17.000 -> C,loop_us,264
13:46:17.094 -> C,ts_engage_write,799262367
13:46:17.188 -> C,ts_engage_write,799350368
13:46:17.280 -> C,ts_engage_write,799438369
13:46:17.373 -> C,ts_engage_write,799526367
13:46:17.467 -> C,ts_engage_write,799614368
13:46:17.560 -> C,ts_engage_write,799702368
13:46:17.560 -> C,engage_lvl,0
13:46:17.608 -> C,ts_engage_write,799790367
13:46:17.700 -> C,ts_engage_write,799878368
13:46:17.794 -> C,ts_engage_write,799966368
13:46:17.887 -> C,ts_engage_write,800054368
13:46:17.981 -> C,ts_engage_write,800142369
13:46:18.075 -> [FACE] heartbeat
13:46:18.075 -> C,mood_str,50
13:46:18.075 -> C,ts_engage_write,800230465
13:46:18.075 -> C,engage_lvl,0
13:46:18.075 -> C,modifier,15
13:46:18.075 -> C,engage_floor,0
13:46:18.075 -> C,loop_us,265
13:46:18.167 -> C,ts_engage_write,800318368
13:46:18.260 -> C,ts_engage_write,800406367
13:46:18.354 -> C,ts_engage_write,800494368
13:46:18.354 -> [TOUCH] transition raw=1 pressed=1 ms=800494
13:46:18.354 -> [TOUCH] START raw=1 ms=800494
13:46:18.399 -> C,ts_engage_write,800582373
13:46:18.399 -> [TOUCH] transition raw=0 pressed=0 ms=800582
13:46:18.399 -> [TOUCH] RELEASE raw=0 duration=88 ms=800582
13:46:18.399 -> [TOUCH] TAP
13:46:18.399 -> [EMOTION] IDLE -> HAPPY
13:46:18.399 -> EVT:{"type":"timeline","text":"User tap interaction","tag":"touch"}
13:46:18.494 -> C,ts_engage_write,800674448
13:46:18.588 -> C,ts_engage_write,800763381
13:46:18.588 -> C,engage_lvl,0
13:46:18.680 -> C,ts_engage_write,800851387
13:46:18.774 -> C,ts_engage_write,800939385
13:46:18.868 -> C,ts_engage_write,801027387
13:46:18.962 -> C,ts_engage_write,801115387
13:46:19.055 -> C,ts_engage_write,801203384
13:46:19.148 -> [FACE] heartbeat
13:46:19.148 -> C,mood_str,50
13:46:19.148 -> C,ts_engage_write,801291501
13:46:19.148 -> C,engage_lvl,0
13:46:19.148 -> C,modifier,15
13:46:19.148 -> C,engage_floor,0
13:46:19.148 -> C,loop_us,297
13:46:19.195 -> C,ts_engage_write,801380386
13:46:19.288 -> C,ts_engage_write,801468383
13:46:19.380 -> C,ts_engage_write,801556388
13:46:19.473 -> C,ts_engage_write,801644385
13:46:19.566 -> C,ts_engage_write,801732387
13:46:19.660 -> C,ts_engage_write,801820384
13:46:19.660 -> C,engage_lvl,0
13:46:19.753 -> C,ts_engage_write,801908386
13:46:19.848 -> C,ts_engage_write,801996385
13:46:19.940 -> C,ts_engage_write,802084386
13:46:19.988 -> C,ts_engage_write,802172385
13:46:20.080 -> C,ts_engage_write,802260387
13:46:20.174 -> [FACE] heartbeat
13:46:20.174 -> C,mood_str,50
13:46:20.174 -> C,ts_engage_write,802348496
13:46:20.174 -> C,engage_lvl,0
13:46:20.174 -> C,modifier,15
13:46:20.174 -> C,engage_floor,0
13:46:20.174 -> C,loop_us,292
13:46:20.268 -> C,ts_engage_write,802437384
13:46:20.360 -> C,ts_engage_write,802525381
13:46:20.453 -> C,ts_engage_write,802613388
13:46:20.546 -> C,ts_engage_write,802701381
13:46:20.640 -> C,ts_engage_write,802789379
13:46:20.732 -> C,ts_engage_write,802877381
13:46:20.732 -> C,engage_lvl,0
13:46:20.779 -> C,ts_engage_write,802965383
13:46:20.871 -> C,ts_engage_write,803053384
13:46:20.966 -> C,ts_engage_write,803141383
13:46:21.060 -> C,ts_engage_write,803229381
13:46:21.153 -> C,ts_engage_write,803317381
13:46:21.247 -> [FACE] heartbeat
13:46:21.247 -> C,mood_str,50
13:46:21.247 -> C,ts_engage_write,803405497
13:46:21.247 -> C,engage_lvl,0
13:46:21.247 -> C,modifier,15
13:46:21.247 -> C,engage_floor,0
13:46:21.247 -> C,loop_us,282
13:46:21.339 -> C,ts_engage_write,803494382
13:46:21.432 -> C,ts_engage_write,803582381
13:46:21.527 -> C,ts_engage_write,803670383
13:46:21.573 -> C,ts_engage_write,803758379
13:46:21.667 -> C,ts_engage_write,803846383
13:46:21.759 -> C,ts_engage_write,803934381
13:46:21.759 -> C,engage_lvl,0
13:46:21.852 -> C,ts_engage_write,804022381
13:46:21.945 -> C,ts_engage_write,804110381
13:46:22.037 -> C,ts_engage_write,804198382
13:46:22.129 -> C,ts_engage_write,804286382
13:46:22.224 -> C,ts_engage_write,804374381
13:46:22.316 -> [FACE] heartbeat
13:46:22.316 -> C,mood_str,50
13:46:22.316 -> C,ts_engage_write,804462492
13:46:22.316 -> C,engage_lvl,0
13:46:22.316 -> C,modifier,15
13:46:22.316 -> C,engage_floor,0
13:46:22.316 -> C,loop_us,297
13:46:22.407 -> C,ts_engage_write,804551382
13:46:22.455 -> C,ts_engage_write,804639381
13:46:22.549 -> C,ts_engage_write,804727381
13:46:22.642 -> C,ts_engage_write,804815380
13:46:22.734 -> C,ts_engage_write,804903382
13:46:22.827 -> C,ts_engage_write,804991382
13:46:22.827 -> C,engage_lvl,0
13:46:22.920 -> C,ts_engage_write,805079381
13:46:23.013 -> C,ts_engage_write,805167383
13:46:23.108 -> C,ts_engage_write,805255382
13:46:23.155 -> C,ts_engage_write,805343381
13:46:23.249 -> C,ts_engage_write,805431381
13:46:23.342 -> [FACE] heartbeat
13:46:23.342 -> C,mood_str,50
13:46:23.342 -> C,ts_engage_write,805519497
13:46:23.342 -> C,engage_lvl,0
13:46:23.342 -> C,modifier,15
13:46:23.342 -> C,engage_floor,0
13:46:23.342 -> C,loop_us,292
13:46:23.434 -> [EMOTION] HAPPY -> IDLE (timeout)
13:46:23.434 -> C,ts_engage_write,805608477
13:46:23.528 -> C,ts_engage_write,805696376
13:46:23.621 -> C,ts_engage_write,805784366
13:46:23.715 -> C,ts_engage_write,805872366
13:46:23.807 -> C,ts_engage_write,805960368
13:46:23.901 -> C,ts_engage_write,806048365
13:46:23.901 -> C,engage_lvl,0
13:46:23.948 -> C,ts_engage_write,806136368
13:46:24.041 -> C,ts_engage_write,806224365
13:46:24.134 -> C,ts_engage_write,806312368
13:46:24.228 -> C,ts_engage_write,806400369
13:46:24.320 -> C,ts_engage_write,806488368
13:46:24.413 -> [FACE] heartbeat
13:46:24.413 -> C,mood_str,50
13:46:24.413 -> C,ts_engage_write,806576465
13:46:24.413 -> C,engage_lvl,0
13:46:24.413 -> C,modifier,15
13:46:24.413 -> C,engage_floor,0
13:46:24.413 -> C,loop_us,265
13:46:24.508 -> C,ts_engage_write,806664363
13:46:24.601 -> C,ts_engage_write,806752367
13:46:24.693 -> C,ts_engage_write,806840367
13:46:24.740 -> C,ts_engage_write,806928368
13:46:24.832 -> C,ts_engage_write,807016365
13:46:24.926 -> C,ts_engage_write,807104368
13:46:24.926 -> C,engage_lvl,0
13:46:25.020 -> C,ts_engage_write,807192366
13:46:25.112 -> C,ts_engage_write,807280368
13:46:25.205 -> C,ts_engage_write,807368365
13:46:25.298 -> C,ts_engage_write,807456368
13:46:25.391 -> C,ts_engage_write,807544366
13:46:25.484 -> [FACE] heartbeat
13:46:25.484 -> C,mood_str,50
13:46:25.484 -> C,ts_engage_write,807632466
13:46:25.484 -> C,engage_lvl,0
13:46:25.484 -> C,modifier,15
13:46:25.484 -> C,engage_floor,0
13:46:25.484 -> C,loop_us,267
13:46:25.578 -> C,ts_engage_write,807720364
13:46:25.624 -> C,ts_engage_write,807808365
13:46:25.717 -> C,ts_engage_write,807896366
13:46:25.810 -> C,ts_engage_write,807984368
13:46:25.903 -> C,ts_engage_write,808072365
13:46:25.995 -> C,ts_engage_write,808160368
13:46:25.995 -> C,engage_lvl,0
13:46:26.089 -> C,ts_engage_write,808248365
13:46:26.181 -> C,ts_engage_write,808336368
13:46:26.275 -> C,ts_engage_write,808424365
13:46:26.369 -> C,ts_engage_write,808512368
13:46:26.415 -> C,ts_engage_write,808600365
13:46:26.508 -> [FACE] heartbeat
13:46:26.508 -> C,mood_str,50
13:46:26.508 -> C,ts_engage_write,808688444
13:46:26.508 -> C,engage_lvl,0
13:46:26.508 -> C,modifier,15
13:46:26.508 -> C,engage_floor,0
13:46:26.508 -> C,loop_us,259
13:46:26.601 -> C,ts_engage_write,808776362
13:46:26.693 -> C,ts_engage_write,808864369
13:46:26.785 -> C,ts_engage_write,808952365
13:46:26.879 -> C,ts_engage_write,809040368
13:46:26.974 -> C,ts_engage_write,809128365
13:46:27.067 -> C,ts_engage_write,809216368
13:46:27.067 -> C,engage_lvl,0
13:46:27.161 -> C,ts_engage_write,809304365
13:46:27.207 -> C,ts_engage_write,809392368
13:46:27.300 -> C,ts_engage_write,809480365
13:46:27.395 -> C,ts_engage_write,809568368
13:46:27.488 -> C,ts_engage_write,809656365
13:46:27.580 -> [FACE] heartbeat
13:46:27.580 -> C,mood_str,50
13:46:27.580 -> C,ts_engage_write,809744443
13:46:27.580 -> C,engage_lvl,0
13:46:27.580 -> C,modifier,15
13:46:27.580 -> C,engage_floor,0
13:46:27.580 -> C,loop_us,244
13:46:27.673 -> C,ts_engage_write,809832364
13:46:27.767 -> C,ts_engage_write,809920368
13:46:27.861 -> C,ts_engage_write,810008365
13:46:27.908 -> C,ts_engage_write,810096368
13:46:28.004 -> C,ts_engage_write,810184365
13:46:28.096 -> C,ts_engage_write,810272368
13:46:28.096 -> C,engage_lvl,0
13:46:28.189 -> C,ts_engage_write,810360365
13:46:28.284 -> C,ts_engage_write,810448368
13:46:28.377 -> C,ts_engage_write,810536365
13:46:28.469 -> C,ts_engage_write,810624368
13:46:28.563 -> C,ts_engage_write,810712365
13:46:28.658 -> [FACE] heartbeat
13:46:28.658 -> C,mood_str,50
13:46:28.658 -> C,ts_engage_write,810800456
13:46:28.658 -> C,engage_lvl,0
13:46:28.658 -> C,modifier,15
13:46:28.658 -> C,engage_floor,0
13:46:28.658 -> C,loop_us,255
13:46:28.704 -> C,ts_engage_write,810888364
13:46:28.798 -> C,ts_engage_write,810976368
13:46:28.891 -> C,ts_engage_write,811064366
13:46:28.982 -> C,ts_engage_write,811152368
13:46:29.077 -> C,ts_engage_write,811240365
13:46:29.169 -> C,ts_engage_write,811328368
13:46:29.169 -> C,engage_lvl,0
13:46:29.261 -> C,ts_engage_write,811416366
13:46:29.353 -> C,ts_engage_write,811504368
13:46:29.447 -> C,ts_engage_write,811592365
13:46:29.493 -> C,ts_engage_write,811680368
13:46:29.584 -> C,ts_engage_write,811768364
13:46:29.679 -> [FACE] heartbeat
13:46:29.679 -> C,mood_str,50
13:46:29.679 -> C,ts_engage_write,811856449
13:46:29.679 -> C,engage_lvl,0
13:46:29.679 -> C,modifier,15
13:46:29.679 -> C,engage_floor,0
13:46:29.679 -> C,loop_us,258
13:46:29.772 -> C,ts_engage_write,811944361
13:46:29.865 -> C,ts_engage_write,812032368
13:46:29.957 -> C,ts_engage_write,812120365
13:46:30.051 -> C,ts_engage_write,812208368
13:46:30.146 -> C,ts_engage_write,812296365
13:46:30.238 -> C,ts_engage_write,812384368
13:46:30.238 -> C,engage_lvl,0
13:46:30.284 -> C,ts_engage_write,812472365
13:46:30.378 -> C,ts_engage_write,812560368
13:46:30.471 -> C,ts_engage_write,812648365
13:46:30.564 -> C,ts_engage_write,812736368
13:46:30.657 -> C,ts_engage_write,812824364
13:46:30.751 -> [FACE] heartbeat
13:46:30.751 -> C,mood_str,50
13:46:30.751 -> C,ts_engage_write,812912459
13:46:30.751 -> C,engage_lvl,0
13:46:30.751 -> C,modifier,15
13:46:30.751 -> C,engage_floor,0
13:46:30.751 -> C,loop_us,257
13:46:30.844 -> C,ts_engage_write,813000363
13:46:30.938 -> C,ts_engage_write,813088368
13:46:31.032 -> C,ts_engage_write,813176366
13:46:31.079 -> C,ts_engage_write,813264368
13:46:31.171 -> C,ts_engage_write,813352365
13:46:31.264 -> C,ts_engage_write,813440368
13:46:31.264 -> C,engage_lvl,0
13:46:31.357 -> C,ts_engage_write,813528366
13:46:31.450 -> C,ts_engage_write,813616368
13:46:31.545 -> C,ts_engage_write,813704365
13:46:31.638 -> C,ts_engage_write,813792367
13:46:31.731 -> C,ts_engage_write,813880367
13:46:31.823 -> [FACE] heartbeat
13:46:31.823 -> C,mood_str,50
13:46:31.823 -> C,ts_engage_write,813968457
13:46:31.823 -> C,engage_lvl,0
13:46:31.823 -> C,modifier,15
13:46:31.823 -> C,engage_floor,0
13:46:31.823 -> C,loop_us,263
13:46:31.869 -> C,ts_engage_write,814056364
13:46:31.961 -> C,ts_engage_write,814144368
13:46:32.054 -> C,ts_engage_write,814232365
13:46:32.147 -> C,ts_engage_write,814320368
13:46:32.240 -> C,ts_engage_write,814408365
13:46:32.333 -> C,ts_engage_write,814496368
13:46:32.333 -> C,engage_lvl,0
13:46:32.427 -> C,ts_engage_write,814584365
13:46:32.521 -> C,ts_engage_write,814672368
13:46:32.614 -> C,ts_engage_write,814760364
13:46:32.661 -> C,ts_engage_write,814848369
13:46:32.754 -> C,ts_engage_write,814936365
13:46:32.847 -> [FACE] heartbeat
13:46:32.847 -> C,mood_str,50
13:46:32.847 -> C,ts_engage_write,815024445
13:46:32.847 -> C,engage_lvl,0
13:46:32.847 -> C,modifier,15
13:46:32.847 -> C,engage_floor,0
13:46:32.847 -> C,loop_us,245
13:46:32.940 -> C,ts_engage_write,815112363
13:46:33.033 -> C,ts_engage_write,815200368
13:46:33.127 -> C,ts_engage_write,815288365
13:46:33.219 -> C,ts_engage_write,815376368
13:46:33.312 -> C,ts_engage_write,815464365
13:46:33.405 -> C,ts_engage_write,815552368
13:46:33.405 -> C,engage_lvl,0
13:46:33.498 -> C,ts_engage_write,815640365
13:46:33.544 -> C,ts_engage_write,815728368
13:46:33.638 -> C,ts_engage_write,815816364
13:46:33.731 -> C,ts_engage_write,815904369
13:46:33.823 -> C,ts_engage_write,815992365
13:46:33.916 -> [FACE] heartbeat
13:46:33.916 -> C,mood_str,50
13:46:33.916 -> C,ts_engage_write,816080462
13:46:33.916 -> C,engage_lvl,0
13:46:33.916 -> C,modifier,15
13:46:33.916 -> C,engage_floor,0
13:46:33.916 -> C,loop_us,262
13:46:34.009 -> C,ts_engage_write,816168363
13:46:34.103 -> C,ts_engage_write,816256368
13:46:34.195 -> C,ts_engage_write,816344366
13:46:34.288 -> C,ts_engage_write,816432368
13:46:34.334 -> C,ts_engage_write,816520365
13:46:34.425 -> C,ts_engage_write,816608368
13:46:34.425 -> C,engage_lvl,0
13:46:34.518 -> C,ts_engage_write,816696366
13:46:34.612 -> C,ts_engage_write,816784366
13:46:34.705 -> C,ts_engage_write,816872366
13:46:34.798 -> C,ts_engage_write,816960368
13:46:34.891 -> C,ts_engage_write,817048366
13:46:34.984 -> [FACE] heartbeat
13:46:34.984 -> C,mood_str,50
13:46:34.984 -> C,ts_engage_write,817136465
13:46:34.984 -> C,engage_lvl,0
13:46:34.984 -> C,modifier,15
13:46:34.984 -> C,engage_floor,0
13:46:34.984 -> C,loop_us,264
13:46:35.077 -> C,ts_engage_write,817224364
13:46:35.123 -> C,ts_engage_write,817312368
13:46:35.216 -> C,ts_engage_write,817400365
13:46:35.309 -> C,ts_engage_write,817488368
13:46:35.404 -> C,ts_engage_write,817576365
13:46:35.498 -> C,ts_engage_write,817664368
13:46:35.498 -> C,engage_lvl,0
13:46:35.591 -> C,ts_engage_write,817752364
13:46:35.683 -> C,ts_engage_write,817840369
13:46:35.778 -> C,ts_engage_write,817928365
13:46:35.871 -> C,ts_engage_write,818016368
13:46:35.917 -> C,ts_engage_write,818104365
13:46:36.011 -> [FACE] heartbeat
13:46:36.011 -> C,mood_str,50
13:46:36.011 -> C,ts_engage_write,818192444
13:46:36.011 -> C,engage_lvl,0
13:46:36.011 -> C,modifier,15
13:46:36.011 -> C,engage_floor,0
13:46:36.011 -> C,loop_us,245
13:46:36.104 -> C,ts_engage_write,818280363
13:46:36.197 -> C,ts_engage_write,818368368
13:46:36.289 -> C,ts_engage_write,818456365
13:46:36.382 -> C,ts_engage_write,818544368
13:46:36.474 -> C,ts_engage_write,818632365
13:46:36.569 -> C,ts_engage_write,818720368
13:46:36.569 -> C,engage_lvl,0
13:46:36.663 -> C,ts_engage_write,818808364
13:46:36.710 -> C,ts_engage_write,818896369
13:46:36.802 -> C,ts_engage_write,818984365
13:46:36.896 -> C,ts_engage_write,819072368
13:46:36.989 -> C,ts_engage_write,819160365
13:46:37.083 -> [FACE] heartbeat
13:46:37.083 -> C,mood_str,50
13:46:37.083 -> C,ts_engage_write,819248456
13:46:37.083 -> C,engage_lvl,0
13:46:37.083 -> C,modifier,15
13:46:37.083 -> C,engage_floor,0
13:46:37.083 -> C,loop_us,244
13:46:37.174 -> C,ts_engage_write,819336363
13:46:37.267 -> C,ts_engage_write,819424368
13:46:37.359 -> C,ts_engage_write,819512365
13:46:37.451 -> C,ts_engage_write,819600368
13:46:37.545 -> C,ts_engage_write,819688365
13:46:37.591 -> C,ts_engage_write,819776366
13:46:37.591 -> C,engage_lvl,0
13:46:37.684 -> C,ts_engage_write,819864366
13:46:37.776 -> C,ts_engage_write,819952368
13:46:37.868 -> C,ts_engage_write,820040365
13:46:37.960 -> C,ts_engage_write,820128368
13:46:38.054 -> C,ts_engage_write,820216365
13:46:38.146 -> [FACE] heartbeat
13:46:38.146 -> C,mood_str,50
13:46:38.146 -> C,ts_engage_write,820304444
13:46:38.146 -> C,engage_lvl,0
13:46:38.146 -> C,modifier,15
13:46:38.146 -> C,engage_floor,0
13:46:38.146 -> C,loop_us,218
13:46:38.241 -> C,ts_engage_write,820392360
13:46:38.334 -> C,ts_engage_write,820480368
13:46:38.381 -> C,ts_engage_write,820568363
13:46:38.474 -> C,ts_engage_write,820656368
13:46:38.567 -> C,ts_engage_write,820744364
13:46:38.660 -> C,ts_engage_write,820832369
13:46:38.660 -> C,engage_lvl,0
13:46:38.754 -> C,ts_engage_write,820920365
13:46:38.847 -> C,ts_engage_write,821008368
13:46:38.939 -> C,ts_engage_write,821096365
13:46:39.032 -> C,ts_engage_write,821184368
13:46:39.125 -> C,ts_engage_write,821272365
13:46:39.173 -> [FACE] heartbeat
13:46:39.173 -> C,mood_str,50
13:46:39.173 -> C,ts_engage_write,821360466
13:46:39.173 -> C,engage_lvl,0
13:46:39.173 -> C,modifier,15
13:46:39.173 -> C,engage_floor,0
13:46:39.173 -> C,loop_us,265
13:46:39.266 -> C,ts_engage_write,821448363
13:46:39.360 -> C,ts_engage_write,821536368
13:46:39.452 -> C,ts_engage_write,821624366
13:46:39.545 -> C,ts_engage_write,821712368
13:46:39.638 -> C,ts_engage_write,821800364
13:46:39.731 -> C,ts_engage_write,821888370
13:46:39.731 -> C,engage_lvl,0
13:46:39.822 -> C,ts_engage_write,821976366
13:46:39.915 -> C,ts_engage_write,822064368
13:46:40.008 -> C,ts_engage_write,822152365
13:46:40.055 -> C,ts_engage_write,822240368
13:46:40.148 -> C,ts_engage_write,822328366
13:46:40.241 -> [FACE] heartbeat
13:46:40.241 -> C,mood_str,50
13:46:40.241 -> C,ts_engage_write,822416459
13:46:40.241 -> C,engage_lvl,0
13:46:40.241 -> C,modifier,15
13:46:40.241 -> C,engage_floor,0
13:46:40.241 -> C,loop_us,265
13:46:40.333 -> C,ts_engage_write,822504364
13:46:40.427 -> C,ts_engage_write,822592368
13:46:40.521 -> C,ts_engage_write,822680365
13:46:40.614 -> C,ts_engage_write,822768366
13:46:40.707 -> C,ts_engage_write,822856366
13:46:40.800 -> C,ts_engage_write,822944368
13:46:40.800 -> C,engage_lvl,0
13:46:40.847 -> C,ts_engage_write,823032365
13:46:40.940 -> C,ts_engage_write,823120368
13:46:41.034 -> C,ts_engage_write,823208365
13:46:41.129 -> C,ts_engage_write,823296368
13:46:41.224 -> C,ts_engage_write,823384365
13:46:41.318 -> [FACE] heartbeat
13:46:41.318 -> C,mood_str,50
13:46:41.318 -> C,ts_engage_write,823472444
13:46:41.318 -> C,engage_lvl,0
13:46:41.318 -> C,modifier,15
13:46:41.318 -> C,engage_floor,0
13:46:41.318 -> C,loop_us,219
13:46:41.410 -> C,ts_engage_write,823560360
13:46:41.505 -> C,ts_engage_write,823648368
13:46:41.551 -> C,ts_engage_write,823736363
13:46:41.644 -> C,ts_engage_write,823824366
13:46:41.738 -> C,ts_engage_write,823912364
13:46:41.831 -> C,ts_engage_write,824000368
13:46:41.831 -> C,engage_lvl,0
13:46:41.924 -> C,ts_engage_write,824088363
13:46:42.017 -> C,ts_engage_write,824176368
13:46:42.111 -> C,ts_engage_write,824264363
13:46:42.204 -> C,ts_engage_write,824352368
13:46:42.251 -> C,ts_engage_write,824440363
13:46:42.345 -> [FACE] heartbeat
13:46:42.345 -> C,mood_str,50
13:46:42.345 -> C,ts_engage_write,824528454
13:46:42.345 -> C,engage_lvl,0
13:46:42.345 -> C,modifier,15
13:46:42.345 -> C,engage_floor,0
13:46:42.345 -> C,loop_us,247
13:46:42.438 -> C,ts_engage_write,824616360
13:46:42.530 -> C,ts_engage_write,824704368
13:46:42.623 -> C,ts_engage_write,824792364
13:46:42.715 -> C,ts_engage_write,824880369
13:46:42.807 -> C,ts_engage_write,824968365
13:46:42.899 -> C,ts_engage_write,825056368
13:46:42.899 -> C,engage_lvl,0
13:46:42.991 -> C,ts_engage_write,825144366
13:46:43.087 -> C,ts_engage_write,825232368
13:46:43.132 -> C,ts_engage_write,825320365
13:46:43.225 -> C,ts_engage_write,825408368
13:46:43.318 -> C,ts_engage_write,825496366
13:46:43.410 -> [FACE] heartbeat
13:46:43.410 -> C,mood_str,50
13:46:43.410 -> C,ts_engage_write,825584463
13:46:43.410 -> C,engage_lvl,0
13:46:43.410 -> C,modifier,15
13:46:43.410 -> C,engage_floor,0
13:46:43.410 -> C,loop_us,250
13:46:43.504 -> C,ts_engage_write,825672364
13:46:43.598 -> C,ts_engage_write,825760366
13:46:43.691 -> C,ts_engage_write,825848366
13:46:43.784 -> C,ts_engage_write,825936368
13:46:43.877 -> C,ts_engage_write,826024365
13:46:43.968 -> C,ts_engage_write,826112368
13:46:43.968 -> C,engage_lvl,0
13:46:44.015 -> C,ts_engage_write,826200365
13:46:44.108 -> C,ts_engage_write,826288368
13:46:44.200 -> C,ts_engage_write,826376365
13:46:44.294 -> C,ts_engage_write,826464368
13:46:44.387 -> C,ts_engage_write,826552365
13:46:44.479 -> [FACE] heartbeat
13:46:44.479 -> C,mood_str,50
13:46:44.479 -> C,ts_engage_write,826640445
13:46:44.479 -> C,engage_lvl,0
13:46:44.479 -> C,modifier,15
13:46:44.479 -> C,engage_floor,0
13:46:44.479 -> C,loop_us,244
13:46:44.572 -> C,ts_engage_write,826728360
13:46:44.664 -> C,ts_engage_write,826816366
13:46:44.758 -> C,ts_engage_write,826904364
13:46:44.805 -> C,ts_engage_write,826992368
13:46:44.898 -> C,ts_engage_write,827080363
13:46:44.991 -> C,ts_engage_write,827168368
13:46:44.991 -> C,engage_lvl,0
13:46:45.084 -> C,ts_engage_write,827256363
13:46:45.177 -> C,ts_engage_write,827344368
13:46:45.269 -> C,ts_engage_write,827432363
13:46:45.364 -> C,ts_engage_write,827520368
13:46:45.456 -> C,ts_engage_write,827608363
13:46:45.549 -> [FACE] heartbeat
13:46:45.549 -> C,mood_str,50
13:46:45.549 -> C,ts_engage_write,827696455
13:46:45.549 -> C,engage_lvl,0
13:46:45.549 -> C,modifier,15
13:46:45.549 -> C,engage_floor,0
13:46:45.549 -> C,loop_us,255
13:46:45.596 -> C,ts_engage_write,827784362
13:46:45.688 -> C,ts_engage_write,827872370
13:46:45.783 -> C,ts_engage_write,827960366
13:46:45.877 -> C,ts_engage_write,828048368
13:46:45.970 -> C,ts_engage_write,828136365
13:46:46.063 -> C,ts_engage_write,828224368
13:46:46.063 -> C,engage_lvl,0
13:46:46.156 -> C,ts_engage_write,828312366
13:46:46.250 -> C,ts_engage_write,828400368
13:46:46.344 -> C,ts_engage_write,828488365
13:46:46.390 -> C,ts_engage_write,828576368
13:46:46.484 -> C,ts_engage_write,828664366
13:46:46.577 -> [FACE] heartbeat
13:46:46.577 -> C,mood_str,50
13:46:46.577 -> C,ts_engage_write,828752445
13:46:46.577 -> C,engage_lvl,0
13:46:46.577 -> C,modifier,15
13:46:46.577 -> C,engage_floor,0
13:46:46.577 -> C,loop_us,247
13:46:46.671 -> C,ts_engage_write,828840365
13:46:46.763 -> C,ts_engage_write,828928368
13:46:46.856 -> C,ts_engage_write,829016365
13:46:46.950 -> C,ts_engage_write,829104368
13:46:47.043 -> C,ts_engage_write,829192365
13:46:47.136 -> C,ts_engage_write,829280368
13:46:47.136 -> C,engage_lvl,0
13:46:47.182 -> C,ts_engage_write,829368365
13:46:47.276 -> C,ts_engage_write,829456368
13:46:47.369 -> C,ts_engage_write,829544365
13:46:47.462 -> C,ts_engage_write,829632368
13:46:47.554 -> C,ts_engage_write,829720365
13:46:47.647 -> [FACE] heartbeat
13:46:47.647 -> C,mood_str,50
13:46:47.647 -> C,ts_engage_write,829808455
13:46:47.647 -> C,engage_lvl,0
13:46:47.647 -> C,modifier,15
13:46:47.647 -> C,engage_floor,0
13:46:47.647 -> C,loop_us,267
13:46:47.739 -> C,ts_engage_write,829896364
13:46:47.832 -> C,ts_engage_write,829984368
13:46:47.925 -> C,ts_engage_write,830072366
13:46:47.972 -> C,ts_engage_write,830160368
13:46:48.065 -> C,ts_engage_write,830248365
13:46:48.157 -> C,ts_engage_write,830336368
13:46:48.157 -> C,engage_lvl,0
13:46:48.250 -> C,ts_engage_write,830424366
13:46:48.344 -> C,ts_engage_write,830512368
13:46:48.438 -> C,ts_engage_write,830600365
13:46:48.530 -> C,ts_engage_write,830688368
13:46:48.623 -> C,ts_engage_write,830776364
13:46:48.715 -> [FACE] heartbeat
13:46:48.715 -> C,mood_str,50
13:46:48.715 -> C,ts_engage_write,830864450
13:46:48.715 -> C,engage_lvl,0
13:46:48.715 -> C,modifier,15
13:46:48.715 -> C,engage_floor,0
13:46:48.715 -> C,loop_us,263
13:46:48.809 -> C,ts_engage_write,830952364
13:46:48.856 -> C,ts_engage_write,831040368
13:46:48.950 -> C,ts_engage_write,831128365
13:46:49.043 -> C,ts_engage_write,831216368
13:46:49.136 -> C,ts_engage_write,831304365
13:46:49.230 -> C,ts_engage_write,831392368
13:46:49.230 -> C,engage_lvl,0
13:46:49.323 -> C,ts_engage_write,831480365
13:46:49.416 -> C,ts_engage_write,831568368
13:46:49.509 -> C,ts_engage_write,831656365
13:46:49.556 -> C,ts_engage_write,831744366
13:46:49.649 -> C,ts_engage_write,831832366
13:46:49.743 -> [FACE] heartbeat
13:46:49.743 -> C,mood_str,50
13:46:49.743 -> C,ts_engage_write,831920448
13:46:49.743 -> C,engage_lvl,0
13:46:49.743 -> C,modifier,15
13:46:49.743 -> C,engage_floor,0
13:46:49.743 -> C,loop_us,255
13:46:49.837 -> C,ts_engage_write,832008362
13:46:49.930 -> C,ts_engage_write,832096364
13:46:50.023 -> C,ts_engage_write,832184365
13:46:50.116 -> C,ts_engage_write,832272368
13:46:50.210 -> C,ts_engage_write,832360365
13:46:50.302 -> C,ts_engage_write,832448368
13:46:50.302 -> C,engage_lvl,0
13:46:50.350 -> C,ts_engage_write,832536365
13:46:50.441 -> C,ts_engage_write,832624368
13:46:50.533 -> C,ts_engage_write,832712365
13:46:50.627 -> C,ts_engage_write,832800366
13:46:50.720 -> C,ts_engage_write,832888366
13:46:50.814 -> [FACE] heartbeat
13:46:50.814 -> C,mood_str,50
13:46:50.814 -> C,ts_engage_write,832976448
13:46:50.814 -> C,engage_lvl,0
13:46:50.814 -> C,modifier,15
13:46:50.814 -> C,engage_floor,0
13:46:50.814 -> C,loop_us,242
13:46:50.906 -> C,ts_engage_write,833064360
13:46:50.999 -> C,ts_engage_write,833152368
13:46:51.093 -> C,ts_engage_write,833240363
13:46:51.185 -> C,ts_engage_write,833328368
13:46:51.231 -> C,ts_engage_write,833416363
13:46:51.323 -> C,ts_engage_write,833504368
13:46:51.323 -> C,engage_lvl,0
13:46:51.418 -> C,ts_engage_write,833592364
13:46:51.512 -> C,ts_engage_write,833680368
13:46:51.605 -> C,ts_engage_write,833768364
13:46:51.697 -> C,ts_engage_write,833856369
13:46:51.790 -> C,ts_engage_write,833944365
13:46:51.883 -> [FACE] heartbeat
13:46:51.883 -> C,mood_str,50
13:46:51.883 -> C,ts_engage_write,834032449
13:46:51.883 -> C,engage_lvl,0
13:46:51.883 -> C,modifier,15
13:46:51.883 -> C,engage_floor,0
13:46:51.883 -> C,loop_us,241
13:46:51.975 -> C,ts_engage_write,834120360
13:46:52.023 -> C,ts_engage_write,834208368
13:46:52.115 -> C,ts_engage_write,834296365
13:46:52.208 -> C,ts_engage_write,834384368
13:46:52.301 -> C,ts_engage_write,834472365
13:46:52.395 -> C,ts_engage_write,834560368
13:46:52.395 -> C,engage_lvl,0
13:46:52.487 -> C,ts_engage_write,834648365
13:46:52.579 -> C,ts_engage_write,834736368
13:46:52.674 -> C,ts_engage_write,834824364
13:46:52.769 -> C,ts_engage_write,834912369
13:46:52.816 -> C,ts_engage_write,835000365
13:46:52.909 -> [FACE] heartbeat
13:46:52.909 -> C,mood_str,50
13:46:52.909 -> C,ts_engage_write,835088451
13:46:52.909 -> C,engage_lvl,0
13:46:52.909 -> C,modifier,15
13:46:52.909 -> C,engage_floor,0
13:46:52.909 -> C,loop_us,240
13:46:53.001 -> C,ts_engage_write,835176360
13:46:53.095 -> C,ts_engage_write,835264368
13:46:53.188 -> C,ts_engage_write,835352365
13:46:53.281 -> C,ts_engage_write,835440368
13:46:53.373 -> C,ts_engage_write,835528365
13:46:53.467 -> C,ts_engage_write,835616368
13:46:53.467 -> C,engage_lvl,0
13:46:53.560 -> C,ts_engage_write,835704365
13:46:53.606 -> C,ts_engage_write,835792366
13:46:53.699 -> C,ts_engage_write,835880366
13:46:53.793 -> C,ts_engage_write,835968368
13:46:53.886 -> C,ts_engage_write,836056365
13:46:53.978 -> [FACE] heartbeat
13:46:53.978 -> C,mood_str,50
13:46:53.978 -> C,ts_engage_write,836144452
13:46:53.978 -> C,engage_lvl,0
13:46:53.978 -> C,modifier,15
13:46:53.978 -> C,engage_floor,0
13:46:53.978 -> C,loop_us,245
13:46:54.071 -> C,ts_engage_write,836232360
13:46:54.165 -> C,ts_engage_write,836320368
13:46:54.258 -> C,ts_engage_write,836408365
13:46:54.351 -> C,ts_engage_write,836496368
13:46:54.398 -> C,ts_engage_write,836584365
13:46:54.492 -> C,ts_engage_write,836672368
13:46:54.492 -> C,engage_lvl,0
13:46:54.585 -> C,ts_engage_write,836760364
13:46:54.585 -> [TOUCH] transition raw=1 pressed=1 ms=836760
13:46:54.585 -> [TOUCH] START raw=1 ms=836760
13:46:54.678 -> C,ts_engage_write,836848376
13:46:54.678 -> [TOUCH] transition raw=0 pressed=0 ms=836848
13:46:54.678 -> [TOUCH] RELEASE raw=0 duration=88 ms=836848
13:46:54.678 -> [TOUCH] TAP
13:46:54.678 -> [EMOTION] IDLE -> HAPPY
13:46:54.678 -> EVT:{"type":"timeline","text":"User tap interaction","tag":"touch"}
13:46:54.772 -> C,ts_engage_write,836940446
13:46:54.867 -> C,ts_engage_write,837029386
13:46:54.960 -> C,ts_engage_write,837117386
13:46:55.055 -> [FACE] heartbeat
13:46:55.055 -> C,mood_str,50
13:46:55.055 -> C,ts_engage_write,837205489
13:46:55.055 -> C,engage_lvl,0
13:46:55.055 -> C,modifier,15
13:46:55.055 -> C,engage_floor,0
13:46:55.055 -> C,loop_us,281
13:46:55.148 -> C,ts_engage_write,837294388
13:46:55.195 -> C,ts_engage_write,837382383
13:46:55.286 -> C,ts_engage_write,837470385
13:46:55.378 -> C,ts_engage_write,837558383
13:46:55.473 -> C,ts_engage_write,837646386
13:46:55.565 -> C,ts_engage_write,837734382
13:46:55.565 -> C,engage_lvl,0
13:46:55.659 -> C,ts_engage_write,837822385
13:46:55.752 -> C,ts_engage_write,837910385
13:46:55.845 -> C,ts_engage_write,837998385
13:46:55.939 -> C,ts_engage_write,838086385
13:46:55.985 -> C,ts_engage_write,838174386
13:46:56.078 -> [FACE] heartbeat
13:46:56.078 -> C,mood_str,50
13:46:56.078 -> C,ts_engage_write,838262494
13:46:56.078 -> C,engage_lvl,0
13:46:56.078 -> C,modifier,15
13:46:56.078 -> C,engage_floor,0
13:46:56.078 -> C,loop_us,287
13:46:56.171 -> C,ts_engage_write,838351387
13:46:56.265 -> C,ts_engage_write,838439385
13:46:56.356 -> C,ts_engage_write,838527385
13:46:56.450 -> C,ts_engage_write,838615385
13:46:56.544 -> C,ts_engage_write,838703383
13:46:56.638 -> C,ts_engage_write,838791381
13:46:56.638 -> C,engage_lvl,0
13:46:56.730 -> C,ts_engage_write,838879382
13:46:56.824 -> C,ts_engage_write,838967383
13:46:56.871 -> C,ts_engage_write,839055382
13:46:56.964 -> C,ts_engage_write,839143388
13:46:57.056 -> C,ts_engage_write,839231387
13:46:57.149 -> [FACE] heartbeat
13:46:57.149 -> C,mood_str,50
13:46:57.149 -> C,ts_engage_write,839319487
13:46:57.149 -> C,engage_lvl,0
13:46:57.149 -> C,modifier,15
13:46:57.149 -> C,engage_floor,0
13:46:57.149 -> C,loop_us,283
13:46:57.244 -> C,ts_engage_write,839408383
13:46:57.338 -> C,ts_engage_write,839496383
13:46:57.432 -> C,ts_engage_write,839584382
13:46:57.525 -> C,ts_engage_write,839672383
13:46:57.571 -> C,ts_engage_write,839760380
13:46:57.665 -> C,ts_engage_write,839848380
13:46:57.665 -> C,engage_lvl,0
13:46:57.758 -> C,ts_engage_write,839936382
13:46:57.852 -> C,ts_engage_write,840024382
13:46:57.944 -> C,ts_engage_write,840112382
13:46:58.038 -> C,ts_engage_write,840200383
13:46:58.131 -> C,ts_engage_write,840288383
13:46:58.224 -> [FACE] heartbeat
13:46:58.224 -> C,mood_str,50
13:46:58.224 -> C,ts_engage_write,840376490
13:46:58.224 -> C,engage_lvl,0
13:46:58.224 -> C,modifier,15
13:46:58.224 -> C,engage_floor,0
13:46:58.224 -> C,loop_us,285
13:46:58.316 -> C,dom_touch,100
13:46:58.316 -> C,dom_sec,0
13:46:58.316 -> [MEM] tick: records=7 strength=100
13:46:58.316 -> C,rec_count,7
13:46:58.316 -> C,ts_engage_write,840465538
13:46:58.409 -> C,ts_engage_write,840554388
13:46:58.455 -> C,ts_engage_write,840642382
13:46:58.549 -> C,ts_engage_write,840730381
13:46:58.643 -> C,ts_engage_write,840818380
13:46:58.736 -> C,ts_engage_write,840906383
13:46:58.736 -> C,engage_lvl,0
13:46:58.828 -> C,ts_engage_write,840994382
13:46:58.921 -> C,ts_engage_write,841082383
13:46:59.013 -> C,ts_engage_write,841170382
13:46:59.108 -> C,ts_engage_write,841258381
13:46:59.246 -> C,mood_str,50
13:46:59.246 -> C,ts_engage_write,841402010
13:46:59.246 -> C,modifier,15
13:46:59.246 -> C,engage_floor,0
13:46:59.246 -> C,loop_us,55806
13:46:59.338 -> [FACE] heartbeat
13:46:59.338 -> C,ts_engage_write,841490451
13:46:59.338 -> C,engage_lvl,0
13:46:59.430 -> C,ts_engage_write,841578382
13:46:59.479 -> C,ts_engage_write,841666380
13:46:59.571 -> C,ts_engage_write,841754381
13:46:59.665 -> C,ts_engage_write,841842381
13:46:59.759 -> [EMOTION] HAPPY -> IDLE (timeout)
13:46:59.759 -> C,ts_engage_write,841930478
13:46:59.851 -> C,ts_engage_write,842018379
13:46:59.851 -> C,engage_lvl,0
13:46:59.944 -> C,ts_engage_write,842106370
13:47:00.037 -> C,ts_engage_write,842194365
13:47:00.132 -> C,ts_engage_write,842282366
13:47:00.225 -> C,ts_engage_write,842370366
13:47:00.271 -> C,mood_str,50
13:47:00.271 -> C,ts_engage_write,842458431
13:47:00.271 -> C,modifier,15
13:47:00.271 -> C,engage_floor,0
13:47:00.271 -> C,loop_us,212
13:47:00.364 -> [FACE] heartbeat
13:47:00.364 -> C,ts_engage_write,842546413
13:47:00.364 -> C,engage_lvl,0
13:47:00.456 -> C,ts_engage_write,842634366
13:47:00.549 -> C,ts_engage_write,842722364
13:47:00.644 -> C,ts_engage_write,842810364
13:47:00.738 -> C,ts_engage_write,842898369
13:47:00.832 -> C,ts_engage_write,842986365
13:47:00.923 -> C,ts_engage_write,843074366
13:47:00.923 -> C,engage_lvl,0
13:47:01.018 -> C,ts_engage_write,843162366
13:47:01.064 -> C,ts_engage_write,843250366
13:47:01.157 -> C,ts_engage_write,843338365
13:47:01.249 -> C,ts_engage_write,843426367
13:47:01.341 -> C,mood_str,50
13:47:01.341 -> C,ts_engage_write,843514431
13:47:01.341 -> C,modifier,15
13:47:01.341 -> C,engage_floor,0
13:47:01.341 -> C,loop_us,217
13:47:01.435 -> [FACE] heartbeat
13:47:01.435 -> C,ts_engage_write,843602407
13:47:01.435 -> C,engage_lvl,0
13:47:01.528 -> C,ts_engage_write,843690369
13:47:01.621 -> C,ts_engage_write,843778363
13:47:01.713 -> C,ts_engage_write,843866365
13:47:01.807 -> C,ts_engage_write,843954367
13:47:01.853 -> C,ts_engage_write,844042365
13:47:01.947 -> C,ts_engage_write,844130367
13:47:01.947 -> C,engage_lvl,0
13:47:02.040 -> C,ts_engage_write,844218365
13:47:02.133 -> C,ts_engage_write,844306366
13:47:02.226 -> C,ts_engage_write,844394366
13:47:02.320 -> C,ts_engage_write,844482367
13:47:02.413 -> C,mood_str,50
13:47:02.413 -> C,ts_engage_write,844570434
13:47:02.413 -> C,modifier,15
13:47:02.413 -> C,engage_floor,0
13:47:02.413 -> C,loop_us,203
13:47:02.507 -> [FACE] heartbeat
13:47:02.507 -> C,ts_engage_write,844658408
13:47:02.507 -> C,engage_lvl,0
13:47:02.599 -> C,ts_engage_write,844746364
13:47:02.646 -> C,ts_engage_write,844834366
13:47:02.773 -> C,ts_engage_write,844922364
13:47:02.866 -> C,ts_engage_write,845010367
13:47:02.912 -> C,ts_engage_write,845098364
13:47:03.006 -> C,ts_engage_write,845186366
13:47:03.006 -> C,engage_lvl,0
13:47:03.100 -> C,ts_engage_write,845274365
13:47:03.193 -> C,ts_engage_write,845362366
13:47:03.286 -> C,ts_engage_write,845450364
13:47:03.378 -> C,ts_engage_write,845538367
13:47:03.471 -> C,mood_str,50
13:47:03.471 -> C,ts_engage_write,845626431
13:47:03.471 -> C,modifier,15
13:47:03.471 -> C,engage_floor,0
13:47:03.471 -> C,loop_us,200
13:47:03.565 -> [FACE] heartbeat
13:47:03.565 -> C,ts_engage_write,845714406
13:47:03.565 -> C,engage_lvl,0
13:47:03.612 -> C,ts_engage_write,845802364
13:47:03.707 -> C,ts_engage_write,845890366
13:47:03.799 -> C,ts_engage_write,845978364
13:47:03.893 -> C,ts_engage_write,846066367
13:47:03.985 -> C,ts_engage_write,846154364
13:47:04.078 -> C,ts_engage_write,846242367
13:47:04.078 -> C,engage_lvl,0
13:47:04.170 -> C,ts_engage_write,846330366
13:47:04.262 -> C,ts_engage_write,846418366
13:47:04.354 -> C,ts_engage_write,846506364
13:47:04.447 -> C,ts_engage_write,846594368
13:47:04.493 -> C,mood_str,50
13:47:04.493 -> C,ts_engage_write,846682434
13:47:04.493 -> C,modifier,15
13:47:04.493 -> C,engage_floor,0
13:47:04.493 -> C,loop_us,201
13:47:04.586 -> [FACE] heartbeat
13:47:04.586 -> C,ts_engage_write,846770403
13:47:04.586 -> C,engage_lvl,0
13:47:04.680 -> C,ts_engage_write,846858366
13:47:04.772 -> C,ts_engage_write,846946365
13:47:04.866 -> C,ts_engage_write,847034364
13:47:04.959 -> C,ts_engage_write,847122367
13:47:05.052 -> C,ts_engage_write,847210364
13:47:05.146 -> C,ts_engage_write,847298367
13:47:05.146 -> C,engage_lvl,0
13:47:05.240 -> C,ts_engage_write,847386366
13:47:05.286 -> C,ts_engage_write,847474366
13:47:05.379 -> C,ts_engage_write,847562364
13:47:05.472 -> C,ts_engage_write,847650368
13:47:05.566 -> C,mood_str,50
13:47:05.566 -> C,ts_engage_write,847738435
13:47:05.566 -> C,modifier,15
13:47:05.566 -> C,engage_floor,0
13:47:05.566 -> C,loop_us,202
13:47:05.659 -> [FACE] heartbeat
13:47:05.659 -> C,ts_engage_write,847826406
13:47:05.659 -> C,engage_lvl,0
13:47:05.752 -> C,ts_engage_write,847914366
13:47:05.846 -> C,ts_engage_write,848002367
13:47:05.940 -> C,ts_engage_write,848090364
13:47:06.034 -> C,ts_engage_write,848178367
13:47:06.079 -> C,ts_engage_write,848266364
13:47:06.173 -> C,ts_engage_write,848354367
13:47:06.173 -> C,engage_lvl,0
13:47:06.268 -> C,ts_engage_write,848442366
13:47:06.360 -> C,ts_engage_write,848530366
13:47:06.453 -> C,ts_engage_write,848618364
13:47:06.546 -> C,ts_engage_write,848706368
13:47:06.639 -> C,mood_str,50
13:47:06.639 -> C,ts_engage_write,848794432
13:47:06.639 -> C,modifier,15
13:47:06.639 -> C,engage_floor,0
13:47:06.639 -> C,loop_us,199
13:47:06.732 -> [FACE] heartbeat
13:47:06.732 -> C,ts_engage_write,848882407
13:47:06.732 -> C,engage_lvl,0
13:47:06.825 -> C,ts_engage_write,848970365
13:47:06.872 -> C,ts_engage_write,849058365
13:47:06.965 -> C,ts_engage_write,849146364
13:47:07.059 -> C,ts_engage_write,849234367
13:47:07.151 -> C,ts_engage_write,849322364
13:47:07.245 -> C,ts_engage_write,849410367
13:47:07.245 -> C,engage_lvl,0
13:47:07.338 -> C,ts_engage_write,849498366
13:47:07.431 -> C,ts_engage_write,849586366
13:47:07.523 -> C,ts_engage_write,849674364
13:47:07.617 -> C,ts_engage_write,849762367
13:47:07.661 -> C,mood_str,50
13:47:07.661 -> C,ts_engage_write,849850437
13:47:07.661 -> C,modifier,15
13:47:07.661 -> C,engage_floor,0
13:47:07.661 -> C,loop_us,216
13:47:07.755 -> [FACE] heartbeat
13:47:07.755 -> C,ts_engage_write,849938407
13:47:07.755 -> C,engage_lvl,0
13:47:07.848 -> C,ts_engage_write,850026365
13:47:07.942 -> C,ts_engage_write,850114365
13:47:08.034 -> C,ts_engage_write,850202364
13:47:08.126 -> C,ts_engage_write,850290367
13:47:08.219 -> C,ts_engage_write,850378364
13:47:08.312 -> C,ts_engage_write,850466367
13:47:08.312 -> C,engage_lvl,0
13:47:08.405 -> C,ts_engage_write,850554366
13:47:08.452 -> C,ts_engage_write,850642366
13:47:08.546 -> C,ts_engage_write,850730364
13:47:08.639 -> C,ts_engage_write,850818367
13:47:08.732 -> C,mood_str,50
13:47:08.732 -> C,ts_engage_write,850906439
13:47:08.732 -> C,modifier,15
13:47:08.732 -> C,engage_floor,0
13:47:08.732 -> C,loop_us,205
13:47:08.825 -> [FACE] heartbeat
13:47:08.825 -> C,ts_engage_write,850994406
13:47:08.825 -> C,engage_lvl,0
13:47:08.918 -> C,ts_engage_write,851082365
13:47:09.010 -> C,ts_engage_write,851170365
13:47:09.104 -> C,ts_engage_write,851258364
13:47:09.198 -> C,ts_engage_write,851346367
13:47:09.245 -> C,ts_engage_write,851434364
13:47:09.337 -> C,ts_engage_write,851522367
13:47:09.337 -> C,engage_lvl,0
13:47:09.429 -> C,ts_engage_write,851610366
13:47:09.524 -> C,ts_engage_write,851698366
13:47:09.618 -> C,ts_engage_write,851786363
13:47:09.711 -> C,ts_engage_write,851874369
13:47:09.804 -> C,mood_str,50
13:47:09.804 -> C,ts_engage_write,851962434
13:47:09.804 -> C,modifier,15
13:47:09.804 -> C,engage_floor,0
13:47:09.804 -> C,loop_us,215
13:47:09.897 -> [FACE] heartbeat
13:47:09.897 -> C,ts_engage_write,852050407
13:47:09.897 -> C,engage_lvl,0
13:47:09.990 -> C,ts_engage_write,852138365
13:47:10.038 -> C,ts_engage_write,852226367
13:47:10.130 -> C,ts_engage_write,852314364
13:47:10.213 -> C,ts_engage_write,852402367
13:47:10.306 -> C,ts_engage_write,852490364
13:47:10.398 -> C,ts_engage_write,852578367
13:47:10.398 -> C,engage_lvl,0
13:47:10.491 -> C,ts_engage_write,852666366
13:47:10.583 -> C,ts_engage_write,852754365
13:47:10.675 -> C,ts_engage_write,852842365
13:47:10.768 -> C,ts_engage_write,852930368
13:47:10.861 -> C,mood_str,50
13:47:10.861 -> C,ts_engage_write,853018435
13:47:10.861 -> C,modifier,15
13:47:10.861 -> C,engage_floor,0
13:47:10.861 -> C,loop_us,216
13:47:10.955 -> [FACE] heartbeat
13:47:10.955 -> C,ts_engage_write,853106406
13:47:10.955 -> C,engage_lvl,0
13:47:11.049 -> C,ts_engage_write,853194365
13:47:11.096 -> C,ts_engage_write,853282367
13:47:11.188 -> C,ts_engage_write,853370364
13:47:11.282 -> C,ts_engage_write,853458367
13:47:11.376 -> C,ts_engage_write,853546364
13:47:11.467 -> C,ts_engage_write,853634367
13:47:11.467 -> C,engage_lvl,0
13:47:11.562 -> C,ts_engage_write,853722366
13:47:11.655 -> C,ts_engage_write,853810365
13:47:11.748 -> C,ts_engage_write,853898365
13:47:11.841 -> C,ts_engage_write,853986368
13:47:11.888 -> C,mood_str,50
13:47:11.888 -> C,ts_engage_write,854074432
13:47:11.888 -> C,modifier,15
13:47:11.888 -> C,engage_floor,0
13:47:11.888 -> C,loop_us,199
13:47:11.982 -> [FACE] heartbeat
13:47:11.982 -> C,ts_engage_write,854162406
13:47:11.982 -> C,engage_lvl,0
13:47:12.076 -> C,ts_engage_write,854250365
13:47:12.168 -> C,ts_engage_write,854338367
13:47:12.260 -> C,ts_engage_write,854426364
13:47:12.355 -> C,ts_engage_write,854514367
13:47:12.448 -> C,ts_engage_write,854602364
13:47:12.541 -> C,ts_engage_write,854690367
13:47:12.541 -> C,engage_lvl,0
13:47:12.632 -> C,ts_engage_write,854778364
13:47:12.679 -> C,ts_engage_write,854866367
13:47:12.772 -> C,ts_engage_write,854954364
13:47:12.865 -> C,ts_engage_write,855042368
13:47:12.957 -> C,mood_str,50
13:47:12.957 -> C,ts_engage_write,855130433
13:47:12.957 -> C,modifier,15
13:47:12.957 -> C,engage_floor,0
13:47:12.957 -> C,loop_us,217
13:47:13.050 -> [FACE] heartbeat
13:47:13.050 -> C,ts_engage_write,855218407
13:47:13.050 -> C,engage_lvl,0
13:47:13.144 -> C,ts_engage_write,855306365
13:47:13.235 -> C,ts_engage_write,855394367
13:47:13.328 -> C,ts_engage_write,855482364
13:47:13.419 -> C,ts_engage_write,855570367
13:47:13.511 -> C,ts_engage_write,855658364
13:47:13.558 -> C,ts_engage_write,855746366
13:47:13.558 -> C,engage_lvl,0
13:47:13.652 -> C,ts_engage_write,855834367
13:47:13.745 -> C,ts_engage_write,855922366
13:47:13.838 -> C,ts_engage_write,856010364
13:47:13.929 -> C,ts_engage_write,856098368
13:47:14.022 -> C,mood_str,50
13:47:14.022 -> C,ts_engage_write,856186433
13:47:14.022 -> C,modifier,15
13:47:14.022 -> C,engage_floor,0
13:47:14.022 -> C,loop_us,217
13:47:14.115 -> [FACE] heartbeat
13:47:14.115 -> C,ts_engage_write,856274408
13:47:14.115 -> C,engage_lvl,0
13:47:14.208 -> C,ts_engage_write,856362365
13:47:14.300 -> C,ts_engage_write,856450365
13:47:14.394 -> C,ts_engage_write,856538364
13:47:14.440 -> C,ts_engage_write,856626367
13:47:14.534 -> C,ts_engage_write,856714364
13:47:14.628 -> C,ts_engage_write,856802366
13:47:14.628 -> C,engage_lvl,0
13:47:14.720 -> C,ts_engage_write,856890367
13:47:14.812 -> C,ts_engage_write,856978366
13:47:14.906 -> C,ts_engage_write,857066364
13:47:14.999 -> C,ts_engage_write,857154368
13:47:15.094 -> C,mood_str,50
13:47:15.094 -> C,ts_engage_write,857242434
13:47:15.094 -> C,modifier,15
13:47:15.094 -> C,engage_floor,0
13:47:15.094 -> C,loop_us,201
13:47:15.141 -> [FACE] heartbeat
13:47:15.141 -> C,ts_engage_write,857330407
13:47:15.141 -> C,engage_lvl,0
13:47:15.234 -> C,ts_engage_write,857418365
13:47:15.328 -> C,ts_engage_write,857506365
13:47:15.421 -> C,ts_engage_write,857594364
13:47:15.514 -> C,ts_engage_write,857682367
13:47:15.607 -> C,ts_engage_write,857770363
13:47:15.701 -> C,ts_engage_write,857858368
13:47:15.701 -> C,engage_lvl,0
13:47:15.794 -> C,ts_engage_write,857946366
13:47:15.888 -> C,ts_engage_write,858034366
13:47:15.934 -> C,ts_engage_write,858122364
13:47:16.027 -> C,ts_engage_write,858210368
13:47:16.122 -> C,mood_str,50
13:47:16.122 -> C,ts_engage_write,858298435
13:47:16.122 -> C,modifier,15
13:47:16.122 -> C,engage_floor,0
13:47:16.122 -> C,loop_us,222
13:47:16.216 -> [FACE] heartbeat
13:47:16.216 -> C,ts_engage_write,858386406
13:47:16.216 -> C,engage_lvl,0
13:47:16.308 -> C,ts_engage_write,858474365
13:47:16.401 -> C,ts_engage_write,858562365
13:47:16.495 -> C,ts_engage_write,858650364
13:47:16.588 -> C,ts_engage_write,858738367
13:47:16.681 -> C,ts_engage_write,858826363
13:47:16.728 -> C,ts_engage_write,858914368
13:47:16.728 -> C,engage_lvl,0
13:47:16.822 -> C,ts_engage_write,859002366
13:47:16.915 -> C,ts_engage_write,859090366
13:47:17.010 -> C,ts_engage_write,859178364
13:47:17.105 -> C,ts_engage_write,859266368
13:47:17.197 -> C,mood_str,50
13:47:17.197 -> C,ts_engage_write,859354434
13:47:17.197 -> C,modifier,15
13:47:17.197 -> C,engage_floor,0
13:47:17.197 -> C,loop_us,201
13:47:17.290 -> [FACE] heartbeat
13:47:17.290 -> C,ts_engage_write,859442408
13:47:17.290 -> C,engage_lvl,0
13:47:17.383 -> C,ts_engage_write,859530365
13:47:17.430 -> C,ts_engage_write,859618367
13:47:17.524 -> C,ts_engage_write,859706364
13:47:17.617 -> C,ts_engage_write,859794366
13:47:17.711 -> C,ts_engage_write,859882365
13:47:17.804 -> C,ts_engage_write,859970367
13:47:17.804 -> C,engage_lvl,0
13:47:17.898 -> C,ts_engage_write,860058366
13:47:17.991 -> C,ts_engage_write,860146366
13:47:18.084 -> C,ts_engage_write,860234364
13:47:18.177 -> C,ts_engage_write,860322368
13:47:18.224 -> C,mood_str,50
13:47:18.224 -> C,ts_engage_write,860410438
13:47:18.224 -> C,modifier,15
13:47:18.224 -> C,engage_floor,0
13:47:18.224 -> C,loop_us,217
13:47:18.316 -> [FACE] heartbeat
13:47:18.316 -> C,ts_engage_write,860498405
13:47:18.316 -> C,engage_lvl,0
13:47:18.412 -> C,ts_engage_write,860586363
13:47:18.506 -> C,ts_engage_write,860674363
13:47:18.600 -> C,ts_engage_write,860762361
13:47:18.693 -> C,ts_engage_write,860850366
13:47:18.785 -> C,ts_engage_write,860938362
13:47:18.878 -> C,ts_engage_write,861026365
13:47:18.878 -> C,engage_lvl,0
13:47:18.926 -> C,ts_engage_write,861114364
13:47:19.018 -> C,ts_engage_write,861202364
13:47:19.112 -> C,ts_engage_write,861290362
13:47:19.205 -> C,ts_engage_write,861378366
13:47:19.298 -> C,mood_str,50
13:47:19.298 -> C,ts_engage_write,861466432
13:47:19.298 -> C,modifier,15
13:47:19.298 -> C,engage_floor,0
13:47:19.298 -> C,loop_us,214
13:47:19.393 -> [FACE] heartbeat
13:47:19.393 -> C,ts_engage_write,861554403
13:47:19.393 -> C,engage_lvl,0
13:47:19.486 -> C,ts_engage_write,861642363
13:47:19.580 -> C,ts_engage_write,861730363
13:47:19.674 -> C,ts_engage_write,861818361
13:47:19.720 -> C,ts_engage_write,861906366
13:47:19.814 -> C,ts_engage_write,861994362
13:47:19.907 -> C,ts_engage_write,862082365
13:47:19.907 -> C,engage_lvl,0
13:47:20.000 -> C,ts_engage_write,862170364
13:47:20.094 -> C,ts_engage_write,862258364
13:47:20.186 -> C,ts_engage_write,862346362
13:47:20.280 -> C,ts_engage_write,862434366
13:47:20.373 -> C,mood_str,50
13:47:20.373 -> C,ts_engage_write,862522433
13:47:20.373 -> C,modifier,15
13:47:20.373 -> C,engage_floor,0
13:47:20.373 -> C,loop_us,199
13:47:20.465 -> [FACE] heartbeat
13:47:20.465 -> C,ts_engage_write,862610404
13:47:20.465 -> C,engage_lvl,0
13:47:20.512 -> C,ts_engage_write,862698363
13:47:20.604 -> C,ts_engage_write,862786362
13:47:20.697 -> C,ts_engage_write,862874364
13:47:20.790 -> C,ts_engage_write,862962365
13:47:20.885 -> C,ts_engage_write,863050362
13:47:20.977 -> C,ts_engage_write,863138365
13:47:20.977 -> C,engage_lvl,0
13:47:21.071 -> C,ts_engage_write,863226364
13:47:21.165 -> C,ts_engage_write,863314364
13:47:21.259 -> C,ts_engage_write,863402362
13:47:21.305 -> C,ts_engage_write,863490366
13:47:21.398 -> C,mood_str,50
13:47:21.398 -> C,ts_engage_write,863578432
13:47:21.398 -> C,modifier,15
13:47:21.398 -> C,engage_floor,0
13:47:21.398 -> C,loop_us,214
13:47:21.494 -> [FACE] heartbeat
13:47:21.494 -> C,ts_engage_write,863666405
13:47:21.494 -> C,engage_lvl,0
13:47:21.585 -> C,ts_engage_write,863754362
13:47:21.682 -> C,ts_engage_write,863842364
13:47:21.773 -> C,ts_engage_write,863930362
13:47:21.865 -> C,ts_engage_write,864018365
13:47:21.960 -> C,ts_engage_write,864106362
13:47:22.006 -> C,ts_engage_write,864194365
13:47:22.006 -> C,engage_lvl,0
13:47:22.099 -> C,ts_engage_write,864282364
13:47:22.191 -> C,ts_engage_write,864370364
13:47:22.286 -> C,ts_engage_write,864458362
13:47:22.379 -> C,ts_engage_write,864546366
13:47:22.472 -> C,mood_str,50
13:47:22.472 -> C,ts_engage_write,864634431
13:47:22.472 -> C,modifier,15
13:47:22.472 -> C,engage_floor,0
13:47:22.472 -> C,loop_us,208
13:47:22.565 -> [FACE] heartbeat
13:47:22.565 -> C,ts_engage_write,864722409
13:47:22.565 -> C,engage_lvl,0
13:47:22.658 -> C,ts_engage_write,864810364
13:47:22.750 -> C,ts_engage_write,864898366
13:47:22.798 -> C,ts_engage_write,864986364
13:47:22.893 -> C,ts_engage_write,865074367
13:47:22.986 -> C,ts_engage_write,865162364
13:47:23.079 -> C,ts_engage_write,865250367
13:47:23.079 -> C,engage_lvl,0
13:47:23.171 -> C,ts_engage_write,865338366
13:47:23.266 -> C,ts_engage_write,865426366
13:47:23.358 -> C,ts_engage_write,865514364
13:47:23.450 -> C,ts_engage_write,865602368
13:47:23.546 -> C,mood_str,50
13:47:23.546 -> C,ts_engage_write,865690434
13:47:23.546 -> C,modifier,15
13:47:23.546 -> C,engage_floor,0
13:47:23.546 -> C,loop_us,223
13:47:23.592 -> [FACE] heartbeat
13:47:23.592 -> C,ts_engage_write,865778406
13:47:23.592 -> C,engage_lvl,0
13:47:23.686 -> C,ts_engage_write,865866366
13:47:23.780 -> C,ts_engage_write,865954367
13:47:23.874 -> C,ts_engage_write,866042364
13:47:23.966 -> C,ts_engage_write,866130367
13:47:24.060 -> C,ts_engage_write,866218364
13:47:24.154 -> C,ts_engage_write,866306367
13:47:24.154 -> C,engage_lvl,0
13:47:24.249 -> C,ts_engage_write,866394366
13:47:24.296 -> C,ts_engage_write,866482366
13:47:24.389 -> C,ts_engage_write,866570364
13:47:24.482 -> C,ts_engage_write,866658368
13:47:24.577 -> C,mood_str,50
13:47:24.577 -> C,ts_engage_write,866746432
13:47:24.577 -> C,modifier,15
13:47:24.577 -> C,engage_floor,0
13:47:24.577 -> C,loop_us,219
13:47:24.669 -> [FACE] heartbeat
13:47:24.669 -> C,ts_engage_write,866834408
13:47:24.669 -> C,engage_lvl,0
13:47:24.762 -> C,ts_engage_write,866922365
13:47:24.854 -> C,ts_engage_write,867010365
13:47:24.946 -> C,ts_engage_write,867098364
13:47:25.038 -> C,ts_engage_write,867186367
13:47:25.085 -> C,ts_engage_write,867274364
13:47:25.180 -> C,ts_engage_write,867362367
13:47:25.180 -> C,engage_lvl,0
13:47:25.274 -> C,ts_engage_write,867450366
13:47:25.370 -> C,ts_engage_write,867538366
13:47:25.464 -> C,ts_engage_write,867626364
13:47:25.560 -> C,ts_engage_write,867714368
13:47:25.656 -> C,mood_str,50
13:47:25.656 -> C,ts_engage_write,867802434
13:47:25.656 -> C,modifier,15
13:47:25.656 -> C,engage_floor,0
13:47:25.656 -> C,loop_us,223
13:47:25.701 -> [FACE] heartbeat
13:47:25.701 -> C,ts_engage_write,867890407
13:47:25.701 -> C,engage_lvl,0
13:47:25.796 -> C,ts_engage_write,867978365
13:47:25.889 -> C,ts_engage_write,868066365
13:47:25.981 -> C,ts_engage_write,868154364
13:47:26.076 -> C,ts_engage_write,868242367
13:47:26.168 -> C,ts_engage_write,868330364
13:47:26.261 -> C,ts_engage_write,868418367
13:47:26.261 -> C,engage_lvl,0
13:47:26.354 -> C,ts_engage_write,868506366
13:47:26.446 -> C,ts_engage_write,868594366
13:47:26.493 -> C,ts_engage_write,868682364
13:47:26.586 -> C,ts_engage_write,868770367
13:47:26.678 -> C,mood_str,50
13:47:26.678 -> C,ts_engage_write,868858437
13:47:26.678 -> C,modifier,15
13:47:26.678 -> C,engage_floor,0
13:47:26.678 -> C,loop_us,217
13:47:26.772 -> [FACE] heartbeat
13:47:26.772 -> C,ts_engage_write,868946407
13:47:26.772 -> C,engage_lvl,0
13:47:26.865 -> C,ts_engage_write,869034365
13:47:26.959 -> C,ts_engage_write,869122365
13:47:27.054 -> C,ts_engage_write,869210364
13:47:27.148 -> C,ts_engage_write,869298367
13:47:27.243 -> C,ts_engage_write,869386364
13:47:27.290 -> C,ts_engage_write,869474367
13:47:27.290 -> C,engage_lvl,0
13:47:27.382 -> C,ts_engage_write,869562366
13:47:27.477 -> C,ts_engage_write,869650366
13:47:27.569 -> C,ts_engage_write,869738364
13:47:27.661 -> C,ts_engage_write,869826367
13:47:27.755 -> C,mood_str,50
13:47:27.755 -> C,ts_engage_write,869914437
13:47:27.755 -> C,modifier,15
13:47:27.755 -> C,engage_floor,0
13:47:27.755 -> C,loop_us,203
13:47:27.849 -> [FACE] heartbeat
13:47:27.849 -> C,ts_engage_write,870002406
13:47:27.849 -> C,engage_lvl,0
13:47:27.941 -> C,ts_engage_write,870090365
13:47:28.033 -> C,ts_engage_write,870178367
13:47:28.080 -> C,ts_engage_write,870266364
13:47:28.172 -> C,ts_engage_write,870354367
13:47:28.264 -> C,ts_engage_write,870442364
13:47:28.357 -> C,ts_engage_write,870530367
13:47:28.357 -> C,engage_lvl,0
13:47:28.451 -> C,ts_engage_write,870618366
13:47:28.545 -> C,ts_engage_write,870706366
13:47:28.638 -> C,ts_engage_write,870794363
13:47:28.731 -> C,ts_engage_write,870882369
13:47:28.823 -> C,mood_str,50
13:47:28.823 -> C,ts_engage_write,870970434
13:47:28.823 -> C,modifier,15
13:47:28.823 -> C,engage_floor,0
13:47:28.823 -> C,loop_us,200
13:47:28.870 -> [FACE] heartbeat
13:47:28.870 -> C,ts_engage_write,871058407
13:47:28.870 -> C,engage_lvl,0
13:47:28.962 -> C,ts_engage_write,871146365
13:47:29.057 -> C,ts_engage_write,871234365
13:47:29.150 -> C,ts_engage_write,871322364
13:47:29.245 -> C,ts_engage_write,871410367
13:47:29.338 -> C,ts_engage_write,871498364
13:47:29.432 -> C,ts_engage_write,871586367
13:47:29.432 -> C,engage_lvl,0
13:47:29.526 -> C,ts_engage_write,871674366
13:47:29.572 -> C,ts_engage_write,871762365
13:47:29.665 -> C,ts_engage_write,871850365
13:47:29.758 -> C,ts_engage_write,871938368
13:47:29.851 -> C,mood_str,50
13:47:29.851 -> C,ts_engage_write,872026434
13:47:29.851 -> C,modifier,15
13:47:29.851 -> C,engage_floor,0
13:47:29.851 -> C,loop_us,200
13:47:29.943 -> [FACE] heartbeat
13:47:29.943 -> C,ts_engage_write,872114405
13:47:29.943 -> C,engage_lvl,0
13:47:30.036 -> C,ts_engage_write,872202365
13:47:30.129 -> C,ts_engage_write,872290365
13:47:30.224 -> C,ts_engage_write,872378364
13:47:30.317 -> C,ts_engage_write,872466367
13:47:30.410 -> C,ts_engage_write,872554364
13:47:30.456 -> C,ts_engage_write,872642367
13:47:30.456 -> C,engage_lvl,0
13:47:30.549 -> C,ts_engage_write,872730366
13:47:30.644 -> C,ts_engage_write,872818365
13:47:30.738 -> C,ts_engage_write,872906365
13:47:30.831 -> C,ts_engage_write,872994368
13:47:30.923 -> C,mood_str,50
13:47:30.923 -> C,ts_engage_write,873082434
13:47:30.923 -> C,modifier,15
13:47:30.923 -> C,engage_floor,0
13:47:30.923 -> C,loop_us,218
13:47:31.016 -> [FACE] heartbeat
13:47:31.016 -> C,ts_engage_write,873170407
13:47:31.016 -> C,engage_lvl,0
13:47:31.111 -> C,ts_engage_write,873258365
13:47:31.157 -> C,ts_engage_write,873346365
13:47:31.249 -> C,ts_engage_write,873434364
13:47:31.343 -> C,ts_engage_write,873522367
13:47:31.435 -> C,ts_engage_write,873610364
13:47:31.530 -> C,ts_engage_write,873698367
13:47:31.530 -> C,engage_lvl,0
13:47:31.623 -> C,ts_engage_write,873786364
13:47:31.716 -> C,ts_engage_write,873874367
13:47:31.809 -> C,ts_engage_write,873962364
13:47:31.903 -> C,ts_engage_write,874050368
13:47:31.950 -> C,mood_str,50
13:47:31.950 -> C,ts_engage_write,874138434
13:47:31.950 -> C,modifier,15
13:47:31.950 -> C,engage_floor,0
13:47:31.950 -> C,loop_us,221
13:47:32.045 -> [FACE] heartbeat
13:47:32.045 -> C,ts_engage_write,874226407
13:47:32.045 -> C,engage_lvl,0
13:47:32.138 -> C,ts_engage_write,874314365
13:47:32.230 -> C,ts_engage_write,874402365
13:47:32.323 -> C,ts_engage_write,874490364
13:47:32.417 -> C,ts_engage_write,874578367
13:47:32.510 -> C,ts_engage_write,874666364
13:47:32.604 -> C,ts_engage_write,874754366
13:47:32.604 -> C,engage_lvl,0
13:47:32.696 -> C,ts_engage_write,874842367
13:47:32.742 -> C,ts_engage_write,874930366
13:47:32.835 -> C,ts_engage_write,875018364
13:47:32.930 -> C,ts_engage_write,875106368
13:47:33.022 -> C,mood_str,50
13:47:33.022 -> C,ts_engage_write,875194434
13:47:33.022 -> C,modifier,15
13:47:33.022 -> C,engage_floor,0
13:47:33.022 -> C,loop_us,201
13:47:33.116 -> [FACE] heartbeat
13:47:33.116 -> C,ts_engage_write,875282407
13:47:33.116 -> C,engage_lvl,0
13:47:33.210 -> C,ts_engage_write,875370365
13:47:33.303 -> C,ts_engage_write,875458367
13:47:33.396 -> C,ts_engage_write,875546364
13:47:33.490 -> C,ts_engage_write,875634367
13:47:33.538 -> C,ts_engage_write,875722364
13:47:33.631 -> C,ts_engage_write,875810366
13:47:33.631 -> C,engage_lvl,0
13:47:33.724 -> C,ts_engage_write,875898367
13:47:33.817 -> C,ts_engage_write,875986366
13:47:33.910 -> C,ts_engage_write,876074364
13:47:34.004 -> C,ts_engage_write,876162368
13:47:34.098 -> C,mood_str,50
13:47:34.098 -> C,ts_engage_write,876250435
13:47:34.098 -> C,modifier,15
13:47:34.098 -> C,engage_floor,0
13:47:34.098 -> C,loop_us,219
13:47:34.193 -> [FACE] heartbeat
13:47:34.193 -> C,ts_engage_write,876338407
13:47:34.193 -> C,engage_lvl,0
13:47:34.240 -> C,ts_engage_write,876426365
13:47:34.334 -> C,ts_engage_write,876514367
13:47:34.425 -> C,ts_engage_write,876602364
13:47:34.519 -> C,ts_engage_write,876690367
13:47:34.612 -> C,ts_engage_write,876778363
13:47:34.704 -> C,ts_engage_write,876866368
13:47:34.704 -> C,engage_lvl,0
13:47:34.799 -> C,ts_engage_write,876954366
13:47:34.891 -> C,ts_engage_write,877042366
13:47:34.984 -> C,ts_engage_write,877130364
13:47:35.030 -> C,ts_engage_write,877218368
13:47:35.125 -> C,mood_str,50
13:47:35.125 -> C,ts_engage_write,877306432
13:47:35.125 -> C,modifier,15
13:47:35.125 -> C,engage_floor,0
13:47:35.125 -> C,loop_us,216
13:47:35.125 -> [TOUCH] transition raw=1 pressed=1 ms=877306
13:47:35.125 -> [TOUCH] START raw=1 ms=877306
13:47:35.218 -> [FACE] heartbeat
13:47:35.218 -> C,ts_engage_write,877394418
13:47:35.218 -> C,engage_lvl,0
13:47:35.218 -> [TOUCH] transition raw=0 pressed=0 ms=877394
13:47:35.218 -> [TOUCH] RELEASE raw=0 duration=88 ms=877394
13:47:35.218 -> [TOUCH] TAP
13:47:35.218 -> [EMOTION] IDLE -> HAPPY
13:47:35.218 -> EVT:{"type":"timeline","text":"User tap interaction","tag":"touch"}
13:47:35.311 -> C,ts_engage_write,877486445
13:47:35.404 -> C,ts_engage_write,877575384
13:47:35.498 -> C,ts_engage_write,877663388
13:47:35.592 -> C,ts_engage_write,877751382
13:47:35.686 -> C,ts_engage_write,877839386
13:47:35.779 -> C,ts_engage_write,877927387
13:47:35.779 -> C,engage_lvl,0
13:47:35.872 -> C,ts_engage_write,878016392
13:47:35.918 -> C,ts_engage_write,878104388
13:47:36.012 -> C,ts_engage_write,878192385
13:47:36.107 -> C,ts_engage_write,878280386
13:47:36.200 -> C,mood_str,50
13:47:36.200 -> C,ts_engage_write,878368473
13:47:36.200 -> C,modifier,15
13:47:36.200 -> C,engage_floor,0
13:47:36.200 -> C,loop_us,258
13:47:36.295 -> [FACE] heartbeat
13:47:36.295 -> C,ts_engage_write,878457447
13:47:36.295 -> C,engage_lvl,0
13:47:36.388 -> C,ts_engage_write,878545389
13:47:36.479 -> C,ts_engage_write,878633387
13:47:36.572 -> C,ts_engage_write,878721385
13:47:36.665 -> C,ts_engage_write,878809388
13:47:36.712 -> C,ts_engage_write,878897385
13:47:36.805 -> C,ts_engage_write,878985386
13:47:36.805 -> C,engage_lvl,0
13:47:36.898 -> C,ts_engage_write,879073387
13:47:36.991 -> C,ts_engage_write,879161386
13:47:37.084 -> C,ts_engage_write,879249383
13:47:37.178 -> C,ts_engage_write,879337382
13:47:37.271 -> C,mood_str,50
13:47:37.271 -> C,ts_engage_write,879425459
13:47:37.271 -> C,modifier,15
13:47:37.271 -> C,engage_floor,0
13:47:37.271 -> C,loop_us,227
13:47:37.364 -> [FACE] heartbeat
13:47:37.364 -> C,ts_engage_write,879513434
13:47:37.364 -> C,engage_lvl,0
13:47:37.411 -> C,ts_engage_write,879601383
13:47:37.504 -> C,ts_engage_write,879689382
13:47:37.597 -> C,ts_engage_write,879777382
13:47:37.691 -> C,ts_engage_write,879865383
13:47:37.785 -> C,ts_engage_write,879953383
13:47:37.878 -> C,ts_engage_write,880041382
13:47:37.878 -> C,engage_lvl,0
13:47:37.971 -> C,ts_engage_write,880129382
13:47:38.064 -> C,ts_engage_write,880217383
13:47:38.157 -> C,ts_engage_write,880305382
13:47:38.204 -> C,ts_engage_write,880393384
13:47:38.298 -> C,mood_str,50
13:47:38.298 -> C,ts_engage_write,880481459
13:47:38.298 -> C,modifier,15
13:47:38.298 -> C,engage_floor,0
13:47:38.298 -> C,loop_us,226
13:47:38.391 -> [FACE] heartbeat
13:47:38.391 -> C,ts_engage_write,880569435
13:47:38.391 -> C,engage_lvl,0
13:47:38.485 -> C,ts_engage_write,880657383
13:47:38.577 -> C,ts_engage_write,880745381
13:47:38.669 -> C,ts_engage_write,880833382
13:47:38.761 -> C,ts_engage_write,880921383
13:47:38.854 -> C,ts_engage_write,881009382
13:47:38.946 -> C,ts_engage_write,881097384
13:47:38.946 -> C,engage_lvl,0
13:47:39.040 -> C,ts_engage_write,881185382
13:47:39.086 -> C,ts_engage_write,881273385
13:47:39.179 -> C,ts_engage_write,881361382
13:47:39.274 -> C,ts_engage_write,881449382
13:47:39.367 -> C,mood_str,50
13:47:39.367 -> C,ts_engage_write,881537460
13:47:39.367 -> C,modifier,15
13:47:39.367 -> C,engage_floor,0
13:47:39.367 -> C,loop_us,241
13:47:39.461 -> [FACE] heartbeat
13:47:39.461 -> C,ts_engage_write,881625433
13:47:39.461 -> C,engage_lvl,0
13:47:39.554 -> C,ts_engage_write,881713383
13:47:39.649 -> C,ts_engage_write,881801383
13:47:39.743 -> C,ts_engage_write,881889389
13:47:39.789 -> C,ts_engage_write,881977385
13:47:39.881 -> C,ts_engage_write,882065382
13:47:39.975 -> C,ts_engage_write,882153382
13:47:39.975 -> C,engage_lvl,0
13:47:40.055 -> C,ts_engage_write,882241382
13:47:40.146 -> C,ts_engage_write,882329383
13:47:40.239 -> [EMOTION] HAPPY -> IDLE (timeout)
13:47:40.239 -> C,ts_engage_write,882417466
13:47:40.332 -> C,ts_engage_write,882505376
13:47:40.426 -> C,mood_str,50
13:47:40.426 -> C,ts_engage_write,882593433
13:47:40.426 -> C,modifier,15
13:47:40.426 -> C,engage_floor,0
13:47:40.426 -> C,loop_us,200
13:47:40.520 -> [FACE] heartbeat
13:47:40.520 -> C,ts_engage_write,882681408
13:47:40.520 -> C,engage_lvl,0
13:47:40.614 -> C,ts_engage_write,882769365
13:47:40.708 -> C,ts_engage_write,882857369
13:47:40.755 -> C,ts_engage_write,882945367
13:47:40.847 -> C,ts_engage_write,883033367
13:47:40.941 -> C,ts_engage_write,883121366
13:47:41.035 -> C,ts_engage_write,883209368
13:47:41.035 -> C,engage_lvl,0
13:47:41.129 -> C,ts_engage_write,883297367
13:47:41.224 -> C,ts_engage_write,883385367
13:47:41.315 -> C,ts_engage_write,883473366
13:47:41.408 -> C,ts_engage_write,883561368
13:47:41.500 -> C,mood_str,50
13:47:41.500 -> C,ts_engage_write,883649434
13:47:41.500 -> C,modifier,15
13:47:41.500 -> C,engage_floor,0
13:47:41.500 -> C,loop_us,216
13:47:41.593 -> [FACE] heartbeat
13:47:41.593 -> C,ts_engage_write,883737405
13:47:41.593 -> C,engage_lvl,0
13:47:41.640 -> C,ts_engage_write,883825365
13:47:41.733 -> C,ts_engage_write,883913369
13:47:41.826 -> C,ts_engage_write,884001367
13:47:41.919 -> C,ts_engage_write,884089367
13:47:42.013 -> C,ts_engage_write,884177366
13:47:42.107 -> C,ts_engage_write,884265368
13:47:42.107 -> C,engage_lvl,0
13:47:42.200 -> C,ts_engage_write,884353367
13:47:42.293 -> C,ts_engage_write,884441367
13:47:42.340 -> C,ts_engage_write,884529366
13:47:42.434 -> C,ts_engage_write,884617368
13:47:42.526 -> C,mood_str,50
13:47:42.526 -> C,ts_engage_write,884705433
13:47:42.526 -> C,modifier,15
13:47:42.526 -> C,engage_floor,0
13:47:42.526 -> C,loop_us,197
13:47:42.617 -> [FACE] heartbeat
13:47:42.617 -> C,ts_engage_write,884793403
13:47:42.617 -> C,engage_lvl,0
13:47:42.710 -> C,ts_engage_write,884881368
13:47:42.802 -> C,ts_engage_write,884969368
13:47:42.897 -> C,ts_engage_write,885057367
13:47:42.991 -> C,ts_engage_write,885145367
13:47:43.085 -> C,ts_engage_write,885233366
13:47:43.130 -> C,ts_engage_write,885321368
13:47:43.130 -> C,engage_lvl,0
13:47:43.226 -> C,ts_engage_write,885409367
13:47:43.320 -> C,ts_engage_write,885497367
13:47:43.413 -> C,ts_engage_write,885585366
13:47:43.507 -> C,ts_engage_write,885673368
13:47:43.601 -> C,mood_str,50
13:47:43.601 -> C,ts_engage_write,885761431
13:47:43.601 -> C,modifier,15
13:47:43.601 -> C,engage_floor,0
13:47:43.601 -> C,loop_us,208
13:47:43.695 -> [FACE] heartbeat
13:47:43.695 -> C,ts_engage_write,885849405
13:47:43.695 -> C,engage_lvl,0
13:47:43.788 -> C,ts_engage_write,885937366
13:47:43.880 -> C,ts_engage_write,886025367
13:47:43.927 -> C,ts_engage_write,886113371
13:47:44.018 -> C,ts_engage_write,886201367
13:47:44.111 -> C,ts_engage_write,886289366
13:47:44.205 -> C,ts_engage_write,886377368
13:47:44.205 -> C,engage_lvl,0
13:47:44.298 -> C,ts_engage_write,886465367
13:47:44.391 -> C,ts_engage_write,886553367
13:47:44.483 -> C,ts_engage_write,886641366
13:47:44.577 -> C,ts_engage_write,886729368
13:47:44.670 -> C,mood_str,50
13:47:44.670 -> C,ts_engage_write,886817432
13:47:44.670 -> C,modifier,15
13:47:44.670 -> C,engage_floor,0
13:47:44.670 -> C,loop_us,196
13:47:44.717 -> [FACE] heartbeat
13:47:44.717 -> C,ts_engage_write,886905406
13:47:44.717 -> C,engage_lvl,0
13:47:44.810 -> C,ts_engage_write,886993366
13:47:44.905 -> C,ts_engage_write,887081367
13:47:44.998 -> C,ts_engage_write,887169367
13:47:45.091 -> C,ts_engage_write,887257367
13:47:45.184 -> C,ts_engage_write,887345366
13:47:45.277 -> C,ts_engage_write,887433368
13:47:45.277 -> C,engage_lvl,0
13:47:45.371 -> C,ts_engage_write,887521367
13:47:45.464 -> C,ts_engage_write,887609367
13:47:45.510 -> C,ts_engage_write,887697366
13:47:45.604 -> C,ts_engage_write,887785367
13:47:45.697 -> C,mood_str,50
13:47:45.697 -> C,ts_engage_write,887873437
13:47:45.697 -> C,modifier,15
13:47:45.697 -> C,engage_floor,0
13:47:45.697 -> C,loop_us,212
13:47:45.791 -> [FACE] heartbeat
13:47:45.791 -> C,ts_engage_write,887961405
13:47:45.791 -> C,engage_lvl,0
13:47:45.884 -> C,ts_engage_write,888049366
13:47:45.976 -> C,ts_engage_write,888137368
13:47:46.068 -> C,ts_engage_write,888225367
13:47:46.162 -> C,ts_engage_write,888313367
13:47:46.257 -> C,ts_engage_write,888401366
13:47:46.304 -> C,ts_engage_write,888489368
13:47:46.304 -> C,engage_lvl,0
13:47:46.396 -> C,ts_engage_write,888577367
13:47:46.489 -> C,ts_engage_write,888665367
13:47:46.582 -> C,ts_engage_write,888753365
13:47:46.675 -> C,ts_engage_write,888841369
13:47:46.769 -> C,mood_str,50
13:47:46.769 -> C,ts_engage_write,888929434
13:47:46.769 -> C,modifier,15
13:47:46.769 -> C,engage_floor,0
13:47:46.769 -> C,loop_us,198
13:47:46.864 -> [FACE] heartbeat
13:47:46.864 -> C,ts_engage_write,889017404
13:47:46.864 -> C,engage_lvl,0
13:47:46.957 -> C,ts_engage_write,889105366
13:47:47.003 -> C,ts_engage_write,889193367
13:47:47.095 -> C,ts_engage_write,889281367
13:47:47.189 -> C,ts_engage_write,889369367
13:47:47.284 -> C,ts_engage_write,889457366
13:47:47.378 -> C,ts_engage_write,889545368
13:47:47.378 -> C,engage_lvl,0
13:47:47.472 -> C,ts_engage_write,889633367
13:47:47.565 -> C,ts_engage_write,889721367
13:47:47.658 -> C,ts_engage_write,889809365
13:47:47.750 -> C,ts_engage_write,889897369
13:47:47.798 -> C,mood_str,50
13:47:47.798 -> C,ts_engage_write,889985432
13:47:47.798 -> C,modifier,15
13:47:47.798 -> C,engage_floor,0
13:47:47.798 -> C,loop_us,219
13:47:47.891 -> [FACE] heartbeat
13:47:47.891 -> C,ts_engage_write,890073404
13:47:47.891 -> C,engage_lvl,0
13:47:47.985 -> C,ts_engage_write,890161366
13:47:48.077 -> C,ts_engage_write,890249368
13:47:48.171 -> C,ts_engage_write,890337367
13:47:48.263 -> C,ts_engage_write,890425367
13:47:48.358 -> C,ts_engage_write,890513366
13:47:48.451 -> C,ts_engage_write,890601368
13:47:48.451 -> C,engage_lvl,0
13:47:48.544 -> C,ts_engage_write,890689367
13:47:48.592 -> C,ts_engage_write,890777366
13:47:48.685 -> C,ts_engage_write,890865368
13:47:48.778 -> C,ts_engage_write,890953368
13:47:48.870 -> C,mood_str,50
13:47:48.870 -> C,ts_engage_write,891041432
13:47:48.870 -> C,modifier,15
13:47:48.870 -> C,engage_floor,0
13:47:48.870 -> C,loop_us,196
13:47:48.964 -> [FACE] heartbeat
13:47:48.964 -> C,ts_engage_write,891129405
13:47:48.964 -> C,engage_lvl,0
13:47:49.056 -> C,ts_engage_write,891217365
13:47:49.150 -> C,ts_engage_write,891305367
13:47:49.242 -> C,ts_engage_write,891393367
13:47:49.336 -> C,ts_engage_write,891481367
13:47:49.382 -> C,ts_engage_write,891569366
13:47:49.474 -> C,ts_engage_write,891657368
13:47:49.474 -> C,engage_lvl,0
13:47:49.566 -> C,ts_engage_write,891745365
13:47:49.659 -> C,ts_engage_write,891833369
13:47:49.751 -> C,ts_engage_write,891921366
13:47:49.844 -> C,ts_engage_write,892009368
13:47:49.938 -> C,mood_str,50
13:47:49.938 -> C,ts_engage_write,892097433
13:47:49.938 -> C,modifier,15
13:47:49.938 -> C,engage_floor,0
13:47:49.938 -> C,loop_us,197
13:47:50.031 -> [FACE] heartbeat
13:47:50.031 -> C,ts_engage_write,892185404
13:47:50.031 -> C,engage_lvl,0
13:47:50.124 -> C,ts_engage_write,892273366
13:47:50.171 -> C,ts_engage_write,892361368
13:47:50.264 -> C,ts_engage_write,892449367
13:47:50.357 -> C,ts_engage_write,892537367
13:47:50.451 -> C,ts_engage_write,892625366
13:47:50.544 -> C,ts_engage_write,892713368
13:47:50.544 -> C,engage_lvl,0
13:47:50.638 -> C,ts_engage_write,892801366
13:47:50.730 -> C,ts_engage_write,892889369
13:47:50.824 -> C,ts_engage_write,892977366
13:47:50.824 -> [TOUCH] transition raw=1 pressed=1 ms=892977
13:47:50.824 -> [TOUCH] START raw=1 ms=892977
13:47:50.916 -> C,ts_engage_write,893065376
13:47:50.962 -> C,mood_str,50
13:47:50.962 -> C,ts_engage_write,893153434
13:47:50.962 -> C,modifier,15
13:47:50.962 -> C,engage_floor,0
13:47:50.962 -> C,loop_us,216
13:47:50.962 -> [TOUCH] transition raw=0 pressed=0 ms=893153
13:47:51.010 -> [TOUCH] RELEASE raw=0 duration=176 ms=893153
13:47:51.010 -> [TOUCH] TAP
13:47:51.010 -> [EMOTION] IDLE -> EXCITED
13:47:51.010 -> EVT:{"type":"timeline","text":"User tap interaction","tag":"touch"}
13:47:51.057 -> [FACE] heartbeat
13:47:51.057 -> C,ts_engage_write,893245516
13:47:51.057 -> C,engage_lvl,0
13:47:51.150 -> C,ts_engage_write,893333390
13:47:51.243 -> C,ts_engage_write,893421390
13:47:51.335 -> C,ts_engage_write,893509389
13:47:51.429 -> C,ts_engage_write,893597392
13:47:51.522 -> C,ts_engage_write,893685392
13:47:51.615 -> C,ts_engage_write,893773385
13:47:51.615 -> C,engage_lvl,0
13:47:51.708 -> C,ts_engage_write,893861393
13:47:51.801 -> C,ts_engage_write,893949391
13:47:51.848 -> C,ts_engage_write,894037389
13:47:51.943 -> C,ts_engage_write,894125391
13:47:52.036 -> C,mood_str,50
13:47:52.036 -> C,ts_engage_write,894213481
13:47:52.036 -> C,modifier,15
13:47:52.036 -> C,engage_floor,0
13:47:52.036 -> C,loop_us,274
13:47:52.128 -> [FACE] heartbeat
13:47:52.128 -> C,ts_engage_write,894301449
13:47:52.128 -> C,engage_lvl,0
13:47:52.219 -> C,ts_engage_write,894389389
13:47:52.312 -> C,ts_engage_write,894477394
13:47:52.405 -> C,ts_engage_write,894565389
13:47:52.498 -> C,ts_engage_write,894653390
13:47:52.591 -> C,ts_engage_write,894741394
13:47:52.684 -> C,ts_engage_write,894829388
13:47:52.684 -> C,engage_lvl,0
13:47:52.731 -> C,ts_engage_write,894917391
13:47:52.825 -> C,ts_engage_write,895005388
13:47:52.919 -> C,ts_engage_write,895093385
13:47:53.011 -> C,ts_engage_write,895181383
13:47:53.104 -> C,mood_str,50
13:47:53.104 -> C,ts_engage_write,895269466
13:47:53.104 -> C,modifier,15
13:47:53.104 -> C,engage_floor,0
13:47:53.104 -> C,loop_us,253
13:47:53.196 -> [FACE] heartbeat
13:47:53.196 -> C,ts_engage_write,895357447
13:47:53.196 -> C,engage_lvl,0
13:47:53.291 -> C,ts_engage_write,895445384
13:47:53.385 -> C,ts_engage_write,895533380
13:47:53.432 -> C,ts_engage_write,895621380
13:47:53.526 -> C,ts_engage_write,895709384
13:47:53.618 -> C,ts_engage_write,895797378
13:47:53.711 -> C,ts_engage_write,895885382
13:47:53.711 -> C,engage_lvl,0
13:47:53.804 -> C,ts_engage_write,895973384
13:47:53.898 -> C,ts_engage_write,896061380
13:47:53.991 -> C,ts_engage_write,896149380
13:47:54.084 -> C,ts_engage_write,896237381
13:47:54.177 -> C,mood_str,50
13:47:54.177 -> C,ts_engage_write,896325464
13:47:54.177 -> C,modifier,15
13:47:54.177 -> C,engage_floor,0
13:47:54.177 -> C,loop_us,252
13:47:54.223 -> [FACE] heartbeat
13:47:54.223 -> C,ts_engage_write,896413437
13:47:54.223 -> C,engage_lvl,0
13:47:54.315 -> C,ts_engage_write,896501379
13:47:54.408 -> C,ts_engage_write,896589383
13:47:54.502 -> C,ts_engage_write,896677381
13:47:54.594 -> C,ts_engage_write,896765379
13:47:54.688 -> C,ts_engage_write,896853382
13:47:54.782 -> C,ts_engage_write,896941380
13:47:54.782 -> C,engage_lvl,0
13:47:54.875 -> C,ts_engage_write,897029381
13:47:54.968 -> C,ts_engage_write,897117380
13:47:55.015 -> C,ts_engage_write,897205379
13:47:55.109 -> C,ts_engage_write,897293383
13:47:55.204 -> C,mood_str,50
13:47:55.204 -> C,ts_engage_write,897381463
13:47:55.204 -> C,modifier,15
13:47:55.204 -> C,engage_floor,0
13:47:55.204 -> C,loop_us,235
13:47:55.297 -> [FACE] heartbeat
13:47:55.297 -> C,ts_engage_write,897469434
13:47:55.297 -> C,engage_lvl,0
13:47:55.390 -> C,ts_engage_write,897557381
13:47:55.482 -> C,ts_engage_write,897645383
13:47:55.575 -> C,ts_engage_write,897733379
13:47:55.669 -> C,ts_engage_write,897821378
13:47:55.763 -> C,ts_engage_write,897909382
13:47:55.812 -> C,ts_engage_write,897997383
13:47:55.812 -> C,engage_lvl,0
13:47:55.902 -> C,ts_engage_write,898085381
13:47:55.997 -> [EMOTION] EXCITED -> IDLE (timeout)
13:47:55.997 -> C,ts_engage_write,898173470
13:47:56.091 -> C,ts_engage_write,898261371
13:47:56.184 -> C,ts_engage_write,898349366
13:47:56.277 -> C,mood_str,50
13:47:56.277 -> C,ts_engage_write,898437430
13:47:56.277 -> C,modifier,15
13:47:56.277 -> C,engage_floor,0
13:47:56.277 -> C,loop_us,201
13:47:56.371 -> [FACE] heartbeat
13:47:56.371 -> C,ts_engage_write,898525413
13:47:56.371 -> C,engage_lvl,0
13:47:56.464 -> C,ts_engage_write,898613366
13:47:56.510 -> C,ts_engage_write,898701365
13:47:56.602 -> C,ts_engage_write,898789366
13:47:56.695 -> C,ts_engage_write,898877367
13:47:56.788 -> C,ts_engage_write,898965366
13:47:56.881 -> C,ts_engage_write,899053366
13:47:56.881 -> C,engage_lvl,0
13:47:56.976 -> C,ts_engage_write,899141366
13:47:57.069 -> C,ts_engage_write,899229364
13:47:57.160 -> C,ts_engage_write,899317367
13:47:57.253 -> C,ts_engage_write,899405365
13:47:57.346 -> C,mood_str,50
13:47:57.346 -> C,ts_engage_write,899493446
13:47:57.346 -> C,modifier,15
13:47:57.346 -> C,engage_floor,0
13:47:57.346 -> C,loop_us,217
13:47:57.393 -> [FACE] heartbeat
13:47:57.393 -> C,ts_engage_write,899581406
13:47:57.393 -> C,engage_lvl,0
13:47:57.485 -> C,ts_engage_write,899669363
13:47:57.577 -> C,ts_engage_write,899757363
13:47:57.669 -> C,ts_engage_write,899845366
13:47:57.762 -> C,ts_engage_write,899933363
13:47:57.855 -> C,ts_engage_write,900021363
13:47:57.949 -> C,ts_engage_write,900109365
13:47:57.949 -> C,engage_lvl,0
13:47:58.042 -> C,ts_engage_write,900197363
13:47:58.135 -> C,ts_engage_write,900285363
13:47:58.229 -> C,ts_engage_write,900373364
13:47:58.276 -> C,ts_engage_write,900461364
13:47:58.368 -> C,mood_str,50
13:47:58.368 -> C,dom_touch,99
13:47:58.368 -> C,dom_sec,0
13:47:58.368 -> [MEM] tick: records=7 strength=99
13:47:58.368 -> C,rec_count,7
13:47:58.368 -> C,ts_engage_write,900549517
13:47:58.368 -> C,modifier,15
13:47:58.368 -> C,engage_floor,0
13:47:58.368 -> C,loop_us,294
13:47:58.462 -> [FACE] heartbeat
13:47:58.462 -> C,ts_engage_write,900637411
13:47:58.462 -> C,engage_lvl,0
13:47:58.555 -> C,ts_engage_write,900725363
13:47:58.648 -> C,ts_engage_write,900813363
13:47:58.743 -> C,ts_engage_write,900901367
13:47:58.837 -> C,ts_engage_write,900994060
13:47:58.930 -> C,ts_engage_write,901082409
13:47:59.024 -> C,ts_engage_write,901170368
13:47:59.024 -> C,engage_lvl,0
13:47:59.071 -> C,ts_engage_write,901258369
13:47:59.163 -> C,ts_engage_write,901349733
13:47:59.257 -> C,ts_engage_write,901437400
13:47:59.350 -> C,ts_engage_write,901525369
13:47:59.444 -> C,mood_str,50
13:47:59.444 -> C,ts_engage_write,901613442
13:47:59.444 -> C,modifier,15
13:47:59.444 -> C,engage_floor,0
13:47:59.444 -> C,loop_us,210
13:47:59.536 -> [FACE] heartbeat
13:47:59.536 -> C,ts_engage_write,901701410
13:47:59.536 -> C,engage_lvl,0
13:47:59.628 -> C,ts_engage_write,901789366
13:47:59.720 -> C,ts_engage_write,901877370
13:47:59.813 -> C,ts_engage_write,901965367
13:47:59.906 -> C,ts_engage_write,902053369
13:47:59.954 -> C,ts_engage_write,902141367
13:48:00.047 -> C,ts_engage_write,902229369
13:48:00.047 -> C,engage_lvl,0
13:48:00.140 -> C,ts_engage_write,902317367
13:48:00.232 -> C,ts_engage_write,902405369
13:48:00.325 -> C,ts_engage_write,902493367
13:48:00.418 -> C,ts_engage_write,902581369
13:48:00.511 -> C,mood_str,50
13:48:00.511 -> C,ts_engage_write,902669432
13:48:00.511 -> C,modifier,15
13:48:00.511 -> C,engage_floor,0
13:48:00.511 -> C,loop_us,228
13:48:00.605 -> [FACE] heartbeat
13:48:00.605 -> C,ts_engage_write,902757410
13:48:00.605 -> C,engage_lvl,0
13:48:00.698 -> C,ts_engage_write,902845369
13:48:00.744 -> C,ts_engage_write,902933369
13:48:00.837 -> C,ts_engage_write,903021368
13:48:00.929 -> C,ts_engage_write,903109369
13:48:01.022 -> C,ts_engage_write,903197367
13:48:01.114 -> C,ts_engage_write,903285369
13:48:01.114 -> C,engage_lvl,0
13:48:01.207 -> C,ts_engage_write,903373368
13:48:01.299 -> C,ts_engage_write,903461369
13:48:01.392 -> C,ts_engage_write,903549367
13:48:01.485 -> C,ts_engage_write,903637369
13:48:01.578 -> C,mood_str,50
13:48:01.578 -> C,ts_engage_write,903725433
13:48:01.578 -> C,modifier,15
13:48:01.578 -> C,engage_floor,0
13:48:01.578 -> C,loop_us,227
13:48:01.624 -> [FACE] heartbeat
13:48:01.624 -> C,ts_engage_write,903813408
13:48:01.624 -> C,engage_lvl,0
13:48:01.717 -> C,ts_engage_write,903901369
13:48:01.809 -> C,ts_engage_write,903989369
13:48:01.902 -> C,ts_engage_write,904077368
13:48:01.996 -> C,ts_engage_write,904165369
13:48:02.089 -> C,ts_engage_write,904253367
13:48:02.182 -> C,ts_engage_write,904341369
13:48:02.182 -> C,engage_lvl,0
13:48:02.276 -> C,ts_engage_write,904429368
13:48:02.368 -> C,ts_engage_write,904517369
13:48:02.415 -> C,ts_engage_write,904605367
13:48:02.507 -> C,ts_engage_write,904693369
13:48:02.599 -> C,mood_str,50
13:48:02.599 -> C,ts_engage_write,904781442
13:48:02.599 -> C,modifier,15
13:48:02.599 -> C,engage_floor,0
13:48:02.599 -> C,loop_us,222
13:48:02.692 -> [FACE] heartbeat
13:48:02.692 -> C,ts_engage_write,904869405
13:48:02.692 -> C,engage_lvl,0
13:48:02.785 -> C,ts_engage_write,904957365
13:48:02.878 -> C,ts_engage_write,905045366
13:48:02.971 -> C,ts_engage_write,905133366
13:48:03.063 -> C,ts_engage_write,905221366
13:48:03.156 -> C,ts_engage_write,905309365
13:48:03.249 -> C,ts_engage_write,905397367
13:48:03.249 -> C,engage_lvl,0
13:48:03.295 -> C,ts_engage_write,905485366
13:48:03.388 -> C,ts_engage_write,905573366
13:48:03.483 -> C,ts_engage_write,905661365
13:48:03.576 -> C,ts_engage_write,905749366
13:48:03.668 -> C,mood_str,50
13:48:03.668 -> C,ts_engage_write,905837434
13:48:03.668 -> C,modifier,15
13:48:03.668 -> C,engage_floor,0
13:48:03.668 -> C,loop_us,224
13:48:03.761 -> [FACE] heartbeat
13:48:03.761 -> C,ts_engage_write,905925409
13:48:03.761 -> C,engage_lvl,0
13:48:03.854 -> C,ts_engage_write,906013365
13:48:03.947 -> C,ts_engage_write,906101366
13:48:04.040 -> C,ts_engage_write,906189366
13:48:04.086 -> C,ts_engage_write,906277366
13:48:04.181 -> C,ts_engage_write,906365365
13:48:04.275 -> C,ts_engage_write,906453367
13:48:04.275 -> C,engage_lvl,0
13:48:04.368 -> C,ts_engage_write,906541366
13:48:04.462 -> C,ts_engage_write,906629366
13:48:04.555 -> C,ts_engage_write,906717365
13:48:04.648 -> C,ts_engage_write,906805366
13:48:04.742 -> C,mood_str,50
13:48:04.742 -> C,ts_engage_write,906893434
13:48:04.742 -> C,modifier,15
13:48:04.742 -> C,engage_floor,0
13:48:04.742 -> C,loop_us,224
13:48:04.834 -> [FACE] heartbeat
13:48:04.834 -> C,ts_engage_write,906981405
13:48:04.834 -> C,engage_lvl,0
13:48:04.881 -> C,ts_engage_write,907069365
13:48:04.974 -> C,ts_engage_write,907157366
13:48:05.067 -> C,ts_engage_write,907245366
13:48:05.159 -> C,ts_engage_write,907333366
13:48:05.254 -> C,ts_engage_write,907421365
13:48:05.347 -> C,ts_engage_write,907509367
13:48:05.347 -> C,engage_lvl,0
13:48:05.439 -> C,ts_engage_write,907597366
13:48:05.532 -> C,ts_engage_write,907685366
13:48:05.626 -> C,ts_engage_write,907773364
13:48:05.672 -> C,ts_engage_write,907861371
13:48:05.766 -> C,mood_str,50
13:48:05.766 -> C,ts_engage_write,907949442
13:48:05.766 -> C,modifier,15
13:48:05.766 -> C,engage_floor,0
13:48:05.766 -> C,loop_us,218
13:48:05.859 -> [FACE] heartbeat
13:48:05.859 -> C,ts_engage_write,908037402
13:48:05.859 -> C,engage_lvl,0
13:48:05.952 -> C,ts_engage_write,908125365
13:48:06.046 -> C,ts_engage_write,908213367
13:48:06.140 -> C,ts_engage_write,908301366
13:48:06.232 -> C,ts_engage_write,908389366
13:48:06.325 -> C,ts_engage_write,908477365
13:48:06.418 -> C,ts_engage_write,908565367
13:48:06.418 -> C,engage_lvl,0
13:48:06.465 -> C,ts_engage_write,908653366
13:48:06.557 -> C,ts_engage_write,908741366
13:48:06.649 -> C,ts_engage_write,908829364
13:48:06.744 -> C,ts_engage_write,908917368
13:48:06.836 -> C,mood_str,50
13:48:06.836 -> C,ts_engage_write,909005433
13:48:06.836 -> C,modifier,15
13:48:06.836 -> C,engage_floor,0
13:48:06.836 -> C,loop_us,215
13:48:06.930 -> [FACE] heartbeat
13:48:06.930 -> C,ts_engage_write,909093403
13:48:06.930 -> C,engage_lvl,0
13:48:07.024 -> C,ts_engage_write,909181365
13:48:07.116 -> C,ts_engage_write,909269367
13:48:07.210 -> C,ts_engage_write,909357366
13:48:07.258 -> C,ts_engage_write,909445366
13:48:07.350 -> C,ts_engage_write,909533365
13:48:07.443 -> C,ts_engage_write,909621367
13:48:07.443 -> C,engage_lvl,0
13:48:07.536 -> C,ts_engage_write,909709366
13:48:07.630 -> C,ts_engage_write,909797365
13:48:07.725 -> C,ts_engage_write,909885367
13:48:07.818 -> C,ts_engage_write,909973367
13:48:07.910 -> C,mood_str,50
13:48:07.910 -> C,ts_engage_write,910061434
13:48:07.910 -> C,modifier,15
13:48:07.910 -> C,engage_floor,0
13:48:07.910 -> C,loop_us,224
13:48:08.002 -> [FACE] heartbeat
13:48:08.002 -> C,ts_engage_write,910149404
13:48:08.002 -> C,engage_lvl,0
13:48:08.048 -> C,ts_engage_write,910237365
13:48:08.141 -> C,ts_engage_write,910325366
13:48:08.233 -> C,ts_engage_write,910413366
13:48:08.325 -> C,ts_engage_write,910501366
13:48:08.421 -> C,ts_engage_write,910589365
13:48:08.515 -> C,ts_engage_write,910677367
13:48:08.515 -> C,engage_lvl,0
13:48:08.609 -> C,ts_engage_write,910765364
13:48:08.702 -> C,ts_engage_write,910853367
13:48:08.795 -> C,ts_engage_write,910941365
13:48:08.841 -> C,ts_engage_write,911029367
13:48:08.935 -> C,mood_str,50
13:48:08.935 -> C,ts_engage_write,911117433
13:48:08.935 -> C,modifier,15
13:48:08.935 -> C,engage_floor,0
13:48:08.935 -> C,loop_us,218
13:48:09.028 -> [FACE] heartbeat
13:48:09.028 -> C,ts_engage_write,911205405
13:48:09.028 -> C,engage_lvl,0
13:48:09.121 -> C,ts_engage_write,911293367
13:48:09.212 -> C,ts_engage_write,911381368
13:48:09.306 -> C,ts_engage_write,911469368
13:48:09.400 -> C,ts_engage_write,911557369
13:48:09.493 -> C,ts_engage_write,911645367
13:48:09.586 -> C,ts_engage_write,911733369
13:48:09.586 -> C,engage_lvl,0
13:48:09.634 -> C,ts_engage_write,911821367
13:48:09.726 -> C,ts_engage_write,911909370
13:48:09.818 -> C,ts_engage_write,911997367
13:48:09.912 -> C,ts_engage_write,912085369
13:48:10.005 -> C,mood_str,50
13:48:10.005 -> C,ts_engage_write,912173436
13:48:10.005 -> C,modifier,15
13:48:10.005 -> C,engage_floor,0
13:48:10.005 -> C,loop_us,204
13:48:10.098 -> [FACE] heartbeat
13:48:10.098 -> C,ts_engage_write,912261405
13:48:10.098 -> C,engage_lvl,0
13:48:10.191 -> C,ts_engage_write,912349367
13:48:10.286 -> C,ts_engage_write,912437368
13:48:10.378 -> C,ts_engage_write,912525368
13:48:10.425 -> C,ts_engage_write,912613369
13:48:10.519 -> C,ts_engage_write,912701367
13:48:10.612 -> C,ts_engage_write,912789368
13:48:10.612 -> C,engage_lvl,0
13:48:10.705 -> C,ts_engage_write,912877369
13:48:10.798 -> C,ts_engage_write,912965369
13:48:10.891 -> C,ts_engage_write,913053367
13:48:10.985 -> C,ts_engage_write,913141369
13:48:11.078 -> C,mood_str,50
13:48:11.078 -> C,ts_engage_write,913229436
13:48:11.078 -> C,modifier,15
13:48:11.078 -> C,engage_floor,0
13:48:11.078 -> C,loop_us,203
13:48:11.171 -> [FACE] heartbeat
13:48:11.171 -> C,ts_engage_write,913317404
13:48:11.171 -> C,engage_lvl,0
13:48:11.218 -> C,ts_engage_write,913405367
13:48:11.312 -> C,ts_engage_write,913493368
13:48:11.403 -> C,ts_engage_write,913581368
13:48:11.495 -> C,ts_engage_write,913669369
13:48:11.588 -> C,ts_engage_write,913757366
13:48:11.682 -> C,ts_engage_write,913845371
13:48:11.682 -> C,engage_lvl,0
13:48:11.775 -> C,ts_engage_write,913933368
13:48:11.867 -> C,ts_engage_write,914021369
13:48:11.960 -> C,ts_engage_write,914109367
13:48:12.007 -> C,ts_engage_write,914197369
13:48:12.099 -> C,mood_str,50
13:48:12.099 -> C,ts_engage_write,914285437
13:48:12.099 -> C,modifier,15
13:48:12.099 -> C,engage_floor,0
13:48:12.099 -> C,loop_us,217
13:48:12.193 -> [FACE] heartbeat
13:48:12.193 -> C,ts_engage_write,914373399
13:48:12.193 -> C,engage_lvl,0
13:48:12.287 -> C,ts_engage_write,914461367
13:48:12.381 -> C,ts_engage_write,914549368
13:48:12.473 -> C,ts_engage_write,914637368
13:48:12.566 -> C,ts_engage_write,914725369
13:48:12.659 -> C,ts_engage_write,914813366
13:48:12.751 -> C,ts_engage_write,914901371
13:48:12.751 -> C,engage_lvl,0
13:48:12.798 -> C,ts_engage_write,914989368
13:48:12.891 -> C,ts_engage_write,915077369
13:48:12.984 -> C,ts_engage_write,915165367
13:48:13.078 -> C,ts_engage_write,915253369
13:48:13.172 -> C,mood_str,50
13:48:13.172 -> C,ts_engage_write,915341436
13:48:13.172 -> C,modifier,15
13:48:13.172 -> C,engage_floor,0
13:48:13.172 -> C,loop_us,203
13:48:13.264 -> [FACE] heartbeat
13:48:13.264 -> C,ts_engage_write,915429399
13:48:13.264 -> C,engage_lvl,0
13:48:13.356 -> C,ts_engage_write,915517367
13:48:13.450 -> C,ts_engage_write,915605369
13:48:13.543 -> C,ts_engage_write,915693368
13:48:13.635 -> C,ts_engage_write,915781367
13:48:13.681 -> C,ts_engage_write,915869369
13:48:13.774 -> C,ts_engage_write,915957369
13:48:13.774 -> C,engage_lvl,0
13:48:13.867 -> C,ts_engage_write,916045368
13:48:13.960 -> C,ts_engage_write,916133369
13:48:14.054 -> C,ts_engage_write,916221367
13:48:14.147 -> C,ts_engage_write,916309369
13:48:14.240 -> C,mood_str,50
13:48:14.240 -> C,ts_engage_write,916397428
13:48:14.240 -> C,modifier,15
13:48:14.240 -> C,engage_floor,0
13:48:14.240 -> C,loop_us,206
13:48:14.333 -> [FACE] heartbeat
13:48:14.333 -> C,ts_engage_write,916485404
13:48:14.333 -> C,engage_lvl,0
13:48:14.426 -> C,ts_engage_write,916573367
13:48:14.472 -> C,ts_engage_write,916661369
13:48:14.566 -> C,ts_engage_write,916749366
13:48:14.658 -> C,ts_engage_write,916837370
13:48:14.750 -> C,ts_engage_write,916925367
13:48:14.844 -> C,ts_engage_write,917013369
13:48:14.844 -> C,engage_lvl,0
13:48:14.938 -> C,ts_engage_write,917101368
13:48:15.029 -> C,ts_engage_write,917189369
13:48:15.122 -> C,ts_engage_write,917277367
13:48:15.216 -> C,ts_engage_write,917365369
13:48:15.263 -> C,mood_str,50
13:48:15.263 -> C,ts_engage_write,917453428
13:48:15.263 -> C,modifier,15
13:48:15.263 -> C,engage_floor,0
13:48:15.263 -> C,loop_us,208
13:48:15.357 -> [FACE] heartbeat
13:48:15.357 -> C,ts_engage_write,917541408
13:48:15.357 -> C,engage_lvl,0
13:48:15.450 -> C,ts_engage_write,917629367
13:48:15.544 -> C,ts_engage_write,917717369
13:48:15.636 -> C,ts_engage_write,917805367
13:48:15.728 -> C,ts_engage_write,917893370
13:48:15.821 -> C,ts_engage_write,917981367
13:48:15.914 -> C,ts_engage_write,918069369
13:48:15.914 -> C,engage_lvl,0
13:48:16.006 -> C,ts_engage_write,918157368
13:48:16.053 -> C,ts_engage_write,918245369
13:48:16.146 -> C,ts_engage_write,918333367
13:48:16.240 -> C,ts_engage_write,918421369
13:48:16.334 -> C,mood_str,50
13:48:16.334 -> C,ts_engage_write,918509428
13:48:16.334 -> C,modifier,15
13:48:16.334 -> C,engage_floor,0
13:48:16.334 -> C,loop_us,211
13:48:16.428 -> [FACE] heartbeat
13:48:16.428 -> C,ts_engage_write,918597410
13:48:16.428 -> C,engage_lvl,0
13:48:16.520 -> C,ts_engage_write,918685366
13:48:16.613 -> C,ts_engage_write,918773367
13:48:16.707 -> C,ts_engage_write,918861369
13:48:16.800 -> C,ts_engage_write,918949369
13:48:16.846 -> C,ts_engage_write,919037367
13:48:16.940 -> C,ts_engage_write,919125369
13:48:16.940 -> C,engage_lvl,0
13:48:17.033 -> C,ts_engage_write,919213368
13:48:17.125 -> C,ts_engage_write,919301369
13:48:17.218 -> C,ts_engage_write,919389367
13:48:17.310 -> C,ts_engage_write,919477369
13:48:17.402 -> C,mood_str,50
13:48:17.402 -> C,ts_engage_write,919565428
13:48:17.402 -> C,modifier,15
13:48:17.402 -> C,engage_floor,0
13:48:17.402 -> C,loop_us,209
13:48:17.495 -> [FACE] heartbeat
13:48:17.495 -> C,ts_engage_write,919653404
13:48:17.495 -> C,engage_lvl,0
13:48:17.588 -> C,ts_engage_write,919741367
13:48:17.681 -> C,ts_engage_write,919829367
13:48:17.729 -> C,ts_engage_write,919917369
13:48:17.821 -> C,ts_engage_write,920005369
13:48:17.913 -> C,ts_engage_write,920093367
13:48:18.007 -> C,ts_engage_write,920181369
13:48:18.007 -> C,engage_lvl,0
13:48:18.101 -> C,ts_engage_write,920269368
13:48:18.195 -> C,ts_engage_write,920357369
13:48:18.289 -> C,ts_engage_write,920445367
13:48:18.383 -> C,ts_engage_write,920533369
13:48:18.474 -> C,mood_str,50
13:48:18.474 -> C,ts_engage_write,920621433
13:48:18.474 -> C,modifier,15
13:48:18.474 -> C,engage_floor,0
13:48:18.474 -> C,loop_us,217
13:48:18.520 -> [FACE] heartbeat
13:48:18.520 -> C,ts_engage_write,920709405
13:48:18.520 -> C,engage_lvl,0
13:48:18.613 -> C,ts_engage_write,920797366
13:48:18.707 -> C,ts_engage_write,920885369
13:48:18.799 -> C,ts_engage_write,920973368
13:48:18.891 -> C,ts_engage_write,921061369
13:48:18.985 -> C,ts_engage_write,921149367
13:48:19.078 -> C,ts_engage_write,921237369
13:48:19.078 -> C,engage_lvl,0
13:48:19.169 -> C,ts_engage_write,921325368
13:48:19.262 -> C,ts_engage_write,921413369
13:48:19.354 -> C,ts_engage_write,921501367
13:48:19.401 -> C,ts_engage_write,921589369
13:48:19.494 -> C,mood_str,50
13:48:19.494 -> C,ts_engage_write,921677434
13:48:19.494 -> C,modifier,15
13:48:19.494 -> C,engage_floor,0
13:48:19.494 -> C,loop_us,201
13:48:19.588 -> [FACE] heartbeat
13:48:19.588 -> C,ts_engage_write,921765403
13:48:19.588 -> C,engage_lvl,0
13:48:19.679 -> C,ts_engage_write,921853369
13:48:19.772 -> C,ts_engage_write,921941368
13:48:19.865 -> C,ts_engage_write,922029368
13:48:19.958 -> C,ts_engage_write,922117369
13:48:20.053 -> C,ts_engage_write,922205367
13:48:20.147 -> C,ts_engage_write,922293369
13:48:20.147 -> C,engage_lvl,0
13:48:20.193 -> C,ts_engage_write,922381368
13:48:20.286 -> C,ts_engage_write,922469369
13:48:20.379 -> C,ts_engage_write,922557367
13:48:20.472 -> C,ts_engage_write,922645369
13:48:20.566 -> C,mood_str,50
13:48:20.566 -> C,ts_engage_write,922733435
13:48:20.566 -> C,modifier,15
13:48:20.566 -> C,engage_floor,0
13:48:20.566 -> C,loop_us,202
13:48:20.658 -> [FACE] heartbeat
13:48:20.658 -> C,ts_engage_write,922821404
13:48:20.658 -> C,engage_lvl,0
13:48:20.752 -> C,ts_engage_write,922909369
13:48:20.845 -> C,ts_engage_write,922997368
13:48:20.939 -> C,ts_engage_write,923085368
13:48:20.985 -> C,ts_engage_write,923173369
13:48:21.077 -> C,ts_engage_write,923261367
13:48:21.170 -> C,ts_engage_write,923349369
13:48:21.170 -> C,engage_lvl,0
13:48:21.263 -> C,ts_engage_write,923437368
13:48:21.358 -> C,ts_engage_write,923525369
13:48:21.450 -> C,ts_engage_write,923613367
13:48:21.544 -> C,ts_engage_write,923701369
13:48:21.637 -> C,mood_str,50
13:48:21.637 -> C,ts_engage_write,923789435
13:48:21.637 -> C,modifier,15
13:48:21.637 -> C,engage_floor,0
13:48:21.637 -> C,loop_us,203
13:48:21.731 -> [FACE] heartbeat
13:48:21.731 -> C,ts_engage_write,923877406
13:48:21.731 -> C,engage_lvl,0
13:48:21.777 -> C,ts_engage_write,923965367
13:48:21.870 -> C,ts_engage_write,924053369
13:48:21.964 -> C,ts_engage_write,924141368
13:48:22.056 -> C,ts_engage_write,924229369
13:48:22.149 -> C,ts_engage_write,924317367
13:48:22.244 -> C,ts_engage_write,924405369
13:48:22.244 -> C,engage_lvl,0
13:48:22.336 -> C,ts_engage_write,924493368
13:48:22.429 -> C,ts_engage_write,924581369
13:48:22.522 -> C,ts_engage_write,924669367
13:48:22.568 -> C,ts_engage_write,924757368
13:48:22.661 -> C,mood_str,50
13:48:22.661 -> C,ts_engage_write,924845436
13:48:22.661 -> C,modifier,15
13:48:22.661 -> C,engage_floor,0
13:48:22.661 -> C,loop_us,203
13:48:22.754 -> [FACE] heartbeat
13:48:22.754 -> C,ts_engage_write,924933406
13:48:22.754 -> C,engage_lvl,0
13:48:22.847 -> C,ts_engage_write,925021367
13:48:22.940 -> C,ts_engage_write,925109368
13:48:23.033 -> C,ts_engage_write,925197368
13:48:23.126 -> C,ts_engage_write,925285369
13:48:23.220 -> C,ts_engage_write,925373367
13:48:23.313 -> C,ts_engage_write,925461369
13:48:23.313 -> C,engage_lvl,0
13:48:23.360 -> C,ts_engage_write,925549368
13:48:23.454 -> C,ts_engage_write,925637369
13:48:23.548 -> C,ts_engage_write,925725367
13:48:23.643 -> C,ts_engage_write,925813368
13:48:23.736 -> C,mood_str,50
13:48:23.736 -> C,ts_engage_write,925901436
13:48:23.736 -> C,modifier,15
13:48:23.736 -> C,engage_floor,0
13:48:23.736 -> C,loop_us,202
13:48:23.830 -> [FACE] heartbeat
13:48:23.830 -> C,ts_engage_write,925989405
13:48:23.830 -> C,engage_lvl,0
13:48:23.923 -> C,ts_engage_write,926077367
13:48:24.017 -> C,ts_engage_write,926165369
13:48:24.062 -> C,ts_engage_write,926253368
13:48:24.157 -> C,ts_engage_write,926341369
13:48:24.249 -> C,ts_engage_write,926429367
13:48:24.342 -> C,ts_engage_write,926517369
13:48:24.342 -> C,engage_lvl,0
13:48:24.435 -> C,ts_engage_write,926605368
13:48:24.530 -> C,ts_engage_write,926693369
13:48:24.624 -> C,ts_engage_write,926781366
13:48:24.716 -> C,ts_engage_write,926869371
13:48:24.808 -> C,mood_str,50
13:48:24.808 -> C,ts_engage_write,926957433
13:48:24.808 -> C,modifier,15
13:48:24.808 -> C,engage_floor,0
13:48:24.808 -> C,loop_us,201
13:48:24.855 -> [FACE] heartbeat
13:48:24.855 -> C,ts_engage_write,927045404
13:48:24.855 -> C,engage_lvl,0
13:48:24.948 -> C,ts_engage_write,927133367
13:48:25.042 -> C,ts_engage_write,927221368
13:48:25.134 -> C,ts_engage_write,927309368
13:48:25.228 -> C,ts_engage_write,927397369
13:48:25.321 -> C,ts_engage_write,927485367
13:48:25.413 -> C,ts_engage_write,927573369
13:48:25.413 -> C,engage_lvl,0
13:48:25.507 -> C,ts_engage_write,927661368
13:48:25.600 -> C,ts_engage_write,927749367
13:48:25.646 -> C,ts_engage_write,927837369
13:48:25.738 -> C,ts_engage_write,927925369
13:48:25.831 -> C,mood_str,50
13:48:25.831 -> C,ts_engage_write,928013435
13:48:25.831 -> C,modifier,15
13:48:25.831 -> C,engage_floor,0
13:48:25.831 -> C,loop_us,203
13:48:25.925 -> [FACE] heartbeat
13:48:25.925 -> C,ts_engage_write,928101405
13:48:25.925 -> C,engage_lvl,0
13:48:26.017 -> C,ts_engage_write,928189367
13:48:26.109 -> C,ts_engage_write,928277368
13:48:26.202 -> C,ts_engage_write,928365368
13:48:26.295 -> C,ts_engage_write,928453369
13:48:26.389 -> C,ts_engage_write,928541367
13:48:26.481 -> C,ts_engage_write,928629369
13:48:26.481 -> C,engage_lvl,0
13:48:26.528 -> C,ts_engage_write,928717368
13:48:26.619 -> C,ts_engage_write,928805367
13:48:26.711 -> C,ts_engage_write,928893369
13:48:26.803 -> C,ts_engage_write,928981369
13:48:26.896 -> C,mood_str,50
13:48:26.896 -> C,ts_engage_write,929069436
13:48:26.896 -> C,modifier,15
13:48:26.896 -> C,engage_floor,0
13:48:26.896 -> C,loop_us,227
13:48:26.988 -> [FACE] heartbeat
13:48:26.988 -> C,ts_engage_write,929157410
13:48:26.988 -> C,engage_lvl,0
13:48:27.081 -> C,ts_engage_write,929245367
13:48:27.174 -> C,ts_engage_write,929333369
13:48:27.266 -> C,ts_engage_write,929421368
13:48:27.358 -> C,ts_engage_write,929509369
13:48:27.450 -> C,ts_engage_write,929597367
13:48:27.497 -> C,ts_engage_write,929685369
13:48:27.497 -> C,engage_lvl,0
13:48:27.589 -> C,ts_engage_write,929773366
13:48:27.680 -> C,ts_engage_write,929861370
13:48:27.773 -> C,ts_engage_write,929949367
13:48:27.867 -> C,ts_engage_write,930037369
13:48:27.960 -> C,mood_str,50
13:48:27.960 -> C,ts_engage_write,930125435
13:48:27.960 -> C,modifier,15
13:48:27.960 -> C,engage_floor,0
13:48:27.960 -> C,loop_us,218
13:48:28.053 -> [FACE] heartbeat
13:48:28.053 -> C,ts_engage_write,930213404
13:48:28.053 -> C,engage_lvl,0
13:48:28.147 -> C,ts_engage_write,930301367
13:48:28.240 -> C,ts_engage_write,930389369
13:48:28.286 -> C,ts_engage_write,930477368
13:48:28.379 -> C,ts_engage_write,930565369
13:48:28.473 -> C,ts_engage_write,930653367
13:48:28.566 -> C,ts_engage_write,930741369
13:48:28.566 -> C,engage_lvl,0
13:48:28.658 -> C,ts_engage_write,930829367
13:48:28.752 -> C,ts_engage_write,930917370
13:48:28.844 -> C,ts_engage_write,931005367
13:48:28.936 -> C,ts_engage_write,931093369
13:48:29.031 -> C,mood_str,50
13:48:29.031 -> C,ts_engage_write,931181433
13:48:29.031 -> C,modifier,15
13:48:29.031 -> C,engage_floor,0
13:48:29.031 -> C,loop_us,215
13:48:29.079 -> [FACE] heartbeat
13:48:29.079 -> C,ts_engage_write,931269404
13:48:29.079 -> C,engage_lvl,0
13:48:29.172 -> C,ts_engage_write,931357367
13:48:29.266 -> C,ts_engage_write,931445369
13:48:29.360 -> C,ts_engage_write,931533368
13:48:29.453 -> C,ts_engage_write,931621369
13:48:29.545 -> C,ts_engage_write,931709367
13:48:29.638 -> C,ts_engage_write,931797368
13:48:29.638 -> C,engage_lvl,0
13:48:29.731 -> C,ts_engage_write,931885369
13:48:29.827 -> C,ts_engage_write,931973369
13:48:29.873 -> C,ts_engage_write,932061367
13:48:29.967 -> C,ts_engage_write,932149369
13:48:30.059 -> C,mood_str,50
13:48:30.059 -> C,ts_engage_write,932237435
13:48:30.059 -> C,modifier,15
13:48:30.059 -> C,engage_floor,0
13:48:30.059 -> C,loop_us,221
13:48:30.154 -> [FACE] heartbeat
13:48:30.154 -> C,ts_engage_write,932325404
13:48:30.154 -> C,engage_lvl,0
13:48:30.247 -> C,ts_engage_write,932413367
13:48:30.339 -> C,ts_engage_write,932501369
13:48:30.433 -> C,ts_engage_write,932589368
13:48:30.526 -> C,ts_engage_write,932677369
13:48:30.618 -> C,ts_engage_write,932765366
13:48:30.664 -> C,ts_engage_write,932853371
13:48:30.664 -> C,engage_lvl,0
13:48:30.757 -> C,ts_engage_write,932941368
13:48:30.850 -> C,ts_engage_write,933029369
13:48:30.943 -> C,ts_engage_write,933117367
13:48:31.037 -> C,ts_engage_write,933205369
13:48:31.128 -> C,mood_str,50
13:48:31.128 -> C,ts_engage_write,933293435
13:48:31.128 -> C,modifier,15
13:48:31.128 -> C,engage_floor,0
13:48:31.128 -> C,loop_us,202
13:48:31.222 -> [FACE] heartbeat
13:48:31.222 -> C,ts_engage_write,933381404
13:48:31.222 -> C,engage_lvl,0
13:48:31.315 -> C,ts_engage_write,933469367
13:48:31.409 -> C,ts_engage_write,933557368
13:48:31.455 -> C,ts_engage_write,933645368
13:48:31.549 -> C,ts_engage_write,933733369
13:48:31.641 -> C,ts_engage_write,933821366
13:48:31.733 -> C,ts_engage_write,933909371
13:48:31.733 -> C,engage_lvl,0
13:48:31.826 -> C,ts_engage_write,933997368
13:48:31.918 -> C,ts_engage_write,934085369
13:48:32.009 -> C,ts_engage_write,934173367
13:48:32.103 -> C,ts_engage_write,934261369
13:48:32.195 -> C,mood_str,50
13:48:32.195 -> C,ts_engage_write,934349436
13:48:32.195 -> C,modifier,15
13:48:32.195 -> C,engage_floor,0
13:48:32.195 -> C,loop_us,226
13:48:32.288 -> [FACE] heartbeat
13:48:32.288 -> C,ts_engage_write,934437407
13:48:32.288 -> C,engage_lvl,0
13:48:32.334 -> C,ts_engage_write,934525367
13:48:32.426 -> C,ts_engage_write,934613369
13:48:32.519 -> C,ts_engage_write,934701368
13:48:32.612 -> C,ts_engage_write,934789367
13:48:32.704 -> C,ts_engage_write,934877369
13:48:32.797 -> C,ts_engage_write,934965369
13:48:32.797 -> C,engage_lvl,0
13:48:32.889 -> C,ts_engage_write,935053368
13:48:32.983 -> C,ts_engage_write,935141369
13:48:33.077 -> C,ts_engage_write,935229367
13:48:33.169 -> C,ts_engage_write,935317369
13:48:33.215 -> C,mood_str,50
13:48:33.215 -> C,ts_engage_write,935405436
13:48:33.215 -> C,modifier,15
13:48:33.215 -> C,engage_floor,0
13:48:33.215 -> C,loop_us,215
13:48:33.308 -> [FACE] heartbeat
13:48:33.308 -> C,ts_engage_write,935493404
13:48:33.308 -> C,engage_lvl,0
13:48:33.401 -> C,ts_engage_write,935581367
13:48:33.495 -> C,ts_engage_write,935669369
13:48:33.588 -> C,ts_engage_write,935757366
13:48:33.682 -> C,ts_engage_write,935845370
13:48:33.775 -> C,ts_engage_write,935933367
13:48:33.868 -> C,ts_engage_write,936021369
13:48:33.868 -> C,engage_lvl,0
13:48:33.960 -> C,ts_engage_write,936109368
13:48:34.006 -> C,ts_engage_write,936197369
13:48:34.100 -> C,ts_engage_write,936285367
13:48:34.193 -> C,ts_engage_write,936373369
13:48:34.288 -> C,mood_str,50
13:48:34.288 -> C,ts_engage_write,936461434
13:48:34.288 -> C,modifier,15
13:48:34.288 -> C,engage_floor,0
13:48:34.288 -> C,loop_us,202
13:48:34.380 -> [FACE] heartbeat
13:48:34.380 -> C,ts_engage_write,936549405
13:48:34.380 -> C,engage_lvl,0
13:48:34.473 -> C,ts_engage_write,936637367
13:48:34.566 -> C,ts_engage_write,936725369
13:48:34.659 -> C,ts_engage_write,936813367
13:48:34.753 -> C,ts_engage_write,936901370
13:48:34.799 -> C,ts_engage_write,936989367
13:48:34.893 -> C,ts_engage_write,937077369
13:48:34.893 -> C,engage_lvl,0
13:48:34.985 -> C,ts_engage_write,937165368
13:48:35.079 -> C,ts_engage_write,937253369
13:48:35.172 -> C,ts_engage_write,937341367
13:48:35.265 -> C,ts_engage_write,937429369
13:48:35.358 -> C,mood_str,50
13:48:35.358 -> C,ts_engage_write,937517434
13:48:35.358 -> C,modifier,15
13:48:35.358 -> C,engage_floor,0
13:48:35.358 -> C,loop_us,221
13:48:35.452 -> [FACE] heartbeat
13:48:35.452 -> C,ts_engage_write,937605404
13:48:35.452 -> C,engage_lvl,0
13:48:35.544 -> C,ts_engage_write,937693367
13:48:35.590 -> C,ts_engage_write,937781368
13:48:35.683 -> C,ts_engage_write,937869369
13:48:35.777 -> C,ts_engage_write,937957369
13:48:35.869 -> C,ts_engage_write,938045367
13:48:35.964 -> C,ts_engage_write,938133369
13:48:35.964 -> C,engage_lvl,0
13:48:36.056 -> C,ts_engage_write,938221368
13:48:36.149 -> C,ts_engage_write,938309369
13:48:36.243 -> C,ts_engage_write,938397367
13:48:36.334 -> C,ts_engage_write,938485369
13:48:36.427 -> C,mood_str,50
13:48:36.427 -> C,ts_engage_write,938573434
13:48:36.427 -> C,modifier,15
13:48:36.427 -> C,engage_floor,0
13:48:36.427 -> C,loop_us,202
13:48:36.473 -> [FACE] heartbeat
13:48:36.473 -> C,ts_engage_write,938661405
13:48:36.473 -> C,engage_lvl,0
13:48:36.566 -> C,ts_engage_write,938749366
13:48:36.660 -> C,ts_engage_write,938837369
13:48:36.753 -> C,ts_engage_write,938925368
13:48:36.846 -> C,ts_engage_write,939013369
13:48:36.940 -> C,ts_engage_write,939101367
13:48:37.033 -> C,ts_engage_write,939189369
13:48:37.033 -> C,engage_lvl,0
13:48:37.127 -> C,ts_engage_write,939277368
13:48:37.173 -> C,ts_engage_write,939365369
13:48:37.266 -> C,ts_engage_write,939453367
13:48:37.358 -> C,ts_engage_write,939541369
13:48:37.453 -> C,mood_str,50
13:48:37.453 -> C,ts_engage_write,939629436
13:48:37.453 -> C,modifier,15
13:48:37.453 -> C,engage_floor,0
13:48:37.453 -> C,loop_us,218
13:48:37.547 -> [FACE] heartbeat
13:48:37.547 -> C,ts_engage_write,939717405
13:48:37.547 -> C,engage_lvl,0
13:48:37.641 -> C,ts_engage_write,939805366
13:48:37.732 -> C,ts_engage_write,939893369
13:48:37.826 -> C,ts_engage_write,939981368
13:48:37.918 -> C,ts_engage_write,940069369
13:48:37.965 -> C,ts_engage_write,940157367
13:48:38.058 -> C,ts_engage_write,940245369
13:48:38.058 -> C,engage_lvl,0
13:48:38.152 -> C,ts_engage_write,940333368
13:48:38.246 -> C,ts_engage_write,940421369
13:48:38.339 -> C,ts_engage_write,940509367
13:48:38.433 -> C,ts_engage_write,940597369
13:48:38.525 -> C,mood_str,50
13:48:38.525 -> C,ts_engage_write,940685444
13:48:38.525 -> C,modifier,15
13:48:38.525 -> C,engage_floor,0
13:48:38.525 -> C,loop_us,223
13:48:38.618 -> [FACE] heartbeat
13:48:38.618 -> C,ts_engage_write,940773401
13:48:38.618 -> C,engage_lvl,0
13:48:38.710 -> C,ts_engage_write,940861367
13:48:38.757 -> C,ts_engage_write,940949367
13:48:38.850 -> C,ts_engage_write,941037366
13:48:38.944 -> C,ts_engage_write,941125366
13:48:39.038 -> C,ts_engage_write,941213365
13:48:39.131 -> C,ts_engage_write,941301367
13:48:39.131 -> C,engage_lvl,0
13:48:39.222 -> C,ts_engage_write,941389366
13:48:39.315 -> C,ts_engage_write,941477366
13:48:39.408 -> C,ts_engage_write,941565365
13:48:39.499 -> C,ts_engage_write,941653367
13:48:39.593 -> C,mood_str,50
13:48:39.593 -> C,ts_engage_write,941741433
13:48:39.593 -> C,modifier,15
13:48:39.593 -> C,engage_floor,0
13:48:39.593 -> C,loop_us,218
13:48:39.640 -> [FACE] heartbeat
13:48:39.640 -> C,ts_engage_write,941829401
13:48:39.640 -> C,engage_lvl,0
13:48:39.733 -> C,ts_engage_write,941917367
13:48:39.826 -> C,ts_engage_write,942005367
13:48:39.920 -> C,ts_engage_write,942093366
13:48:40.014 -> C,ts_engage_write,942181366
13:48:40.106 -> C,ts_engage_write,942269365
13:48:40.199 -> C,ts_engage_write,942357367
13:48:40.199 -> C,engage_lvl,0
13:48:40.293 -> C,ts_engage_write,942445366
13:48:40.387 -> C,ts_engage_write,942533366
13:48:40.434 -> C,ts_engage_write,942621365
13:48:40.527 -> C,ts_engage_write,942709367
13:48:40.620 -> C,mood_str,50
13:48:40.620 -> C,ts_engage_write,942797432
13:48:40.620 -> C,modifier,15
13:48:40.620 -> C,engage_floor,0
13:48:40.620 -> C,loop_us,214
13:48:40.715 -> [FACE] heartbeat
13:48:40.715 -> C,ts_engage_write,942885404
13:48:40.715 -> C,engage_lvl,0
13:48:40.807 -> C,ts_engage_write,942973365
13:48:40.900 -> C,ts_engage_write,943061367
13:48:40.993 -> C,ts_engage_write,943149366
13:48:41.086 -> C,ts_engage_write,943237366
13:48:41.179 -> C,ts_engage_write,943325365
13:48:41.226 -> C,ts_engage_write,943413367
13:48:41.226 -> C,engage_lvl,0
13:48:41.319 -> C,ts_engage_write,943501366
13:48:41.411 -> C,ts_engage_write,943589366
13:48:41.503 -> C,ts_engage_write,943677365
13:48:41.594 -> C,ts_engage_write,943765366
13:48:41.688 -> C,mood_str,50
13:48:41.688 -> C,ts_engage_write,943853435
13:48:41.688 -> C,modifier,15
13:48:41.688 -> C,engage_floor,0
13:48:41.688 -> C,loop_us,200
13:48:41.779 -> [FACE] heartbeat
13:48:41.779 -> C,ts_engage_write,943941402
13:48:41.779 -> C,engage_lvl,0
13:48:41.873 -> C,ts_engage_write,944029364
13:48:41.965 -> C,ts_engage_write,944117365
13:48:42.058 -> C,ts_engage_write,944205367
13:48:42.104 -> C,ts_engage_write,944293365
13:48:42.196 -> C,ts_engage_write,944381367
13:48:42.289 -> C,ts_engage_write,944469366
13:48:42.289 -> C,engage_lvl,0
13:48:42.383 -> C,ts_engage_write,944557367
13:48:42.476 -> C,ts_engage_write,944645365
13:48:42.568 -> C,ts_engage_write,944733367
13:48:42.662 -> C,ts_engage_write,944821365
13:48:42.755 -> C,mood_str,50
13:48:42.755 -> C,ts_engage_write,944909437
13:48:42.755 -> C,modifier,15
13:48:42.755 -> C,engage_floor,0
13:48:42.755 -> C,loop_us,220
13:48:42.847 -> [FACE] heartbeat
13:48:42.847 -> C,ts_engage_write,944997412
13:48:42.847 -> C,engage_lvl,0
13:48:42.893 -> C,ts_engage_write,945085367
13:48:42.986 -> C,ts_engage_write,945173369
13:48:43.080 -> C,ts_engage_write,945261368
13:48:43.174 -> C,ts_engage_write,945349369
13:48:43.266 -> C,ts_engage_write,945437367
13:48:43.360 -> C,ts_engage_write,945525369
13:48:43.360 -> C,engage_lvl,0
13:48:43.453 -> C,ts_engage_write,945613368
13:48:43.548 -> C,ts_engage_write,945701369
13:48:43.641 -> C,ts_engage_write,945789366
13:48:43.688 -> C,ts_engage_write,945877371
13:48:43.779 -> C,mood_str,50
13:48:43.779 -> C,ts_engage_write,945965435
13:48:43.779 -> C,modifier,15
13:48:43.779 -> C,engage_floor,0
13:48:43.779 -> C,loop_us,219
13:48:43.874 -> [FACE] heartbeat
13:48:43.874 -> C,ts_engage_write,946053407
13:48:43.874 -> C,engage_lvl,0
13:48:43.967 -> C,ts_engage_write,946141367
13:48:44.061 -> C,ts_engage_write,946229369
13:48:44.154 -> C,ts_engage_write,946317368
13:48:44.247 -> C,ts_engage_write,946405369
13:48:44.341 -> C,ts_engage_write,946493367
13:48:44.433 -> C,ts_engage_write,946581369
13:48:44.433 -> C,engage_lvl,0
13:48:44.479 -> C,ts_engage_write,946669368
13:48:44.572 -> C,ts_engage_write,946757367
13:48:44.665 -> C,ts_engage_write,946845369
13:48:44.758 -> C,ts_engage_write,946933369
13:48:44.851 -> C,mood_str,50
13:48:44.851 -> C,ts_engage_write,947021434
13:48:44.851 -> C,modifier,15
13:48:44.851 -> C,engage_floor,0
13:48:44.851 -> C,loop_us,202
13:48:44.945 -> [FACE] heartbeat
13:48:44.945 -> C,ts_engage_write,947109408
13:48:44.945 -> C,engage_lvl,0
13:48:45.038 -> C,ts_engage_write,947197367
13:48:45.131 -> C,ts_engage_write,947285368
13:48:45.227 -> C,ts_engage_write,947373368
13:48:45.273 -> C,ts_engage_write,947461369
13:48:45.367 -> C,ts_engage_write,947549367
13:48:45.459 -> C,ts_engage_write,947637369
13:48:45.459 -> C,engage_lvl,0
13:48:45.552 -> C,ts_engage_write,947725368
13:48:45.644 -> C,ts_engage_write,947813367
13:48:45.739 -> C,ts_engage_write,947901369
13:48:45.833 -> C,ts_engage_write,947989369
13:48:45.927 -> C,mood_str,50
13:48:45.927 -> C,ts_engage_write,948077434
13:48:45.927 -> C,modifier,15
13:48:45.927 -> C,engage_floor,0
13:48:45.927 -> C,loop_us,221
13:48:45.973 -> [FACE] heartbeat
13:48:45.973 -> C,ts_engage_write,948165406
13:48:45.973 -> C,engage_lvl,0
13:48:46.066 -> C,ts_engage_write,948253367
13:48:46.160 -> C,ts_engage_write,948341368
13:48:46.253 -> C,ts_engage_write,948429368
13:48:46.346 -> C,ts_engage_write,948517369
13:48:46.439 -> C,ts_engage_write,948605367
13:48:46.533 -> C,ts_engage_write,948693369
13:48:46.533 -> C,engage_lvl,0
13:48:46.626 -> C,ts_engage_write,948781366
13:48:46.720 -> C,ts_engage_write,948869370
13:48:46.767 -> C,ts_engage_write,948957367
13:48:46.860 -> C,ts_engage_write,949045369
13:48:46.956 -> C,mood_str,50
13:48:46.956 -> C,ts_engage_write,949133435
13:48:46.956 -> C,modifier,15
13:48:46.956 -> C,engage_floor,0
13:48:46.956 -> C,loop_us,219
13:48:47.051 -> [FACE] heartbeat
13:48:47.051 -> C,ts_engage_write,949221407
13:48:47.051 -> C,engage_lvl,0
13:48:47.143 -> C,ts_engage_write,949309367
13:48:47.236 -> C,ts_engage_write,949397368
13:48:47.328 -> C,ts_engage_write,949485368
13:48:47.420 -> C,ts_engage_write,949573369
13:48:47.512 -> C,ts_engage_write,949661367
13:48:47.558 -> C,ts_engage_write,949749368
13:48:47.558 -> C,engage_lvl,0
13:48:47.652 -> C,ts_engage_write,949837369
13:48:47.746 -> C,ts_engage_write,949925369
13:48:47.840 -> C,ts_engage_write,950013367
13:48:47.933 -> C,ts_engage_write,950101369
13:48:48.026 -> C,mood_str,50
13:48:48.026 -> C,ts_engage_write,950189436
13:48:48.026 -> C,modifier,15
13:48:48.026 -> C,engage_floor,0
13:48:48.026 -> C,loop_us,220
13:48:48.118 -> [FACE] heartbeat
13:48:48.118 -> C,ts_engage_write,950277405
13:48:48.118 -> C,engage_lvl,0
13:48:48.210 -> C,ts_engage_write,950365367
13:48:48.301 -> C,ts_engage_write,950453369
13:48:48.348 -> C,ts_engage_write,950541368
13:48:48.442 -> C,ts_engage_write,950629369
13:48:48.535 -> C,ts_engage_write,950717367
13:48:48.629 -> C,ts_engage_write,950805368
13:48:48.629 -> C,engage_lvl,0
13:48:48.723 -> C,ts_engage_write,950893369
13:48:48.817 -> C,ts_engage_write,950981369
13:48:48.909 -> C,ts_engage_write,951069367
13:48:49.002 -> C,ts_engage_write,951157369
13:48:49.095 -> C,mood_str,50
13:48:49.095 -> C,ts_engage_write,951245435
13:48:49.095 -> C,modifier,15
13:48:49.095 -> C,engage_floor,0
13:48:49.095 -> C,loop_us,215
13:48:49.143 -> [FACE] heartbeat
13:48:49.143 -> C,ts_engage_write,951333404
13:48:49.143 -> C,engage_lvl,0
13:48:49.237 -> C,ts_engage_write,951421367
13:48:49.330 -> C,ts_engage_write,951509369
13:48:49.424 -> C,ts_engage_write,951597368
13:48:49.519 -> C,ts_engage_write,951685369
13:48:49.612 -> C,ts_engage_write,951773366
13:48:49.706 -> C,ts_engage_write,951861371
13:48:49.706 -> C,engage_lvl,0
13:48:49.798 -> C,ts_engage_write,951949367
13:48:49.845 -> C,ts_engage_write,952037369
13:48:49.940 -> C,ts_engage_write,952125367
13:48:50.032 -> C,ts_engage_write,952213369
13:48:50.125 -> C,mood_str,50
13:48:50.125 -> C,ts_engage_write,952301435
13:48:50.125 -> C,modifier,15
13:48:50.125 -> C,engage_floor,0
13:48:50.125 -> C,loop_us,221
13:48:50.218 -> [FACE] heartbeat
13:48:50.218 -> C,ts_engage_write,952389405
13:48:50.218 -> C,engage_lvl,0
13:48:50.310 -> C,ts_engage_write,952477367
13:48:50.404 -> C,ts_engage_write,952565369
13:48:50.498 -> C,ts_engage_write,952653368
13:48:50.591 -> C,ts_engage_write,952741369
13:48:50.637 -> C,ts_engage_write,952829366
13:48:50.729 -> C,ts_engage_write,952917371
13:48:50.729 -> C,engage_lvl,0
13:48:50.822 -> C,ts_engage_write,953005368
13:48:50.914 -> C,ts_engage_write,953093369
13:48:51.008 -> C,ts_engage_write,953181367
13:48:51.101 -> C,ts_engage_write,953269369
13:48:51.194 -> C,mood_str,50
13:48:51.194 -> C,ts_engage_write,953357434
13:48:51.194 -> C,modifier,15
13:48:51.194 -> C,engage_floor,0
13:48:51.194 -> C,loop_us,215
13:48:51.287 -> [FACE] heartbeat
13:48:51.287 -> C,ts_engage_write,953445404
13:48:51.287 -> C,engage_lvl,0
13:48:51.379 -> C,ts_engage_write,953533367
13:48:51.472 -> C,ts_engage_write,953621369
13:48:51.519 -> C,ts_engage_write,953709368
13:48:51.611 -> C,ts_engage_write,953797367
13:48:51.705 -> C,ts_engage_write,953885369
13:48:51.798 -> C,ts_engage_write,953973369
13:48:51.798 -> C,engage_lvl,0
13:48:51.891 -> C,ts_engage_write,954061368
13:48:51.985 -> C,ts_engage_write,954149369
13:48:52.079 -> C,ts_engage_write,954237367
13:48:52.172 -> C,ts_engage_write,954325369
13:48:52.264 -> C,mood_str,50
13:48:52.264 -> C,ts_engage_write,954413434
13:48:52.264 -> C,modifier,15
13:48:52.264 -> C,engage_floor,0
13:48:52.264 -> C,loop_us,216
13:48:52.310 -> [FACE] heartbeat
13:48:52.310 -> C,ts_engage_write,954501405
13:48:52.310 -> C,engage_lvl,0
13:48:52.401 -> C,ts_engage_write,954589367
13:48:52.496 -> C,ts_engage_write,954677369
13:48:52.589 -> C,ts_engage_write,954765366
13:48:52.683 -> C,ts_engage_write,954853370
13:48:52.778 -> C,ts_engage_write,954941367
13:48:52.870 -> C,ts_engage_write,955029369
13:48:52.870 -> C,engage_lvl,0
13:48:52.964 -> C,ts_engage_write,955117368
13:48:53.058 -> C,ts_engage_write,955205369
13:48:53.104 -> C,ts_engage_write,955293367
13:48:53.197 -> C,ts_engage_write,955381369
13:48:53.291 -> C,mood_str,50
13:48:53.291 -> C,ts_engage_write,955469436
13:48:53.291 -> C,modifier,15
13:48:53.291 -> C,engage_floor,0
13:48:53.291 -> C,loop_us,203
13:48:53.385 -> [FACE] heartbeat
13:48:53.385 -> C,ts_engage_write,955557400
13:48:53.385 -> C,engage_lvl,0
13:48:53.480 -> C,ts_engage_write,955645367
13:48:53.572 -> C,ts_engage_write,955733368
13:48:53.666 -> C,ts_engage_write,955821367
13:48:53.759 -> C,ts_engage_write,955909370
13:48:53.805 -> C,ts_engage_write,955997367
13:48:53.899 -> C,ts_engage_write,956085369
13:48:53.899 -> C,engage_lvl,0
13:48:53.994 -> C,ts_engage_write,956173368
13:48:54.086 -> C,ts_engage_write,956261369
13:48:54.180 -> C,ts_engage_write,956349367
13:48:54.273 -> C,ts_engage_write,956437369
13:48:54.367 -> C,mood_str,50
13:48:54.367 -> C,ts_engage_write,956525435
13:48:54.367 -> C,modifier,15
13:48:54.367 -> C,engage_floor,0
13:48:54.367 -> C,loop_us,216
13:48:54.459 -> [FACE] heartbeat
13:48:54.459 -> C,ts_engage_write,956613404
13:48:54.459 -> C,engage_lvl,0
13:48:54.552 -> C,ts_engage_write,956701367
13:48:54.598 -> C,ts_engage_write,956789368
13:48:54.693 -> C,ts_engage_write,956877369
13:48:54.786 -> C,ts_engage_write,956965369
13:48:54.878 -> C,ts_engage_write,957053367
13:48:54.970 -> C,ts_engage_write,957141369
13:48:54.970 -> C,engage_lvl,0
13:48:55.064 -> C,ts_engage_write,957229368
13:48:55.157 -> C,ts_engage_write,957317369
13:48:55.251 -> C,ts_engage_write,957405367
13:48:55.345 -> C,ts_engage_write,957493369
13:48:55.391 -> C,mood_str,50
13:48:55.391 -> C,ts_engage_write,957581435
13:48:55.391 -> C,modifier,15
13:48:55.391 -> C,engage_floor,0
13:48:55.391 -> C,loop_us,215
13:48:55.485 -> [FACE] heartbeat
13:48:55.485 -> C,ts_engage_write,957669405
13:48:55.485 -> C,engage_lvl,0
13:48:55.578 -> C,ts_engage_write,957757366
13:48:55.670 -> C,ts_engage_write,957845371
13:48:55.764 -> C,ts_engage_write,957933368
13:48:55.857 -> C,ts_engage_write,958021369
13:48:55.949 -> C,ts_engage_write,958109367
13:48:56.043 -> C,ts_engage_write,958197369
13:48:56.043 -> C,engage_lvl,0
13:48:56.136 -> C,ts_engage_write,958285368
13:48:56.183 -> C,ts_engage_write,958373369
13:48:56.275 -> C,ts_engage_write,958461367
13:48:56.369 -> C,ts_engage_write,958549369
13:48:56.462 -> C,mood_str,50
13:48:56.462 -> C,ts_engage_write,958637434
13:48:56.462 -> C,modifier,15
13:48:56.462 -> C,engage_floor,0
13:48:56.462 -> C,loop_us,227
13:48:56.556 -> [FACE] heartbeat
13:48:56.556 -> C,ts_engage_write,958725406
13:48:56.556 -> C,engage_lvl,0
13:48:56.650 -> C,ts_engage_write,958813366
13:48:56.743 -> C,ts_engage_write,958901369
13:48:56.835 -> C,ts_engage_write,958989368
13:48:56.928 -> C,ts_engage_write,959077369
13:48:56.974 -> C,ts_engage_write,959165367
13:48:57.065 -> C,ts_engage_write,959253369
13:48:57.065 -> C,engage_lvl,0
13:48:57.158 -> C,ts_engage_write,959341368
13:48:57.250 -> C,ts_engage_write,959429369
13:48:57.343 -> C,ts_engage_write,959517367
13:48:57.436 -> C,ts_engage_write,959605369
13:48:57.530 -> C,mood_str,50
13:48:57.530 -> C,ts_engage_write,959693435
13:48:57.530 -> C,modifier,15
13:48:57.530 -> C,engage_floor,0
13:48:57.530 -> C,loop_us,226
13:48:57.624 -> [FACE] heartbeat
13:48:57.624 -> C,ts_engage_write,959781405
13:48:57.624 -> C,engage_lvl,0
13:48:57.715 -> C,ts_engage_write,959869369
13:48:57.809 -> C,ts_engage_write,959957369
13:48:57.856 -> C,ts_engage_write,960045368
13:48:57.950 -> C,ts_engage_write,960133369
13:48:58.041 -> C,ts_engage_write,960221367
13:48:58.135 -> C,ts_engage_write,960309369
13:48:58.135 -> C,engage_lvl,0
13:48:58.228 -> C,ts_engage_write,960397368
13:48:58.321 -> C,ts_engage_write,960485369
13:48:58.415 -> C,dom_touch,99
13:48:58.415 -> C,dom_sec,0
13:48:58.415 -> [MEM] tick: records=7 strength=99
13:48:58.415 -> C,rec_count,7
13:48:58.415 -> C,ts_engage_write,960573524
13:48:58.509 -> C,ts_engage_write,960661374
13:48:58.601 -> C,mood_str,50
13:48:58.601 -> C,ts_engage_write,960749437
13:48:58.601 -> C,modifier,15
13:48:58.601 -> C,engage_floor,0
13:48:58.601 -> C,loop_us,204
13:48:58.648 -> [FACE] heartbeat
13:48:58.648 -> C,ts_engage_write,960837406
13:48:58.648 -> C,engage_lvl,0
13:48:58.741 -> C,ts_engage_write,960925369
13:48:58.835 -> C,ts_engage_write,961013369
13:48:58.930 -> C,ts_engage_write,961101368
13:48:59.023 -> C,ts_engage_write,961189369
13:48:59.114 -> C,ts_engage_write,961277367
13:48:59.207 -> C,ts_engage_write,961368727
13:48:59.207 -> C,engage_lvl,0
13:48:59.299 -> C,ts_engage_write,961456401
13:48:59.393 -> C,ts_engage_write,961544369
13:48:59.440 -> C,ts_engage_write,961632368
13:48:59.533 -> C,ts_engage_write,961720369
13:48:59.625 -> C,mood_str,50
13:48:59.625 -> C,ts_engage_write,961808442
13:48:59.625 -> C,modifier,15
13:48:59.625 -> C,engage_floor,0
13:48:59.625 -> C,loop_us,236
13:48:59.719 -> [FACE] heartbeat
13:48:59.719 -> C,ts_engage_write,961896410
13:48:59.719 -> C,engage_lvl,0
13:48:59.810 -> C,ts_engage_write,961984367
13:48:59.903 -> C,ts_engage_write,962072369
13:48:59.995 -> C,ts_engage_write,962160368
13:49:00.087 -> C,ts_engage_write,962248369
13:49:00.179 -> C,ts_engage_write,962336367
13:49:00.272 -> C,ts_engage_write,962424369
13:49:00.272 -> C,engage_lvl,0
13:49:00.364 -> C,ts_engage_write,962512368
13:49:00.410 -> C,ts_engage_write,962600369
13:49:00.504 -> C,ts_engage_write,962688367
13:49:00.596 -> C,ts_engage_write,962776367
13:49:00.689 -> C,mood_str,50
13:49:00.689 -> C,ts_engage_write,962864439
13:49:00.689 -> C,modifier,15
13:49:00.689 -> C,engage_floor,0
13:49:00.689 -> C,loop_us,224
13:49:00.781 -> [FACE] heartbeat
13:49:00.781 -> C,ts_engage_write,962952406
13:49:00.781 -> C,engage_lvl,0
13:49:00.875 -> C,ts_engage_write,963040367
13:49:00.968 -> C,ts_engage_write,963128369
13:49:01.062 -> C,ts_engage_write,963216367
13:49:01.155 -> C,ts_engage_write,963304369
13:49:01.201 -> C,ts_engage_write,963392367
13:49:01.294 -> C,ts_engage_write,963480369
13:49:01.294 -> C,engage_lvl,0
13:49:01.385 -> C,ts_engage_write,963568367
13:49:01.479 -> C,ts_engage_write,963656369
13:49:01.573 -> C,ts_engage_write,963744366
13:49:01.667 -> C,ts_engage_write,963832370
13:49:01.759 -> C,mood_str,50
13:49:01.759 -> C,ts_engage_write,963920431
13:49:01.759 -> C,modifier,15
13:49:01.759 -> C,engage_floor,0
13:49:01.759 -> C,loop_us,215
13:49:01.852 -> [FACE] heartbeat
13:49:01.852 -> C,ts_engage_write,964008405
13:49:01.852 -> C,engage_lvl,0
13:49:01.945 -> C,ts_engage_write,964096367
13:49:01.993 -> C,ts_engage_write,964184368
13:49:02.087 -> C,ts_engage_write,964272368
13:49:02.180 -> C,ts_engage_write,964360369
13:49:02.272 -> C,ts_engage_write,964448367
13:49:02.366 -> C,ts_engage_write,964536369
13:49:02.366 -> C,engage_lvl,0
13:49:02.460 -> C,ts_engage_write,964624368
13:49:02.551 -> C,ts_engage_write,964712369
13:49:02.645 -> C,ts_engage_write,964800366
13:49:02.738 -> C,ts_engage_write,964888371
13:49:02.785 -> C,mood_str,50
13:49:02.785 -> C,ts_engage_write,964976435
13:49:02.785 -> C,modifier,15
13:49:02.785 -> C,engage_floor,0
13:49:02.785 -> C,loop_us,222
13:49:02.877 -> [FACE] heartbeat
13:49:02.877 -> C,ts_engage_write,965064406
13:49:02.877 -> C,engage_lvl,0
13:49:02.969 -> C,ts_engage_write,965152367
13:49:03.062 -> C,ts_engage_write,965240369
13:49:03.157 -> C,ts_engage_write,965328368
13:49:03.250 -> C,ts_engage_write,965416369
13:49:03.344 -> C,ts_engage_write,965504367
13:49:03.437 -> C,ts_engage_write,965592369
13:49:03.437 -> C,engage_lvl,0
13:49:03.530 -> C,ts_engage_write,965680368
13:49:03.577 -> C,ts_engage_write,965768367
13:49:03.673 -> C,ts_engage_write,965856369
13:49:03.765 -> C,ts_engage_write,965944369
13:49:03.857 -> C,mood_str,50
13:49:03.857 -> C,ts_engage_write,966032435
13:49:03.857 -> C,modifier,15
13:49:03.857 -> C,engage_floor,0
13:49:03.857 -> C,loop_us,223
13:49:03.949 -> [FACE] heartbeat
13:49:03.949 -> C,ts_engage_write,966120405
13:49:03.949 -> C,engage_lvl,0
13:49:04.043 -> C,ts_engage_write,966208367
13:49:04.138 -> C,ts_engage_write,966296369
13:49:04.231 -> C,ts_engage_write,966384368
13:49:04.323 -> C,ts_engage_write,966472369
13:49:04.370 -> C,ts_engage_write,966560367
13:49:04.462 -> C,ts_engage_write,966648369
13:49:04.462 -> C,engage_lvl,0
13:49:04.556 -> C,ts_engage_write,966736368
13:49:04.650 -> C,ts_engage_write,966824367
13:49:04.743 -> C,ts_engage_write,966912369
13:49:04.837 -> C,ts_engage_write,967000369
13:49:04.930 -> C,mood_str,50
13:49:04.930 -> C,ts_engage_write,967088434
13:49:04.930 -> C,modifier,15
13:49:04.930 -> C,engage_floor,0
13:49:04.930 -> C,loop_us,204
13:49:05.023 -> [FACE] heartbeat
13:49:05.023 -> C,ts_engage_write,967176404
13:49:05.023 -> C,engage_lvl,0
13:49:05.118 -> C,ts_engage_write,967264367
13:49:05.164 -> C,ts_engage_write,967352369
13:49:05.257 -> C,ts_engage_write,967440368
13:49:05.349 -> C,ts_engage_write,967528369
13:49:05.442 -> C,ts_engage_write,967616367
13:49:05.535 -> C,ts_engage_write,967704369
13:49:05.535 -> C,engage_lvl,0
13:49:05.628 -> C,ts_engage_write,967792366
13:49:05.721 -> C,ts_engage_write,967880370
13:49:05.815 -> C,ts_engage_write,967968367
13:49:05.907 -> C,ts_engage_write,968056369
13:49:05.954 -> C,mood_str,50
13:49:05.954 -> C,ts_engage_write,968144436
13:49:05.954 -> C,modifier,15
13:49:05.954 -> C,engage_floor,0
13:49:05.954 -> C,loop_us,218
13:49:06.047 -> [FACE] heartbeat
13:49:06.047 -> C,ts_engage_write,968232405
13:49:06.047 -> C,engage_lvl,0
13:49:06.140 -> C,ts_engage_write,968320367
13:49:06.231 -> C,ts_engage_write,968408368
13:49:06.324 -> C,ts_engage_write,968496368
13:49:06.418 -> C,ts_engage_write,968584369
13:49:06.512 -> C,ts_engage_write,968672367
13:49:06.605 -> C,ts_engage_write,968760368
13:49:06.605 -> C,engage_lvl,0
13:49:06.698 -> C,ts_engage_write,968848368
13:49:06.744 -> C,ts_engage_write,968936369
13:49:06.870 -> C,ts_engage_write,969024367
13:49:06.964 -> C,ts_engage_write,969112369
13:49:07.010 -> C,mood_str,50
13:49:07.010 -> C,ts_engage_write,969200434
13:49:07.010 -> C,modifier,15
13:49:07.010 -> C,engage_floor,0
13:49:07.010 -> C,loop_us,224
13:49:07.102 -> [FACE] heartbeat
13:49:07.102 -> C,ts_engage_write,969288404
13:49:07.102 -> C,engage_lvl,0
13:49:07.196 -> C,ts_engage_write,969376367
13:49:07.290 -> C,ts_engage_write,969464369
13:49:07.384 -> C,ts_engage_write,969552368
13:49:07.477 -> C,ts_engage_write,969640369
13:49:07.572 -> C,ts_engage_write,969728367
13:49:07.665 -> C,ts_engage_write,969816368
13:49:07.665 -> C,engage_lvl,0
13:49:07.711 -> C,ts_engage_write,969904369
13:49:07.805 -> C,ts_engage_write,969992369
13:49:07.898 -> C,ts_engage_write,970080367
13:49:07.992 -> C,ts_engage_write,970168369
13:49:08.084 -> C,mood_str,50
13:49:08.084 -> C,ts_engage_write,970256436
13:49:08.084 -> C,modifier,15
13:49:08.084 -> C,engage_floor,0
13:49:08.084 -> C,loop_us,225
13:49:08.177 -> [FACE] heartbeat
13:49:08.177 -> C,ts_engage_write,970344405
13:49:08.177 -> C,engage_lvl,0
13:49:08.269 -> C,ts_engage_write,970432367
13:49:08.361 -> C,ts_engage_write,970520368
13:49:08.454 -> C,ts_engage_write,970608368
13:49:08.547 -> C,ts_engage_write,970696369
13:49:08.593 -> C,ts_engage_write,970784366
13:49:08.684 -> C,ts_engage_write,970872371
13:49:08.684 -> C,engage_lvl,0
13:49:08.777 -> C,ts_engage_write,970960368
13:49:08.869 -> C,ts_engage_write,971048369
13:49:08.960 -> C,ts_engage_write,971136367
13:49:09.054 -> C,ts_engage_write,971224369
13:49:09.145 -> C,mood_str,50
13:49:09.145 -> C,ts_engage_write,971312435
13:49:09.145 -> C,modifier,15
13:49:09.145 -> C,engage_floor,0
13:49:09.145 -> C,loop_us,205
13:49:09.238 -> [FACE] heartbeat
13:49:09.238 -> C,ts_engage_write,971400404
13:49:09.238 -> C,engage_lvl,0
13:49:09.329 -> C,ts_engage_write,971488367
13:49:09.422 -> C,ts_engage_write,971576369
13:49:09.514 -> C,ts_engage_write,971664368
13:49:09.560 -> C,ts_engage_write,971752367
13:49:09.653 -> C,ts_engage_write,971840369
13:49:09.746 -> C,ts_engage_write,971928369
13:49:09.746 -> C,engage_lvl,0
13:49:09.840 -> C,ts_engage_write,972016368
13:49:09.932 -> C,ts_engage_write,972104369
13:49:10.026 -> C,ts_engage_write,972192367
13:49:10.119 -> C,ts_engage_write,972280369
13:49:10.209 -> C,mood_str,50
13:49:10.209 -> C,ts_engage_write,972368435
13:49:10.209 -> C,modifier,15
13:49:10.209 -> C,engage_floor,0
13:49:10.209 -> C,loop_us,221
13:49:10.301 -> [FACE] heartbeat
13:49:10.301 -> C,ts_engage_write,972456404
13:49:10.301 -> C,engage_lvl,0
13:49:10.394 -> C,ts_engage_write,972544367
13:49:10.441 -> C,ts_engage_write,972632369
13:49:10.533 -> C,ts_engage_write,972720368
13:49:10.626 -> C,ts_engage_write,972808367
13:49:10.718 -> C,ts_engage_write,972896369
13:49:10.812 -> C,ts_engage_write,972984369
13:49:10.812 -> C,engage_lvl,0
13:49:10.904 -> C,ts_engage_write,973072368
13:49:10.997 -> C,ts_engage_write,973160369
13:49:11.089 -> C,ts_engage_write,973248367
13:49:11.184 -> C,ts_engage_write,973336369
13:49:11.277 -> C,mood_str,50
13:49:11.277 -> C,ts_engage_write,973424436
13:49:11.277 -> C,modifier,15
13:49:11.277 -> C,engage_floor,0
13:49:11.277 -> C,loop_us,205
13:49:11.323 -> [FACE] heartbeat
13:49:11.323 -> C,ts_engage_write,973512405
13:49:11.323 -> C,engage_lvl,0
13:49:11.416 -> C,ts_engage_write,973600367
13:49:11.509 -> C,ts_engage_write,973688368
13:49:11.604 -> C,ts_engage_write,973776366
13:49:11.697 -> C,ts_engage_write,973864370
13:49:11.790 -> C,ts_engage_write,973952367
13:49:11.883 -> C,ts_engage_write,974040369
13:49:11.883 -> C,engage_lvl,0
13:49:11.976 -> C,ts_engage_write,974128368
13:49:12.069 -> C,ts_engage_write,974216369
13:49:12.115 -> C,ts_engage_write,974304367
13:49:12.208 -> C,ts_engage_write,974392369
13:49:12.301 -> C,mood_str,50
13:49:12.301 -> C,ts_engage_write,974480434
13:49:12.301 -> C,modifier,15
13:49:12.301 -> C,engage_floor,0
13:49:12.301 -> C,loop_us,224
13:49:12.395 -> [FACE] heartbeat
13:49:12.395 -> C,ts_engage_write,974568404
13:49:12.395 -> C,engage_lvl,0
13:49:12.489 -> C,ts_engage_write,974656367
13:49:12.583 -> C,ts_engage_write,974744368
13:49:12.663 -> C,ts_engage_write,974832369
13:49:12.755 -> C,ts_engage_write,974920369
13:49:12.848 -> C,ts_engage_write,975008367
13:49:12.939 -> C,ts_engage_write,975096369
13:49:12.939 -> C,engage_lvl,0
13:49:13.032 -> C,ts_engage_write,975184367
13:49:13.126 -> C,ts_engage_write,975272369
13:49:13.173 -> C,ts_engage_write,975360367
13:49:13.266 -> C,ts_engage_write,975448369
13:49:13.358 -> C,mood_str,50
13:49:13.358 -> C,ts_engage_write,975536432
13:49:13.358 -> C,modifier,15
13:49:13.358 -> C,engage_floor,0
13:49:13.358 -> C,loop_us,216
13:49:13.449 -> [FACE] heartbeat
13:49:13.449 -> C,ts_engage_write,975624411
13:49:13.449 -> C,engage_lvl,0
13:49:13.543 -> C,ts_engage_write,975712367
13:49:13.637 -> C,ts_engage_write,975800368
13:49:13.731 -> C,ts_engage_write,975888369
13:49:13.825 -> C,ts_engage_write,975976369
13:49:13.871 -> C,ts_engage_write,976064367
13:49:13.964 -> C,ts_engage_write,976152369
13:49:13.964 -> C,engage_lvl,0
13:49:14.057 -> C,ts_engage_write,976240368
13:49:14.150 -> C,ts_engage_write,976328369
13:49:14.243 -> C,ts_engage_write,976416367
13:49:14.337 -> C,ts_engage_write,976504369
13:49:14.431 -> C,mood_str,50
13:49:14.431 -> C,ts_engage_write,976592436
13:49:14.431 -> C,modifier,15
13:49:14.431 -> C,engage_floor,0
13:49:14.431 -> C,loop_us,225
13:49:14.524 -> [FACE] heartbeat
13:49:14.524 -> C,ts_engage_write,976680405
13:49:14.524 -> C,engage_lvl,0
13:49:14.617 -> C,ts_engage_write,976768366
13:49:14.664 -> C,ts_engage_write,976856371
13:49:14.756 -> C,ts_engage_write,976944368
13:49:14.850 -> C,ts_engage_write,977032369
13:49:14.944 -> C,ts_engage_write,977120367
13:49:15.037 -> C,ts_engage_write,977208369
13:49:15.037 -> C,engage_lvl,0
13:49:15.131 -> C,ts_engage_write,977296368
13:49:15.224 -> C,ts_engage_write,977384369
13:49:15.316 -> C,ts_engage_write,977472367
13:49:15.408 -> C,ts_engage_write,977560369
13:49:15.500 -> C,mood_str,50
13:49:15.500 -> C,ts_engage_write,977648443
13:49:15.500 -> C,modifier,15
13:49:15.500 -> C,engage_floor,0
13:49:15.500 -> C,loop_us,223
13:49:15.547 -> [FACE] heartbeat
13:49:15.547 -> C,ts_engage_write,977736401
13:49:15.547 -> C,engage_lvl,0
13:49:15.641 -> C,ts_engage_write,977824364
13:49:15.734 -> C,ts_engage_write,977912368
13:49:15.827 -> C,ts_engage_write,978000366
13:49:15.920 -> C,ts_engage_write,978088366
13:49:16.014 -> C,ts_engage_write,978176365
13:49:16.108 -> C,ts_engage_write,978264367
13:49:16.108 -> C,engage_lvl,0
13:49:16.201 -> C,ts_engage_write,978352366
13:49:16.248 -> C,ts_engage_write,978440366
13:49:16.341 -> C,ts_engage_write,978528365
13:49:16.433 -> C,ts_engage_write,978616367
13:49:16.527 -> C,mood_str,50
13:49:16.527 -> C,ts_engage_write,978704433
13:49:16.527 -> C,modifier,15
13:49:16.527 -> C,engage_floor,0
13:49:16.527 -> C,loop_us,224
13:49:16.620 -> [FACE] heartbeat
13:49:16.620 -> C,ts_engage_write,978792407
13:49:16.620 -> C,engage_lvl,0
13:49:16.714 -> C,ts_engage_write,978880367
13:49:16.808 -> C,ts_engage_write,978968367
13:49:16.901 -> C,ts_engage_write,979056366
13:49:16.994 -> C,ts_engage_write,979144366
13:49:17.041 -> C,ts_engage_write,979232365
13:49:17.134 -> C,ts_engage_write,979320369
13:49:17.134 -> C,engage_lvl,0
13:49:17.228 -> C,ts_engage_write,979408368
13:49:17.321 -> C,ts_engage_write,979496369
13:49:17.413 -> C,ts_engage_write,979584367
13:49:17.507 -> C,ts_engage_write,979672369
13:49:17.598 -> C,mood_str,50
13:49:17.598 -> C,ts_engage_write,979760437
13:49:17.598 -> C,modifier,15
13:49:17.598 -> C,engage_floor,0
13:49:17.598 -> C,loop_us,207
13:49:17.690 -> [FACE] heartbeat
13:49:17.690 -> C,ts_engage_write,979848405
13:49:17.690 -> C,engage_lvl,0
13:49:17.783 -> C,ts_engage_write,979936367
13:49:17.876 -> C,ts_engage_write,980024369
13:49:17.922 -> C,ts_engage_write,980112368
13:49:18.016 -> C,ts_engage_write,980200369
13:49:18.108 -> C,ts_engage_write,980288367
13:49:18.201 -> C,ts_engage_write,980376369
13:49:18.201 -> C,engage_lvl,0
13:49:18.295 -> C,ts_engage_write,980464368
13:49:18.388 -> C,ts_engage_write,980552369
13:49:18.481 -> C,ts_engage_write,980640367
13:49:18.572 -> C,ts_engage_write,980728369
13:49:18.664 -> C,mood_str,50
13:49:18.664 -> C,ts_engage_write,980816437
13:49:18.664 -> C,modifier,15
13:49:18.664 -> C,engage_floor,0
13:49:18.664 -> C,loop_us,222
13:49:18.710 -> [FACE] heartbeat
13:49:18.757 -> C,ts_engage_write,980904407
13:49:18.757 -> C,engage_lvl,0
13:49:18.802 -> C,ts_engage_write,980992367
13:49:18.895 -> C,ts_engage_write,981080369
13:49:18.987 -> C,ts_engage_write,981168368
13:49:19.081 -> C,ts_engage_write,981256369
13:49:19.173 -> C,ts_engage_write,981344367
13:49:19.267 -> C,ts_engage_write,981432369
13:49:19.267 -> C,engage_lvl,0
13:49:19.361 -> C,ts_engage_write,981520368
13:49:19.453 -> C,ts_engage_write,981608369
13:49:19.546 -> C,ts_engage_write,981696367
13:49:19.593 -> C,ts_engage_write,981784368
13:49:19.687 -> C,mood_str,50
13:49:19.687 -> C,ts_engage_write,981872436
13:49:19.687 -> C,modifier,15
13:49:19.687 -> C,engage_floor,0
13:49:19.687 -> C,loop_us,205
13:49:19.779 -> [FACE] heartbeat
13:49:19.779 -> C,ts_engage_write,981960405
13:49:19.779 -> C,engage_lvl,0
13:49:19.872 -> C,ts_engage_write,982048367
13:49:19.965 -> C,ts_engage_write,982136369
13:49:20.058 -> C,ts_engage_write,982224368
13:49:20.151 -> C,ts_engage_write,982312369
13:49:20.245 -> C,ts_engage_write,982400367
13:49:20.339 -> C,ts_engage_write,982488369
13:49:20.339 -> C,engage_lvl,0
13:49:20.385 -> C,ts_engage_write,982576368
13:49:20.477 -> C,ts_engage_write,982664369
13:49:20.570 -> C,ts_engage_write,982752366
13:49:20.664 -> C,ts_engage_write,982840371
13:49:20.756 -> C,mood_str,50
13:49:20.756 -> C,ts_engage_write,982928434
13:49:20.756 -> C,modifier,15
13:49:20.756 -> C,engage_floor,0
13:49:20.756 -> C,loop_us,220
13:49:20.849 -> [FACE] heartbeat
13:49:20.849 -> C,ts_engage_write,983016404
13:49:20.849 -> C,engage_lvl,0
13:49:20.941 -> C,ts_engage_write,983104367
13:49:21.033 -> C,ts_engage_write,983192368
13:49:21.126 -> C,ts_engage_write,983280368
13:49:21.218 -> C,ts_engage_write,983368369
13:49:21.265 -> C,ts_engage_write,983456367
13:49:21.358 -> C,ts_engage_write,983544369
13:49:21.358 -> C,engage_lvl,0
13:49:21.451 -> C,ts_engage_write,983632368
13:49:21.544 -> C,ts_engage_write,983720369
13:49:21.639 -> C,ts_engage_write,983808366
13:49:21.732 -> C,ts_engage_write,983896371
13:49:21.825 -> C,mood_str,50
13:49:21.825 -> C,ts_engage_write,983984435
13:49:21.825 -> C,modifier,15
13:49:21.825 -> C,engage_floor,0
13:49:21.825 -> C,loop_us,205
13:49:21.918 -> [FACE] heartbeat
13:49:21.918 -> C,ts_engage_write,984072404
13:49:21.918 -> C,engage_lvl,0
13:49:22.010 -> C,ts_engage_write,984160367
13:49:22.057 -> C,ts_engage_write,984248369
13:49:22.150 -> C,ts_engage_write,984336368
13:49:22.244 -> C,ts_engage_write,984424369
13:49:22.338 -> C,ts_engage_write,984512367
13:49:22.432 -> C,ts_engage_write,984600369
13:49:22.432 -> C,engage_lvl,0
13:49:22.526 -> C,ts_engage_write,984688368
13:49:22.618 -> C,ts_engage_write,984776367
13:49:22.712 -> C,ts_engage_write,984864369
13:49:22.758 -> C,ts_engage_write,984952369
13:49:22.853 -> C,mood_str,50
13:49:22.853 -> C,ts_engage_write,985040434
13:49:22.853 -> C,modifier,15
13:49:22.853 -> C,engage_floor,0
13:49:22.853 -> C,loop_us,232
13:49:22.946 -> [FACE] heartbeat
13:49:22.946 -> C,ts_engage_write,985128409
13:49:22.946 -> C,engage_lvl,0
13:49:23.040 -> C,ts_engage_write,985216363
13:49:23.132 -> C,ts_engage_write,985304368
13:49:23.226 -> C,ts_engage_write,985392368
13:49:23.319 -> C,ts_engage_write,985480369
13:49:23.411 -> C,ts_engage_write,985568367
13:49:23.505 -> C,ts_engage_write,985656369
13:49:23.505 -> C,engage_lvl,0
13:49:23.551 -> C,ts_engage_write,985744366
13:49:23.644 -> C,ts_engage_write,985832370
13:49:23.740 -> C,ts_engage_write,985920367
13:49:23.833 -> C,ts_engage_write,986008369
13:49:23.926 -> C,mood_str,50
13:49:23.926 -> C,ts_engage_write,986096435
13:49:23.926 -> C,modifier,15
13:49:23.926 -> C,engage_floor,0
13:49:23.926 -> C,loop_us,205
13:49:24.019 -> [FACE] heartbeat
13:49:24.019 -> C,ts_engage_write,986184405
13:49:24.019 -> C,engage_lvl,0
13:49:24.113 -> C,ts_engage_write,986272367
13:49:24.205 -> C,ts_engage_write,986360369
13:49:24.299 -> C,ts_engage_write,986448368
13:49:24.345 -> C,ts_engage_write,986536369
13:49:24.438 -> C,ts_engage_write,986624367
13:49:24.533 -> C,ts_engage_write,986712369
13:49:24.533 -> C,engage_lvl,0
13:49:24.626 -> C,ts_engage_write,986800367
13:49:24.719 -> C,ts_engage_write,986888370
13:49:24.812 -> C,ts_engage_write,986976367
13:49:24.906 -> C,ts_engage_write,987064369
13:49:24.999 -> C,mood_str,50
13:49:24.999 -> C,ts_engage_write,987152434
13:49:24.999 -> C,modifier,15
13:49:24.999 -> C,engage_floor,0
13:49:24.999 -> C,loop_us,220
13:49:25.092 -> [FACE] heartbeat
13:49:25.092 -> C,ts_engage_write,987240405
13:49:25.092 -> C,engage_lvl,0
13:49:25.139 -> C,ts_engage_write,987328367
13:49:25.233 -> C,ts_engage_write,987416368
13:49:25.324 -> C,ts_engage_write,987504368
13:49:25.416 -> C,ts_engage_write,987592369
13:49:25.510 -> C,ts_engage_write,987680367
13:49:25.605 -> C,ts_engage_write,987768368
13:49:25.605 -> C,engage_lvl,0
13:49:25.698 -> C,ts_engage_write,987856369
13:49:25.791 -> C,ts_engage_write,987944369
13:49:25.884 -> C,ts_engage_write,988032367
13:49:25.930 -> C,ts_engage_write,988120369
13:49:26.023 -> C,mood_str,50
13:49:26.023 -> C,ts_engage_write,988208435
13:49:26.023 -> C,modifier,15
13:49:26.023 -> C,engage_floor,0
13:49:26.023 -> C,loop_us,221
13:49:26.116 -> [FACE] heartbeat
13:49:26.116 -> C,ts_engage_write,988296405
13:49:26.116 -> C,engage_lvl,0
13:49:26.209 -> C,ts_engage_write,988384367
13:49:26.301 -> C,ts_engage_write,988472368
13:49:26.394 -> C,ts_engage_write,988560368
13:49:26.486 -> C,ts_engage_write,988648369
13:49:26.579 -> C,ts_engage_write,988736367
13:49:26.671 -> C,ts_engage_write,988824368
13:49:26.671 -> C,engage_lvl,0
13:49:26.718 -> C,ts_engage_write,988912369
13:49:26.810 -> C,ts_engage_write,989000369
13:49:26.904 -> C,ts_engage_write,989088367
13:49:26.998 -> C,ts_engage_write,989176369
13:49:27.091 -> C,mood_str,50
13:49:27.091 -> C,ts_engage_write,989264436
13:49:27.091 -> C,modifier,15
13:49:27.091 -> C,engage_floor,0
13:49:27.091 -> C,loop_us,221
13:49:27.183 -> [FACE] heartbeat
13:49:27.183 -> C,ts_engage_write,989352406
13:49:27.183 -> C,engage_lvl,0
13:49:27.276 -> C,ts_engage_write,989440367
13:49:27.369 -> C,ts_engage_write,989528369
13:49:27.462 -> C,ts_engage_write,989616368
13:49:27.555 -> C,ts_engage_write,989704369
13:49:27.601 -> C,ts_engage_write,989792366
13:49:27.696 -> C,ts_engage_write,989880371
13:49:27.696 -> C,engage_lvl,0
13:49:27.789 -> C,ts_engage_write,989968368
13:49:27.882 -> C,ts_engage_write,990056369
13:49:27.975 -> C,ts_engage_write,990144367
13:49:28.067 -> C,ts_engage_write,990232369
13:49:28.161 -> C,mood_str,50
13:49:28.161 -> C,ts_engage_write,990320434
13:49:28.161 -> C,modifier,15
13:49:28.161 -> C,engage_floor,0
13:49:28.161 -> C,loop_us,221
13:49:28.254 -> [FACE] heartbeat
13:49:28.254 -> C,ts_engage_write,990408405
13:49:28.254 -> C,engage_lvl,0
13:49:28.348 -> C,ts_engage_write,990496367
13:49:28.393 -> C,ts_engage_write,990584368
13:49:28.486 -> C,ts_engage_write,990672368
13:49:28.579 -> C,ts_engage_write,990760367
13:49:28.672 -> C,ts_engage_write,990848369
13:49:28.765 -> C,ts_engage_write,990936369
13:49:28.765 -> C,engage_lvl,0
13:49:28.857 -> C,ts_engage_write,991024368
13:49:28.951 -> C,ts_engage_write,991112369
13:49:29.045 -> C,ts_engage_write,991200367
13:49:29.139 -> C,ts_engage_write,991288369
13:49:29.185 -> C,mood_str,50
13:49:29.185 -> C,ts_engage_write,991376435
13:49:29.185 -> C,modifier,15
13:49:29.185 -> C,engage_floor,0
13:49:29.185 -> C,loop_us,215
13:49:29.279 -> [FACE] heartbeat
13:49:29.279 -> C,ts_engage_write,991464405
13:49:29.279 -> C,engage_lvl,0
13:49:29.372 -> C,ts_engage_write,991552367
13:49:29.466 -> C,ts_engage_write,991640368
13:49:29.558 -> C,ts_engage_write,991728368
13:49:29.651 -> C,ts_engage_write,991816367
13:49:29.745 -> C,ts_engage_write,991904369
13:49:29.838 -> C,ts_engage_write,991992369
13:49:29.838 -> C,engage_lvl,0
13:49:29.931 -> C,ts_engage_write,992080368
13:49:29.979 -> C,ts_engage_write,992168369
13:49:30.072 -> C,ts_engage_write,992256367
13:49:30.165 -> C,ts_engage_write,992344369
13:49:30.258 -> C,mood_str,50
13:49:30.258 -> C,ts_engage_write,992432442
13:49:30.258 -> C,modifier,15
13:49:30.258 -> C,engage_floor,0
13:49:30.258 -> C,loop_us,211
13:49:30.351 -> [FACE] heartbeat
13:49:30.351 -> C,ts_engage_write,992520402
13:49:30.351 -> C,engage_lvl,0
13:49:30.445 -> C,ts_engage_write,992608365
13:49:30.538 -> C,ts_engage_write,992696366
13:49:30.631 -> C,ts_engage_write,992784364
13:49:30.724 -> C,ts_engage_write,992872367
13:49:30.772 -> C,ts_engage_write,992960365
13:49:30.864 -> C,ts_engage_write,993048367
13:49:30.864 -> C,engage_lvl,0
13:49:30.958 -> C,ts_engage_write,993136366
13:49:31.052 -> C,ts_engage_write,993224366
13:49:31.146 -> C,ts_engage_write,993312365
13:49:31.240 -> C,ts_engage_write,993400367
13:49:31.333 -> C,mood_str,50
13:49:31.333 -> C,ts_engage_write,993488435
13:49:31.333 -> C,modifier,15
13:49:31.333 -> C,engage_floor,0
13:49:31.333 -> C,loop_us,204
13:49:31.427 -> [FACE] heartbeat
13:49:31.427 -> C,ts_engage_write,993576397
13:49:31.427 -> C,engage_lvl,0
13:49:31.473 -> C,ts_engage_write,993664365
13:49:31.567 -> C,ts_engage_write,993752365
13:49:31.659 -> C,ts_engage_write,993840367
13:49:31.751 -> C,ts_engage_write,993928366
13:49:31.845 -> C,ts_engage_write,994016365
13:49:31.938 -> C,ts_engage_write,994104367
13:49:31.938 -> C,engage_lvl,0
13:49:32.031 -> C,ts_engage_write,994192366
13:49:32.123 -> C,ts_engage_write,994280366
13:49:32.217 -> C,ts_engage_write,994368365
13:49:32.263 -> C,ts_engage_write,994456367
13:49:32.355 -> C,mood_str,50
13:49:32.355 -> C,ts_engage_write,994544434
13:49:32.355 -> C,modifier,15
13:49:32.355 -> C,engage_floor,0
13:49:32.355 -> C,loop_us,220
13:49:32.448 -> [FACE] heartbeat
13:49:32.448 -> C,ts_engage_write,994632397
13:49:32.448 -> C,engage_lvl,0
13:49:32.541 -> C,ts_engage_write,994720365
13:49:32.635 -> C,ts_engage_write,994808366
13:49:32.729 -> C,ts_engage_write,994896367
13:49:32.822 -> C,ts_engage_write,994984366
13:49:32.915 -> C,ts_engage_write,995072365
13:49:33.009 -> C,ts_engage_write,995160367
13:49:33.009 -> C,engage_lvl,0
13:49:33.057 -> C,ts_engage_write,995248366
13:49:33.150 -> C,ts_engage_write,995336366
13:49:33.244 -> C,ts_engage_write,995424365
13:49:33.338 -> C,ts_engage_write,995512367
13:49:33.432 -> C,mood_str,50
13:49:33.432 -> C,ts_engage_write,995600426
13:49:33.432 -> C,modifier,15
13:49:33.432 -> C,engage_floor,0
13:49:33.432 -> C,loop_us,204
13:49:33.526 -> [FACE] heartbeat
13:49:33.526 -> C,ts_engage_write,995688401
13:49:33.526 -> C,engage_lvl,0
13:49:33.619 -> C,ts_engage_write,995776364
13:49:33.712 -> C,ts_engage_write,995864368
13:49:33.759 -> C,ts_engage_write,995952366
13:49:33.852 -> C,ts_engage_write,996040366
13:49:33.945 -> C,ts_engage_write,996128365
13:49:34.038 -> C,ts_engage_write,996216369
13:49:34.038 -> C,engage_lvl,0
13:49:34.130 -> C,ts_engage_write,996304368
13:49:34.224 -> C,ts_engage_write,996392369
13:49:34.317 -> C,ts_engage_write,996480367
13:49:34.410 -> C,ts_engage_write,996568369
13:49:34.503 -> C,mood_str,50
13:49:34.503 -> C,ts_engage_write,996656428
13:49:34.503 -> C,modifier,15
13:49:34.503 -> C,engage_floor,0
13:49:34.503 -> C,loop_us,211
13:49:34.596 -> [FACE] heartbeat
13:49:34.596 -> C,ts_engage_write,996744406
13:49:34.596 -> C,engage_lvl,0
13:49:34.643 -> C,ts_engage_write,996832369
13:49:34.735 -> C,ts_engage_write,996920369
13:49:34.828 -> C,ts_engage_write,997008368
13:49:34.921 -> C,ts_engage_write,997096369
13:49:35.012 -> C,ts_engage_write,997184367
13:49:35.108 -> C,ts_engage_write,997272369
13:49:35.108 -> C,engage_lvl,0
13:49:35.200 -> C,ts_engage_write,997360368
13:49:35.293 -> C,ts_engage_write,997448369
13:49:35.387 -> C,ts_engage_write,997536367
13:49:35.432 -> C,ts_engage_write,997624369
13:49:35.524 -> C,mood_str,50
13:49:35.524 -> C,ts_engage_write,997712428
13:49:35.524 -> C,modifier,15
13:49:35.524 -> C,engage_floor,0
13:49:35.524 -> C,loop_us,213
13:49:35.617 -> [FACE] heartbeat
13:49:35.617 -> C,ts_engage_write,997800405
13:49:35.617 -> C,engage_lvl,0
13:49:35.710 -> C,ts_engage_write,997888369
13:49:35.804 -> C,ts_engage_write,997976369
13:49:35.898 -> C,ts_engage_write,998064368
13:49:35.991 -> C,ts_engage_write,998152369
13:49:36.084 -> C,ts_engage_write,998240367
13:49:36.179 -> C,ts_engage_write,998328369
13:49:36.179 -> C,engage_lvl,0
13:49:36.225 -> C,ts_engage_write,998416368
13:49:36.318 -> C,ts_engage_write,998504369
13:49:36.410 -> C,ts_engage_write,998592367
13:49:36.503 -> C,ts_engage_write,998680369
13:49:36.596 -> C,mood_str,50
13:49:36.596 -> C,ts_engage_write,998768428
13:49:36.596 -> C,modifier,15
13:49:36.596 -> C,engage_floor,0
13:49:36.596 -> C,loop_us,215
13:49:36.689 -> [FACE] heartbeat
13:49:36.689 -> C,ts_engage_write,998856406
13:49:36.689 -> C,engage_lvl,0
13:49:36.782 -> C,ts_engage_write,998944367
13:49:36.876 -> C,ts_engage_write,999032368
13:49:36.970 -> C,ts_engage_write,999120368
13:49:37.017 -> C,ts_engage_write,999208369
13:49:37.111 -> C,ts_engage_write,999296367
13:49:37.203 -> C,ts_engage_write,999384369
13:49:37.203 -> C,engage_lvl,0
13:49:37.294 -> C,ts_engage_write,999472368
13:49:37.388 -> C,ts_engage_write,999560369
13:49:37.480 -> C,ts_engage_write,999648367
13:49:37.572 -> C,ts_engage_write,999736369
13:49:37.666 -> C,mood_str,50
13:49:37.666 -> C,ts_engage_write,999824436
13:49:37.666 -> C,modifier,15
13:49:37.666 -> C,engage_floor,0
13:49:37.666 -> C,loop_us,223
13:49:37.760 -> [FACE] heartbeat
13:49:37.760 -> C,ts_engage_write,999912407
13:49:37.760 -> C,engage_lvl,0
13:49:37.806 -> C,ts_engage_write,1000000366
13:49:37.899 -> C,ts_engage_write,1000088368
13:49:37.992 -> C,ts_engage_write,1000176368
13:49:38.084 -> C,ts_engage_write,1000264369
13:49:38.178 -> C,ts_engage_write,1000352367
13:49:38.272 -> C,ts_engage_write,1000440369
13:49:38.272 -> C,engage_lvl,0
13:49:38.365 -> C,ts_engage_write,1000528367
13:49:38.458 -> C,ts_engage_write,1000616369
13:49:38.551 -> C,ts_engage_write,1000704367
13:49:38.643 -> C,ts_engage_write,1000792368
13:49:38.690 -> C,mood_str,50
13:49:38.690 -> C,ts_engage_write,1000880435
13:49:38.690 -> C,modifier,15
13:49:38.690 -> C,engage_floor,0
13:49:38.690 -> C,loop_us,221
13:49:38.782 -> [FACE] heartbeat
13:49:38.782 -> C,ts_engage_write,1000968404
13:49:38.782 -> C,engage_lvl,0
13:49:38.876 -> C,ts_engage_write,1001056367
13:49:38.969 -> C,ts_engage_write,1001144368
13:49:39.064 -> C,ts_engage_write,1001232368
13:49:39.158 -> C,ts_engage_write,1001320369
13:49:39.252 -> C,ts_engage_write,1001408367
13:49:39.345 -> C,ts_engage_write,1001496369
13:49:39.345 -> C,engage_lvl,0
13:49:39.391 -> C,ts_engage_write,1001584368
13:49:39.485 -> C,ts_engage_write,1001672369
13:49:39.579 -> C,ts_engage_write,1001760366
13:49:39.671 -> C,ts_engage_write,1001848371
13:49:39.764 -> C,mood_str,50
13:49:39.764 -> C,ts_engage_write,1001936433
13:49:39.764 -> C,modifier,15
13:49:39.764 -> C,engage_floor,0
13:49:39.764 -> C,loop_us,204
13:49:39.856 -> [FACE] heartbeat
13:49:39.856 -> C,ts_engage_write,1002024404
13:49:39.856 -> C,engage_lvl,0
13:49:39.950 -> C,ts_engage_write,1002112367
13:49:40.042 -> C,ts_engage_write,1002200368
13:49:40.135 -> C,ts_engage_write,1002288368
13:49:40.229 -> C,ts_engage_write,1002376369
13:49:40.276 -> C,ts_engage_write,1002464367
13:49:40.370 -> C,ts_engage_write,1002552369
13:49:40.370 -> C,engage_lvl,0
13:49:40.462 -> C,ts_engage_write,1002640368
13:49:40.554 -> C,ts_engage_write,1002728369
13:49:40.646 -> C,ts_engage_write,1002816366
13:49:40.739 -> C,ts_engage_write,1002904371
13:49:40.832 -> C,mood_str,50
13:49:40.832 -> C,ts_engage_write,1002992435
13:49:40.832 -> C,modifier,15
13:49:40.832 -> C,engage_floor,0
13:49:40.832 -> C,loop_us,205
13:49:40.927 -> [FACE] heartbeat
13:49:40.927 -> C,ts_engage_write,1003080404
13:49:40.927 -> C,engage_lvl,0
13:49:41.018 -> C,ts_engage_write,1003168367
13:49:41.065 -> C,ts_engage_write,1003256368
13:49:41.159 -> C,ts_engage_write,1003344368
13:49:41.252 -> C,ts_engage_write,1003432369
13:49:41.345 -> C,ts_engage_write,1003520367
13:49:41.438 -> C,ts_engage_write,1003608369
13:49:41.438 -> C,engage_lvl,0
13:49:41.531 -> C,ts_engage_write,1003696368
13:49:41.624 -> C,ts_engage_write,1003784367
13:49:41.718 -> C,ts_engage_write,1003872369
13:49:41.811 -> C,ts_engage_write,1003960369
13:49:41.857 -> C,mood_str,50
13:49:41.857 -> C,ts_engage_write,1004048435
13:49:41.857 -> C,modifier,15
13:49:41.857 -> C,engage_floor,0
13:49:41.857 -> C,loop_us,206
13:49:41.950 -> [FACE] heartbeat
13:49:41.950 -> C,ts_engage_write,1004136405
13:49:41.950 -> C,engage_lvl,0
13:49:42.042 -> C,ts_engage_write,1004224367
13:49:42.135 -> C,ts_engage_write,1004312369
13:49:42.229 -> C,ts_engage_write,1004400368
13:49:42.323 -> C,ts_engage_write,1004488369
13:49:42.417 -> C,ts_engage_write,1004576367
13:49:42.509 -> C,ts_engage_write,1004664369
13:49:42.509 -> C,engage_lvl,0
13:49:42.602 -> C,ts_engage_write,1004752366
13:49:42.649 -> C,ts_engage_write,1004840370
13:49:42.744 -> C,ts_engage_write,1004928367
13:49:42.836 -> C,ts_engage_write,1005016369
13:49:42.928 -> C,mood_str,50
13:49:42.928 -> C,ts_engage_write,1005104436
13:49:42.928 -> C,modifier,15
13:49:42.928 -> C,engage_floor,0
13:49:42.928 -> C,loop_us,207
13:49:43.021 -> [FACE] heartbeat
13:49:43.021 -> C,ts_engage_write,1005192406
13:49:43.021 -> C,engage_lvl,0
13:49:43.115 -> C,ts_engage_write,1005280367
13:49:43.207 -> C,ts_engage_write,1005368368
13:49:43.301 -> C,ts_engage_write,1005456368
13:49:43.395 -> C,ts_engage_write,1005544369
13:49:43.442 -> C,ts_engage_write,1005632367
13:49:43.535 -> C,ts_engage_write,1005720369
13:49:43.535 -> C,engage_lvl,0
13:49:43.628 -> C,ts_engage_write,1005808367
13:49:43.721 -> C,ts_engage_write,1005896370
13:49:43.815 -> C,ts_engage_write,1005984367
13:49:43.909 -> C,ts_engage_write,1006072369
13:49:44.003 -> C,mood_str,50
13:49:44.003 -> C,ts_engage_write,1006160435
13:49:44.003 -> C,modifier,15
13:49:44.003 -> C,engage_floor,0
13:49:44.003 -> C,loop_us,206
13:49:44.096 -> [FACE] heartbeat
13:49:44.096 -> C,ts_engage_write,1006248404
13:49:44.096 -> C,engage_lvl,0
13:49:44.142 -> C,ts_engage_write,1006336367
13:49:44.235 -> C,ts_engage_write,1006424369
13:49:44.327 -> C,ts_engage_write,1006512368
13:49:44.419 -> C,ts_engage_write,1006600369
13:49:44.514 -> C,ts_engage_write,1006688367
13:49:44.608 -> C,ts_engage_write,1006776368
13:49:44.608 -> C,engage_lvl,0
13:49:44.700 -> C,ts_engage_write,1006864369
13:49:44.793 -> C,ts_engage_write,1006952369
13:49:44.886 -> C,ts_engage_write,1007040367
13:49:44.979 -> C,ts_engage_write,1007128369
13:49:45.025 -> C,mood_str,50
13:49:45.025 -> C,ts_engage_write,1007216436
13:49:45.025 -> C,modifier,15
13:49:45.025 -> C,engage_floor,0
13:49:45.025 -> C,loop_us,206
13:49:45.119 -> [FACE] heartbeat
13:49:45.119 -> C,ts_engage_write,1007304405
13:49:45.119 -> C,engage_lvl,0
13:49:45.212 -> C,ts_engage_write,1007392367
13:49:45.306 -> C,ts_engage_write,1007480368
13:49:45.399 -> C,ts_engage_write,1007568368
13:49:45.492 -> C,ts_engage_write,1007656369
13:49:45.586 -> C,ts_engage_write,1007744366
13:49:45.681 -> C,ts_engage_write,1007832371
13:49:45.681 -> C,engage_lvl,0
13:49:45.728 -> C,ts_engage_write,1007920368
13:49:45.822 -> C,ts_engage_write,1008008369
13:49:45.914 -> C,ts_engage_write,1008096367
13:49:46.007 -> C,ts_engage_write,1008184369
13:49:46.100 -> C,mood_str,50
13:49:46.100 -> C,ts_engage_write,1008272441
13:49:46.100 -> C,modifier,15
13:49:46.100 -> C,engage_floor,0
13:49:46.100 -> C,loop_us,226
13:49:46.193 -> [FACE] heartbeat
13:49:46.193 -> C,ts_engage_write,1008360402
13:49:46.193 -> C,engage_lvl,0
13:49:46.285 -> C,ts_engage_write,1008448365
13:49:46.378 -> C,ts_engage_write,1008536366
13:49:46.471 -> C,ts_engage_write,1008624366
13:49:46.518 -> C,ts_engage_write,1008712366
13:49:46.612 -> C,ts_engage_write,1008800364
13:49:46.704 -> C,ts_engage_write,1008888368
13:49:46.704 -> C,engage_lvl,0
13:49:46.798 -> C,ts_engage_write,1008976366
13:49:46.890 -> C,ts_engage_write,1009064366
13:49:46.984 -> C,ts_engage_write,1009152365
13:49:47.077 -> C,ts_engage_write,1009240367
13:49:47.170 -> C,mood_str,50
13:49:47.170 -> C,ts_engage_write,1009328433
13:49:47.170 -> C,modifier,15
13:49:47.170 -> C,engage_floor,0
13:49:47.170 -> C,loop_us,225
13:49:47.264 -> [FACE] heartbeat
13:49:47.264 -> C,ts_engage_write,1009416403
13:49:47.264 -> C,engage_lvl,0
13:49:47.311 -> C,ts_engage_write,1009504365
13:49:47.404 -> C,ts_engage_write,1009592366
13:49:47.498 -> C,ts_engage_write,1009680366
13:49:47.590 -> C,ts_engage_write,1009768365
13:49:47.684 -> C,ts_engage_write,1009856367
13:49:47.777 -> C,ts_engage_write,1009944367
13:49:47.777 -> C,engage_lvl,0
13:49:47.871 -> C,ts_engage_write,1010032366
13:49:47.964 -> C,ts_engage_write,1010120366
13:49:48.057 -> C,ts_engage_write,1010208365
13:49:48.104 -> C,ts_engage_write,1010296367
13:49:48.197 -> C,mood_str,50
13:49:48.197 -> C,ts_engage_write,1010384433
13:49:48.197 -> C,modifier,15
13:49:48.197 -> C,engage_floor,0
13:49:48.197 -> C,loop_us,218
13:49:48.291 -> [FACE] heartbeat
13:49:48.291 -> C,ts_engage_write,1010472402
13:49:48.291 -> C,engage_lvl,0
13:49:48.383 -> C,ts_engage_write,1010560365
13:49:48.476 -> C,ts_engage_write,1010648367
13:49:48.568 -> C,ts_engage_write,1010736366
13:49:48.662 -> C,ts_engage_write,1010824365
13:49:48.756 -> C,ts_engage_write,1010912367
13:49:48.848 -> C,ts_engage_write,1011000367
13:49:48.848 -> C,engage_lvl,0
13:49:48.895 -> C,ts_engage_write,1011088366
13:49:48.989 -> C,ts_engage_write,1011176366
13:49:49.082 -> C,ts_engage_write,1011264365
13:49:49.176 -> C,ts_engage_write,1011352367
13:49:49.268 -> C,mood_str,50
13:49:49.268 -> C,ts_engage_write,1011440432
13:49:49.268 -> C,modifier,15
13:49:49.268 -> C,engage_floor,0
13:49:49.268 -> C,loop_us,221
13:49:49.360 -> [FACE] heartbeat
13:49:49.360 -> C,ts_engage_write,1011528402
13:49:49.360 -> C,engage_lvl,0
13:49:49.453 -> C,ts_engage_write,1011616365
13:49:49.544 -> C,ts_engage_write,1011704367
13:49:49.638 -> C,ts_engage_write,1011792364
13:49:49.732 -> C,ts_engage_write,1011880367
13:49:49.779 -> C,ts_engage_write,1011968365
13:49:49.872 -> C,ts_engage_write,1012056367
13:49:49.872 -> C,engage_lvl,0
13:49:49.966 -> C,ts_engage_write,1012144366
13:49:50.059 -> C,ts_engage_write,1012232366
13:49:50.152 -> C,ts_engage_write,1012320365
13:49:50.245 -> C,ts_engage_write,1012408367
13:49:50.339 -> C,mood_str,50
13:49:50.339 -> C,ts_engage_write,1012496432
13:49:50.339 -> C,modifier,15
13:49:50.339 -> C,engage_floor,0
13:49:50.339 -> C,loop_us,202
13:49:50.434 -> [FACE] heartbeat
13:49:50.434 -> C,ts_engage_write,1012584403
13:49:50.434 -> C,engage_lvl,0
13:49:50.480 -> C,ts_engage_write,1012672365
13:49:50.573 -> C,ts_engage_write,1012760365
13:49:50.666 -> C,ts_engage_write,1012848367
13:49:50.759 -> C,ts_engage_write,1012936366
13:49:50.851 -> C,ts_engage_write,1013024365
13:49:50.945 -> C,ts_engage_write,1013112367
13:49:50.945 -> C,engage_lvl,0
13:49:51.038 -> C,ts_engage_write,1013200366
13:49:51.130 -> C,ts_engage_write,1013288366
13:49:51.223 -> C,ts_engage_write,1013376365
13:49:51.315 -> C,ts_engage_write,1013464367
13:49:51.362 -> C,mood_str,50
13:49:51.362 -> C,ts_engage_write,1013552434
13:49:51.362 -> C,modifier,15
13:49:51.362 -> C,engage_floor,0
13:49:51.362 -> C,loop_us,227
13:49:51.455 -> [FACE] heartbeat
13:49:51.455 -> C,ts_engage_write,1013640407
13:49:51.455 -> C,engage_lvl,0
13:49:51.548 -> C,ts_engage_write,1013728362
13:49:51.641 -> C,ts_engage_write,1013816365
13:49:51.734 -> C,ts_engage_write,1013904367
13:49:51.826 -> C,ts_engage_write,1013992366
13:49:51.919 -> C,ts_engage_write,1014080365
13:49:52.011 -> C,ts_engage_write,1014168367
13:49:52.011 -> C,engage_lvl,0
13:49:52.104 -> C,ts_engage_write,1014256366
13:49:52.151 -> C,ts_engage_write,1014344366
13:49:52.244 -> C,ts_engage_write,1014432365
13:49:52.338 -> C,ts_engage_write,1014520367
13:49:52.431 -> C,mood_str,50
13:49:52.431 -> C,ts_engage_write,1014608433
13:49:52.431 -> C,modifier,15
13:49:52.431 -> C,engage_floor,0
13:49:52.431 -> C,loop_us,221
13:49:52.526 -> [FACE] heartbeat
13:49:52.526 -> C,ts_engage_write,1014696403
13:49:52.526 -> C,engage_lvl,0
13:49:52.619 -> C,ts_engage_write,1014784364
13:49:52.712 -> C,ts_engage_write,1014872367
13:49:52.805 -> C,ts_engage_write,1014960366
13:49:52.898 -> C,ts_engage_write,1015048366
13:49:52.944 -> C,ts_engage_write,1015136365
13:49:53.037 -> C,ts_engage_write,1015224367
13:49:53.037 -> C,engage_lvl,0
13:49:53.130 -> C,ts_engage_write,1015312366
13:49:53.225 -> C,ts_engage_write,1015400366
13:49:53.319 -> C,ts_engage_write,1015488365
13:49:53.411 -> C,ts_engage_write,1015576367
13:49:53.503 -> C,mood_str,50
13:49:53.503 -> C,ts_engage_write,1015664433
13:49:53.503 -> C,modifier,15
13:49:53.503 -> C,engage_floor,0
13:49:53.503 -> C,loop_us,225
13:49:53.595 -> [FACE] heartbeat
13:49:53.595 -> C,ts_engage_write,1015752406
13:49:53.595 -> C,engage_lvl,0
13:49:53.688 -> C,ts_engage_write,1015840367
13:49:53.735 -> C,ts_engage_write,1015928367
13:49:53.828 -> C,ts_engage_write,1016016366
13:49:53.922 -> C,ts_engage_write,1016104366
13:49:54.014 -> C,ts_engage_write,1016192365
13:49:54.108 -> C,ts_engage_write,1016280367
13:49:54.108 -> C,engage_lvl,0
13:49:54.201 -> C,ts_engage_write,1016368366
13:49:54.295 -> C,ts_engage_write,1016456366
13:49:54.388 -> C,ts_engage_write,1016544365
13:49:54.480 -> C,ts_engage_write,1016632367
13:49:54.528 -> C,mood_str,50
13:49:54.528 -> C,ts_engage_write,1016720432
13:49:54.528 -> C,modifier,15
13:49:54.528 -> C,engage_floor,0
13:49:54.528 -> C,loop_us,226
13:49:54.621 -> [FACE] heartbeat
13:49:54.621 -> C,ts_engage_write,1016808406
13:49:54.621 -> C,engage_lvl,0
13:49:54.714 -> C,ts_engage_write,1016896362
13:49:54.807 -> C,ts_engage_write,1016984366
13:49:54.900 -> C,ts_engage_write,1017072366
13:49:54.993 -> C,ts_engage_write,1017160369
13:49:55.086 -> C,ts_engage_write,1017248367
13:49:55.179 -> C,ts_engage_write,1017336369
13:49:55.179 -> C,engage_lvl,0
13:49:55.273 -> C,ts_engage_write,1017424368
13:49:55.319 -> C,ts_engage_write,1017512369
13:49:55.412 -> C,ts_engage_write,1017600367
13:49:55.506 -> C,ts_engage_write,1017688369
13:49:55.600 -> C,mood_str,50
13:49:55.600 -> C,ts_engage_write,1017776433
13:49:55.600 -> C,modifier,15
13:49:55.600 -> C,engage_floor,0
13:49:55.600 -> C,loop_us,204
13:49:55.694 -> [FACE] heartbeat
13:49:55.694 -> C,ts_engage_write,1017864405
13:49:55.694 -> C,engage_lvl,0
13:49:55.788 -> C,ts_engage_write,1017952367
13:49:55.880 -> C,ts_engage_write,1018040369
13:49:55.976 -> C,ts_engage_write,1018128368
13:49:56.068 -> C,ts_engage_write,1018216369
13:49:56.114 -> C,ts_engage_write,1018304367
13:49:56.208 -> C,ts_engage_write,1018392369
13:49:56.208 -> C,engage_lvl,0
13:49:56.300 -> C,ts_engage_write,1018480368
13:49:56.395 -> C,ts_engage_write,1018568369
13:49:56.488 -> C,ts_engage_write,1018656367
13:49:56.580 -> C,ts_engage_write,1018744368
13:49:56.674 -> C,mood_str,50
13:49:56.674 -> C,ts_engage_write,1018832436
13:49:56.674 -> C,modifier,15
13:49:56.674 -> C,engage_floor,0
13:49:56.674 -> C,loop_us,206
13:49:56.769 -> [FACE] heartbeat
13:49:56.769 -> C,ts_engage_write,1018920404
13:49:56.769 -> C,engage_lvl,0
13:49:56.815 -> C,ts_engage_write,1019008367
13:49:56.909 -> C,ts_engage_write,1019096368
13:49:57.000 -> C,ts_engage_write,1019184368
13:49:57.094 -> C,ts_engage_write,1019272369
13:49:57.188 -> C,ts_engage_write,1019360367
13:49:57.282 -> C,ts_engage_write,1019448369
13:49:57.282 -> C,engage_lvl,0
13:49:57.376 -> C,ts_engage_write,1019536368
13:49:57.468 -> C,ts_engage_write,1019624369
13:49:57.560 -> C,ts_engage_write,1019712367
13:49:57.607 -> C,ts_engage_write,1019800368
13:49:57.699 -> C,mood_str,50
13:49:57.699 -> C,ts_engage_write,1019888436
13:49:57.699 -> C,modifier,15
13:49:57.699 -> C,engage_floor,0
13:49:57.699 -> C,loop_us,205
13:49:57.792 -> [FACE] heartbeat
13:49:57.792 -> C,ts_engage_write,1019976402
13:49:57.792 -> C,engage_lvl,0
13:49:57.885 -> C,ts_engage_write,1020064367
13:49:57.979 -> C,ts_engage_write,1020152369
13:49:58.072 -> C,ts_engage_write,1020240368
13:49:58.165 -> C,ts_engage_write,1020328369
13:49:58.259 -> C,ts_engage_write,1020416367
13:49:58.351 -> C,ts_engage_write,1020504369
13:49:58.351 -> C,engage_lvl,0
13:49:58.399 -> C,dom_touch,99
13:49:58.399 -> C,dom_sec,0
13:49:58.399 -> [MEM] tick: records=7 strength=99
13:49:58.399 -> C,rec_count,7
13:49:58.399 -> C,ts_engage_write,1020592534
13:49:58.491 -> C,ts_engage_write,1020680374
13:49:58.584 -> C,ts_engage_write,1020768366
13:49:58.677 -> C,ts_engage_write,1020856372
13:49:58.771 -> C,mood_str,50
13:49:58.771 -> C,ts_engage_write,1020944432
13:49:58.771 -> C,modifier,15
13:49:58.771 -> C,engage_floor,0
13:49:58.771 -> C,loop_us,214
13:49:58.864 -> [FACE] heartbeat
13:49:58.864 -> C,ts_engage_write,1021032404
13:49:58.864 -> C,engage_lvl,0
13:49:58.957 -> C,ts_engage_write,1021120367
13:49:59.049 -> C,ts_engage_write,1021208368
13:49:59.143 -> C,ts_engage_write,1021296368
13:49:59.235 -> C,ts_engage_write,1021387887
13:49:59.283 -> C,ts_engage_write,1021476398
13:49:59.377 -> C,ts_engage_write,1021564369
13:49:59.377 -> C,engage_lvl,0
13:49:59.471 -> C,ts_engage_write,1021652367
13:49:59.565 -> C,ts_engage_write,1021740369
13:49:59.657 -> C,ts_engage_write,1021828367
13:49:59.750 -> C,ts_engage_write,1021916371
13:49:59.844 -> C,mood_str,50
13:49:59.844 -> C,ts_engage_write,1022004440
13:49:59.844 -> C,modifier,15
13:49:59.844 -> C,engage_floor,0
13:49:59.844 -> C,loop_us,208
13:49:59.938 -> [FACE] heartbeat
13:49:59.938 -> C,ts_engage_write,1022092407
13:49:59.938 -> C,engage_lvl,0
13:50:00.029 -> C,ts_engage_write,1022180367
13:50:00.076 -> C,ts_engage_write,1022268369
13:50:00.169 -> C,ts_engage_write,1022356367
13:50:00.262 -> C,ts_engage_write,1022444369
13:50:00.357 -> C,ts_engage_write,1022532367
13:50:00.450 -> C,ts_engage_write,1022620369
13:50:00.450 -> C,engage_lvl,0
13:50:00.543 -> C,ts_engage_write,1022708367
13:50:00.637 -> C,ts_engage_write,1022796367
13:50:00.730 -> C,ts_engage_write,1022884369
13:50:00.824 -> C,ts_engage_write,1022972369
13:50:00.871 -> C,mood_str,50
13:50:00.871 -> C,ts_engage_write,1023060432
13:50:00.871 -> C,modifier,15
13:50:00.871 -> C,engage_floor,0
13:50:00.871 -> C,loop_us,220
13:50:00.962 -> [FACE] heartbeat
13:50:00.962 -> C,ts_engage_write,1023148404
13:50:00.962 -> C,engage_lvl,0
13:50:01.057 -> C,ts_engage_write,1023236368
13:50:01.149 -> C,ts_engage_write,1023324369
13:50:01.243 -> C,ts_engage_write,1023412367
13:50:01.335 -> C,ts_engage_write,1023500369
13:50:01.428 -> C,ts_engage_write,1023588368
13:50:01.521 -> C,ts_engage_write,1023676369
13:50:01.521 -> C,engage_lvl,0
13:50:01.614 -> C,ts_engage_write,1023764366
13:50:01.660 -> C,ts_engage_write,1023852370
13:50:01.752 -> C,ts_engage_write,1023940368
13:50:01.846 -> C,ts_engage_write,1024028369
13:50:01.940 -> C,mood_str,50
13:50:01.940 -> C,ts_engage_write,1024116435
13:50:01.940 -> C,modifier,15
13:50:01.940 -> C,engage_floor,0
13:50:01.940 -> C,loop_us,213
13:50:02.032 -> [FACE] heartbeat
13:50:02.032 -> C,ts_engage_write,1024204405
13:50:02.032 -> C,engage_lvl,0
13:50:02.127 -> C,ts_engage_write,1024292367
13:50:02.220 -> C,ts_engage_write,1024380369
13:50:02.312 -> C,ts_engage_write,1024468367
13:50:02.404 -> C,ts_engage_write,1024556369
13:50:02.450 -> C,ts_engage_write,1024644367
13:50:02.544 -> C,ts_engage_write,1024732369
13:50:02.544 -> C,engage_lvl,0
13:50:02.638 -> C,ts_engage_write,1024820366
13:50:02.731 -> C,ts_engage_write,1024908370
13:50:02.823 -> C,ts_engage_write,1024996367
13:50:02.915 -> C,ts_engage_write,1025084369
13:50:03.008 -> C,mood_str,50
13:50:03.008 -> C,ts_engage_write,1025172441
13:50:03.008 -> C,modifier,15
13:50:03.008 -> C,engage_floor,0
13:50:03.008 -> C,loop_us,230
13:50:03.102 -> [FACE] heartbeat
13:50:03.102 -> C,ts_engage_write,1025260403
13:50:03.102 -> C,engage_lvl,0
13:50:03.195 -> C,ts_engage_write,1025348365
13:50:03.242 -> C,ts_engage_write,1025436366
13:50:03.335 -> C,ts_engage_write,1025524366
13:50:03.428 -> C,ts_engage_write,1025612366
13:50:03.523 -> C,ts_engage_write,1025700365
13:50:03.614 -> C,ts_engage_write,1025788366
13:50:03.614 -> C,engage_lvl,0
13:50:03.707 -> C,ts_engage_write,1025876367
13:50:03.800 -> C,ts_engage_write,1025964366
13:50:03.893 -> C,ts_engage_write,1026052365
13:50:03.986 -> C,ts_engage_write,1026140367
13:50:04.033 -> C,mood_str,50
13:50:04.033 -> C,ts_engage_write,1026228434
13:50:04.033 -> C,modifier,15
13:50:04.033 -> C,engage_floor,0
13:50:04.033 -> C,loop_us,220
13:50:04.126 -> [FACE] heartbeat
13:50:04.126 -> C,ts_engage_write,1026316401
13:50:04.126 -> C,engage_lvl,0
13:50:04.220 -> C,ts_engage_write,1026404365
13:50:04.313 -> C,ts_engage_write,1026492367
13:50:04.404 -> C,ts_engage_write,1026580366
13:50:04.496 -> C,ts_engage_write,1026668366
13:50:04.592 -> C,ts_engage_write,1026756364
13:50:04.685 -> C,ts_engage_write,1026844368
13:50:04.685 -> C,engage_lvl,0
13:50:04.780 -> C,ts_engage_write,1026932366
13:50:04.827 -> C,ts_engage_write,1027020366
13:50:04.919 -> C,ts_engage_write,1027108365
13:50:05.012 -> C,ts_engage_write,1027196367
13:50:05.107 -> C,mood_str,50
13:50:05.107 -> C,ts_engage_write,1027284433
13:50:05.107 -> C,modifier,15
13:50:05.107 -> C,engage_floor,0
13:50:05.107 -> C,loop_us,218
13:50:05.198 -> [FACE] heartbeat
13:50:05.198 -> C,ts_engage_write,1027372403
13:50:05.198 -> C,engage_lvl,0
13:50:05.292 -> C,ts_engage_write,1027460365
13:50:05.385 -> C,ts_engage_write,1027548366
13:50:05.480 -> C,ts_engage_write,1027636366
13:50:05.572 -> C,ts_engage_write,1027724366
13:50:05.619 -> C,ts_engage_write,1027812364
13:50:05.712 -> C,ts_engage_write,1027900368
13:50:05.712 -> C,engage_lvl,0
13:50:05.806 -> C,ts_engage_write,1027988366
13:50:05.899 -> C,ts_engage_write,1028076366
13:50:05.993 -> C,ts_engage_write,1028164365
13:50:06.085 -> C,ts_engage_write,1028252367
13:50:06.178 -> C,mood_str,50
13:50:06.178 -> C,ts_engage_write,1028340432
13:50:06.178 -> C,modifier,15
13:50:06.178 -> C,engage_floor,0
13:50:06.178 -> C,loop_us,218
13:50:06.271 -> [FACE] heartbeat
13:50:06.271 -> C,ts_engage_write,1028428401
13:50:06.271 -> C,engage_lvl,0
13:50:06.364 -> C,ts_engage_write,1028516365
13:50:06.412 -> C,ts_engage_write,1028604366
13:50:06.504 -> C,ts_engage_write,1028692366
13:50:06.598 -> C,ts_engage_write,1028780365
13:50:06.691 -> C,ts_engage_write,1028868367
13:50:06.785 -> C,ts_engage_write,1028956369
13:50:06.785 -> C,engage_lvl,0
13:50:06.877 -> C,ts_engage_write,1029044368
13:50:06.970 -> C,ts_engage_write,1029132369
13:50:07.063 -> C,ts_engage_write,1029220367
13:50:07.156 -> C,ts_engage_write,1029308369
13:50:07.204 -> C,mood_str,50
13:50:07.204 -> C,ts_engage_write,1029396435
13:50:07.204 -> C,modifier,15
13:50:07.204 -> C,engage_floor,0
13:50:07.204 -> C,loop_us,224
13:50:07.297 -> [FACE] heartbeat
13:50:07.297 -> C,ts_engage_write,1029484404
13:50:07.297 -> C,engage_lvl,0
13:50:07.388 -> C,ts_engage_write,1029572367
13:50:07.482 -> C,ts_engage_write,1029660369
13:50:07.576 -> C,ts_engage_write,1029748366
13:50:07.667 -> C,ts_engage_write,1029836370
13:50:07.759 -> C,ts_engage_write,1029924367
13:50:07.851 -> C,ts_engage_write,1030012369
13:50:07.851 -> C,engage_lvl,0
13:50:07.944 -> C,ts_engage_write,1030100368
13:50:08.037 -> C,ts_engage_write,1030188369
13:50:08.084 -> C,ts_engage_write,1030276367
13:50:08.178 -> C,ts_engage_write,1030364369
13:50:08.271 -> C,mood_str,50
13:50:08.271 -> C,ts_engage_write,1030452435
13:50:08.271 -> C,modifier,15
13:50:08.271 -> C,engage_floor,0
13:50:08.271 -> C,loop_us,203
13:50:08.364 -> [FACE] heartbeat
13:50:08.364 -> C,ts_engage_write,1030540405
13:50:08.364 -> C,engage_lvl,0
13:50:08.457 -> C,ts_engage_write,1030628367
13:50:08.550 -> C,ts_engage_write,1030716368
13:50:08.642 -> C,ts_engage_write,1030804367
13:50:08.735 -> C,ts_engage_write,1030892370
13:50:08.828 -> C,ts_engage_write,1030980367
13:50:08.876 -> C,ts_engage_write,1031068369
13:50:08.876 -> C,engage_lvl,0
13:50:08.968 -> C,ts_engage_write,1031156368
13:50:09.063 -> C,ts_engage_write,1031244369
13:50:09.155 -> C,ts_engage_write,1031332367
13:50:09.248 -> C,ts_engage_write,1031420369
13:50:09.342 -> C,mood_str,50
13:50:09.342 -> C,ts_engage_write,1031508436
13:50:09.342 -> C,modifier,15
13:50:09.342 -> C,engage_floor,0
13:50:09.342 -> C,loop_us,229
13:50:09.435 -> [FACE] heartbeat
13:50:09.435 -> C,ts_engage_write,1031596409
13:50:09.435 -> C,engage_lvl,0
13:50:09.529 -> C,ts_engage_write,1031684367
13:50:09.622 -> C,ts_engage_write,1031772367
13:50:09.669 -> C,ts_engage_write,1031860369
13:50:09.762 -> C,ts_engage_write,1031948369
13:50:09.856 -> C,ts_engage_write,1032036367
13:50:09.949 -> C,ts_engage_write,1032124369
13:50:09.949 -> C,engage_lvl,0
13:50:10.043 -> C,ts_engage_write,1032212368
13:50:10.136 -> C,ts_engage_write,1032300369
13:50:10.230 -> C,ts_engage_write,1032388367
13:50:10.323 -> C,ts_engage_write,1032476369
13:50:10.369 -> C,mood_str,50
13:50:10.369 -> C,ts_engage_write,1032564435
13:50:10.369 -> C,modifier,15
13:50:10.369 -> C,engage_floor,0
13:50:10.369 -> C,loop_us,203
13:50:10.462 -> [FACE] heartbeat
13:50:10.462 -> C,ts_engage_write,1032652404
13:50:10.462 -> C,engage_lvl,0
13:50:10.555 -> C,ts_engage_write,1032740367
13:50:10.647 -> C,ts_engage_write,1032828368
13:50:10.740 -> C,ts_engage_write,1032916369
13:50:10.833 -> C,ts_engage_write,1033004369
13:50:10.926 -> C,ts_engage_write,1033092367
13:50:11.020 -> C,ts_engage_write,1033180369
13:50:11.020 -> C,engage_lvl,0
13:50:11.113 -> C,ts_engage_write,1033268368
13:50:11.207 -> C,ts_engage_write,1033356369
13:50:11.253 -> C,ts_engage_write,1033444367
13:50:11.347 -> C,ts_engage_write,1033532369
13:50:11.439 -> C,mood_str,50
13:50:11.439 -> C,ts_engage_write,1033620434
13:50:11.439 -> C,modifier,15
13:50:11.439 -> C,engage_floor,0
13:50:11.439 -> C,loop_us,203
13:50:11.533 -> [FACE] heartbeat
13:50:11.533 -> C,ts_engage_write,1033708405
13:50:11.533 -> C,engage_lvl,0
13:50:11.627 -> C,ts_engage_write,1033796366
13:50:11.719 -> C,ts_engage_write,1033884371
13:50:11.812 -> C,ts_engage_write,1033972368
13:50:11.906 -> C,ts_engage_write,1034060369
13:50:11.999 -> C,ts_engage_write,1034148367
13:50:12.045 -> C,ts_engage_write,1034236369
13:50:12.045 -> C,engage_lvl,0
13:50:12.138 -> C,ts_engage_write,1034324368
13:50:12.229 -> C,ts_engage_write,1034412369
13:50:12.324 -> C,ts_engage_write,1034500367
13:50:12.417 -> C,ts_engage_write,1034588369
13:50:12.510 -> C,mood_str,50
13:50:12.510 -> C,ts_engage_write,1034676434
13:50:12.510 -> C,modifier,15
13:50:12.510 -> C,engage_floor,0
13:50:12.510 -> C,loop_us,203
13:50:12.602 -> [FACE] heartbeat
13:50:12.602 -> C,ts_engage_write,1034764403
13:50:12.602 -> C,engage_lvl,0
13:50:12.695 -> C,ts_engage_write,1034852369
13:50:12.790 -> C,ts_engage_write,1034940369
13:50:12.837 -> C,ts_engage_write,1035028368
13:50:12.930 -> C,ts_engage_write,1035116369
13:50:13.024 -> C,ts_engage_write,1035204367
13:50:13.116 -> C,ts_engage_write,1035292369
13:50:13.116 -> C,engage_lvl,0
13:50:13.209 -> C,ts_engage_write,1035380368
13:50:13.304 -> C,ts_engage_write,1035468369
13:50:13.397 -> C,ts_engage_write,1035556367
13:50:13.489 -> C,ts_engage_write,1035644369
13:50:13.583 -> C,mood_str,50
13:50:13.583 -> C,ts_engage_write,1035732435
13:50:13.583 -> C,modifier,15
13:50:13.583 -> C,engage_floor,0
13:50:13.583 -> C,loop_us,217
13:50:13.629 -> [FACE] heartbeat
13:50:13.629 -> C,ts_engage_write,1035820404
13:50:13.629 -> C,engage_lvl,0
13:50:13.722 -> C,ts_engage_write,1035908369
13:50:13.815 -> C,ts_engage_write,1035996369
13:50:13.908 -> C,ts_engage_write,1036084368
13:50:14.001 -> C,ts_engage_write,1036172369
13:50:14.095 -> C,ts_engage_write,1036260367
13:50:14.189 -> C,ts_engage_write,1036348369
13:50:14.189 -> C,engage_lvl,0
13:50:14.282 -> C,ts_engage_write,1036436368
13:50:14.330 -> C,ts_engage_write,1036524369
13:50:14.423 -> C,ts_engage_write,1036612367
13:50:14.516 -> C,ts_engage_write,1036700369
13:50:14.608 -> C,mood_str,50
13:50:14.608 -> C,ts_engage_write,1036788436
13:50:14.608 -> C,modifier,15
13:50:14.608 -> C,engage_floor,0
13:50:14.608 -> C,loop_us,231
13:50:14.701 -> [FACE] heartbeat
13:50:14.701 -> C,ts_engage_write,1036876412
13:50:14.701 -> C,engage_lvl,0
13:50:14.794 -> C,ts_engage_write,1036964367
13:50:14.888 -> C,ts_engage_write,1037052369
13:50:14.982 -> C,ts_engage_write,1037140368
13:50:15.077 -> C,ts_engage_write,1037228369
13:50:15.124 -> C,ts_engage_write,1037316367
13:50:15.216 -> C,ts_engage_write,1037404369
13:50:15.216 -> C,engage_lvl,0
13:50:15.310 -> C,ts_engage_write,1037492368
13:50:15.403 -> C,ts_engage_write,1037580369
13:50:15.496 -> C,ts_engage_write,1037668367
13:50:15.590 -> C,ts_engage_write,1037756368
13:50:15.684 -> C,mood_str,50
13:50:15.684 -> C,ts_engage_write,1037844436
13:50:15.684 -> C,modifier,15
13:50:15.684 -> C,engage_floor,0
13:50:15.684 -> C,loop_us,223
13:50:15.776 -> [FACE] heartbeat
13:50:15.776 -> C,ts_engage_write,1037932404
13:50:15.776 -> C,engage_lvl,0
13:50:15.868 -> C,ts_engage_write,1038020367
13:50:15.914 -> C,ts_engage_write,1038108369
13:50:16.008 -> C,ts_engage_write,1038196368
13:50:16.101 -> C,ts_engage_write,1038284369
13:50:16.195 -> C,ts_engage_write,1038372367
13:50:16.288 -> C,ts_engage_write,1038460369
13:50:16.288 -> C,engage_lvl,0
13:50:16.382 -> C,ts_engage_write,1038548368
13:50:16.474 -> C,ts_engage_write,1038636369
13:50:16.568 -> C,ts_engage_write,1038724367
13:50:16.662 -> C,ts_engage_write,1038812368
13:50:16.710 -> C,mood_str,50
13:50:16.710 -> C,ts_engage_write,1038900436
13:50:16.710 -> C,modifier,15
13:50:16.710 -> C,engage_floor,0
13:50:16.710 -> C,loop_us,219
13:50:16.804 -> [FACE] heartbeat
13:50:16.804 -> C,ts_engage_write,1038988405
13:50:16.804 -> C,engage_lvl,0
13:50:16.898 -> C,ts_engage_write,1039076367
13:50:16.991 -> C,ts_engage_write,1039164369
13:50:17.084 -> C,ts_engage_write,1039252368
13:50:17.177 -> C,ts_engage_write,1039340369
13:50:17.269 -> C,ts_engage_write,1039428367
13:50:17.362 -> C,ts_engage_write,1039516369
13:50:17.362 -> C,engage_lvl,0
13:50:17.455 -> C,ts_engage_write,1039604368
13:50:17.502 -> C,ts_engage_write,1039692369
13:50:17.595 -> C,ts_engage_write,1039780366
13:50:17.688 -> C,ts_engage_write,1039868371
13:50:17.780 -> C,mood_str,50
13:50:17.780 -> C,ts_engage_write,1039956435
13:50:17.780 -> C,modifier,15
13:50:17.780 -> C,engage_floor,0
13:50:17.780 -> C,loop_us,217
13:50:17.874 -> [FACE] heartbeat
13:50:17.874 -> C,ts_engage_write,1040044404
13:50:17.874 -> C,engage_lvl,0
13:50:17.967 -> C,ts_engage_write,1040132367
13:50:18.060 -> C,ts_engage_write,1040220369
13:50:18.154 -> C,ts_engage_write,1040308368
13:50:18.247 -> C,ts_engage_write,1040396369
13:50:18.293 -> C,ts_engage_write,1040484367
13:50:18.386 -> C,ts_engage_write,1040572369
13:50:18.386 -> C,engage_lvl,0
13:50:18.478 -> C,ts_engage_write,1040660368
13:50:18.572 -> C,ts_engage_write,1040748367
13:50:18.665 -> C,ts_engage_write,1040836369
13:50:18.760 -> C,ts_engage_write,1040924369
13:50:18.854 -> C,mood_str,50
13:50:18.854 -> C,ts_engage_write,1041012435
13:50:18.854 -> C,modifier,15
13:50:18.854 -> C,engage_floor,0
13:50:18.854 -> C,loop_us,203
13:50:18.947 -> [FACE] heartbeat
13:50:18.947 -> C,ts_engage_write,1041100405
13:50:18.947 -> C,engage_lvl,0
13:50:18.994 -> C,ts_engage_write,1041188367
13:50:19.087 -> C,ts_engage_write,1041276368
13:50:19.180 -> C,ts_engage_write,1041364368
13:50:19.274 -> C,ts_engage_write,1041452369
13:50:19.368 -> C,ts_engage_write,1041540367
13:50:19.462 -> C,ts_engage_write,1041628369
13:50:19.462 -> C,engage_lvl,0
13:50:19.555 -> C,ts_engage_write,1041716368
13:50:19.648 -> C,ts_engage_write,1041804367
13:50:19.742 -> C,ts_engage_write,1041892369
13:50:19.788 -> C,ts_engage_write,1041980369
13:50:19.881 -> C,mood_str,50
13:50:19.881 -> C,ts_engage_write,1042068436
13:50:19.881 -> C,modifier,15
13:50:19.881 -> C,engage_floor,0
13:50:19.881 -> C,loop_us,204
13:50:19.974 -> [FACE] heartbeat
13:50:19.974 -> C,ts_engage_write,1042156404
13:50:19.974 -> C,engage_lvl,0
13:50:20.065 -> C,ts_engage_write,1042244367
13:50:20.159 -> C,ts_engage_write,1042332368
13:50:20.251 -> C,ts_engage_write,1042420368
13:50:20.342 -> C,ts_engage_write,1042508369
13:50:20.436 -> C,ts_engage_write,1042596367
13:50:20.530 -> C,ts_engage_write,1042684369
13:50:20.530 -> C,engage_lvl,0
13:50:20.622 -> C,ts_engage_write,1042772366
13:50:20.668 -> C,ts_engage_write,1042860370
13:50:20.760 -> C,ts_engage_write,1042948367
13:50:20.851 -> C,ts_engage_write,1043036369
13:50:20.944 -> C,mood_str,50
13:50:20.944 -> C,ts_engage_write,1043124435
13:50:20.944 -> C,modifier,15
13:50:20.944 -> C,engage_floor,0
13:50:20.944 -> C,loop_us,214
13:50:21.036 -> [FACE] heartbeat
13:50:21.036 -> C,ts_engage_write,1043212404
13:50:21.036 -> C,engage_lvl,0
13:50:21.129 -> C,ts_engage_write,1043300367
13:50:21.221 -> C,ts_engage_write,1043388368
13:50:21.312 -> C,ts_engage_write,1043476368
13:50:21.405 -> C,ts_engage_write,1043564369
13:50:21.498 -> C,ts_engage_write,1043652367
13:50:21.545 -> C,ts_engage_write,1043740369
13:50:21.545 -> C,engage_lvl,0
13:50:21.638 -> C,ts_engage_write,1043828367
13:50:21.730 -> C,ts_engage_write,1043916370
13:50:21.822 -> C,ts_engage_write,1044004367
13:50:21.915 -> C,ts_engage_write,1044092369
13:50:22.008 -> C,mood_str,50
13:50:22.008 -> C,ts_engage_write,1044180436
13:50:22.008 -> C,modifier,15
13:50:22.008 -> C,engage_floor,0
13:50:22.008 -> C,loop_us,227
13:50:22.101 -> [FACE] heartbeat
13:50:22.101 -> C,ts_engage_write,1044268404
13:50:22.101 -> C,engage_lvl,0
13:50:22.195 -> C,ts_engage_write,1044356367
13:50:22.288 -> C,ts_engage_write,1044444368
13:50:22.381 -> C,ts_engage_write,1044532368
13:50:22.427 -> C,ts_engage_write,1044620369
13:50:22.519 -> C,ts_engage_write,1044708367
13:50:22.612 -> C,ts_engage_write,1044796368
13:50:22.612 -> C,engage_lvl,0
13:50:22.705 -> C,ts_engage_write,1044884369
13:50:22.797 -> C,ts_engage_write,1044972369
13:50:22.889 -> C,ts_engage_write,1045060367
13:50:22.984 -> C,ts_engage_write,1045148369
13:50:23.078 -> C,mood_str,50
13:50:23.078 -> C,ts_engage_write,1045236434
13:50:23.078 -> C,modifier,15
13:50:23.078 -> C,engage_floor,0
13:50:23.078 -> C,loop_us,202
13:50:23.173 -> [FACE] heartbeat
13:50:23.173 -> C,ts_engage_write,1045324404
13:50:23.173 -> C,engage_lvl,0
13:50:23.218 -> C,ts_engage_write,1045412367
13:50:23.312 -> C,ts_engage_write,1045500369
13:50:23.404 -> C,ts_engage_write,1045588368
13:50:23.499 -> C,ts_engage_write,1045676369
13:50:23.592 -> C,ts_engage_write,1045764366
13:50:23.685 -> C,ts_engage_write,1045852371
13:50:23.685 -> C,engage_lvl,0
13:50:23.778 -> C,ts_engage_write,1045940368
13:50:23.872 -> C,ts_engage_write,1046028369
13:50:23.965 -> C,ts_engage_write,1046116367
13:50:24.011 -> C,ts_engage_write,1046204369
13:50:24.104 -> C,mood_str,50
13:50:24.104 -> C,ts_engage_write,1046292435
13:50:24.104 -> C,modifier,15
13:50:24.104 -> C,engage_floor,0
13:50:24.104 -> C,loop_us,203
13:50:24.197 -> [FACE] heartbeat
13:50:24.197 -> C,ts_engage_write,1046380405
13:50:24.197 -> C,engage_lvl,0
13:50:24.291 -> C,ts_engage_write,1046468367
13:50:24.383 -> C,ts_engage_write,1046556369
13:50:24.476 -> C,ts_engage_write,1046644368
13:50:24.570 -> C,ts_engage_write,1046732369
13:50:24.664 -> C,ts_engage_write,1046820366
13:50:24.757 -> C,ts_engage_write,1046908371
13:50:24.757 -> C,engage_lvl,0
13:50:24.803 -> C,ts_engage_write,1046996368
13:50:24.896 -> C,ts_engage_write,1047084369
13:50:24.989 -> C,ts_engage_write,1047172367
13:50:25.082 -> C,ts_engage_write,1047260369
13:50:25.175 -> C,mood_str,50
13:50:25.175 -> C,ts_engage_write,1047348435
13:50:25.175 -> C,modifier,15
13:50:25.175 -> C,engage_floor,0
13:50:25.175 -> C,loop_us,228
13:50:25.268 -> [FACE] heartbeat
13:50:25.268 -> C,ts_engage_write,1047436409
13:50:25.268 -> C,engage_lvl,0
13:50:25.361 -> C,ts_engage_write,1047524367
13:50:25.456 -> C,ts_engage_write,1047612369
13:50:25.548 -> C,ts_engage_write,1047700368
13:50:25.595 -> C,ts_engage_write,1047788367
13:50:25.689 -> C,ts_engage_write,1047876369
13:50:25.781 -> C,ts_engage_write,1047964369
13:50:25.781 -> C,engage_lvl,0
13:50:25.875 -> C,ts_engage_write,1048052368
13:50:25.969 -> C,ts_engage_write,1048140369
13:50:26.062 -> C,ts_engage_write,1048228367
13:50:26.155 -> C,ts_engage_write,1048316369
13:50:26.248 -> C,mood_str,50
13:50:26.248 -> C,ts_engage_write,1048404435
13:50:26.248 -> C,modifier,15
13:50:26.248 -> C,engage_floor,0
13:50:26.248 -> C,loop_us,218
13:50:26.341 -> [FACE] heartbeat
13:50:26.341 -> C,ts_engage_write,1048492404
13:50:26.341 -> C,engage_lvl,0
13:50:26.388 -> C,ts_engage_write,1048580367
13:50:26.480 -> C,ts_engage_write,1048668368
13:50:26.574 -> C,ts_engage_write,1048756366
13:50:26.667 -> C,ts_engage_write,1048844370
13:50:26.760 -> C,ts_engage_write,1048932367
13:50:26.853 -> C,ts_engage_write,1049020369
13:50:26.853 -> C,engage_lvl,0
13:50:26.945 -> C,ts_engage_write,1049108368
13:50:27.038 -> C,ts_engage_write,1049196369
13:50:27.132 -> C,ts_engage_write,1049284367
13:50:27.178 -> C,ts_engage_write,1049372369
13:50:27.272 -> C,mood_str,50
13:50:27.272 -> C,ts_engage_write,1049460436
13:50:27.272 -> C,modifier,15
13:50:27.272 -> C,engage_floor,0
13:50:27.272 -> C,loop_us,204
13:50:27.365 -> [FACE] heartbeat
13:50:27.365 -> C,ts_engage_write,1049548405
13:50:27.365 -> C,engage_lvl,0
13:50:27.458 -> C,ts_engage_write,1049636367
13:50:27.550 -> C,ts_engage_write,1049724369
13:50:27.643 -> C,ts_engage_write,1049812367
13:50:27.735 -> C,ts_engage_write,1049900370
13:50:27.829 -> C,ts_engage_write,1049988367
13:50:27.924 -> C,ts_engage_write,1050076369
13:50:27.924 -> C,engage_lvl,0
13:50:27.971 -> C,ts_engage_write,1050164368
13:50:28.064 -> C,ts_engage_write,1050252369
13:50:28.157 -> C,ts_engage_write,1050340367
13:50:28.250 -> C,ts_engage_write,1050428369
13:50:28.342 -> C,mood_str,50
13:50:28.342 -> C,ts_engage_write,1050516434
13:50:28.342 -> C,modifier,15
13:50:28.342 -> C,engage_floor,0
13:50:28.342 -> C,loop_us,228
13:50:28.434 -> [FACE] heartbeat
13:50:28.434 -> C,ts_engage_write,1050604404
13:50:28.434 -> C,engage_lvl,0
13:50:28.527 -> C,ts_engage_write,1050692367
13:50:28.621 -> C,ts_engage_write,1050780368
13:50:28.713 -> C,ts_engage_write,1050868369
13:50:28.806 -> C,ts_engage_write,1050956369
13:50:28.852 -> C,ts_engage_write,1051044367
13:50:28.944 -> C,ts_engage_write,1051132369
13:50:28.944 -> C,engage_lvl,0
13:50:29.037 -> C,ts_engage_write,1051220368
13:50:29.129 -> C,ts_engage_write,1051308369
13:50:29.222 -> C,ts_engage_write,1051396367
13:50:29.316 -> C,ts_engage_write,1051484369
13:50:29.409 -> C,mood_str,50
13:50:29.409 -> C,ts_engage_write,1051572443
13:50:29.409 -> C,modifier,15
13:50:29.409 -> C,engage_floor,0
13:50:29.409 -> C,loop_us,210
13:50:29.503 -> [FACE] heartbeat
13:50:29.503 -> C,ts_engage_write,1051660402
13:50:29.503 -> C,engage_lvl,0
13:50:29.596 -> C,ts_engage_write,1051748364
13:50:29.643 -> C,ts_engage_write,1051836367
13:50:29.737 -> C,ts_engage_write,1051924366
13:50:29.831 -> C,ts_engage_write,1052012366
13:50:29.924 -> C,ts_engage_write,1052100365
13:50:30.017 -> C,ts_engage_write,1052188367
13:50:30.017 -> C,engage_lvl,0
13:50:30.110 -> C,ts_engage_write,1052276366
13:50:30.204 -> C,ts_engage_write,1052364366
13:50:30.297 -> C,ts_engage_write,1052452365
13:50:30.392 -> C,ts_engage_write,1052540367
13:50:30.392 -> [TOUCH] transition raw=1 pressed=1 ms=1052540
13:50:30.392 -> [TOUCH] START raw=1 ms=1052540
13:50:30.437 -> C,mood_str,50
13:50:30.437 -> C,ts_engage_write,1052628441
13:50:30.437 -> C,modifier,15
13:50:30.437 -> C,engage_floor,0
13:50:30.437 -> C,loop_us,223
13:50:30.437 -> [TOUCH] transition raw=0 pressed=0 ms=1052628
13:50:30.437 -> [TOUCH] RELEASE raw=0 duration=88 ms=1052628
13:50:30.437 -> [TOUCH] TAP
13:50:30.437 -> [EMOTION] IDLE -> SURPRISED
13:50:30.437 -> EVT:{"type":"timeline","text":"User tap interaction","tag":"touch"}
13:50:30.531 -> [FACE] heartbeat
13:50:30.531 -> C,ts_engage_write,1052720503
13:50:30.531 -> C,engage_lvl,0
13:50:30.624 -> C,ts_engage_write,1052808382
13:50:30.716 -> C,ts_engage_write,1052896383
13:50:30.809 -> C,ts_engage_write,1052984377
13:50:30.902 -> C,ts_engage_write,1053072380
13:50:30.995 -> C,ts_engage_write,1053160377
13:50:31.087 -> C,ts_engage_write,1053248380
13:50:31.087 -> C,engage_lvl,0
13:50:31.180 -> C,ts_engage_write,1053336377
13:50:31.273 -> C,ts_engage_write,1053424380
13:50:31.320 -> C,ts_engage_write,1053512377
13:50:31.414 -> C,ts_engage_write,1053600380
13:50:31.507 -> C,mood_str,50
13:50:31.507 -> C,ts_engage_write,1053688452
13:50:31.507 -> C,modifier,15
13:50:31.507 -> C,engage_floor,0
13:50:31.507 -> C,loop_us,244
13:50:31.600 -> [FACE] heartbeat
13:50:31.600 -> C,ts_engage_write,1053776424
13:50:31.600 -> C,engage_lvl,0
13:50:31.693 -> C,ts_engage_write,1053864375
13:50:31.786 -> C,ts_engage_write,1053952380
13:50:31.878 -> C,ts_engage_write,1054040377
13:50:31.972 -> C,ts_engage_write,1054128380
13:50:32.063 -> C,ts_engage_write,1054216377
13:50:32.110 -> C,ts_engage_write,1054304380
13:50:32.110 -> C,engage_lvl,0
13:50:32.204 -> C,ts_engage_write,1054392377
13:50:32.297 -> C,ts_engage_write,1054480374
13:50:32.389 -> C,ts_engage_write,1054568372
13:50:32.482 -> C,ts_engage_write,1054656374
13:50:32.576 -> C,mood_str,50
13:50:32.576 -> C,ts_engage_write,1054744442
13:50:32.576 -> C,modifier,15
13:50:32.576 -> C,engage_floor,0
13:50:32.576 -> C,loop_us,211
13:50:32.669 -> [FACE] heartbeat
13:50:32.669 -> C,ts_engage_write,1054832422
13:50:32.669 -> C,engage_lvl,0
13:50:32.762 -> C,ts_engage_write,1054920372
13:50:32.856 -> C,ts_engage_write,1055008374
13:50:32.902 -> C,ts_engage_write,1055096372
13:50:32.996 -> C,ts_engage_write,1055184374
13:50:33.089 -> C,ts_engage_write,1055272372
13:50:33.183 -> C,ts_engage_write,1055360374
13:50:33.183 -> C,engage_lvl,0
13:50:33.276 -> C,ts_engage_write,1055448372
13:50:33.368 -> C,ts_engage_write,1055536374
13:50:33.460 -> C,ts_engage_write,1055624372
13:50:33.553 -> C,ts_engage_write,1055712374
13:50:33.646 -> C,mood_str,50
13:50:33.646 -> C,ts_engage_write,1055800447
13:50:33.646 -> C,modifier,15
13:50:33.646 -> C,engage_floor,0
13:50:33.646 -> C,loop_us,239
13:50:33.693 -> [FACE] heartbeat
13:50:33.693 -> C,ts_engage_write,1055888429
13:50:33.693 -> C,engage_lvl,0
13:50:33.786 -> C,ts_engage_write,1055976372
13:50:33.879 -> C,ts_engage_write,1056064374
13:50:33.973 -> C,ts_engage_write,1056152372
13:50:34.066 -> C,ts_engage_write,1056240374
13:50:34.158 -> C,ts_engage_write,1056328372
13:50:34.250 -> C,ts_engage_write,1056416374
13:50:34.250 -> C,engage_lvl,0
13:50:34.343 -> C,ts_engage_write,1056504372
13:50:34.435 -> C,ts_engage_write,1056592374
13:50:34.527 -> C,ts_engage_write,1056680372
13:50:34.574 -> C,ts_engage_write,1056768373
13:50:34.667 -> C,mood_str,50
13:50:34.667 -> C,ts_engage_write,1056856440
13:50:34.667 -> C,modifier,15
13:50:34.667 -> C,engage_floor,0
13:50:34.667 -> C,loop_us,221
13:50:34.760 -> [FACE] heartbeat
13:50:34.760 -> C,ts_engage_write,1056944415
13:50:34.760 -> C,engage_lvl,0
13:50:34.853 -> C,ts_engage_write,1057032372
13:50:34.946 -> C,ts_engage_write,1057120374
13:50:35.040 -> C,ts_engage_write,1057208372
13:50:35.134 -> C,ts_engage_write,1057296374
13:50:35.227 -> C,ts_engage_write,1057384372
13:50:35.320 -> C,ts_engage_write,1057472374
13:50:35.320 -> C,engage_lvl,0
13:50:35.366 -> C,ts_engage_write,1057560372
13:50:35.458 -> [EMOTION] SURPRISED -> IDLE (timeout)
13:50:35.458 -> C,ts_engage_write,1057648450
13:50:35.551 -> C,ts_engage_write,1057736371
13:50:35.645 -> C,ts_engage_write,1057824370
13:50:35.739 -> C,mood_str,50
13:50:35.739 -> C,ts_engage_write,1057912430
13:50:35.739 -> C,modifier,15
13:50:35.739 -> C,engage_floor,0
13:50:35.739 -> C,loop_us,214
13:50:35.830 -> [FACE] heartbeat
13:50:35.830 -> C,ts_engage_write,1058000407
13:50:35.830 -> C,engage_lvl,0
13:50:35.923 -> C,ts_engage_write,1058088367
13:50:36.016 -> C,ts_engage_write,1058176367
13:50:36.109 -> C,ts_engage_write,1058264367
13:50:36.202 -> C,ts_engage_write,1058352369
13:50:36.249 -> C,ts_engage_write,1058440366
13:50:36.343 -> C,ts_engage_write,1058528368
13:50:36.343 -> C,engage_lvl,0
13:50:36.436 -> C,ts_engage_write,1058616368
13:50:36.529 -> C,ts_engage_write,1058704368
13:50:36.621 -> C,ts_engage_write,1058792365
13:50:36.714 -> C,ts_engage_write,1058880371
13:50:36.807 -> C,mood_str,50
13:50:36.807 -> C,ts_engage_write,1058968433
13:50:36.807 -> C,modifier,15
13:50:36.807 -> C,engage_floor,0
13:50:36.807 -> C,loop_us,225
13:50:36.900 -> [FACE] heartbeat
13:50:36.900 -> C,ts_engage_write,1059056411
13:50:36.900 -> C,engage_lvl,0
13:50:36.994 -> C,ts_engage_write,1059144366
13:50:37.040 -> C,ts_engage_write,1059232367
13:50:37.132 -> C,ts_engage_write,1059320368
13:50:37.226 -> C,ts_engage_write,1059408368
13:50:37.319 -> C,ts_engage_write,1059496366
13:50:37.398 -> C,ts_engage_write,1059584370
13:50:37.398 -> C,engage_lvl,0
13:50:37.491 -> C,ts_engage_write,1059672367
13:50:37.585 -> C,ts_engage_write,1059760366
13:50:37.679 -> C,ts_engage_write,1059848368
13:50:37.771 -> C,ts_engage_write,1059936368
13:50:37.865 -> C,mood_str,50
13:50:37.865 -> C,ts_engage_write,1060024433
13:50:37.865 -> C,modifier,15
13:50:37.865 -> C,engage_floor,0
13:50:37.865 -> C,loop_us,216
13:50:37.958 -> [FACE] heartbeat
13:50:37.958 -> C,ts_engage_write,1060112408
13:50:37.958 -> C,engage_lvl,0
13:50:38.005 -> C,ts_engage_write,1060200366
13:50:38.097 -> C,ts_engage_write,1060288368
13:50:38.189 -> C,ts_engage_write,1060376368
13:50:38.282 -> C,ts_engage_write,1060464368
13:50:38.377 -> C,ts_engage_write,1060552366
13:50:38.470 -> C,ts_engage_write,1060640370
13:50:38.470 -> C,engage_lvl,0
13:50:38.564 -> C,ts_engage_write,1060728367
13:50:38.658 -> C,ts_engage_write,1060816366
13:50:38.750 -> C,ts_engage_write,1060904368
13:50:38.841 -> C,ts_engage_write,1060992368
13:50:38.888 -> C,mood_str,50
13:50:38.888 -> C,ts_engage_write,1061080434
13:50:38.888 -> C,modifier,15
13:50:38.888 -> C,engage_floor,0
13:50:38.888 -> C,loop_us,223
13:50:38.980 -> [FACE] heartbeat
13:50:38.980 -> C,ts_engage_write,1061168412
13:50:38.980 -> C,engage_lvl,0
13:50:39.072 -> C,ts_engage_write,1061256362
13:50:39.164 -> C,ts_engage_write,1061344367
13:50:39.256 -> C,ts_engage_write,1061432368
13:50:39.350 -> C,ts_engage_write,1061520368
13:50:39.443 -> C,ts_engage_write,1061608366
13:50:39.536 -> C,ts_engage_write,1061696370
13:50:39.536 -> C,engage_lvl,0
13:50:39.629 -> C,ts_engage_write,1061784365
13:50:39.722 -> C,ts_engage_write,1061872369
13:50:39.769 -> C,ts_engage_write,1061960367
13:50:39.862 -> C,ts_engage_write,1062048368
13:50:39.956 -> C,mood_str,50
13:50:39.956 -> C,ts_engage_write,1062136433
13:50:39.956 -> C,modifier,15
13:50:39.956 -> C,engage_floor,0
13:50:39.956 -> C,loop_us,218
13:50:40.048 -> [FACE] heartbeat
13:50:40.048 -> C,ts_engage_write,1062224409
13:50:40.048 -> C,engage_lvl,0
13:50:40.141 -> C,ts_engage_write,1062312366
13:50:40.233 -> C,ts_engage_write,1062400368
13:50:40.326 -> C,ts_engage_write,1062488368
13:50:40.418 -> C,ts_engage_write,1062576368
13:50:40.511 -> C,ts_engage_write,1062664366
13:50:40.559 -> C,ts_engage_write,1062752368
13:50:40.559 -> C,engage_lvl,0
13:50:40.651 -> C,ts_engage_write,1062840368
13:50:40.745 -> C,ts_engage_write,1062928368
13:50:40.839 -> C,ts_engage_write,1063016367
13:50:40.933 -> C,ts_engage_write,1063104368
13:50:41.026 -> C,mood_str,50
13:50:41.026 -> C,ts_engage_write,1063192433
13:50:41.026 -> C,modifier,15
13:50:41.026 -> C,engage_floor,0
13:50:41.026 -> C,loop_us,201
13:50:41.118 -> [FACE] heartbeat
13:50:41.118 -> C,ts_engage_write,1063280408
13:50:41.118 -> C,engage_lvl,0
13:50:41.212 -> C,ts_engage_write,1063368366
13:50:41.304 -> C,ts_engage_write,1063456367
13:50:41.350 -> C,ts_engage_write,1063544368
13:50:41.443 -> C,ts_engage_write,1063632368
13:50:41.535 -> C,ts_engage_write,1063720366
13:50:41.628 -> C,ts_engage_write,1063808368
13:50:41.628 -> C,engage_lvl,0
13:50:41.721 -> C,ts_engage_write,1063896368
13:50:41.815 -> C,ts_engage_write,1063984368
13:50:41.908 -> C,ts_engage_write,1064072367
13:50:42.001 -> C,ts_engage_write,1064160368
13:50:42.095 -> C,mood_str,50
13:50:42.095 -> C,ts_engage_write,1064248432
13:50:42.095 -> C,modifier,15
13:50:42.095 -> C,engage_floor,0
13:50:42.095 -> C,loop_us,214
13:50:42.141 -> [FACE] heartbeat
13:50:42.141 -> C,ts_engage_write,1064336407
13:50:42.141 -> C,engage_lvl,0
13:50:42.234 -> C,ts_engage_write,1064424366
13:50:42.327 -> C,ts_engage_write,1064512368
13:50:42.421 -> C,ts_engage_write,1064600368
13:50:42.514 -> C,ts_engage_write,1064688368
13:50:42.607 -> C,ts_engage_write,1064776365
13:50:42.698 -> C,ts_engage_write,1064864371
13:50:42.698 -> C,engage_lvl,0
13:50:42.792 -> C,ts_engage_write,1064952367
13:50:42.885 -> C,ts_engage_write,1065040368
13:50:42.977 -> C,ts_engage_write,1065128367
13:50:43.024 -> C,ts_engage_write,1065216368
13:50:43.118 -> C,mood_str,50
13:50:43.118 -> C,ts_engage_write,1065304433
13:50:43.118 -> C,modifier,15
13:50:43.118 -> C,engage_floor,0
13:50:43.118 -> C,loop_us,219
13:50:43.210 -> [FACE] heartbeat
13:50:43.210 -> C,ts_engage_write,1065392414
13:50:43.210 -> C,engage_lvl,0
13:50:43.305 -> C,ts_engage_write,1065480366
13:50:43.398 -> C,ts_engage_write,1065568368
13:50:43.489 -> C,ts_engage_write,1065656368
13:50:43.583 -> C,ts_engage_write,1065744366
13:50:43.675 -> C,ts_engage_write,1065832367
13:50:43.770 -> C,ts_engage_write,1065920370
13:50:43.770 -> C,engage_lvl,0
13:50:43.815 -> C,ts_engage_write,1066008367
13:50:43.908 -> C,ts_engage_write,1066096368
13:50:44.002 -> C,ts_engage_write,1066184367
13:50:44.097 -> C,ts_engage_write,1066272368
13:50:44.189 -> C,mood_str,50
13:50:44.189 -> C,ts_engage_write,1066360434
13:50:44.189 -> C,modifier,15
13:50:44.189 -> C,engage_floor,0
13:50:44.189 -> C,loop_us,216
13:50:44.283 -> [FACE] heartbeat
13:50:44.283 -> C,ts_engage_write,1066448408
13:50:44.283 -> C,engage_lvl,0
13:50:44.377 -> C,ts_engage_write,1066536366
13:50:44.471 -> C,ts_engage_write,1066624368
13:50:44.518 -> C,ts_engage_write,1066712368
13:50:44.609 -> C,ts_engage_write,1066800366
13:50:44.701 -> C,ts_engage_write,1066888367
13:50:44.795 -> C,ts_engage_write,1066976370
13:50:44.795 -> C,engage_lvl,0
13:50:44.888 -> C,ts_engage_write,1067064367
13:50:44.981 -> C,ts_engage_write,1067152368
13:50:45.074 -> C,ts_engage_write,1067240367
13:50:45.167 -> C,ts_engage_write,1067328368
13:50:45.260 -> C,mood_str,50
13:50:45.260 -> C,ts_engage_write,1067416432
13:50:45.260 -> C,modifier,15
13:50:45.260 -> C,engage_floor,0
13:50:45.260 -> C,loop_us,222
13:50:45.353 -> [FACE] heartbeat
13:50:45.353 -> C,ts_engage_write,1067504407
13:50:45.353 -> C,engage_lvl,0
13:50:45.399 -> C,ts_engage_write,1067592366
13:50:45.491 -> C,ts_engage_write,1067680368
13:50:45.584 -> C,ts_engage_write,1067768366
13:50:45.678 -> C,ts_engage_write,1067856369
13:50:45.771 -> C,ts_engage_write,1067944366
13:50:45.863 -> C,ts_engage_write,1068032370
13:50:45.863 -> C,engage_lvl,0
13:50:45.956 -> C,ts_engage_write,1068120367
13:50:46.049 -> C,ts_engage_write,1068208368
13:50:46.143 -> C,ts_engage_write,1068296367
13:50:46.190 -> C,ts_engage_write,1068384368
13:50:46.283 -> C,mood_str,50
13:50:46.283 -> C,ts_engage_write,1068472439
13:50:46.283 -> C,modifier,15
13:50:46.283 -> C,engage_floor,0
13:50:46.283 -> C,loop_us,226
13:50:46.376 -> [FACE] heartbeat
13:50:46.376 -> C,ts_engage_write,1068560410
13:50:46.376 -> C,engage_lvl,0
13:50:46.469 -> C,ts_engage_write,1068648362
13:50:46.561 -> C,ts_engage_write,1068736367
13:50:46.654 -> C,ts_engage_write,1068824367
13:50:46.746 -> C,ts_engage_write,1068912369
13:50:46.839 -> C,ts_engage_write,1069000366
13:50:46.931 -> C,ts_engage_write,1069088370
13:50:46.931 -> C,engage_lvl,0
13:50:47.025 -> C,ts_engage_write,1069176367
13:50:47.072 -> C,ts_engage_write,1069264368
13:50:47.164 -> C,ts_engage_write,1069352367
13:50:47.256 -> C,ts_engage_write,1069440368
13:50:47.348 -> C,mood_str,50
13:50:47.348 -> C,ts_engage_write,1069528432
13:50:47.348 -> C,modifier,15
13:50:47.348 -> C,engage_floor,0
13:50:47.348 -> C,loop_us,200
13:50:47.441 -> [FACE] heartbeat
13:50:47.441 -> C,ts_engage_write,1069616409
13:50:47.441 -> C,engage_lvl,0
13:50:47.535 -> C,ts_engage_write,1069704366
13:50:47.628 -> C,ts_engage_write,1069792367
13:50:47.721 -> C,ts_engage_write,1069880369
13:50:47.813 -> C,ts_engage_write,1069968368
13:50:47.905 -> C,ts_engage_write,1070056366
13:50:47.951 -> C,ts_engage_write,1070144370
13:50:47.951 -> C,engage_lvl,0
13:50:48.043 -> C,ts_engage_write,1070232367
13:50:48.138 -> C,ts_engage_write,1070320368
13:50:48.231 -> C,ts_engage_write,1070408367
13:50:48.323 -> C,ts_engage_write,1070496368
13:50:48.415 -> C,mood_str,50
13:50:48.415 -> C,ts_engage_write,1070584433
13:50:48.415 -> C,modifier,15
13:50:48.415 -> C,engage_floor,0
13:50:48.415 -> C,loop_us,201
13:50:48.508 -> [FACE] heartbeat
13:50:48.508 -> C,ts_engage_write,1070672408
13:50:48.508 -> C,engage_lvl,0
13:50:48.601 -> C,ts_engage_write,1070760365
13:50:48.695 -> C,ts_engage_write,1070848368
13:50:48.741 -> C,ts_engage_write,1070936368
13:50:48.835 -> C,ts_engage_write,1071024368
13:50:48.928 -> C,ts_engage_write,1071112366
13:50:49.021 -> C,ts_engage_write,1071200370
13:50:49.021 -> C,engage_lvl,0
13:50:49.114 -> C,ts_engage_write,1071288367
13:50:49.208 -> C,ts_engage_write,1071376368
13:50:49.300 -> C,ts_engage_write,1071464367
13:50:49.394 -> C,ts_engage_write,1071552368
13:50:49.487 -> C,mood_str,50
13:50:49.487 -> C,ts_engage_write,1071640432
13:50:49.487 -> C,modifier,15
13:50:49.487 -> C,engage_floor,0
13:50:49.487 -> C,loop_us,200
13:50:49.533 -> [FACE] heartbeat
13:50:49.533 -> C,ts_engage_write,1071728403
13:50:49.533 -> C,engage_lvl,0
13:50:49.625 -> C,ts_engage_write,1071816365
13:50:49.718 -> C,ts_engage_write,1071904368
13:50:49.811 -> C,ts_engage_write,1071992368
13:50:49.905 -> C,ts_engage_write,1072080368
13:50:49.998 -> C,ts_engage_write,1072168366
13:50:50.091 -> C,ts_engage_write,1072256370
13:50:50.091 -> C,engage_lvl,0
13:50:50.184 -> C,ts_engage_write,1072344367
13:50:50.278 -> C,ts_engage_write,1072432368
13:50:50.325 -> C,ts_engage_write,1072520367
13:50:50.418 -> C,ts_engage_write,1072608368
13:50:50.510 -> C,mood_str,50
13:50:50.510 -> C,ts_engage_write,1072696433
13:50:50.510 -> C,modifier,15
13:50:50.510 -> C,engage_floor,0
13:50:50.510 -> C,loop_us,202
13:50:50.604 -> [FACE] heartbeat
13:50:50.604 -> C,ts_engage_write,1072784401
13:50:50.604 -> C,engage_lvl,0
13:50:50.697 -> C,ts_engage_write,1072872367
13:50:50.791 -> C,ts_engage_write,1072960367
13:50:50.884 -> C,ts_engage_write,1073048368
13:50:50.978 -> C,ts_engage_write,1073136368
13:50:51.072 -> C,ts_engage_write,1073224366
13:50:51.119 -> C,ts_engage_write,1073312370
13:50:51.119 -> C,engage_lvl,0
13:50:51.212 -> C,ts_engage_write,1073400367
13:50:51.305 -> C,ts_engage_write,1073488368
13:50:51.398 -> C,ts_engage_write,1073576367
13:50:51.491 -> C,ts_engage_write,1073664368
13:50:51.585 -> C,mood_str,50
13:50:51.585 -> C,ts_engage_write,1073752426
13:50:51.585 -> C,modifier,15
13:50:51.585 -> C,engage_floor,0
13:50:51.585 -> C,loop_us,203
13:50:51.679 -> [FACE] heartbeat
13:50:51.679 -> C,ts_engage_write,1073840403
13:50:51.679 -> C,engage_lvl,0
13:50:51.774 -> C,ts_engage_write,1073928366
13:50:51.821 -> C,ts_engage_write,1074016368
13:50:51.914 -> C,ts_engage_write,1074104368
13:50:52.006 -> C,ts_engage_write,1074192368
13:50:52.098 -> C,ts_engage_write,1074280366
13:50:52.191 -> C,ts_engage_write,1074368370
13:50:52.191 -> C,engage_lvl,0
13:50:52.285 -> C,ts_engage_write,1074456367
13:50:52.378 -> C,ts_engage_write,1074544368
13:50:52.471 -> C,ts_engage_write,1074632367
13:50:52.564 -> C,ts_engage_write,1074720368
13:50:52.656 -> C,mood_str,50
13:50:52.656 -> C,ts_engage_write,1074808427
13:50:52.656 -> C,modifier,15
13:50:52.656 -> C,engage_floor,0
13:50:52.656 -> C,loop_us,207
13:50:52.703 -> [FACE] heartbeat
13:50:52.703 -> C,ts_engage_write,1074896411
13:50:52.703 -> C,engage_lvl,0
13:50:52.796 -> C,ts_engage_write,1074984362
13:50:52.890 -> C,ts_engage_write,1075072368
13:50:52.984 -> C,ts_engage_write,1075160368
13:50:53.077 -> C,ts_engage_write,1075248368
13:50:53.170 -> C,ts_engage_write,1075336366
13:50:53.262 -> C,ts_engage_write,1075424370
13:50:53.262 -> C,engage_lvl,0
13:50:53.357 -> C,ts_engage_write,1075512367
13:50:53.450 -> C,ts_engage_write,1075600368
13:50:53.497 -> C,ts_engage_write,1075688367
13:50:53.590 -> C,ts_engage_write,1075776367
13:50:53.683 -> C,mood_str,50
13:50:53.683 -> C,ts_engage_write,1075864427
13:50:53.683 -> C,modifier,15
13:50:53.683 -> C,engage_floor,0
13:50:53.683 -> C,loop_us,209
13:50:53.776 -> [FACE] heartbeat
13:50:53.776 -> C,ts_engage_write,1075952411
13:50:53.776 -> C,engage_lvl,0
13:50:53.867 -> C,ts_engage_write,1076040366
13:50:53.960 -> C,ts_engage_write,1076128368
13:50:54.054 -> C,ts_engage_write,1076216368
13:50:54.147 -> C,ts_engage_write,1076304368
13:50:54.240 -> C,ts_engage_write,1076392366
13:50:54.286 -> C,ts_engage_write,1076480370
13:50:54.286 -> C,engage_lvl,0
13:50:54.379 -> C,ts_engage_write,1076568367
13:50:54.472 -> C,ts_engage_write,1076656368
13:50:54.565 -> C,ts_engage_write,1076744366
13:50:54.658 -> C,ts_engage_write,1076832370
13:50:54.751 -> C,mood_str,50
13:50:54.751 -> C,ts_engage_write,1076920432
13:50:54.751 -> C,modifier,15
13:50:54.751 -> C,engage_floor,0
13:50:54.751 -> C,loop_us,211
13:50:54.844 -> [FACE] heartbeat
13:50:54.844 -> C,ts_engage_write,1077008405
13:50:54.844 -> C,engage_lvl,0
13:50:54.938 -> C,ts_engage_write,1077096364
13:50:55.031 -> C,ts_engage_write,1077184365
13:50:55.077 -> C,ts_engage_write,1077272366
13:50:55.171 -> C,ts_engage_write,1077360365
13:50:55.264 -> C,ts_engage_write,1077448364
13:50:55.357 -> C,ts_engage_write,1077536367
13:50:55.357 -> C,engage_lvl,0
13:50:55.450 -> C,ts_engage_write,1077624365
13:50:55.543 -> C,ts_engage_write,1077712365
13:50:55.636 -> C,ts_engage_write,1077800364
13:50:55.731 -> C,ts_engage_write,1077888367
13:50:55.826 -> C,mood_str,50
13:50:55.826 -> C,ts_engage_write,1077976430
13:50:55.826 -> C,modifier,15
13:50:55.826 -> C,engage_floor,0
13:50:55.826 -> C,loop_us,209
13:50:55.872 -> [FACE] heartbeat
13:50:55.872 -> C,ts_engage_write,1078064407
13:50:55.872 -> C,engage_lvl,0
13:50:55.965 -> C,ts_engage_write,1078152364
13:50:56.058 -> C,ts_engage_write,1078240365
13:50:56.152 -> C,ts_engage_write,1078328366
13:50:56.245 -> C,ts_engage_write,1078416365
13:50:56.337 -> C,ts_engage_write,1078504364
13:50:56.430 -> C,ts_engage_write,1078592367
13:50:56.430 -> C,engage_lvl,0
13:50:56.524 -> C,ts_engage_write,1078680365
13:50:56.618 -> C,ts_engage_write,1078768364
13:50:56.664 -> C,ts_engage_write,1078856366
13:50:56.758 -> C,ts_engage_write,1078944366
13:50:56.852 -> C,mood_str,50
13:50:56.852 -> C,ts_engage_write,1079032429
13:50:56.852 -> C,modifier,15
13:50:56.852 -> C,engage_floor,0
13:50:56.852 -> C,loop_us,210
13:50:56.945 -> [FACE] heartbeat
13:50:56.945 -> C,ts_engage_write,1079120407
13:50:56.945 -> C,engage_lvl,0
13:50:57.038 -> C,ts_engage_write,1079208364
13:50:57.131 -> C,ts_engage_write,1079296365
13:50:57.225 -> C,ts_engage_write,1079384366
13:50:57.317 -> C,ts_engage_write,1079472365
13:50:57.409 -> C,ts_engage_write,1079560364
13:50:57.456 -> C,ts_engage_write,1079648367
13:50:57.456 -> C,engage_lvl,0
13:50:57.549 -> C,ts_engage_write,1079736365
13:50:57.641 -> C,ts_engage_write,1079824364
13:50:57.734 -> C,ts_engage_write,1079912366
13:50:57.826 -> C,ts_engage_write,1080000366
13:50:57.918 -> C,mood_str,50
13:50:57.918 -> C,ts_engage_write,1080088430
13:50:57.918 -> C,modifier,15
13:50:57.918 -> C,engage_floor,0
13:50:57.918 -> C,loop_us,196
13:50:58.010 -> [FACE] heartbeat
13:50:58.010 -> C,ts_engage_write,1080176405
13:50:58.010 -> C,engage_lvl,0
13:50:58.103 -> C,ts_engage_write,1080264364
13:50:58.195 -> C,ts_engage_write,1080352365
13:50:58.288 -> C,ts_engage_write,1080440366
13:50:58.334 -> C,ts_engage_write,1080528365
13:50:58.428 -> C,dom_touch,99
13:50:58.428 -> C,dom_sec,0
13:50:58.428 -> [MEM] tick: records=8 strength=99
13:50:58.428 -> C,rec_count,8
13:50:58.428 -> C,ts_engage_write,1080616502
13:50:58.522 -> C,ts_engage_write,1080704379
13:50:58.522 -> C,engage_lvl,0
13:50:58.522 -> [TOUCH] transition raw=1 pressed=1 ms=1080704
13:50:58.522 -> [TOUCH] START raw=1 ms=1080704
13:50:58.616 -> C,ts_engage_write,1080792369
13:50:58.616 -> [TOUCH] transition raw=0 pressed=0 ms=1080792
13:50:58.616 -> [TOUCH] RELEASE raw=0 duration=88 ms=1080792
13:50:58.616 -> [TOUCH] TAP
13:50:58.616 -> [EMOTION] IDLE -> HAPPY
13:50:58.616 -> EVT:{"type":"timeline","text":"User tap interaction","tag":"touch"}
13:50:58.709 -> C,ts_engage_write,1080884438
13:50:58.801 -> C,ts_engage_write,1080973389
13:50:58.893 -> C,ts_engage_write,1081061386
13:50:58.986 -> C,mood_str,50
13:50:58.986 -> C,ts_engage_write,1081149464
13:50:58.986 -> C,modifier,15
13:50:58.986 -> C,engage_floor,0
13:50:58.986 -> C,loop_us,246
13:50:59.079 -> [FACE] heartbeat
13:50:59.079 -> C,ts_engage_write,1081238437
13:50:59.079 -> C,engage_lvl,0
13:50:59.172 -> C,ts_engage_write,1081326387
13:50:59.265 -> C,ts_engage_write,1081417729
13:50:59.311 -> C,ts_engage_write,1081506412
13:50:59.405 -> C,ts_engage_write,1081595388
13:50:59.499 -> C,ts_engage_write,1081683388
13:50:59.591 -> C,ts_engage_write,1081771384
13:50:59.591 -> C,engage_lvl,0
13:50:59.685 -> C,ts_engage_write,1081859390
13:50:59.777 -> C,ts_engage_write,1081947386
13:50:59.869 -> C,ts_engage_write,1082035388
13:50:59.963 -> C,ts_engage_write,1082123387
13:51:00.058 -> C,mood_str,50
13:51:00.058 -> C,ts_engage_write,1082211480
13:51:00.058 -> C,modifier,15
13:51:00.058 -> C,engage_floor,0
13:51:00.058 -> C,loop_us,261
13:51:00.105 -> [FACE] heartbeat
13:51:00.105 -> C,ts_engage_write,1082300435
13:51:00.105 -> C,engage_lvl,0
13:51:00.196 -> C,ts_engage_write,1082388390
13:51:00.289 -> C,ts_engage_write,1082476387
13:51:00.384 -> C,ts_engage_write,1082564391
13:51:00.478 -> C,ts_engage_write,1082652384
13:51:00.572 -> C,ts_engage_write,1082740384
13:51:00.664 -> C,ts_engage_write,1082828382
13:51:00.664 -> C,engage_lvl,0
13:51:00.758 -> C,ts_engage_write,1082916384
13:51:00.852 -> C,ts_engage_write,1083004384
13:51:00.898 -> C,ts_engage_write,1083092386
13:51:00.993 -> C,ts_engage_write,1083180384
13:51:01.086 -> C,mood_str,50
13:51:01.086 -> C,ts_engage_write,1083268467
13:51:01.086 -> C,modifier,15
13:51:01.086 -> C,engage_floor,0
13:51:01.086 -> C,loop_us,256
13:51:01.179 -> [FACE] heartbeat
13:51:01.179 -> C,ts_engage_write,1083356431
13:51:01.179 -> C,engage_lvl,0
13:51:01.272 -> C,ts_engage_write,1083444386
13:51:01.365 -> C,ts_engage_write,1083532384
13:51:01.459 -> C,ts_engage_write,1083620384
13:51:01.554 -> C,ts_engage_write,1083708385
13:51:01.646 -> C,ts_engage_write,1083796383
13:51:01.694 -> C,ts_engage_write,1083884384
13:51:01.694 -> C,engage_lvl,0
13:51:01.788 -> C,ts_engage_write,1083972386
13:51:01.879 -> C,ts_engage_write,1084060383
13:51:01.972 -> C,ts_engage_write,1084148384
13:51:02.064 -> C,ts_engage_write,1084236384
13:51:02.158 -> C,mood_str,50
13:51:02.158 -> C,ts_engage_write,1084324471
13:51:02.158 -> C,modifier,15
13:51:02.158 -> C,engage_floor,0
13:51:02.158 -> C,loop_us,239
13:51:02.251 -> [FACE] heartbeat
13:51:02.251 -> C,ts_engage_write,1084412440
13:51:02.251 -> C,engage_lvl,0
13:51:02.345 -> C,ts_engage_write,1084500386
13:51:02.439 -> C,ts_engage_write,1084588383
13:51:02.487 -> C,ts_engage_write,1084676386
13:51:02.580 -> C,ts_engage_write,1084764382
13:51:02.672 -> C,ts_engage_write,1084852384
13:51:02.764 -> C,ts_engage_write,1084940390
13:51:02.764 -> C,engage_lvl,0
13:51:02.857 -> C,ts_engage_write,1085028388
13:51:02.951 -> C,ts_engage_write,1085116386
13:51:03.044 -> C,ts_engage_write,1085204384
13:51:03.138 -> C,ts_engage_write,1085292383
13:51:03.184 -> C,mood_str,50
13:51:03.184 -> C,ts_engage_write,1085380471
13:51:03.184 -> C,modifier,15
13:51:03.184 -> C,engage_floor,0
13:51:03.184 -> C,loop_us,239
13:51:03.277 -> [FACE] heartbeat
13:51:03.277 -> C,ts_engage_write,1085468431
13:51:03.277 -> C,engage_lvl,0
13:51:03.370 -> C,ts_engage_write,1085556386
13:51:03.461 -> C,ts_engage_write,1085644383
13:51:03.556 -> C,ts_engage_write,1085732384
13:51:03.648 -> [EMOTION] HAPPY -> IDLE (timeout)
13:51:03.648 -> C,ts_engage_write,1085820478
13:51:03.743 -> C,ts_engage_write,1085908374
13:51:03.836 -> C,ts_engage_write,1085996369
13:51:03.836 -> C,engage_lvl,0
13:51:03.928 -> C,ts_engage_write,1086084367
13:51:04.022 -> C,ts_engage_write,1086172368
13:51:04.067 -> C,ts_engage_write,1086260366
13:51:04.160 -> C,ts_engage_write,1086348367
13:51:04.252 -> C,mood_str,50
13:51:04.252 -> C,ts_engage_write,1086436441
13:51:04.252 -> C,modifier,15
13:51:04.252 -> C,engage_floor,0
13:51:04.252 -> C,loop_us,205
13:51:04.346 -> [FACE] heartbeat
13:51:04.346 -> C,ts_engage_write,1086524405
13:51:04.346 -> C,engage_lvl,0
13:51:04.438 -> C,ts_engage_write,1086612366
13:51:04.529 -> C,ts_engage_write,1086700366
13:51:04.622 -> C,ts_engage_write,1086788365
13:51:04.716 -> C,ts_engage_write,1086876368
13:51:04.809 -> C,ts_engage_write,1086964366
13:51:04.856 -> C,ts_engage_write,1087052367
13:51:04.856 -> C,engage_lvl,0
13:51:04.948 -> C,ts_engage_write,1087140366
13:51:05.041 -> C,ts_engage_write,1087228367
13:51:05.134 -> C,ts_engage_write,1087316366
13:51:05.226 -> C,ts_engage_write,1087404367
13:51:05.318 -> C,mood_str,50
13:51:05.318 -> C,ts_engage_write,1087492433
13:51:05.318 -> C,modifier,15
13:51:05.318 -> C,engage_floor,0
13:51:05.318 -> C,loop_us,216
13:51:05.412 -> [FACE] heartbeat
13:51:05.412 -> C,ts_engage_write,1087580404
13:51:05.412 -> C,engage_lvl,0
13:51:05.505 -> C,ts_engage_write,1087668367
13:51:05.598 -> C,ts_engage_write,1087756365
13:51:05.691 -> C,ts_engage_write,1087844367
13:51:05.738 -> C,ts_engage_write,1087932367
13:51:05.831 -> C,ts_engage_write,1088020367
13:51:05.925 -> C,ts_engage_write,1088108368
13:51:05.925 -> C,engage_lvl,0
13:51:06.019 -> C,ts_engage_write,1088196366
13:51:06.112 -> C,ts_engage_write,1088284367
13:51:06.205 -> C,ts_engage_write,1088372367
13:51:06.297 -> C,ts_engage_write,1088460368
13:51:06.390 -> C,mood_str,50
13:51:06.390 -> C,ts_engage_write,1088548438
13:51:06.390 -> C,modifier,15
13:51:06.390 -> C,engage_floor,0
13:51:06.390 -> C,loop_us,217
13:51:06.485 -> [FACE] heartbeat
13:51:06.485 -> C,ts_engage_write,1088636405
13:51:06.485 -> C,engage_lvl,0
13:51:06.532 -> C,ts_engage_write,1088724366
13:51:06.625 -> C,ts_engage_write,1088812366
13:51:06.718 -> C,ts_engage_write,1088900367
13:51:06.811 -> C,ts_engage_write,1088988368
13:51:06.905 -> C,ts_engage_write,1089076370
13:51:06.998 -> C,ts_engage_write,1089164367
13:51:06.998 -> C,engage_lvl,0
13:51:07.091 -> C,ts_engage_write,1089252367
13:51:07.184 -> C,ts_engage_write,1089340368
13:51:07.277 -> C,ts_engage_write,1089428366
13:51:07.323 -> C,ts_engage_write,1089516367
13:51:07.415 -> C,mood_str,50
13:51:07.415 -> C,ts_engage_write,1089604438
13:51:07.415 -> C,modifier,15
13:51:07.415 -> C,engage_floor,0
13:51:07.415 -> C,loop_us,215
13:51:07.507 -> [FACE] heartbeat
13:51:07.507 -> C,ts_engage_write,1089692405
13:51:07.507 -> C,engage_lvl,0
13:51:07.601 -> C,ts_engage_write,1089780365
13:51:07.695 -> C,ts_engage_write,1089868368
13:51:07.787 -> C,ts_engage_write,1089956367
13:51:07.881 -> C,ts_engage_write,1090044368
13:51:07.973 -> C,ts_engage_write,1090132366
13:51:08.067 -> C,ts_engage_write,1090220367
13:51:08.067 -> C,engage_lvl,0
13:51:08.113 -> C,ts_engage_write,1090308367
13:51:08.207 -> C,ts_engage_write,1090396368
13:51:08.300 -> C,ts_engage_write,1090484366
13:51:08.393 -> C,ts_engage_write,1090572367
13:51:08.488 -> C,mood_str,50
13:51:08.488 -> C,ts_engage_write,1090660439
13:51:08.488 -> C,modifier,15
13:51:08.488 -> C,engage_floor,0
13:51:08.488 -> C,loop_us,228
13:51:08.582 -> [FACE] heartbeat
13:51:08.582 -> C,ts_engage_write,1090748404
13:51:08.582 -> C,engage_lvl,0
13:51:08.674 -> C,ts_engage_write,1090836367
13:51:08.766 -> C,ts_engage_write,1090924367
13:51:08.861 -> C,ts_engage_write,1091012366
13:51:08.908 -> C,ts_engage_write,1091100367
13:51:09.003 -> C,ts_engage_write,1091188366
13:51:09.097 -> C,ts_engage_write,1091276367
13:51:09.097 -> C,engage_lvl,0
13:51:09.190 -> C,ts_engage_write,1091364366
13:51:09.283 -> C,ts_engage_write,1091452367
13:51:09.375 -> C,ts_engage_write,1091540366
13:51:09.468 -> C,ts_engage_write,1091628367
13:51:09.560 -> C,mood_str,50
13:51:09.560 -> C,ts_engage_write,1091716436
13:51:09.560 -> C,modifier,15
13:51:09.560 -> C,engage_floor,0
13:51:09.560 -> C,loop_us,216
13:51:09.653 -> [FACE] heartbeat
13:51:09.653 -> C,ts_engage_write,1091804404
13:51:09.653 -> C,engage_lvl,0
13:51:09.698 -> C,ts_engage_write,1091892366
13:51:09.791 -> C,ts_engage_write,1091980367
13:51:09.885 -> C,ts_engage_write,1092068366
13:51:09.977 -> C,ts_engage_write,1092156367
13:51:10.071 -> C,ts_engage_write,1092244366
13:51:10.163 -> C,ts_engage_write,1092332368
13:51:10.163 -> C,engage_lvl,0
13:51:10.256 -> C,ts_engage_write,1092420366
13:51:10.349 -> C,ts_engage_write,1092508367
13:51:10.443 -> C,ts_engage_write,1092596366
13:51:10.489 -> C,ts_engage_write,1092684368
13:51:10.582 -> C,mood_str,50
13:51:10.582 -> C,ts_engage_write,1092772439
13:51:10.582 -> C,modifier,15
13:51:10.582 -> C,engage_floor,0
13:51:10.582 -> C,loop_us,220
13:51:10.674 -> [FACE] heartbeat
13:51:10.674 -> C,ts_engage_write,1092860403
13:51:10.674 -> C,engage_lvl,0
13:51:10.766 -> C,ts_engage_write,1092948364
13:51:10.859 -> C,ts_engage_write,1093036365
13:51:10.953 -> C,ts_engage_write,1093124365
13:51:11.045 -> C,ts_engage_write,1093212365
13:51:11.137 -> C,ts_engage_write,1093300364
13:51:11.230 -> C,ts_engage_write,1093388365
13:51:11.230 -> C,engage_lvl,0
13:51:11.323 -> C,ts_engage_write,1093476365
13:51:11.369 -> C,ts_engage_write,1093564365
13:51:11.462 -> C,ts_engage_write,1093652364
13:51:11.556 -> C,ts_engage_write,1093740365
13:51:11.649 -> C,mood_str,50
13:51:11.649 -> C,ts_engage_write,1093828437
13:51:11.649 -> C,modifier,15
13:51:11.649 -> C,engage_floor,0
13:51:11.649 -> C,loop_us,199
13:51:11.742 -> [FACE] heartbeat
13:51:11.742 -> C,ts_engage_write,1093916402
13:51:11.742 -> C,engage_lvl,0
13:51:11.834 -> C,ts_engage_write,1094004364
13:51:11.928 -> C,ts_engage_write,1094092364
13:51:12.021 -> C,ts_engage_write,1094180365
13:51:12.114 -> C,ts_engage_write,1094268365
13:51:12.160 -> C,ts_engage_write,1094356364
13:51:12.255 -> C,ts_engage_write,1094444365
13:51:12.255 -> C,engage_lvl,0
13:51:12.348 -> C,ts_engage_write,1094532365
13:51:12.441 -> C,ts_engage_write,1094620365
13:51:12.534 -> C,ts_engage_write,1094708364
13:51:12.627 -> C,ts_engage_write,1094796364
13:51:12.718 -> C,mood_str,50
13:51:12.718 -> C,ts_engage_write,1094884441
13:51:12.718 -> C,modifier,15
13:51:12.718 -> C,engage_floor,0
13:51:12.718 -> C,loop_us,203
13:51:12.810 -> [FACE] heartbeat
13:51:12.810 -> C,ts_engage_write,1094972400
13:51:12.810 -> C,engage_lvl,0
13:51:12.903 -> C,ts_engage_write,1095060364
13:51:12.996 -> C,ts_engage_write,1095148364
13:51:13.043 -> C,ts_engage_write,1095236365
13:51:13.136 -> C,ts_engage_write,1095324365
13:51:13.229 -> C,ts_engage_write,1095412364
13:51:13.322 -> C,ts_engage_write,1095500365
13:51:13.322 -> C,engage_lvl,0
13:51:13.414 -> C,ts_engage_write,1095588365
13:51:13.508 -> C,ts_engage_write,1095676365
13:51:13.601 -> C,ts_engage_write,1095764363
13:51:13.694 -> C,ts_engage_write,1095852366
13:51:13.787 -> C,mood_str,50
13:51:13.787 -> C,ts_engage_write,1095940437
13:51:13.787 -> C,modifier,15
13:51:13.787 -> C,engage_floor,0
13:51:13.787 -> C,loop_us,224
13:51:13.834 -> [FACE] heartbeat
13:51:13.834 -> C,ts_engage_write,1096028403
13:51:13.834 -> C,engage_lvl,0
13:51:13.925 -> C,ts_engage_write,1096116364
13:51:14.018 -> C,ts_engage_write,1096204365
13:51:14.110 -> C,ts_engage_write,1096292365
13:51:14.203 -> C,ts_engage_write,1096380365
13:51:14.297 -> C,ts_engage_write,1096468364
13:51:14.390 -> C,ts_engage_write,1096556365
13:51:14.390 -> C,engage_lvl,0
13:51:14.482 -> C,ts_engage_write,1096644365
13:51:14.574 -> C,ts_engage_write,1096732365
13:51:14.667 -> C,ts_engage_write,1096820364
13:51:14.714 -> C,ts_engage_write,1096908365
13:51:14.806 -> C,mood_str,50
13:51:14.806 -> C,ts_engage_write,1096996437
13:51:14.806 -> C,modifier,15
13:51:14.806 -> C,engage_floor,0
13:51:14.806 -> C,loop_us,213
13:51:14.899 -> [FACE] heartbeat
13:51:14.899 -> C,ts_engage_write,1097084402
13:51:14.899 -> C,engage_lvl,0
13:51:14.991 -> C,ts_engage_write,1097172364
13:51:15.083 -> C,ts_engage_write,1097260365
13:51:15.175 -> C,ts_engage_write,1097348365
13:51:15.267 -> C,ts_engage_write,1097436365
13:51:15.360 -> C,ts_engage_write,1097524364
13:51:15.454 -> C,ts_engage_write,1097612365
13:51:15.454 -> C,engage_lvl,0
13:51:15.547 -> C,ts_engage_write,1097700365
13:51:15.594 -> C,ts_engage_write,1097788363
13:51:15.688 -> C,ts_engage_write,1097876365
13:51:15.781 -> C,ts_engage_write,1097964365
13:51:15.874 -> C,mood_str,50
13:51:15.874 -> C,ts_engage_write,1098052434
13:51:15.874 -> C,modifier,15
13:51:15.874 -> C,engage_floor,0
13:51:15.874 -> C,loop_us,198
13:51:15.966 -> [FACE] heartbeat
13:51:15.966 -> C,ts_engage_write,1098140401
13:51:15.966 -> C,engage_lvl,0
13:51:16.060 -> C,ts_engage_write,1098228364
13:51:16.155 -> C,ts_engage_write,1098316364
13:51:16.248 -> C,ts_engage_write,1098404365
13:51:16.340 -> C,ts_engage_write,1098492365
13:51:16.388 -> C,ts_engage_write,1098580364
13:51:16.481 -> C,ts_engage_write,1098668365
13:51:16.481 -> C,engage_lvl,0
13:51:16.574 -> C,ts_engage_write,1098756363
13:51:16.667 -> C,ts_engage_write,1098844366
13:51:16.760 -> C,ts_engage_write,1098932364
13:51:16.855 -> C,ts_engage_write,1099020365
13:51:16.949 -> C,mood_str,50
13:51:16.949 -> C,ts_engage_write,1099108437
13:51:16.949 -> C,modifier,15
13:51:16.949 -> C,engage_floor,0
13:51:16.949 -> C,loop_us,200
13:51:17.042 -> [FACE] heartbeat
13:51:17.042 -> C,ts_engage_write,1099196402
13:51:17.042 -> C,engage_lvl,0
13:51:17.088 -> C,ts_engage_write,1099284364
13:51:17.181 -> C,ts_engage_write,1099372364
13:51:17.274 -> C,ts_engage_write,1099460365
13:51:17.367 -> C,ts_engage_write,1099548365
13:51:17.460 -> C,ts_engage_write,1099636364
13:51:17.554 -> C,ts_engage_write,1099724365
13:51:17.554 -> C,engage_lvl,0
13:51:17.647 -> C,ts_engage_write,1099812365
13:51:17.741 -> C,ts_engage_write,1099900365
13:51:17.835 -> C,ts_engage_write,1099988364
13:51:17.882 -> C,ts_engage_write,1100076365
13:51:17.975 -> C,mood_str,50
13:51:17.975 -> C,ts_engage_write,1100164435
13:51:17.975 -> C,modifier,15
13:51:17.975 -> C,engage_floor,0
13:51:17.975 -> C,loop_us,213
13:51:18.069 -> [FACE] heartbeat
13:51:18.069 -> C,ts_engage_write,1100252402
13:51:18.069 -> C,engage_lvl,0
13:51:18.163 -> C,ts_engage_write,1100340364
13:51:18.255 -> C,ts_engage_write,1100428364
13:51:18.348 -> C,ts_engage_write,1100516365
13:51:18.442 -> C,ts_engage_write,1100604365
13:51:18.535 -> C,ts_engage_write,1100692364
13:51:18.628 -> C,ts_engage_write,1100780364
13:51:18.628 -> C,engage_lvl,0
13:51:18.676 -> C,ts_engage_write,1100868366
13:51:18.770 -> C,ts_engage_write,1100956365
13:51:18.863 -> C,ts_engage_write,1101044364
13:51:18.957 -> C,ts_engage_write,1101132368
13:51:19.050 -> C,mood_str,50
13:51:19.050 -> C,ts_engage_write,1101220442
13:51:19.050 -> C,modifier,15
13:51:19.050 -> C,engage_floor,0
13:51:19.050 -> C,loop_us,218
13:51:19.144 -> [FACE] heartbeat
13:51:19.144 -> C,ts_engage_write,1101308401
13:51:19.144 -> C,engage_lvl,0
13:51:19.238 -> C,ts_engage_write,1101396364
13:51:19.330 -> C,ts_engage_write,1101484364
13:51:19.377 -> C,ts_engage_write,1101572365
13:51:19.470 -> C,ts_engage_write,1101660365
13:51:19.565 -> C,ts_engage_write,1101748363
13:51:19.659 -> C,ts_engage_write,1101836366
13:51:19.659 -> C,engage_lvl,0
13:51:19.752 -> C,ts_engage_write,1101924365
13:51:19.752 -> [TOUCH] transition raw=1 pressed=1 ms=1101924
13:51:19.752 -> [TOUCH] START raw=1 ms=1101924
13:51:19.845 -> C,ts_engage_write,1102012378
13:51:19.845 -> [TOUCH] transition raw=0 pressed=0 ms=1102012
13:51:19.845 -> [TOUCH] RELEASE raw=0 duration=88 ms=1102012
13:51:19.845 -> [TOUCH] TAP
13:51:19.845 -> [EMOTION] IDLE -> EXCITED
13:51:19.845 -> EVT:{"type":"timeline","text":"User tap interaction","tag":"touch"}
13:51:19.938 -> C,ts_engage_write,1102104443
13:51:20.030 -> C,ts_engage_write,1102192390
13:51:20.124 -> C,mood_str,50
13:51:20.124 -> C,ts_engage_write,1102280478
13:51:20.124 -> C,modifier,15
13:51:20.124 -> C,engage_floor,0
13:51:20.124 -> C,loop_us,252
13:51:20.217 -> [FACE] heartbeat
13:51:20.217 -> C,ts_engage_write,1102368447
13:51:20.217 -> C,engage_lvl,0
13:51:20.264 -> C,ts_engage_write,1102456397
13:51:20.358 -> C,ts_engage_write,1102544387
13:51:20.451 -> C,ts_engage_write,1102632396
13:51:20.544 -> C,ts_engage_write,1102720387
13:51:20.637 -> C,ts_engage_write,1102808392
13:51:20.730 -> C,ts_engage_write,1102896392
13:51:20.730 -> C,engage_lvl,0
13:51:20.822 -> C,ts_engage_write,1102984394
13:51:20.915 -> C,ts_engage_write,1103072388
13:51:21.008 -> C,ts_engage_write,1103160398
13:51:21.056 -> C,ts_engage_write,1103248388
13:51:21.148 -> C,mood_str,50
13:51:21.148 -> C,ts_engage_write,1103336479
13:51:21.148 -> C,modifier,15
13:51:21.148 -> C,engage_floor,0
13:51:21.148 -> C,loop_us,254
13:51:21.241 -> [FACE] heartbeat
13:51:21.241 -> C,ts_engage_write,1103424457
13:51:21.241 -> C,engage_lvl,0
13:51:21.335 -> C,ts_engage_write,1103512398
13:51:21.428 -> C,ts_engage_write,1103600389
13:51:21.522 -> C,ts_engage_write,1103688392
13:51:21.616 -> C,ts_engage_write,1103776388
13:51:21.709 -> C,ts_engage_write,1103864386
13:51:21.757 -> C,ts_engage_write,1103952382
13:51:21.757 -> C,engage_lvl,0
13:51:21.850 -> C,ts_engage_write,1104040385
13:51:21.943 -> C,ts_engage_write,1104128380
13:51:22.037 -> C,ts_engage_write,1104216385
13:51:22.129 -> C,ts_engage_write,1104304382
13:51:22.223 -> C,mood_str,50
13:51:22.223 -> C,ts_engage_write,1104392464
13:51:22.223 -> C,modifier,15
13:51:22.223 -> C,engage_floor,0
13:51:22.223 -> C,loop_us,237
13:51:22.315 -> [FACE] heartbeat
13:51:22.315 -> C,ts_engage_write,1104480430
13:51:22.315 -> C,engage_lvl,0
13:51:22.408 -> C,ts_engage_write,1104568385
