14:47:42.819 -> [    50][V][esp32-hal-periman.c:248] perimanSetBusDeinit(): Dein=========== Before Setup Start ===========
14:47:42.819 -> Chip Info:
14:47:42.819 -> ------------------------------------------
14:47:42.819 ->   Model             : ESP32-S3
14:47:42.819 ->   Package           : 0
14:47:42.819 ->   Revision          : 0.02
14:47:42.819 ->   Cores             : 2
14:47:42.819 ->   CPU Frequency     : 240 MHz
14:47:42.819 ->   XTAL Frequency    : 4x00000012
14:47:42.819 ->   Embedded Flash    : No
14:47:42.819 ->   Embedded PSRAM    : No
14:47:42.819 ->   2.4GHz WiFi       : Yes
14:47:42.819 ->   Classic BT        : No
14:47:42.819 ->   BT Low Energy     : Yes
14:47:42.819 ->   IEEE 802.15.4     : No
14:47:42.819 -> ------------------------------------------
14:47:42.819 -> INTERNAL Memory Info:
14:47:42.819 -> ------------------------------------------
14:47:42.819 ->   Total Size        :   334016 B ( 326.2 KB)
14:47:42.819 ->   Free Bytes        :   294500 B ( 287.6 KB)
14:47:42.819 ->   Allocated Bytes   :    33884 B (  33.1 KB)
14:47:42.819 ->   Minimum Free Bytes:   289232 B ( 282.5 KB)
14:47:42.819 ->   Largest Free Block:   237556 B ( 232.0 KB)
14:47:42.819 -> ------------------------------------------
14:47:42.819 -> Flash Info:
14:47:42.819 -> ------------------------------------------
14:47:42.819 ->   Chip Size         :  8388608B (8 MB)
14:47:42.819 ->   Block Size        :    65536B (  64.0 KB)
14:47:42.819 ->   Sector Size       :     4096B (   4.0 KB)
14:47:42.819 ->   Page Size         :      256B (   0.2 KB)
14:47:42.819 ->   Bus Speed         : 80 MHz
14:47:42.819 ->   Flash Frequency   : 80 MHz (source: 80 MHz, divider: 1)
14:47:42.819 ->   Bus Mode          : QIO
14:47:42.819 -> ------------------------------------------
14:47:42.819 -> Partitions Info:
14:47:42.819 -> ------------------------------------------
14:47:42.819 ->                 nvs : addr: 0x00009000, size:    20.0 KB, type: DATA, subtype: NVS
14:47:42.819 ->             otadata : addr: 0x0000E000, size:     8.0 KB, type: DATA, subtype: OTA
14:47:42.819 ->                app0 : addr: 0x00010000, size:  3264.0 KB, type:  APP, subtype: OTA_0
14:47:42.819 ->                app1 : addr: 0x00340000, size:  3264.0 KB, type:  APP, subtype: OTA_1
14:47:42.819 ->              spiffs : addr: 0x00670000, size:  1536.0 KB, type: DATA, subtype: SPIFFS
14:47:42.819 ->            coredump : addr: 0x007F0000, size:    64.0 KB, type: DATA, subtype: COREDUMP
14:47:42.819 -> ------------------------------------------
14:47:42.819 -> Software Info:
14:47:42.819 -> ------------------------------------------
14:47:42.819 ->   Compile Date/Time : Jul  1 2026 12:16:53
14:47:42.819 ->   Compile Host OS   : windows
14:47:42.819 ->   ESP-IDF Version   : v5.5.4
14:47:42.819 ->   Arduino Version   : 3.3.10
14:47:42.819 -> ------------------------------------------
14:47:42.819 -> Board Info:
14:47:42.819 -> ------------------------------------------
14:47:42.819 ->   Arduino Board     : XIAO_ESP32S3
14:47:42.819 ->   Arduino Variant   : XIAO_ESP32S3
14:47:42.819 ->   Arduino FQBN      : esp32:esp32:XIAO_ESP32S3:JTAGAdapter=default,PSRAM=disabled,FlashMode=qio,FlashSize=8M,LoopCore=1,EventsCore=1,USBMode=hwcdc,CDCOnBoot=default,MSCOnBoot=default,DFUOnBoot=default,UploadMode=default,PartitionScheme=default_8MB,CPUFreq=240,UploadSpeed=115200,DebugLevel=verbose,EraseFlash=none
14:47:42.819 -> ============ Before Setup End ============
14:47:42.819 -> [  3188][V][esp32-hal-uart.c:807] uartSetPins(): UART0: Driver not yet installed, storing pins for later attachment (RX:44, TX:43)
14:47:42.819 -> [  3189][I][esp32-hal-periman.c:151] perimanSetPinBus(): Pin 19 already has type USB_DM (45) with bus 0x3fca2364
14:47:42.819 -> [  3189][I][esp32-hal-periman.c:151] perimanSetPinBus(): Pin 20 already has type USB_DP (46) with bus 0x3fca2364
14:47:42.819 -> 
14:47:42.819 -> [AeroSniffer] Booting...
14:47:42.819 -> C,boot,fw=local-dev git=unknown board=DeskBuddy2
14:47:42.819 -> [HW] DeskBuddy 2.0 — XIAO ESP32S3 + ST7789 240x240
14:47:42.819 -> [  3190][V][esp32-hal-periman.c:248] perimanSetBusDeinit(): Deinit function for type GPIO (1) successfully set to 0x420cfacc
14:47:42.819 -> [  3191][V][esp32-hal-periman.c:173] perimanSetPinBus(): Pin 3 successfully set to type GPIO (1) with bus 0x4
14:47:42.819 -> [  3191][V][esp32-hal-periman.c:248] perimanSetBusDeinit(): Deinit function for type GPIO (1) successfully set to 0x420cfacc
14:47:42.819 -> [  3192][V][esp32-hal-periman.c:173] perimanSetPinBus(): Pin 4 successfully set to type GPIO (1) with bus 0x5
14:47:42.819 -> [  3193][V][esp32-hal-periman.c:248] perimanSetBusDeinit(): Deinit function for type SPI_MASTER_SCK (34) successfully set to 0x4202a0ac
14:47:42.819 -> [  3193][V][esp32-hal-periman.c:248] perimanSetBusDeinit(): Deinit function for type SPI_MASTER_MISO (35) successfully set to 0x42029fd4
14:47:42.819 -> [  3194][V][esp32-hal-periman.c:248] perimanSetBusDeinit(): Deinit function for type SPI_MASTER_MOSI (36) successfully set to 0x42029ef4
14:47:42.866 -> [  3195][V][esp32-hal-periman.c:248] perimanSetBusDeinit(): Deinit function for type SPI_MASTER_SS (37) successfully set to 0x42029ddc
14:47:42.866 -> [  3195][V][esp32-hal-periman.c:248] perimanSetBusDeinit(): Deinit function for type GPIO (1) successfully set to 0x420cfacc
14:47:42.866 -> [  3196][V][esp32-hal-periman.c:173] perimanSetPinBus(): Pin 7 successfully set to type GPIO (1) with bus 0x8
14:47:42.866 -> [  3197][V][esp32-hal-periman.c:173] perimanSetPinBus(): Pin 7 successfully set to type SPI_MASTER_SCK (34) with bus 0x2
14:47:42.866 -> [  3197][V][esp32-hal-periman.c:248] perimanSetBusDeinit(): Deinit function for type GPIO (1) successfully set to 0x420cfacc
14:47:42.866 -> [  3198][V][esp32-hal-periman.c:173] perimanSetPinBus(): Pin 9 successfully set to type GPIO (1) with bus 0xa
14:47:42.866 -> [  3198][V][esp32-hal-periman.c:173] perimanSetPinBus(): Pin 9 successfully set to type SPI_MASTER_MOSI (36) with bus 0x2
14:47:43.476 -> [EMOTION] Boot -> IDLE
14:47:43.476 -> EVT:{"type":"timeline","text":"Creature Awakened","tag":"system"}
14:47:43.476 -> [MOOD] begin -> RELAXED
14:47:43.476 -> [PERSIST] Boot 62 | touches=54 | runtime=1115 min | playful=9 | anxious=0
14:47:43.476 -> [  3826][V][Preferences.cpp:423] getUInt(): nvs_get_u32 fail: boot_count NOT_FOUND
14:47:43.476 -> [MEM] begin -> 0 records (boot=0)
14:47:43.476 -> [ATTN] begin -> SOFT_FOCUS
14:47:43.476 -> [EVENTBUS] WARN: exceeded MAX_SUBSCRIBERS (32)
14:47:43.476 -> [EVENTBUS] WARN: exceeded MAX_SUBSCRIBERS (32)
14:47:43.476 -> [EVENTBUS] WARN: exceeded MAX_SUBSCRIBERS (32)
14:47:43.476 -> [EVENTBUS] WARN: exceeded MAX_SUBSCRIBERS (32)
14:47:43.476 -> [EVENTBUS] WARN: exceeded MAX_SUBSCRIBERS (32)
14:47:43.476 -> [EVENTBUS] WARN: exceeded MAX_SUBSCRIBERS (32)
14:47:43.476 -> [  3829][V][Preferences.cpp:399] getUShort(): nvs_get_u16 fail: c_col NOT_FOUND
14:47:43.476 -> [  3830][V][Preferences.cpp:399] getUShort(): nvs_get_u16 fail: w_col NOT_FOUND
14:47:43.476 -> [  3830][E][Preferences.cpp:506] getString(): nvs_get_str len fail: dev_name NOT_FOUND
14:47:43.476 -> [  3831][E][Preferences.cpp:506] getString(): nvs_get_str len fail: ap_ssid NOT_FOUND
14:47:43.476 -> [  3831][E][Preferences.cpp:506] getString(): nvs_get_str len fail: ap_pass NOT_FOUND
14:47:43.476 -> [  3832][V][Preferences.cpp:375] getUChar(): nvs_get_u8 fail: hg_enable NOT_FOUND
14:47:43.476 -> [BOOT] Aviation Enabled preference: true
14:47:43.476 -> [  3833][V][esp32-hal-periman.c:248] perimanSetBusDeinit(): Deinit function for type GPIO (1) successfully set to 0x420cfacc
14:47:43.476 -> [  3834][V][esp32-hal-periman.c:173] perimanSetPinBus(): Pin 43 successfully set to type GPIO (1) with bus 0x2c
14:47:43.476 -> [INPUT] Capacitive touch on GPIO 43
14:47:43.476 -> [INPUT] Short tap = interact | Long press = mode switch
14:47:46.360 -> {"ready":1,"mode":"pet"}
14:47:46.407 -> [FACE] heartbeat
14:47:46.407 -> C,mood_str,50
14:47:46.407 -> C,ts_engage_write,6762487
14:47:46.407 -> C,engage_lvl,992
14:47:46.407 -> C,modifier,0
14:47:46.407 -> C,engage_floor,0
14:47:46.407 -> C,loop_us,384
14:47:46.407 -> [TOUCH] boot raw=0 pressed=0 active=0 ms=6762
14:47:46.407 -> =========== After Setup Start ============
14:47:46.407 -> INTERNAL Memory Info:
14:47:46.407 -> ------------------------------------------
14:47:46.407 ->   Total Size        :   334016 B ( 326.2 KB)
14:47:46.407 ->   Free Bytes        :   150736 B ( 147.2 KB)
14:47:46.407 ->   Allocated Bytes   :   177424 B ( 173.3 KB)
14:47:46.407 ->   Minimum Free Bytes:   150736 B ( 147.2 KB)
14:47:46.407 ->   Largest Free Block:   104436 B ( 102.0 KB)
14:47:46.407 -> ------------------------------------------
14:47:46.407 -> GPIO Info:
14:47:46.407 -> ------------------------------------------
14:47:46.407 ->   GPIO : BUS_TYPE[bus/unit][chan]
14:47:46.407 ->   --------------------------------------  
14:47:46.407 ->      3 : GPIO
14:47:46.407 ->      4 : GPIO
14:47:46.407 ->      7 : SPI_MASTER_SCK[1]
14:47:46.407 ->      9 : SPI_MASTER_MOSI[1]
14:47:46.407 ->     19 : USB_DM
14:47:46.407 ->     20 : USB_DP
14:47:46.407 ->     43 : GPIO
14:47:46.407 -> ============ After Setup End =============
14:47:46.502 -> C,ts_engage_write,6850415
14:47:46.595 -> C,ts_engage_write,6938358
14:47:46.686 -> C,ts_engage_write,7026367
14:47:46.686 -> [TOUCH] boot raw=0 pressed=0 active=0 ms=7026
14:47:46.778 -> C,ts_engage_write,7114364
14:47:46.870 -> C,ts_engage_write,7202367
14:47:46.917 -> C,ts_engage_write,7290357
14:47:46.917 -> C,engage_lvl,990
14:47:46.917 -> [TOUCH] boot raw=0 pressed=0 active=0 ms=7290
14:47:47.010 -> C,ts_engage_write,7378373
14:47:47.103 -> C,ts_engage_write,7466357
14:47:47.197 -> C,ts_engage_write,7554367
14:47:47.197 -> [TOUCH] boot raw=0 pressed=0 active=0 ms=7554
14:47:47.290 -> C,ts_engage_write,7642364
14:47:47.383 -> C,ts_engage_write,7730366
14:47:47.476 -> [FACE] heartbeat
14:47:47.476 -> C,mood_str,50
14:47:47.476 -> C,ts_engage_write,7818479
14:47:47.476 -> C,engage_lvl,989
14:47:47.476 -> C,modifier,0
14:47:47.476 -> C,engage_floor,0
14:47:47.476 -> C,loop_us,276
14:47:47.476 -> [TOUCH] boot raw=0 pressed=0 active=0 ms=7818
14:47:47.571 -> C,ts_engage_write,7906372
14:47:47.664 -> C,ts_engage_write,7994359
14:47:47.711 -> C,ts_engage_write,8082367
14:47:47.711 -> [TOUCH] boot raw=0 pressed=0 active=0 ms=8082
14:47:47.804 -> C,ts_engage_write,8170366
14:47:47.895 -> C,ts_engage_write,8258367
14:47:47.987 -> C,ts_engage_write,8346359
14:47:47.987 -> C,engage_lvl,987
14:47:47.987 -> [TOUCH] boot raw=0 pressed=0 active=0 ms=8346
14:47:48.079 -> C,ts_engage_write,8434373
14:47:48.172 -> C,ts_engage_write,8522359
14:47:48.264 -> C,ts_engage_write,8610367
14:47:48.264 -> [TOUCH] boot raw=0 pressed=0 active=0 ms=8610
14:47:48.359 -> C,ts_engage_write,8698366
14:47:48.450 -> C,ts_engage_write,8786366
14:47:48.544 -> [FACE] heartbeat
14:47:48.544 -> C,mood_str,50
14:47:48.544 -> C,ts_engage_write,8874453
14:47:48.544 -> C,engage_lvl,986
14:47:48.544 -> C,modifier,0
14:47:48.544 -> C,engage_floor,0
14:47:48.544 -> C,loop_us,260
14:47:48.544 -> [TOUCH] boot raw=0 pressed=0 active=0 ms=8874
14:47:48.591 -> C,ts_engage_write,8962373
14:47:48.685 -> C,ts_engage_write,9050359
14:47:48.779 -> C,ts_engage_write,9138366
14:47:48.779 -> [TOUCH] boot raw=0 pressed=0 active=0 ms=9138
14:47:48.872 -> C,ts_engage_write,9226366
14:47:48.964 -> C,ts_engage_write,9314367
14:47:49.059 -> C,ts_engage_write,9402360
14:47:49.059 -> C,engage_lvl,985
14:47:49.059 -> [TOUCH] boot raw=0 pressed=0 active=0 ms=9402
14:47:49.152 -> C,ts_engage_write,9490373
14:47:49.246 -> C,ts_engage_write,9578360
14:47:49.293 -> C,ts_engage_write,9666367
14:47:49.293 -> [TOUCH] boot raw=0 pressed=0 active=0 ms=9666
14:47:49.386 -> C,ts_engage_write,9754365
14:47:49.479 -> C,ts_engage_write,9842375
14:47:49.572 -> [FACE] heartbeat
14:47:49.572 -> C,mood_str,50
14:47:49.572 -> C,ts_engage_write,9930464
14:47:49.572 -> C,engage_lvl,983
14:47:49.572 -> C,modifier,0
14:47:49.572 -> C,engage_floor,0
14:47:49.572 -> C,loop_us,258
14:47:49.572 -> [TOUCH] boot raw=0 pressed=0 active=0 ms=9930
14:47:49.665 -> C,ts_engage_write,10018373
14:47:49.761 -> C,ts_engage_write,10106359
14:47:49.856 -> C,ts_engage_write,10194367
14:47:49.856 -> [TOUCH] boot raw=0 pressed=0 active=0 ms=10194
14:47:49.947 -> C,ts_engage_write,10282366
14:47:49.995 -> C,ts_engage_write,10370367
14:47:50.087 -> C,ts_engage_write,10458360
14:47:50.087 -> C,engage_lvl,982
14:47:50.087 -> [TOUCH] boot raw=0 pressed=0 active=0 ms=10458
14:47:50.180 -> C,ts_engage_write,10546373
14:47:50.272 -> C,ts_engage_write,10634361
14:47:50.364 -> C,ts_engage_write,10722367
14:47:50.364 -> [TOUCH] boot raw=0 pressed=0 active=0 ms=10722
14:47:50.457 -> C,ts_engage_write,10810365
14:47:50.550 -> C,ts_engage_write,10898368
14:47:50.642 -> [FACE] heartbeat
14:47:50.642 -> C,mood_str,50
14:47:50.642 -> C,ts_engage_write,10986474
14:47:50.642 -> C,engage_lvl,980
14:47:50.642 -> C,modifier,0
14:47:50.642 -> C,engage_floor,0
14:47:50.642 -> C,loop_us,277
14:47:50.642 -> [TOUCH] boot raw=0 pressed=0 active=0 ms=10986
14:47:50.735 -> C,ts_engage_write,11074368
14:47:50.828 -> C,ts_engage_write,11162363
14:47:50.875 -> C,ts_engage_write,11250363
14:47:50.875 -> [TOUCH] boot raw=0 pressed=0 active=0 ms=11250
14:47:50.968 -> C,ts_engage_write,11338369
14:47:51.062 -> C,ts_engage_write,11426363
14:47:51.154 -> C,ts_engage_write,11514363
14:47:51.154 -> C,engage_lvl,979
14:47:51.154 -> [TOUCH] boot raw=0 pressed=0 active=0 ms=11514
14:47:51.247 -> C,ts_engage_write,11602369
14:47:51.340 -> C,ts_engage_write,11690363
14:47:51.432 -> C,ts_engage_write,11778362
14:47:51.524 -> C,ts_engage_write,11866366
14:47:51.617 -> C,ts_engage_write,11954363
14:47:51.710 -> [FACE] heartbeat
14:47:51.710 -> C,mood_str,50
14:47:51.710 -> C,ts_engage_write,12042465
14:47:51.710 -> C,engage_lvl,978
14:47:51.710 -> C,modifier,0
14:47:51.710 -> C,engage_floor,0
14:47:51.710 -> C,loop_us,256
14:47:51.756 -> C,ts_engage_write,12130365
14:47:51.849 -> C,ts_engage_write,12218363
14:47:51.941 -> C,ts_engage_write,12306363
14:47:52.034 -> C,ts_engage_write,12394364
14:47:52.127 -> C,ts_engage_write,12482364
14:47:52.219 -> C,ts_engage_write,12570363
14:47:52.219 -> C,engage_lvl,976
14:47:52.312 -> C,ts_engage_write,12658364
14:47:52.404 -> C,ts_engage_write,12746361
14:47:52.497 -> C,ts_engage_write,12834364
14:47:52.590 -> C,ts_engage_write,12922364
14:47:52.637 -> C,ts_engage_write,13010363
14:47:52.730 -> [FACE] heartbeat
14:47:52.730 -> C,mood_str,50
14:47:52.730 -> C,ts_engage_write,13098463
14:47:52.730 -> C,engage_lvl,975
14:47:52.730 -> C,modifier,0
14:47:52.730 -> C,engage_floor,0
14:47:52.730 -> C,loop_us,271
14:47:52.823 -> C,ts_engage_write,13186365
14:47:52.919 -> C,ts_engage_write,13274363
14:47:53.009 -> C,ts_engage_write,13362363
14:47:53.102 -> C,ts_engage_write,13450364
14:47:53.195 -> C,ts_engage_write,13538363
14:47:53.289 -> C,ts_engage_write,13626363
14:47:53.289 -> C,engage_lvl,973
14:47:53.381 -> C,ts_engage_write,13714364
14:47:53.427 -> C,ts_engage_write,13802361
14:47:53.521 -> C,ts_engage_write,13890365
14:47:53.614 -> C,ts_engage_write,13978364
14:47:53.708 -> C,ts_engage_write,14066371
14:47:53.800 -> [FACE] heartbeat
14:47:53.800 -> C,mood_str,50
14:47:53.800 -> C,ts_engage_write,14154462
14:47:53.800 -> C,engage_lvl,972
14:47:53.800 -> C,modifier,0
14:47:53.800 -> C,engage_floor,0
14:47:53.800 -> C,loop_us,272
14:47:53.894 -> C,ts_engage_write,14242365
14:47:53.986 -> C,ts_engage_write,14330363
14:47:54.078 -> C,ts_engage_write,14418363
14:47:54.172 -> C,ts_engage_write,14506364
14:47:54.264 -> C,ts_engage_write,14594363
14:47:54.310 -> C,ts_engage_write,14682363
14:47:54.310 -> C,engage_lvl,971
14:47:54.402 -> C,ts_engage_write,14770364
14:47:54.495 -> C,ts_engage_write,14858365
14:47:54.587 -> C,ts_engage_write,14946363
14:47:54.680 -> C,ts_engage_write,15034364
14:47:54.773 -> C,ts_engage_write,15122363
14:47:54.867 -> [FACE] heartbeat
14:47:54.867 -> C,mood_str,50
14:47:54.867 -> C,ts_engage_write,15210463
14:47:54.867 -> C,engage_lvl,969
14:47:54.867 -> C,modifier,0
14:47:54.867 -> C,engage_floor,0
14:47:54.867 -> C,loop_us,262
14:47:54.959 -> C,ts_engage_write,15298365
14:47:55.053 -> C,ts_engage_write,15386363
14:47:55.098 -> C,ts_engage_write,15474363
14:47:55.192 -> C,ts_engage_write,15562364
14:47:55.285 -> C,ts_engage_write,15650363
14:47:55.379 -> C,ts_engage_write,15738361
14:47:55.379 -> C,engage_lvl,968
14:47:55.473 -> C,ts_engage_write,15826365
14:47:55.566 -> C,ts_engage_write,15914363
14:47:55.661 -> C,ts_engage_write,16002363
14:47:55.753 -> C,ts_engage_write,16090364
14:47:55.847 -> C,ts_engage_write,16178363
14:47:55.894 -> [FACE] heartbeat
14:47:55.894 -> C,mood_str,50
14:47:55.894 -> C,ts_engage_write,16266462
14:47:55.894 -> C,engage_lvl,966
14:47:55.894 -> C,modifier,0
14:47:55.894 -> C,engage_floor,0
14:47:55.894 -> C,loop_us,265
14:47:55.989 -> C,ts_engage_write,16354365
14:47:56.082 -> C,ts_engage_write,16442363
14:47:56.175 -> C,ts_engage_write,16530363
14:47:56.268 -> C,ts_engage_write,16618364
14:47:56.362 -> C,ts_engage_write,16706363
14:47:56.457 -> C,ts_engage_write,16794361
14:47:56.457 -> C,engage_lvl,965
14:47:56.551 -> C,ts_engage_write,16882366
14:47:56.597 -> C,ts_engage_write,16970363
14:47:56.690 -> C,ts_engage_write,17058364
14:47:56.782 -> C,ts_engage_write,17146364
14:47:56.874 -> C,ts_engage_write,17234364
14:47:56.967 -> [FACE] heartbeat
14:47:56.967 -> C,mood_str,50
14:47:56.967 -> C,ts_engage_write,17322462
14:47:56.967 -> C,engage_lvl,964
14:47:56.967 -> C,modifier,0
14:47:56.967 -> C,engage_floor,0
14:47:56.967 -> C,loop_us,257
14:47:57.061 -> C,ts_engage_write,17410365
14:47:57.154 -> C,ts_engage_write,17498363
14:47:57.246 -> C,ts_engage_write,17586364
14:47:57.339 -> C,ts_engage_write,17674371
14:47:57.387 -> C,ts_engage_write,17762363
14:47:57.479 -> C,ts_engage_write,17850363
14:47:57.479 -> C,engage_lvl,962
14:47:57.572 -> C,ts_engage_write,17938365
14:47:57.665 -> C,ts_engage_write,18026363
14:47:57.758 -> C,ts_engage_write,18114364
14:47:57.850 -> C,ts_engage_write,18202364
14:47:57.944 -> C,ts_engage_write,18290364
14:47:58.037 -> [FACE] heartbeat
14:47:58.037 -> C,mood_str,50
14:47:58.037 -> C,ts_engage_write,18378462
14:47:58.037 -> C,engage_lvl,961
14:47:58.037 -> C,modifier,0
14:47:58.037 -> C,engage_floor,0
14:47:58.037 -> C,loop_us,263
14:47:58.129 -> C,ts_engage_write,18466365
14:47:58.223 -> C,ts_engage_write,18554363
14:47:58.269 -> C,ts_engage_write,18642363
14:47:58.363 -> C,ts_engage_write,18730363
14:47:58.457 -> C,ts_engage_write,18818364
14:47:58.550 -> C,ts_engage_write,18906363
14:47:58.550 -> C,engage_lvl,959
14:47:58.644 -> C,ts_engage_write,18994364
14:47:58.737 -> C,ts_engage_write,19082363
14:47:58.830 -> C,ts_engage_write,19170363
14:47:58.924 -> C,ts_engage_write,19258364
14:47:58.970 -> C,ts_engage_write,19346363
14:47:59.063 -> [FACE] heartbeat
14:47:59.063 -> C,mood_str,50
14:47:59.063 -> C,ts_engage_write,19434453
14:47:59.063 -> C,engage_lvl,958
14:47:59.063 -> C,modifier,0
14:47:59.063 -> C,engage_floor,0
14:47:59.063 -> C,loop_us,228
14:47:59.157 -> C,ts_engage_write,19522366
14:47:59.251 -> C,ts_engage_write,19610363
14:47:59.344 -> C,ts_engage_write,19698363
14:47:59.436 -> C,ts_engage_write,19786363
14:47:59.530 -> C,ts_engage_write,19874365
14:47:59.622 -> C,ts_engage_write,19962363
14:47:59.622 -> C,engage_lvl,957
14:47:59.715 -> C,ts_engage_write,20050365
14:47:59.762 -> C,ts_engage_write,20138363
14:47:59.855 -> C,ts_engage_write,20226364
14:47:59.948 -> C,ts_engage_write,20314364
14:48:00.041 -> C,ts_engage_write,20402364
14:48:00.133 -> [FACE] heartbeat
14:48:00.133 -> C,mood_str,50
14:48:00.133 -> C,ts_engage_write,20490453
14:48:00.133 -> C,engage_lvl,955
14:48:00.133 -> C,modifier,0
14:48:00.133 -> C,engage_floor,0
14:48:00.133 -> C,loop_us,245
14:48:00.226 -> C,ts_engage_write,20578365
14:48:00.320 -> C,ts_engage_write,20666363
14:48:00.413 -> C,ts_engage_write,20754361
14:48:00.505 -> C,ts_engage_write,20842365
14:48:00.598 -> C,ts_engage_write,20930364
14:48:00.645 -> C,ts_engage_write,21018363
14:48:00.645 -> C,engage_lvl,954
14:48:00.737 -> C,ts_engage_write,21106365
14:48:00.830 -> C,ts_engage_write,21194363
14:48:00.924 -> C,ts_engage_write,21282364
14:48:01.017 -> C,ts_engage_write,21370364
14:48:01.110 -> C,ts_engage_write,21458364
14:48:01.202 -> [FACE] heartbeat
14:48:01.202 -> C,mood_str,50
14:48:01.202 -> C,ts_engage_write,21546465
14:48:01.202 -> C,engage_lvl,952
14:48:01.202 -> C,modifier,0
14:48:01.202 -> C,engage_floor,0
14:48:01.202 -> C,loop_us,265
14:48:01.295 -> C,ts_engage_write,21634366
14:48:01.389 -> C,ts_engage_write,21722363
14:48:01.436 -> C,ts_engage_write,21810361
14:48:01.528 -> C,ts_engage_write,21898366
14:48:01.621 -> C,ts_engage_write,21986363
14:48:01.715 -> C,ts_engage_write,22074363
14:48:01.715 -> C,engage_lvl,951
14:48:01.809 -> C,ts_engage_write,22162364
14:48:01.902 -> C,ts_engage_write,22250363
14:48:01.993 -> C,ts_engage_write,22338363
14:48:02.086 -> C,ts_engage_write,22426364
14:48:02.178 -> C,ts_engage_write,22514363
14:48:02.272 -> [FACE] heartbeat
14:48:02.272 -> C,mood_str,50
14:48:02.272 -> C,ts_engage_write,22602457
14:48:02.272 -> C,engage_lvl,949
14:48:02.272 -> C,modifier,0
14:48:02.272 -> C,engage_floor,0
14:48:02.272 -> C,loop_us,231
14:48:02.318 -> C,ts_engage_write,22690363
14:48:02.410 -> C,ts_engage_write,22778361
14:48:02.503 -> C,ts_engage_write,22866365
14:48:02.595 -> C,ts_engage_write,22954364
14:48:02.687 -> C,ts_engage_write,23042364
14:48:02.778 -> C,ts_engage_write,23130363
14:48:02.778 -> C,engage_lvl,948
14:48:02.873 -> C,ts_engage_write,23218365
14:48:02.966 -> C,ts_engage_write,23306363
14:48:03.058 -> C,ts_engage_write,23394364
14:48:03.150 -> C,ts_engage_write,23482364
14:48:03.196 -> C,ts_engage_write,23570364
14:48:03.289 -> [FACE] heartbeat
14:48:03.289 -> C,mood_str,50
14:48:03.289 -> C,ts_engage_write,23658458
14:48:03.289 -> C,engage_lvl,947
14:48:03.289 -> C,modifier,0
14:48:03.289 -> C,engage_floor,0
14:48:03.289 -> C,loop_us,247
14:48:03.381 -> C,ts_engage_write,23746363
14:48:03.473 -> C,ts_engage_write,23834365
14:48:03.566 -> C,ts_engage_write,23922364
14:48:03.660 -> C,ts_engage_write,24010364
14:48:03.751 -> C,ts_engage_write,24098364
14:48:03.844 -> C,ts_engage_write,24186363
14:48:03.844 -> C,engage_lvl,945
14:48:03.938 -> C,ts_engage_write,24274365
14:48:04.030 -> C,ts_engage_write,24362363
14:48:04.078 -> C,ts_engage_write,24450364
14:48:04.174 -> C,ts_engage_write,24538364
14:48:04.268 -> C,ts_engage_write,24626364
14:48:04.360 -> [FACE] heartbeat
14:48:04.360 -> C,mood_str,50
14:48:04.360 -> C,ts_engage_write,24714462
14:48:04.360 -> C,engage_lvl,944
14:48:04.360 -> C,modifier,0
14:48:04.360 -> C,engage_floor,0
14:48:04.360 -> C,loop_us,257
14:48:04.452 -> C,ts_engage_write,24802363
14:48:04.544 -> C,ts_engage_write,24890365
14:48:04.638 -> C,ts_engage_write,24978363
14:48:04.731 -> C,ts_engage_write,25066364
14:48:04.778 -> C,ts_engage_write,25154363
14:48:04.871 -> C,ts_engage_write,25242363
14:48:04.871 -> C,engage_lvl,942
14:48:04.962 -> C,ts_engage_write,25330364
14:48:05.055 -> C,ts_engage_write,25418369
14:48:05.148 -> C,ts_engage_write,25506364
14:48:05.240 -> C,ts_engage_write,25594364
14:48:05.333 -> C,ts_engage_write,25682363
14:48:05.426 -> [FACE] heartbeat
14:48:05.426 -> C,mood_str,50
14:48:05.426 -> C,ts_engage_write,25770463
14:48:05.426 -> C,engage_lvl,941
14:48:05.426 -> C,modifier,0
14:48:05.426 -> C,engage_floor,0
14:48:05.426 -> C,loop_us,261
14:48:05.518 -> C,ts_engage_write,25858366
14:48:05.610 -> C,ts_engage_write,25946363
14:48:05.702 -> C,ts_engage_write,26034363
14:48:05.748 -> C,ts_engage_write,26122364
14:48:05.840 -> C,ts_engage_write,26210363
14:48:05.934 -> C,ts_engage_write,26298363
14:48:05.934 -> C,engage_lvl,940
14:48:06.027 -> C,ts_engage_write,26386364
14:48:06.120 -> C,ts_engage_write,26474363
14:48:06.212 -> C,ts_engage_write,26562363
14:48:06.305 -> C,ts_engage_write,26650364
14:48:06.398 -> C,ts_engage_write,26738361
14:48:06.490 -> [FACE] heartbeat
14:48:06.490 -> C,mood_str,50
14:48:06.490 -> C,ts_engage_write,26826450
14:48:06.490 -> C,engage_lvl,938
14:48:06.490 -> C,modifier,0
14:48:06.490 -> C,engage_floor,0
14:48:06.490 -> C,loop_us,261
14:48:06.582 -> C,ts_engage_write,26914364
14:48:06.628 -> C,ts_engage_write,27002364
14:48:06.723 -> C,ts_engage_write,27090363
14:48:06.815 -> C,ts_engage_write,27178364
14:48:06.908 -> C,ts_engage_write,27266363
14:48:07.002 -> C,ts_engage_write,27354363
14:48:07.002 -> C,engage_lvl,937
14:48:07.095 -> C,ts_engage_write,27442364
14:48:07.188 -> C,ts_engage_write,27530363
14:48:07.281 -> C,ts_engage_write,27618363
14:48:07.374 -> C,ts_engage_write,27706364
14:48:07.421 -> C,ts_engage_write,27794361
14:48:07.513 -> [FACE] heartbeat
14:48:07.513 -> C,mood_str,50
14:48:07.513 -> C,ts_engage_write,27882451
14:48:07.513 -> C,engage_lvl,935
14:48:07.513 -> C,modifier,0
14:48:07.513 -> C,engage_floor,0
14:48:07.513 -> C,loop_us,249
14:48:07.606 -> C,ts_engage_write,27970364
14:48:07.700 -> C,ts_engage_write,28058363
14:48:07.794 -> C,ts_engage_write,28146363
14:48:07.887 -> C,ts_engage_write,28234364
14:48:07.979 -> C,ts_engage_write,28322363
14:48:08.073 -> C,ts_engage_write,28410363
14:48:08.073 -> C,engage_lvl,934
14:48:08.165 -> C,ts_engage_write,28498364
14:48:08.211 -> C,ts_engage_write,28586363
14:48:08.304 -> C,ts_engage_write,28674363
14:48:08.398 -> C,ts_engage_write,28762363
14:48:08.490 -> C,ts_engage_write,28850364
14:48:08.583 -> [FACE] heartbeat
14:48:08.583 -> C,mood_str,50
14:48:08.583 -> C,ts_engage_write,28938450
14:48:08.583 -> C,engage_lvl,933
14:48:08.583 -> C,modifier,0
14:48:08.583 -> C,engage_floor,0
14:48:08.583 -> C,loop_us,243
14:48:08.676 -> C,ts_engage_write,29026364
14:48:08.771 -> C,ts_engage_write,29114363
14:48:08.862 -> C,ts_engage_write,29202363
14:48:08.955 -> C,ts_engage_write,29290371
14:48:09.047 -> C,ts_engage_write,29378364
14:48:09.094 -> C,ts_engage_write,29466363
14:48:09.094 -> C,engage_lvl,931
14:48:09.188 -> C,ts_engage_write,29554364
14:48:09.280 -> C,ts_engage_write,29642363
14:48:09.373 -> C,ts_engage_write,29730361
14:48:09.464 -> C,ts_engage_write,29818366
14:48:09.556 -> C,ts_engage_write,29906363
14:48:09.649 -> [FACE] heartbeat
14:48:09.649 -> C,mood_str,50
14:48:09.649 -> C,ts_engage_write,29994449
14:48:09.649 -> C,engage_lvl,930
14:48:09.649 -> C,modifier,0
14:48:09.649 -> C,engage_floor,0
14:48:09.649 -> C,loop_us,244
14:48:09.744 -> C,ts_engage_write,30082364
14:48:09.838 -> C,ts_engage_write,30170363
14:48:09.884 -> C,ts_engage_write,30258363
14:48:09.979 -> C,ts_engage_write,30346364
14:48:10.073 -> C,ts_engage_write,30434363
14:48:10.166 -> C,ts_engage_write,30522363
14:48:10.166 -> C,engage_lvl,928
14:48:10.259 -> C,ts_engage_write,30610364
14:48:10.354 -> C,ts_engage_write,30698363
14:48:10.446 -> C,ts_engage_write,30786361
14:48:10.538 -> C,ts_engage_write,30874366
14:48:10.630 -> C,ts_engage_write,30962363
14:48:10.677 -> [FACE] heartbeat
14:48:10.677 -> C,mood_str,50
14:48:10.677 -> C,ts_engage_write,31050450
14:48:10.677 -> C,engage_lvl,927
14:48:10.677 -> C,modifier,0
14:48:10.677 -> C,engage_floor,0
14:48:10.677 -> C,loop_us,247
14:48:10.768 -> C,ts_engage_write,31138366
14:48:10.860 -> C,ts_engage_write,31226363
14:48:10.952 -> C,ts_engage_write,31314363
14:48:11.045 -> C,ts_engage_write,31402364
14:48:11.137 -> C,ts_engage_write,31490363
14:48:11.230 -> C,ts_engage_write,31578363
14:48:11.230 -> C,engage_lvl,926
14:48:11.322 -> C,ts_engage_write,31666364
14:48:11.416 -> C,ts_engage_write,31754361
14:48:11.507 -> C,ts_engage_write,31842364
14:48:11.600 -> C,ts_engage_write,31930364
14:48:11.647 -> C,ts_engage_write,32018363
14:48:11.739 -> [FACE] heartbeat
14:48:11.739 -> C,mood_str,50
14:48:11.739 -> C,ts_engage_write,32106451
14:48:11.739 -> C,engage_lvl,924
14:48:11.739 -> C,modifier,0
14:48:11.739 -> C,engage_floor,0
14:48:11.739 -> C,loop_us,247
14:48:11.833 -> C,ts_engage_write,32194364
14:48:11.927 -> C,ts_engage_write,32282363
14:48:12.019 -> C,ts_engage_write,32370363
14:48:12.112 -> C,ts_engage_write,32458364
14:48:12.205 -> C,ts_engage_write,32546363
14:48:12.298 -> C,ts_engage_write,32634363
14:48:12.298 -> C,engage_lvl,923
14:48:12.391 -> C,ts_engage_write,32722364
14:48:12.439 -> C,ts_engage_write,32810361
14:48:12.532 -> C,ts_engage_write,32898365
14:48:12.625 -> C,ts_engage_write,32986364
14:48:12.718 -> C,ts_engage_write,33074364
14:48:12.812 -> [FACE] heartbeat
14:48:12.812 -> C,mood_str,50
14:48:12.812 -> C,ts_engage_write,33162462
14:48:12.812 -> C,engage_lvl,921
14:48:12.812 -> C,modifier,0
14:48:12.812 -> C,engage_floor,0
14:48:12.812 -> C,loop_us,236
14:48:12.903 -> C,ts_engage_write,33250364
14:48:12.995 -> C,ts_engage_write,33338363
14:48:13.090 -> C,ts_engage_write,33426364
14:48:13.182 -> C,ts_engage_write,33514364
14:48:13.229 -> C,ts_engage_write,33602364
14:48:13.322 -> C,ts_engage_write,33690369
14:48:13.322 -> C,engage_lvl,920
14:48:13.413 -> C,ts_engage_write,33778364
14:48:13.506 -> C,ts_engage_write,33866365
14:48:13.598 -> C,ts_engage_write,33954363
14:48:13.692 -> C,ts_engage_write,34042364
14:48:13.783 -> C,ts_engage_write,34130363
14:48:13.877 -> [FACE] heartbeat
14:48:13.877 -> C,mood_str,50
14:48:13.877 -> C,ts_engage_write,34218463
14:48:13.877 -> C,engage_lvl,919
14:48:13.877 -> C,modifier,0
14:48:13.877 -> C,engage_floor,0
14:48:13.877 -> C,loop_us,237
14:48:13.969 -> C,ts_engage_write,34306364
14:48:14.062 -> C,ts_engage_write,34394363
14:48:14.108 -> C,ts_engage_write,34482363
14:48:14.200 -> C,ts_engage_write,34570364
14:48:14.293 -> C,ts_engage_write,34658363
14:48:14.386 -> C,ts_engage_write,34746361
14:48:14.386 -> C,engage_lvl,917
14:48:14.479 -> C,ts_engage_write,34834365
14:48:14.572 -> C,ts_engage_write,34922363
14:48:14.664 -> C,ts_engage_write,35010363
14:48:14.758 -> C,ts_engage_write,35098364
14:48:14.851 -> C,ts_engage_write,35186363
14:48:14.943 -> [FACE] heartbeat
14:48:14.943 -> C,mood_str,50
14:48:14.943 -> C,ts_engage_write,35274462
14:48:14.943 -> C,engage_lvl,916
14:48:14.943 -> C,modifier,0
14:48:14.943 -> C,engage_floor,0
14:48:14.943 -> C,loop_us,248
14:48:14.989 -> C,ts_engage_write,35362365
14:48:15.081 -> C,ts_engage_write,35450363
14:48:15.175 -> C,ts_engage_write,35538363
14:48:15.268 -> C,ts_engage_write,35626364
14:48:15.360 -> C,ts_engage_write,35714363
14:48:15.454 -> C,ts_engage_write,35802361
14:48:15.454 -> C,engage_lvl,914
14:48:15.547 -> C,ts_engage_write,35890366
14:48:15.640 -> C,ts_engage_write,35978363
14:48:15.733 -> C,ts_engage_write,36066364
14:48:15.779 -> C,ts_engage_write,36154364
14:48:15.872 -> C,ts_engage_write,36242364
14:48:15.965 -> [FACE] heartbeat
14:48:15.965 -> C,mood_str,50
14:48:15.965 -> C,ts_engage_write,36330450
14:48:15.965 -> C,engage_lvl,913
14:48:15.965 -> C,modifier,0
14:48:15.965 -> C,engage_floor,0
14:48:15.965 -> C,loop_us,247
14:48:16.059 -> C,ts_engage_write,36418365
14:48:16.152 -> C,ts_engage_write,36506363
14:48:16.244 -> C,ts_engage_write,36594364
14:48:16.338 -> C,ts_engage_write,36682364
14:48:16.431 -> C,ts_engage_write,36770361
14:48:16.522 -> C,ts_engage_write,36858363
14:48:16.522 -> C,engage_lvl,911
14:48:16.614 -> C,ts_engage_write,36946365
14:48:16.660 -> C,ts_engage_write,37034363
14:48:16.752 -> C,ts_engage_write,37122364
14:48:16.843 -> C,ts_engage_write,37210364
14:48:16.937 -> C,ts_engage_write,37298364
14:48:17.029 -> [FACE] heartbeat
14:48:17.029 -> C,mood_str,50
14:48:17.029 -> C,ts_engage_write,37386462
14:48:17.029 -> C,engage_lvl,910
14:48:17.029 -> C,modifier,0
14:48:17.029 -> C,engage_floor,0
14:48:17.029 -> C,loop_us,258
14:48:17.122 -> C,ts_engage_write,37474365
14:48:17.214 -> C,ts_engage_write,37562363
14:48:17.307 -> C,ts_engage_write,37650370
14:48:17.399 -> C,ts_engage_write,37738363
14:48:17.493 -> C,ts_engage_write,37826364
14:48:17.539 -> C,ts_engage_write,37914363
14:48:17.539 -> C,engage_lvl,909
14:48:17.634 -> C,ts_engage_write,38002364
14:48:17.727 -> C,ts_engage_write,38090363
14:48:17.822 -> C,ts_engage_write,38178364
14:48:17.914 -> C,ts_engage_write,38266364
14:48:18.007 -> C,ts_engage_write,38354363
14:48:18.100 -> [FACE] heartbeat
14:48:18.100 -> C,mood_str,50
14:48:18.100 -> C,ts_engage_write,38442463
14:48:18.100 -> C,engage_lvl,907
14:48:18.100 -> C,modifier,0
14:48:18.100 -> C,engage_floor,0
14:48:18.100 -> C,loop_us,258
14:48:18.193 -> C,ts_engage_write,38530365
14:48:18.285 -> C,ts_engage_write,38618363
14:48:18.332 -> C,ts_engage_write,38706363
14:48:18.424 -> C,ts_engage_write,38794363
14:48:18.517 -> C,ts_engage_write,38882365
14:48:18.610 -> C,ts_engage_write,38970363
14:48:18.610 -> C,engage_lvl,906
14:48:18.704 -> C,ts_engage_write,39058365
14:48:18.797 -> C,ts_engage_write,39146363
14:48:18.890 -> C,ts_engage_write,39234364
14:48:18.982 -> C,ts_engage_write,39322364
14:48:19.075 -> C,ts_engage_write,39410364
14:48:19.167 -> [FACE] heartbeat
14:48:19.167 -> C,mood_str,50
14:48:19.167 -> C,ts_engage_write,39498463
14:48:19.167 -> C,engage_lvl,904
14:48:19.167 -> C,modifier,0
14:48:19.167 -> C,engage_floor,0
14:48:19.167 -> C,loop_us,258
14:48:19.213 -> C,ts_engage_write,39586363
14:48:19.307 -> C,ts_engage_write,39674363
14:48:19.399 -> C,ts_engage_write,39762362
14:48:19.494 -> C,ts_engage_write,39850366
14:48:19.589 -> C,ts_engage_write,39938363
14:48:19.682 -> C,ts_engage_write,40026363
14:48:19.682 -> C,engage_lvl,903
14:48:19.774 -> C,ts_engage_write,40114364
14:48:19.867 -> C,ts_engage_write,40202363
14:48:19.960 -> C,ts_engage_write,40290363
14:48:20.007 -> C,ts_engage_write,40378364
14:48:20.099 -> C,ts_engage_write,40466363
14:48:20.191 -> [FACE] heartbeat
14:48:20.191 -> C,mood_str,50
14:48:20.191 -> C,ts_engage_write,40554450
14:48:20.191 -> C,engage_lvl,902
14:48:20.191 -> C,modifier,0
14:48:20.191 -> C,engage_floor,0
14:48:20.191 -> C,loop_us,259
14:48:20.284 -> C,ts_engage_write,40642364
14:48:20.378 -> C,ts_engage_write,40730361
14:48:20.471 -> C,ts_engage_write,40818364
14:48:20.565 -> C,ts_engage_write,40906364
14:48:20.658 -> C,ts_engage_write,40994363
14:48:20.752 -> C,ts_engage_write,41082363
14:48:20.752 -> C,engage_lvl,900
14:48:20.798 -> C,ts_engage_write,41170364
14:48:20.891 -> C,ts_engage_write,41258363
14:48:20.984 -> C,ts_engage_write,41346363
14:48:21.077 -> C,ts_engage_write,41434364
14:48:21.171 -> C,ts_engage_write,41522363
14:48:21.264 -> [FACE] heartbeat
14:48:21.264 -> C,mood_str,50
14:48:21.264 -> C,ts_engage_write,41610449
14:48:21.264 -> C,engage_lvl,899
14:48:21.264 -> C,modifier,0
14:48:21.264 -> C,engage_floor,0
14:48:21.264 -> C,loop_us,257
14:48:21.357 -> C,ts_engage_write,41698364
14:48:21.450 -> C,ts_engage_write,41786368
14:48:21.543 -> C,ts_engage_write,41874366
14:48:21.589 -> C,ts_engage_write,41962364
14:48:21.680 -> C,ts_engage_write,42050364
14:48:21.773 -> C,ts_engage_write,42138363
14:48:21.773 -> C,engage_lvl,897
14:48:21.865 -> C,ts_engage_write,42226365
14:48:21.958 -> C,ts_engage_write,42314363
14:48:22.051 -> C,ts_engage_write,42402364
14:48:22.144 -> C,ts_engage_write,42490364
14:48:22.237 -> C,ts_engage_write,42578364
14:48:22.329 -> [FACE] heartbeat
14:48:22.329 -> C,mood_str,50
14:48:22.329 -> C,ts_engage_write,42666462
14:48:22.329 -> C,engage_lvl,896
14:48:22.329 -> C,modifier,0
14:48:22.329 -> C,engage_floor,0
14:48:22.329 -> C,loop_us,269
14:48:22.422 -> C,ts_engage_write,42754363
14:48:22.468 -> C,ts_engage_write,42842365
14:48:22.562 -> C,ts_engage_write,42930363
14:48:22.656 -> C,ts_engage_write,43018364
14:48:22.748 -> C,ts_engage_write,43106363
14:48:22.842 -> C,ts_engage_write,43194363
14:48:22.842 -> C,engage_lvl,895
14:48:22.933 -> C,ts_engage_write,43282364
14:48:23.027 -> C,ts_engage_write,43370363
14:48:23.121 -> C,ts_engage_write,43458363
14:48:23.214 -> C,ts_engage_write,43546364
14:48:23.260 -> C,ts_engage_write,43634363
14:48:23.353 -> [FACE] heartbeat
14:48:23.353 -> C,mood_str,50
14:48:23.353 -> C,ts_engage_write,43722463
14:48:23.353 -> C,engage_lvl,893
14:48:23.353 -> C,modifier,0
14:48:23.353 -> C,engage_floor,0
14:48:23.353 -> C,loop_us,254
14:48:23.445 -> C,ts_engage_write,43810363
14:48:23.538 -> C,ts_engage_write,43898365
14:48:23.630 -> C,ts_engage_write,43986363
14:48:23.722 -> C,ts_engage_write,44074364
14:48:23.814 -> C,ts_engage_write,44162363
14:48:23.907 -> C,ts_engage_write,44250363
14:48:23.907 -> C,engage_lvl,892
14:48:24.000 -> C,ts_engage_write,44338364
14:48:24.095 -> C,ts_engage_write,44426363
14:48:24.142 -> C,ts_engage_write,44514363
14:48:24.235 -> C,ts_engage_write,44602364
14:48:24.328 -> C,ts_engage_write,44690363
14:48:24.423 -> [FACE] heartbeat
14:48:24.423 -> C,mood_str,50
14:48:24.423 -> C,ts_engage_write,44778464
14:48:24.423 -> C,engage_lvl,890
14:48:24.423 -> C,modifier,0
14:48:24.423 -> C,engage_floor,0
14:48:24.423 -> C,loop_us,259
14:48:24.515 -> C,ts_engage_write,44866366
14:48:24.607 -> C,ts_engage_write,44954363
14:48:24.700 -> C,ts_engage_write,45042364
14:48:24.793 -> C,ts_engage_write,45130364
14:48:24.886 -> C,ts_engage_write,45218364
14:48:24.933 -> C,ts_engage_write,45306363
14:48:24.933 -> C,engage_lvl,889
14:48:25.025 -> C,ts_engage_write,45394365
14:48:25.118 -> C,ts_engage_write,45482363
14:48:25.210 -> C,ts_engage_write,45570365
14:48:25.304 -> C,ts_engage_write,45658364
14:48:25.396 -> C,ts_engage_write,45746361
14:48:25.489 -> [FACE] heartbeat
14:48:25.489 -> C,mood_str,50
14:48:25.489 -> C,ts_engage_write,45834476
14:48:25.489 -> C,engage_lvl,888
14:48:25.489 -> C,modifier,0
14:48:25.489 -> C,engage_floor,0
14:48:25.489 -> C,loop_us,271
14:48:25.582 -> C,ts_engage_write,45922366
14:48:25.674 -> C,ts_engage_write,46010363
14:48:25.767 -> C,ts_engage_write,46098363
14:48:25.813 -> C,ts_engage_write,46186364
14:48:25.907 -> C,ts_engage_write,46274363
14:48:25.999 -> C,ts_engage_write,46362363
14:48:25.999 -> C,engage_lvl,886
14:48:26.092 -> C,ts_engage_write,46450364
14:48:26.185 -> C,ts_engage_write,46538363
14:48:26.279 -> C,ts_engage_write,46626363
14:48:26.372 -> C,ts_engage_write,46714364
14:48:26.465 -> C,ts_engage_write,46802361
14:48:26.560 -> [FACE] heartbeat
14:48:26.560 -> C,mood_str,50
14:48:26.560 -> C,ts_engage_write,46890473
14:48:26.560 -> C,engage_lvl,885
14:48:26.560 -> C,modifier,0
14:48:26.560 -> C,engage_floor,0
14:48:26.560 -> C,loop_us,281
14:48:26.607 -> C,ts_engage_write,46978363
14:48:26.699 -> C,ts_engage_write,47066363
14:48:26.794 -> C,ts_engage_write,47154363
14:48:26.888 -> C,ts_engage_write,47242364
14:48:26.980 -> C,ts_engage_write,47330363
14:48:27.074 -> C,ts_engage_write,47418363
14:48:27.074 -> C,engage_lvl,883
14:48:27.168 -> C,ts_engage_write,47506364
14:48:27.260 -> C,ts_engage_write,47594363
14:48:27.307 -> C,ts_engage_write,47682363
14:48:27.399 -> C,ts_engage_write,47770363
14:48:27.493 -> C,ts_engage_write,47858364
14:48:27.587 -> [FACE] heartbeat
14:48:27.587 -> C,mood_str,50
14:48:27.587 -> C,ts_engage_write,47946463
14:48:27.587 -> C,engage_lvl,882
14:48:27.587 -> C,modifier,0
14:48:27.587 -> C,engage_floor,0
14:48:27.587 -> C,loop_us,259
14:48:27.679 -> C,ts_engage_write,48034365
14:48:27.772 -> C,ts_engage_write,48122363
14:48:27.865 -> C,ts_engage_write,48210363
14:48:27.960 -> C,ts_engage_write,48298364
14:48:28.054 -> C,ts_engage_write,48386363
14:48:28.100 -> C,ts_engage_write,48474363
14:48:28.100 -> C,engage_lvl,881
14:48:28.194 -> C,ts_engage_write,48562364
14:48:28.286 -> C,ts_engage_write,48650363
14:48:28.378 -> C,ts_engage_write,48738361
14:48:28.471 -> C,ts_engage_write,48826366
14:48:28.563 -> C,ts_engage_write,48914363
14:48:28.656 -> [FACE] heartbeat
14:48:28.656 -> C,mood_str,50
14:48:28.656 -> C,ts_engage_write,49002462
14:48:28.656 -> C,engage_lvl,879
14:48:28.656 -> C,modifier,0
14:48:28.656 -> C,engage_floor,0
14:48:28.656 -> C,loop_us,258
14:48:28.748 -> C,ts_engage_write,49090365
14:48:28.841 -> C,ts_engage_write,49178363
14:48:28.934 -> C,ts_engage_write,49266363
14:48:28.981 -> C,ts_engage_write,49354364
14:48:29.073 -> C,ts_engage_write,49442363
14:48:29.166 -> C,ts_engage_write,49530363
14:48:29.166 -> C,engage_lvl,878
14:48:29.259 -> C,ts_engage_write,49618364
14:48:29.354 -> C,ts_engage_write,49706363
14:48:29.446 -> C,ts_engage_write,49794361
14:48:29.539 -> C,ts_engage_write,49882373
14:48:29.631 -> C,ts_engage_write,49970364
14:48:29.724 -> [FACE] heartbeat
14:48:29.724 -> C,mood_str,50
14:48:29.724 -> C,ts_engage_write,50058461
14:48:29.724 -> C,engage_lvl,876
14:48:29.724 -> C,modifier,0
14:48:29.724 -> C,engage_floor,0
14:48:29.724 -> C,loop_us,256
14:48:29.772 -> C,ts_engage_write,50146364
14:48:29.866 -> C,ts_engage_write,50234363
14:48:29.960 -> C,ts_engage_write,50322363
14:48:30.054 -> C,ts_engage_write,50410364
14:48:30.146 -> C,ts_engage_write,50498363
14:48:30.240 -> C,ts_engage_write,50586363
14:48:30.240 -> C,engage_lvl,875
14:48:30.334 -> C,ts_engage_write,50674364
14:48:30.426 -> C,ts_engage_write,50762361
14:48:30.519 -> C,ts_engage_write,50850364
14:48:30.565 -> C,ts_engage_write,50938364
14:48:30.658 -> C,ts_engage_write,51026363
14:48:30.750 -> [FACE] heartbeat
14:48:30.750 -> C,mood_str,50
14:48:30.750 -> C,ts_engage_write,51114463
14:48:30.750 -> C,engage_lvl,874
14:48:30.750 -> C,modifier,0
14:48:30.750 -> C,engage_floor,0
14:48:30.750 -> C,loop_us,273
14:48:30.845 -> C,ts_engage_write,51202363
14:48:30.939 -> C,ts_engage_write,51290363
14:48:31.031 -> C,ts_engage_write,51378363
14:48:31.124 -> C,ts_engage_write,51466364
14:48:31.218 -> C,ts_engage_write,51554363
14:48:31.310 -> C,ts_engage_write,51642363
14:48:31.310 -> C,engage_lvl,872
14:48:31.357 -> C,ts_engage_write,51730363
14:48:31.450 -> C,ts_engage_write,51818365
14:48:31.543 -> C,ts_engage_write,51906363
14:48:31.636 -> C,ts_engage_write,51994364
14:48:31.729 -> C,ts_engage_write,52082363
14:48:31.822 -> [FACE] heartbeat
14:48:31.822 -> C,mood_str,50
14:48:31.822 -> C,ts_engage_write,52170472
14:48:31.822 -> C,engage_lvl,871
14:48:31.822 -> C,modifier,0
14:48:31.822 -> C,engage_floor,0
14:48:31.822 -> C,loop_us,269
14:48:31.914 -> C,ts_engage_write,52258363
14:48:32.006 -> C,ts_engage_write,52346363
14:48:32.099 -> C,ts_engage_write,52434363
14:48:32.192 -> C,ts_engage_write,52522364
14:48:32.239 -> C,ts_engage_write,52610363
14:48:32.333 -> C,ts_engage_write,52698363
14:48:32.333 -> C,engage_lvl,869
14:48:32.426 -> C,ts_engage_write,52786363
14:48:32.519 -> C,ts_engage_write,52874365
14:48:32.612 -> C,ts_engage_write,52962363
14:48:32.705 -> C,ts_engage_write,53050364
14:48:32.797 -> C,ts_engage_write,53138363
14:48:32.891 -> [FACE] heartbeat
14:48:32.891 -> C,mood_str,50
14:48:32.891 -> C,ts_engage_write,53226450
14:48:32.891 -> C,engage_lvl,868
14:48:32.891 -> C,modifier,0
14:48:32.891 -> C,engage_floor,0
14:48:32.891 -> C,loop_us,253
14:48:32.938 -> C,ts_engage_write,53314364
14:48:33.031 -> C,ts_engage_write,53402363
14:48:33.123 -> C,ts_engage_write,53490363
14:48:33.217 -> C,ts_engage_write,53578364
14:48:33.310 -> C,ts_engage_write,53666363
14:48:33.403 -> C,ts_engage_write,53754368
14:48:33.403 -> C,engage_lvl,866
14:48:33.496 -> C,ts_engage_write,53842366
14:48:33.589 -> C,ts_engage_write,53930363
14:48:33.681 -> C,ts_engage_write,54018363
14:48:33.773 -> C,ts_engage_write,54106364
14:48:33.819 -> C,ts_engage_write,54194364
14:48:33.914 -> [FACE] heartbeat
14:48:33.914 -> C,mood_str,50
14:48:33.914 -> C,ts_engage_write,54282469
14:48:33.914 -> C,engage_lvl,865
14:48:33.914 -> C,modifier,0
14:48:33.914 -> C,engage_floor,0
14:48:33.914 -> C,loop_us,265
14:48:34.007 -> C,ts_engage_write,54370363
14:48:34.100 -> C,ts_engage_write,54458363
14:48:34.195 -> C,ts_engage_write,54546363
14:48:34.287 -> C,ts_engage_write,54634364
14:48:34.379 -> C,ts_engage_write,54722363
14:48:34.472 -> C,ts_engage_write,54810361
14:48:34.472 -> C,engage_lvl,864
14:48:34.565 -> C,ts_engage_write,54898366
14:48:34.613 -> C,ts_engage_write,54986363
14:48:34.706 -> C,ts_engage_write,55074364
14:48:34.799 -> C,ts_engage_write,55162364
14:48:34.895 -> C,ts_engage_write,55250364
14:48:34.988 -> [FACE] heartbeat
14:48:34.988 -> C,mood_str,50
14:48:34.988 -> C,ts_engage_write,55338448
14:48:34.988 -> C,engage_lvl,862
14:48:34.988 -> C,modifier,0
14:48:34.988 -> C,engage_floor,0
14:48:34.988 -> C,loop_us,260
14:48:35.080 -> C,ts_engage_write,55426365
14:48:35.175 -> C,ts_engage_write,55514363
14:48:35.269 -> C,ts_engage_write,55602364
14:48:35.315 -> C,ts_engage_write,55690364
14:48:35.409 -> C,ts_engage_write,55778361
14:48:35.501 -> C,ts_engage_write,55866365
14:48:35.501 -> C,engage_lvl,861
14:48:35.594 -> C,ts_engage_write,55954364
14:48:35.687 -> C,ts_engage_write,56042363
14:48:35.779 -> C,ts_engage_write,56130363
14:48:35.873 -> C,ts_engage_write,56218364
14:48:35.965 -> C,ts_engage_write,56306363
14:48:36.060 -> [FACE] heartbeat
14:48:36.060 -> C,mood_str,50
14:48:36.060 -> C,ts_engage_write,56394461
14:48:36.060 -> C,engage_lvl,859
14:48:36.060 -> C,modifier,0
14:48:36.060 -> C,engage_floor,0
14:48:36.060 -> C,loop_us,257
14:48:36.107 -> C,ts_engage_write,56482365
14:48:36.200 -> C,ts_engage_write,56570363
14:48:36.293 -> C,ts_engage_write,56658363
14:48:36.385 -> C,ts_engage_write,56746363
14:48:36.478 -> C,ts_engage_write,56834364
14:48:36.573 -> C,ts_engage_write,56922363
14:48:36.573 -> C,engage_lvl,858
14:48:36.666 -> C,ts_engage_write,57010364
14:48:36.760 -> C,ts_engage_write,57098363
14:48:36.854 -> C,ts_engage_write,57186363
14:48:36.900 -> C,ts_engage_write,57274364
14:48:36.993 -> C,ts_engage_write,57362363
14:48:37.087 -> [FACE] heartbeat
14:48:37.087 -> C,mood_str,50
14:48:37.087 -> C,ts_engage_write,57450471
14:48:37.087 -> C,engage_lvl,857
14:48:37.087 -> C,modifier,0
14:48:37.087 -> C,engage_floor,0
14:48:37.087 -> C,loop_us,269
14:48:37.180 -> C,ts_engage_write,57538363
14:48:37.274 -> C,ts_engage_write,57626363
14:48:37.368 -> C,ts_engage_write,57714370
14:48:37.461 -> C,ts_engage_write,57802363
14:48:37.555 -> C,ts_engage_write,57890365
14:48:37.602 -> C,ts_engage_write,57978363
14:48:37.602 -> C,engage_lvl,855
14:48:37.695 -> C,ts_engage_write,58066365
14:48:37.786 -> C,ts_engage_write,58154363
14:48:37.880 -> C,ts_engage_write,58242364
14:48:37.976 -> C,ts_engage_write,58330364
14:48:38.069 -> C,ts_engage_write,58418364
14:48:38.162 -> [FACE] heartbeat
14:48:38.162 -> C,mood_str,50
14:48:38.162 -> C,ts_engage_write,58506461
14:48:38.162 -> C,engage_lvl,854
14:48:38.162 -> C,modifier,0
14:48:38.162 -> C,engage_floor,0
14:48:38.162 -> C,loop_us,257
14:48:38.255 -> C,ts_engage_write,58594365
14:48:38.348 -> C,ts_engage_write,58682363
14:48:38.395 -> C,ts_engage_write,58770362
14:48:38.488 -> C,ts_engage_write,58858366
14:48:38.580 -> C,ts_engage_write,58946363
14:48:38.674 -> C,ts_engage_write,59034363
14:48:38.674 -> C,engage_lvl,852
14:48:38.767 -> C,ts_engage_write,59122364
14:48:38.861 -> C,ts_engage_write,59210363
14:48:38.954 -> C,ts_engage_write,59298363
14:48:39.046 -> C,ts_engage_write,59386364
14:48:39.139 -> C,ts_engage_write,59474363
14:48:39.187 -> [FACE] heartbeat
14:48:39.187 -> C,mood_str,50
14:48:39.187 -> C,ts_engage_write,59562463
14:48:39.187 -> C,engage_lvl,851
14:48:39.187 -> C,modifier,0
14:48:39.187 -> C,engage_floor,0
14:48:39.187 -> C,loop_us,256
14:48:39.281 -> C,ts_engage_write,59650365
14:48:39.374 -> C,ts_engage_write,59738361
14:48:39.468 -> C,ts_engage_write,59826365
14:48:39.560 -> C,ts_engage_write,59914364
14:48:39.654 -> C,dom_touch,0
14:48:39.654 -> C,dom_sec,0
14:48:39.654 -> C,rec_count,0
14:48:39.654 -> C,ts_engage_write,60002483
14:48:39.746 -> C,ts_engage_write,60090370
14:48:39.746 -> C,engage_lvl,850
14:48:39.840 -> C,ts_engage_write,60178363
14:48:39.933 -> C,ts_engage_write,60266363
14:48:39.979 -> C,ts_engage_write,60354365
14:48:40.072 -> C,ts_engage_write,60442363
14:48:40.164 -> C,ts_engage_write,60530363
14:48:40.258 -> [FACE] heartbeat
14:48:40.258 -> C,mood_str,50
14:48:40.258 -> C,ts_engage_write,60618470
14:48:40.258 -> C,engage_lvl,848
14:48:40.258 -> C,modifier,0
14:48:40.258 -> C,engage_floor,0
14:48:40.258 -> C,loop_us,271
14:48:40.351 -> C,ts_engage_write,60706363
14:48:40.445 -> C,ts_engage_write,60794361
14:48:40.538 -> C,ts_engage_write,60882366
14:48:40.631 -> C,ts_engage_write,60970363
14:48:40.724 -> C,ts_engage_write,61058363
14:48:40.771 -> C,ts_engage_write,61146364
14:48:40.771 -> C,engage_lvl,847
14:48:40.864 -> C,ts_engage_write,61234363
14:48:40.957 -> C,ts_engage_write,61322363
14:48:41.049 -> C,ts_engage_write,61410364
14:48:41.141 -> C,ts_engage_write,61498363
14:48:41.235 -> C,ts_engage_write,61586369
14:48:41.328 -> [FACE] heartbeat
14:48:41.328 -> C,mood_str,50
14:48:41.328 -> C,ts_engage_write,61674463
14:48:41.328 -> C,engage_lvl,845
14:48:41.328 -> C,modifier,0
14:48:41.328 -> C,engage_floor,0
14:48:41.328 -> C,loop_us,259
14:48:41.420 -> C,ts_engage_write,61762362
14:48:41.514 -> C,ts_engage_write,61850365
14:48:41.561 -> C,ts_engage_write,61938365
14:48:41.655 -> C,ts_engage_write,62026363
14:48:41.748 -> C,ts_engage_write,62114363
14:48:41.841 -> C,ts_engage_write,62202364
14:48:41.841 -> C,engage_lvl,844
14:48:41.935 -> C,ts_engage_write,62290363
14:48:42.028 -> C,ts_engage_write,62378363
14:48:42.121 -> C,ts_engage_write,62466364
14:48:42.213 -> C,ts_engage_write,62554363
14:48:42.306 -> C,ts_engage_write,62642363
14:48:42.353 -> [FACE] heartbeat
14:48:42.400 -> C,mood_str,50
14:48:42.400 -> C,ts_engage_write,62730462
14:48:42.400 -> C,engage_lvl,843
14:48:42.400 -> C,modifier,0
14:48:42.400 -> C,engage_floor,0
14:48:42.400 -> C,loop_us,257
14:48:42.448 -> C,ts_engage_write,62818364
14:48:42.542 -> C,ts_engage_write,62906363
14:48:42.635 -> C,ts_engage_write,62994364
14:48:42.728 -> C,ts_engage_write,63082363
14:48:42.822 -> C,ts_engage_write,63170363
14:48:42.915 -> C,ts_engage_write,63258364
14:48:42.915 -> C,engage_lvl,841
14:48:43.007 -> C,ts_engage_write,63346363
14:48:43.100 -> C,ts_engage_write,63434363
14:48:43.148 -> C,ts_engage_write,63522364
14:48:43.241 -> C,ts_engage_write,63610363
14:48:43.334 -> C,ts_engage_write,63698363
14:48:43.428 -> [FACE] heartbeat
14:48:43.428 -> C,mood_str,50
14:48:43.428 -> C,ts_engage_write,63786468
14:48:43.428 -> C,engage_lvl,840
14:48:43.428 -> C,modifier,0
14:48:43.428 -> C,engage_floor,0
14:48:43.428 -> C,loop_us,266
14:48:43.521 -> C,ts_engage_write,63877728
14:48:43.612 -> C,ts_engage_write,63965387
14:48:43.705 -> C,ts_engage_write,64053369
14:48:43.798 -> C,ts_engage_write,64141368
14:48:43.798 -> [TOUCH] transition raw=1 pressed=1 ms=64141
14:48:43.798 -> [TOUCH] START raw=1 ms=64141
14:48:43.892 -> C,ts_engage_write,64229374
14:48:43.984 -> C,ts_engage_write,64317370
14:48:43.984 -> C,engage_lvl,838
14:48:43.984 -> [TOUCH] transition raw=0 pressed=0 ms=64317
14:48:43.984 -> [TOUCH] RELEASE raw=0 duration=176 ms=64317
14:48:43.984 -> [TOUCH] TAP
14:48:43.984 -> [EMOTION] IDLE -> HAPPY
14:48:43.984 -> EVT:{"type":"timeline","text":"User tap interaction","tag":"touch"}
14:48:44.078 -> C,ts_engage_write,64409439
14:48:44.125 -> C,ts_engage_write,64498383
14:48:44.219 -> C,ts_engage_write,64587395
14:48:44.313 -> C,ts_engage_write,64676382
14:48:44.406 -> C,ts_engage_write,64764388
14:48:44.498 -> [FACE] heartbeat
14:48:44.498 -> C,mood_str,50
14:48:44.498 -> C,ts_engage_write,64853502
14:48:44.498 -> C,engage_lvl,837
14:48:44.498 -> C,modifier,0
14:48:44.498 -> C,engage_floor,0
14:48:44.498 -> C,loop_us,300
14:48:44.591 -> C,ts_engage_write,64942390
14:48:44.684 -> C,ts_engage_write,65031383
14:48:44.776 -> C,ts_engage_write,65120393
14:48:44.872 -> C,ts_engage_write,65209384
14:48:44.964 -> C,ts_engage_write,65297391
14:48:45.010 -> C,ts_engage_write,65386382
14:48:45.010 -> C,engage_lvl,835
14:48:45.104 -> C,ts_engage_write,65475391
14:48:45.197 -> C,ts_engage_write,65564383
14:48:45.197 -> [TOUCH] transition raw=1 pressed=1 ms=65564
14:48:45.197 -> [TOUCH] START raw=1 ms=65564
14:48:45.290 -> C,ts_engage_write,65653397
14:48:45.384 -> C,ts_engage_write,65742381
14:48:45.476 -> C,ts_engage_write,65831394
14:48:45.476 -> [TOUCH] transition raw=0 pressed=0 ms=65831
14:48:45.476 -> [TOUCH] RELEASE raw=0 duration=267 ms=65831
14:48:45.476 -> [TOUCH] TAP
14:48:45.476 -> [EMOTION] HAPPY -> LOVE
14:48:45.476 -> EVT:{"type":"timeline","text":"User tap interaction","tag":"touch"}
14:48:45.569 -> [FACE] heartbeat
14:48:45.569 -> C,mood_str,50
14:48:45.569 -> C,ts_engage_write,65923601
14:48:45.569 -> C,engage_lvl,834
14:48:45.569 -> C,modifier,5
14:48:45.569 -> C,engage_floor,0
14:48:45.569 -> C,loop_us,406
14:48:45.662 -> C,ts_engage_write,66012391
14:48:45.757 -> C,ts_engage_write,66100395
14:48:45.849 -> C,ts_engage_write,66188393
14:48:45.942 -> C,ts_engage_write,66276397
14:48:45.989 -> C,ts_engage_write,66364389
14:48:46.082 -> C,ts_engage_write,66452400
14:48:46.082 -> C,engage_lvl,833
14:48:46.175 -> C,ts_engage_write,66540392
14:48:46.268 -> C,ts_engage_write,66628393
14:48:46.361 -> C,ts_engage_write,66716393
14:48:46.361 -> [TOUCH] transition raw=1 pressed=1 ms=66716
14:48:46.361 -> [TOUCH] START raw=1 ms=66716
14:48:46.455 -> C,ts_engage_write,66804394
14:48:46.549 -> C,ts_engage_write,66892390
14:48:46.549 -> [TOUCH] transition raw=0 pressed=0 ms=66892
14:48:46.549 -> [TOUCH] RELEASE raw=0 duration=176 ms=66892
14:48:46.549 -> [TOUCH] TAP
14:48:46.549 -> EVT:{"type":"timeline","text":"User tap interaction","tag":"touch"}
14:48:46.641 -> [FACE] heartbeat
14:48:46.641 -> C,mood_str,50
14:48:46.641 -> C,ts_engage_write,66984598
14:48:46.641 -> C,engage_lvl,831
14:48:46.641 -> C,modifier,15
14:48:46.641 -> C,engage_floor,0
14:48:46.641 -> C,loop_us,403
14:48:46.733 -> C,ts_engage_write,67073385
14:48:46.826 -> C,ts_engage_write,67161400
14:48:46.918 -> C,ts_engage_write,67249388
14:48:46.964 -> C,ts_engage_write,67337396
14:48:47.055 -> C,ts_engage_write,67425386
14:48:47.149 -> C,ts_engage_write,67513397
14:48:47.149 -> C,engage_lvl,830
14:48:47.242 -> C,ts_engage_write,67601385
14:48:47.336 -> C,ts_engage_write,67689397
14:48:47.428 -> C,ts_engage_write,67777384
14:48:47.521 -> C,ts_engage_write,67865397
14:48:47.521 -> [TOUCH] transition raw=1 pressed=1 ms=67865
14:48:47.521 -> [TOUCH] START raw=1 ms=67865
14:48:47.616 -> C,ts_engage_write,67953394
14:48:47.709 -> [FACE] heartbeat
14:48:47.709 -> C,mood_str,50
14:48:47.709 -> C,ts_engage_write,68041532
14:48:47.709 -> C,engage_lvl,828
14:48:47.709 -> C,modifier,15
14:48:47.709 -> C,engage_floor,0
14:48:47.709 -> C,loop_us,336
14:48:47.755 -> C,ts_engage_write,68129387
14:48:47.755 -> [TOUCH] transition raw=0 pressed=0 ms=68129
14:48:47.755 -> [TOUCH] RELEASE raw=0 duration=264 ms=68129
14:48:47.755 -> [TOUCH] TAP
14:48:47.802 -> EVT:{"type":"timeline","text":"User tap interaction","tag":"touch"}
14:48:47.848 -> C,ts_engage_write,68221437
14:48:47.942 -> C,ts_engage_write,68309388
14:48:48.035 -> C,ts_engage_write,68397399
14:48:48.127 -> C,ts_engage_write,68485396
14:48:48.220 -> C,ts_engage_write,68573398
14:48:48.220 -> C,engage_lvl,827
14:48:48.313 -> C,ts_engage_write,68661396
14:48:48.407 -> C,ts_engage_write,68749395
14:48:48.500 -> C,ts_engage_write,68837396
14:48:48.548 -> C,ts_engage_write,68925397
14:48:48.641 -> C,ts_engage_write,69013393
14:48:48.735 -> [FACE] heartbeat
14:48:48.735 -> C,mood_str,50
14:48:48.735 -> C,ts_engage_write,69101533
14:48:48.735 -> C,engage_lvl,826
14:48:48.735 -> C,modifier,15
14:48:48.735 -> C,engage_floor,0
14:48:48.735 -> C,loop_us,340
14:48:48.827 -> C,ts_engage_write,69189396
14:48:48.920 -> C,ts_engage_write,69277398
14:48:49.015 -> C,ts_engage_write,69365396
14:48:49.108 -> C,ts_engage_write,69453398
14:48:49.202 -> C,ts_engage_write,69541397
14:48:49.295 -> C,ts_engage_write,69629397
14:48:49.295 -> C,engage_lvl,824
14:48:49.341 -> C,ts_engage_write,69717395
14:48:49.433 -> C,ts_engage_write,69805394
14:48:49.526 -> C,ts_engage_write,69893397
14:48:49.619 -> C,ts_engage_write,69981398
14:48:49.714 -> C,ts_engage_write,70069396
14:48:49.806 -> [FACE] heartbeat
14:48:49.806 -> C,mood_str,50
14:48:49.806 -> C,ts_engage_write,70157531
14:48:49.806 -> C,engage_lvl,823
14:48:49.806 -> C,modifier,15
14:48:49.806 -> C,engage_floor,0
14:48:49.806 -> C,loop_us,348
14:48:49.897 -> C,ts_engage_write,70245396
14:48:49.990 -> C,ts_engage_write,70333397
14:48:50.084 -> C,ts_engage_write,70421393
14:48:50.176 -> C,ts_engage_write,70509398
14:48:50.223 -> C,ts_engage_write,70597396
14:48:50.315 -> C,ts_engage_write,70685398
14:48:50.315 -> C,engage_lvl,821
14:48:50.410 -> C,ts_engage_write,70773393
14:48:50.504 -> C,ts_engage_write,70861399
14:48:50.596 -> C,ts_engage_write,70949395
14:48:50.689 -> C,ts_engage_write,71037397
14:48:50.782 -> C,ts_engage_write,71125393
14:48:50.876 -> [FACE] heartbeat
14:48:50.876 -> C,mood_str,50
14:48:50.876 -> C,ts_engage_write,71213520
14:48:50.876 -> C,engage_lvl,820
14:48:50.876 -> C,modifier,15
14:48:50.876 -> C,engage_floor,0
14:48:50.876 -> C,loop_us,338
14:48:50.968 -> C,ts_engage_write,71301396
14:48:51.013 -> C,ts_engage_write,71389398
14:48:51.106 -> C,ts_engage_write,71477396
14:48:51.200 -> C,ts_engage_write,71565398
14:48:51.293 -> C,ts_engage_write,71653397
14:48:51.385 -> C,ts_engage_write,71741394
14:48:51.385 -> C,engage_lvl,819
14:48:51.478 -> C,ts_engage_write,71829396
14:48:51.571 -> C,ts_engage_write,71917397
14:48:51.664 -> C,ts_engage_write,72005396
14:48:51.757 -> C,ts_engage_write,72093398
14:48:51.805 -> C,ts_engage_write,72181396
14:48:51.899 -> [FACE] heartbeat
14:48:51.899 -> C,mood_str,50
14:48:51.899 -> C,ts_engage_write,72269529
14:48:51.899 -> C,engage_lvl,817
14:48:51.899 -> C,modifier,15
14:48:51.899 -> C,engage_floor,0
14:48:51.899 -> C,loop_us,343
14:48:51.991 -> C,ts_engage_write,72357396
14:48:52.084 -> C,ts_engage_write,72445397
14:48:52.175 -> C,ts_engage_write,72533393
14:48:52.267 -> C,ts_engage_write,72621398
14:48:52.360 -> C,ts_engage_write,72709396
14:48:52.455 -> C,ts_engage_write,72797395
14:48:52.455 -> C,engage_lvl,816
14:48:52.548 -> C,ts_engage_write,72885397
14:48:52.640 -> C,ts_engage_write,72973398
14:48:52.688 -> C,ts_engage_write,73061395
14:48:52.781 -> [EMOTION] LOVE -> IDLE (timeout)
14:48:52.781 -> C,ts_engage_write,73149495
14:48:52.875 -> C,ts_engage_write,73237383
14:48:52.969 -> [FACE] heartbeat
14:48:52.969 -> C,mood_str,50
14:48:52.969 -> C,ts_engage_write,73325499
14:48:52.969 -> C,engage_lvl,814
14:48:52.969 -> C,modifier,15
14:48:52.969 -> C,engage_floor,0
14:48:52.969 -> C,loop_us,308
14:48:53.061 -> C,ts_engage_write,73413377
14:48:53.154 -> C,ts_engage_write,73501380
14:48:53.247 -> C,ts_engage_write,73589376
14:48:53.339 -> C,ts_engage_write,73677368
14:48:53.432 -> C,ts_engage_write,73765366
14:48:53.479 -> C,ts_engage_write,73853369
14:48:53.479 -> C,engage_lvl,813
14:48:53.574 -> C,ts_engage_write,73941367
14:48:53.666 -> C,ts_engage_write,74029367
14:48:53.761 -> C,ts_engage_write,74117367
14:48:53.853 -> C,ts_engage_write,74205366
14:48:53.946 -> C,ts_engage_write,74293368
14:48:54.041 -> [FACE] heartbeat
14:48:54.041 -> C,mood_str,50
14:48:54.041 -> C,ts_engage_write,74381468
14:48:54.041 -> C,engage_lvl,812
14:48:54.041 -> C,modifier,15
14:48:54.041 -> C,engage_floor,0
14:48:54.041 -> C,loop_us,278
14:48:54.134 -> C,ts_engage_write,74469366
14:48:54.180 -> C,ts_engage_write,74557367
14:48:54.272 -> C,ts_engage_write,74645366
14:48:54.365 -> C,ts_engage_write,74733365
14:48:54.458 -> C,ts_engage_write,74821369
14:48:54.551 -> C,ts_engage_write,74909366
14:48:54.551 -> C,engage_lvl,810
14:48:54.645 -> C,ts_engage_write,74997367
14:48:54.739 -> C,ts_engage_write,75085367
14:48:54.832 -> C,ts_engage_write,75173367
14:48:54.924 -> C,ts_engage_write,75261366
14:48:55.017 -> C,ts_engage_write,75349368
14:48:55.063 -> [FACE] heartbeat
14:48:55.063 -> C,mood_str,50
14:48:55.063 -> C,ts_engage_write,75437470
14:48:55.063 -> C,engage_lvl,809
14:48:55.063 -> C,modifier,15
14:48:55.063 -> C,engage_floor,0
14:48:55.063 -> C,loop_us,269
14:48:55.156 -> C,ts_engage_write,75525360
14:48:55.251 -> C,ts_engage_write,75613367
14:48:55.345 -> C,ts_engage_write,75701367
14:48:55.439 -> C,ts_engage_write,75789366
14:48:55.533 -> C,ts_engage_write,75877368
14:48:55.626 -> C,ts_engage_write,75965366
14:48:55.626 -> C,engage_lvl,807
14:48:55.719 -> C,ts_engage_write,76053367
14:48:55.765 -> C,ts_engage_write,76141367
14:48:55.859 -> C,ts_engage_write,76229367
14:48:55.951 -> C,ts_engage_write,76317366
14:48:56.045 -> C,ts_engage_write,76405368
14:48:56.138 -> [FACE] heartbeat
14:48:56.138 -> C,mood_str,50
14:48:56.138 -> C,ts_engage_write,76493466
14:48:56.138 -> C,engage_lvl,806
14:48:56.138 -> C,modifier,15
14:48:56.138 -> C,engage_floor,0
14:48:56.138 -> C,loop_us,268
14:48:56.232 -> C,ts_engage_write,76581366
14:48:56.325 -> C,ts_engage_write,76669367
14:48:56.418 -> C,ts_engage_write,76757365
14:48:56.512 -> C,ts_engage_write,76845368
14:48:56.559 -> C,ts_engage_write,76933368
14:48:56.653 -> C,ts_engage_write,77021366
14:48:56.653 -> C,engage_lvl,804
14:48:56.746 -> C,ts_engage_write,77109367
14:48:56.838 -> C,ts_engage_write,77197367
14:48:56.931 -> C,ts_engage_write,77285367
14:48:57.024 -> C,ts_engage_write,77373366
14:48:57.118 -> C,ts_engage_write,77461375
14:48:57.212 -> [FACE] heartbeat
14:48:57.212 -> C,mood_str,50
14:48:57.212 -> C,ts_engage_write,77549467
14:48:57.212 -> C,engage_lvl,803
14:48:57.212 -> C,modifier,15
14:48:57.212 -> C,engage_floor,0
14:48:57.212 -> C,loop_us,265
14:48:57.261 -> C,ts_engage_write,77637366
14:48:57.353 -> C,ts_engage_write,77725366
14:48:57.446 -> C,ts_engage_write,77813368
14:48:57.539 -> C,ts_engage_write,77901366
14:48:57.632 -> C,ts_engage_write,77989368
14:48:57.726 -> C,ts_engage_write,78077366
14:48:57.726 -> C,engage_lvl,802
14:48:57.819 -> C,ts_engage_write,78165368
14:48:57.912 -> C,ts_engage_write,78253367
14:48:58.004 -> C,ts_engage_write,78341367
14:48:58.051 -> C,ts_engage_write,78429366
14:48:58.145 -> C,ts_engage_write,78517368
14:48:58.238 -> [FACE] heartbeat
14:48:58.238 -> C,mood_str,50
14:48:58.238 -> C,ts_engage_write,78605467
14:48:58.238 -> C,engage_lvl,800
14:48:58.238 -> C,modifier,15
14:48:58.238 -> C,engage_floor,0
14:48:58.238 -> C,loop_us,280
14:48:58.331 -> C,ts_engage_write,78693365
14:48:58.425 -> C,ts_engage_write,78781367
14:48:58.518 -> C,ts_engage_write,78869366
14:48:58.611 -> C,ts_engage_write,78957366
14:48:58.705 -> C,ts_engage_write,79045368
14:48:58.798 -> C,ts_engage_write,79133366
14:48:58.798 -> C,engage_lvl,799
14:48:58.845 -> C,ts_engage_write,79221367
14:48:58.938 -> C,ts_engage_write,79309367
14:48:59.029 -> C,ts_engage_write,79397367
14:48:59.122 -> C,ts_engage_write,79485366
14:48:59.214 -> C,ts_engage_write,79573368
14:48:59.306 -> [FACE] heartbeat
14:48:59.306 -> C,mood_str,50
14:48:59.306 -> C,ts_engage_write,79661466
14:48:59.306 -> C,engage_lvl,797
14:48:59.306 -> C,modifier,15
14:48:59.306 -> C,engage_floor,0
14:48:59.306 -> C,loop_us,273
14:48:59.399 -> C,ts_engage_write,79749365
14:48:59.492 -> C,ts_engage_write,79837369
14:48:59.586 -> C,ts_engage_write,79925366
14:48:59.679 -> C,ts_engage_write,80013366
14:48:59.726 -> C,ts_engage_write,80101368
14:48:59.819 -> C,ts_engage_write,80189366
14:48:59.819 -> C,engage_lvl,796
14:48:59.911 -> C,ts_engage_write,80277367
14:49:00.004 -> C,ts_engage_write,80365367
14:49:00.098 -> C,ts_engage_write,80453367
14:49:00.191 -> C,ts_engage_write,80541366
14:49:00.284 -> C,ts_engage_write,80629368
14:49:00.377 -> [FACE] heartbeat
14:49:00.377 -> C,mood_str,50
14:49:00.377 -> C,ts_engage_write,80717473
14:49:00.377 -> C,engage_lvl,795
14:49:00.377 -> C,modifier,15
14:49:00.377 -> C,engage_floor,0
14:49:00.377 -> C,loop_us,274
14:49:00.472 -> C,ts_engage_write,80805364
14:49:00.518 -> C,ts_engage_write,80893367
14:49:00.611 -> C,ts_engage_write,80981366
14:49:00.704 -> C,ts_engage_write,81069366
14:49:00.797 -> C,ts_engage_write,81157375
14:49:00.891 -> C,ts_engage_write,81245366
14:49:00.891 -> C,engage_lvl,793
14:49:00.984 -> C,ts_engage_write,81333367
14:49:01.076 -> C,ts_engage_write,81421367
14:49:01.171 -> C,ts_engage_write,81509367
14:49:01.264 -> C,ts_engage_write,81597366
14:49:01.310 -> C,ts_engage_write,81685368
14:49:01.403 -> [FACE] heartbeat
14:49:01.403 -> C,mood_str,50
14:49:01.403 -> C,ts_engage_write,81773473
14:49:01.403 -> C,engage_lvl,792
14:49:01.403 -> C,modifier,15
14:49:01.403 -> C,engage_floor,0
14:49:01.403 -> C,loop_us,272
14:49:01.495 -> C,ts_engage_write,81861365
14:49:01.591 -> C,ts_engage_write,81949367
14:49:01.683 -> C,ts_engage_write,82037366
14:49:01.776 -> C,ts_engage_write,82125366
14:49:01.868 -> C,ts_engage_write,82213368
14:49:01.962 -> C,ts_engage_write,82301366
14:49:01.962 -> C,engage_lvl,790
14:49:02.055 -> C,ts_engage_write,82389367
14:49:02.100 -> C,ts_engage_write,82477367
14:49:02.195 -> C,ts_engage_write,82565367
14:49:02.288 -> C,ts_engage_write,82653366
14:49:02.381 -> C,ts_engage_write,82741366
14:49:02.476 -> [FACE] heartbeat
14:49:02.476 -> C,mood_str,50
14:49:02.476 -> C,ts_engage_write,82829477
14:49:02.476 -> C,engage_lvl,789
14:49:02.476 -> C,modifier,15
14:49:02.476 -> C,engage_floor,0
14:49:02.476 -> C,loop_us,279
14:49:02.568 -> C,ts_engage_write,82917364
14:49:02.662 -> C,ts_engage_write,83005367
14:49:02.754 -> C,ts_engage_write,83093366
14:49:02.846 -> C,ts_engage_write,83181366
14:49:02.892 -> C,ts_engage_write,83269368
14:49:02.985 -> C,ts_engage_write,83357366
14:49:02.985 -> C,engage_lvl,788
14:49:03.079 -> C,ts_engage_write,83445367
14:49:03.172 -> C,ts_engage_write,83533367
14:49:03.264 -> C,ts_engage_write,83621367
14:49:03.357 -> C,ts_engage_write,83709366
14:49:03.451 -> C,ts_engage_write,83797367
14:49:03.544 -> [FACE] heartbeat
14:49:03.544 -> C,mood_str,50
14:49:03.544 -> C,ts_engage_write,83885473
14:49:03.544 -> C,engage_lvl,786
14:49:03.544 -> C,modifier,15
14:49:03.544 -> C,engage_floor,0
14:49:03.544 -> C,loop_us,273
14:49:03.637 -> C,ts_engage_write,83973364
14:49:03.683 -> C,ts_engage_write,84061367
14:49:03.778 -> C,ts_engage_write,84149366
14:49:03.871 -> C,ts_engage_write,84237366
14:49:03.966 -> C,ts_engage_write,84325368
14:49:04.060 -> C,ts_engage_write,84413366
14:49:04.060 -> C,engage_lvl,785
14:49:04.152 -> C,ts_engage_write,84501367
14:49:04.245 -> C,ts_engage_write,84589367
14:49:04.339 -> C,ts_engage_write,84677367
14:49:04.432 -> C,ts_engage_write,84765365
14:49:04.478 -> C,ts_engage_write,84853369
14:49:04.572 -> [FACE] heartbeat
14:49:04.572 -> C,mood_str,50
14:49:04.572 -> C,ts_engage_write,84941474
14:49:04.572 -> C,engage_lvl,783
14:49:04.572 -> C,modifier,15
14:49:04.572 -> C,engage_floor,0
14:49:04.572 -> C,loop_us,273
14:49:04.666 -> C,ts_engage_write,85029364
14:49:04.759 -> C,ts_engage_write,85117367
14:49:04.852 -> C,ts_engage_write,85205366
14:49:04.944 -> C,ts_engage_write,85293366
14:49:05.038 -> C,ts_engage_write,85381368
14:49:05.130 -> C,ts_engage_write,85469366
14:49:05.130 -> C,engage_lvl,782
14:49:05.223 -> C,ts_engage_write,85557374
14:49:05.269 -> C,ts_engage_write,85645367
14:49:05.362 -> C,ts_engage_write,85733364
14:49:05.454 -> C,ts_engage_write,85821368
14:49:05.547 -> C,ts_engage_write,85909368
14:49:05.642 -> [FACE] heartbeat
14:49:05.642 -> C,mood_str,50
14:49:05.642 -> C,ts_engage_write,85997472
14:49:05.642 -> C,engage_lvl,781
14:49:05.642 -> C,modifier,15
14:49:05.642 -> C,engage_floor,0
14:49:05.642 -> C,loop_us,274
14:49:05.735 -> C,ts_engage_write,86085364
14:49:05.827 -> C,ts_engage_write,86173367
14:49:05.921 -> C,ts_engage_write,86261366
14:49:06.013 -> C,ts_engage_write,86349366
14:49:06.061 -> C,ts_engage_write,86437368
14:49:06.153 -> C,ts_engage_write,86525366
14:49:06.153 -> C,engage_lvl,779
14:49:06.245 -> C,ts_engage_write,86613367
14:49:06.338 -> C,ts_engage_write,86701367
14:49:06.429 -> C,ts_engage_write,86789366
14:49:06.522 -> C,ts_engage_write,86877366
14:49:06.615 -> C,ts_engage_write,86965368
14:49:06.707 -> [FACE] heartbeat
14:49:06.707 -> C,mood_str,50
14:49:06.707 -> C,ts_engage_write,87053467
14:49:06.707 -> C,engage_lvl,778
14:49:06.707 -> C,modifier,15
14:49:06.707 -> C,engage_floor,0
14:49:06.707 -> C,loop_us,278
14:49:06.800 -> C,ts_engage_write,87141363
14:49:06.892 -> C,ts_engage_write,87229367
14:49:06.983 -> C,ts_engage_write,87317366
14:49:07.030 -> C,ts_engage_write,87405366
14:49:07.123 -> C,ts_engage_write,87493368
14:49:07.216 -> C,ts_engage_write,87581366
14:49:07.216 -> C,engage_lvl,776
14:49:07.309 -> C,ts_engage_write,87669367
14:49:07.403 -> C,ts_engage_write,87757366
14:49:07.497 -> C,ts_engage_write,87845368
14:49:07.590 -> C,ts_engage_write,87933366
14:49:07.682 -> C,ts_engage_write,88021368
14:49:07.776 -> [FACE] heartbeat
14:49:07.776 -> C,mood_str,50
14:49:07.776 -> C,ts_engage_write,88109473
14:49:07.776 -> C,engage_lvl,775
14:49:07.776 -> C,modifier,15
14:49:07.776 -> C,engage_floor,0
14:49:07.776 -> C,loop_us,274
14:49:07.823 -> C,ts_engage_write,88197364
14:49:07.914 -> C,ts_engage_write,88285367
14:49:08.007 -> C,ts_engage_write,88373366
14:49:08.100 -> C,ts_engage_write,88461366
14:49:08.195 -> C,ts_engage_write,88549368
14:49:08.287 -> C,ts_engage_write,88637366
14:49:08.287 -> C,engage_lvl,774
14:49:08.379 -> C,ts_engage_write,88725364
14:49:08.472 -> C,ts_engage_write,88813369
14:49:08.565 -> C,ts_engage_write,88901367
14:49:08.611 -> C,ts_engage_write,88989366
14:49:08.705 -> C,ts_engage_write,89077368
14:49:08.798 -> [FACE] heartbeat
14:49:08.798 -> C,mood_str,50
14:49:08.798 -> C,ts_engage_write,89165454
14:49:08.798 -> C,engage_lvl,772
14:49:08.798 -> C,modifier,15
14:49:08.798 -> C,engage_floor,0
14:49:08.798 -> C,loop_us,254
14:49:08.891 -> C,ts_engage_write,89253363
14:49:08.985 -> C,ts_engage_write,89341367
14:49:09.077 -> C,ts_engage_write,89429367
14:49:09.170 -> C,ts_engage_write,89517367
14:49:09.262 -> C,ts_engage_write,89605368
14:49:09.356 -> C,ts_engage_write,89693373
14:49:09.356 -> C,engage_lvl,771
14:49:09.403 -> C,ts_engage_write,89781370
14:49:09.496 -> C,ts_engage_write,89869367
14:49:09.589 -> C,ts_engage_write,89957367
14:49:09.682 -> C,ts_engage_write,90045366
14:49:09.775 -> C,ts_engage_write,90133368
14:49:09.867 -> [FACE] heartbeat
14:49:09.867 -> C,mood_str,50
14:49:09.867 -> C,ts_engage_write,90221472
14:49:09.867 -> C,engage_lvl,769
14:49:09.867 -> C,modifier,15
14:49:09.867 -> C,engage_floor,0
14:49:09.867 -> C,loop_us,263
14:49:09.960 -> C,ts_engage_write,90309364
14:49:10.053 -> C,ts_engage_write,90397367
14:49:10.145 -> C,ts_engage_write,90485366
14:49:10.239 -> C,ts_engage_write,90573366
14:49:10.285 -> C,ts_engage_write,90661368
14:49:10.378 -> C,ts_engage_write,90749365
14:49:10.378 -> C,engage_lvl,768
14:49:10.470 -> C,ts_engage_write,90837368
14:49:10.563 -> C,ts_engage_write,90925367
14:49:10.657 -> C,ts_engage_write,91013367
14:49:10.749 -> C,ts_engage_write,91101366
14:49:10.843 -> C,ts_engage_write,91189368
14:49:10.936 -> [FACE] heartbeat
14:49:10.936 -> C,mood_str,50
14:49:10.936 -> C,ts_engage_write,91277467
14:49:10.936 -> C,engage_lvl,767
14:49:10.936 -> C,modifier,15
14:49:10.936 -> C,engage_floor,0
14:49:10.936 -> C,loop_us,278
14:49:11.029 -> C,ts_engage_write,91365363
14:49:11.076 -> C,ts_engage_write,91453367
14:49:11.169 -> C,ts_engage_write,91541366
14:49:11.262 -> C,ts_engage_write,91629366
14:49:11.354 -> C,ts_engage_write,91717368
14:49:11.446 -> C,ts_engage_write,91805366
14:49:11.446 -> C,engage_lvl,765
14:49:11.540 -> C,ts_engage_write,91893367
14:49:11.633 -> C,ts_engage_write,91981367
14:49:11.725 -> C,ts_engage_write,92069367
14:49:11.818 -> C,ts_engage_write,92157366
14:49:11.912 -> C,ts_engage_write,92245368
14:49:11.958 -> [FACE] heartbeat
14:49:11.958 -> C,mood_str,50
14:49:11.958 -> C,ts_engage_write,92333468
14:49:11.958 -> C,engage_lvl,764
14:49:11.958 -> C,modifier,15
14:49:11.958 -> C,engage_floor,0
14:49:11.958 -> C,loop_us,278
14:49:12.051 -> C,ts_engage_write,92421363
14:49:12.144 -> C,ts_engage_write,92509367
14:49:12.239 -> C,ts_engage_write,92597366
14:49:12.331 -> C,ts_engage_write,92685366
14:49:12.425 -> C,ts_engage_write,92773366
14:49:12.519 -> C,ts_engage_write,92861368
14:49:12.519 -> C,engage_lvl,762
14:49:12.611 -> C,ts_engage_write,92949367
14:49:12.703 -> C,ts_engage_write,93037367
14:49:12.749 -> C,ts_engage_write,93125367
14:49:12.841 -> C,ts_engage_write,93213366
14:49:12.933 -> C,ts_engage_write,93301368
14:49:13.026 -> [FACE] heartbeat
14:49:13.026 -> C,mood_str,50
14:49:13.026 -> C,ts_engage_write,93389479
14:49:13.026 -> C,engage_lvl,761
14:49:13.026 -> C,modifier,15
14:49:13.026 -> C,engage_floor,0
14:49:13.026 -> C,loop_us,290
14:49:13.119 -> C,ts_engage_write,93477372
14:49:13.213 -> C,ts_engage_write,93565367
14:49:13.305 -> C,ts_engage_write,93653366
14:49:13.398 -> C,ts_engage_write,93741365
14:49:13.491 -> C,ts_engage_write,93829369
14:49:13.586 -> C,ts_engage_write,93917366
14:49:13.586 -> C,engage_lvl,759
14:49:13.633 -> C,ts_engage_write,94005367
14:49:13.726 -> C,ts_engage_write,94093367
14:49:13.819 -> C,ts_engage_write,94181367
14:49:13.912 -> C,ts_engage_write,94269366
14:49:14.006 -> C,ts_engage_write,94357368
14:49:14.099 -> [FACE] heartbeat
14:49:14.099 -> C,mood_str,50
14:49:14.099 -> C,ts_engage_write,94445467
14:49:14.099 -> C,engage_lvl,758
14:49:14.099 -> C,modifier,15
14:49:14.099 -> C,engage_floor,0
14:49:14.099 -> C,loop_us,278
14:49:14.193 -> C,ts_engage_write,94533366
14:49:14.286 -> C,ts_engage_write,94621367
14:49:14.332 -> C,ts_engage_write,94709366
14:49:14.426 -> C,ts_engage_write,94797366
14:49:14.519 -> C,ts_engage_write,94885368
14:49:14.612 -> C,ts_engage_write,94973366
14:49:14.612 -> C,engage_lvl,757
14:49:14.706 -> C,ts_engage_write,95061367
14:49:14.798 -> C,ts_engage_write,95149367
14:49:14.891 -> C,ts_engage_write,95237367
14:49:14.985 -> C,ts_engage_write,95325366
14:49:15.078 -> C,ts_engage_write,95413368
14:49:15.124 -> [FACE] heartbeat
14:49:15.124 -> C,mood_str,50
14:49:15.124 -> C,ts_engage_write,95501466
14:49:15.124 -> C,engage_lvl,755
14:49:15.124 -> C,modifier,15
14:49:15.124 -> C,engage_floor,0
14:49:15.124 -> C,loop_us,277
14:49:15.217 -> C,ts_engage_write,95589363
14:49:15.310 -> C,ts_engage_write,95677367
14:49:15.402 -> C,ts_engage_write,95765365
14:49:15.496 -> C,ts_engage_write,95853368
14:49:15.590 -> C,ts_engage_write,95941368
14:49:15.684 -> C,ts_engage_write,96029366
14:49:15.684 -> C,engage_lvl,754
14:49:15.778 -> C,ts_engage_write,96117367
14:49:15.871 -> C,ts_engage_write,96205367
14:49:15.918 -> C,ts_engage_write,96293367
14:49:16.012 -> C,ts_engage_write,96381367
14:49:16.105 -> C,ts_engage_write,96469368
14:49:16.198 -> [FACE] heartbeat
14:49:16.198 -> C,mood_str,50
14:49:16.198 -> C,ts_engage_write,96557471
14:49:16.198 -> C,engage_lvl,752
14:49:16.198 -> C,modifier,15
14:49:16.198 -> C,engage_floor,0
14:49:16.198 -> C,loop_us,257
14:49:16.291 -> C,ts_engage_write,96645362
14:49:16.384 -> C,ts_engage_write,96733366
14:49:16.477 -> C,ts_engage_write,96821368
14:49:16.570 -> C,ts_engage_write,96909366
14:49:16.662 -> C,ts_engage_write,96997368
14:49:16.709 -> C,ts_engage_write,97085366
14:49:16.709 -> C,engage_lvl,751
14:49:16.801 -> C,ts_engage_write,97173367
14:49:16.894 -> C,ts_engage_write,97261367
14:49:16.986 -> C,ts_engage_write,97349367
14:49:17.079 -> C,ts_engage_write,97437366
14:49:17.171 -> C,ts_engage_write,97525375
14:49:17.263 -> [FACE] heartbeat
14:49:17.263 -> C,mood_str,50
14:49:17.263 -> C,ts_engage_write,97613468
14:49:17.263 -> C,engage_lvl,750
14:49:17.263 -> C,modifier,15
14:49:17.263 -> C,engage_floor,0
14:49:17.263 -> C,loop_us,279
14:49:17.356 -> C,ts_engage_write,97701366
14:49:17.449 -> C,ts_engage_write,97789367
14:49:17.541 -> C,ts_engage_write,97877366
14:49:17.588 -> C,ts_engage_write,97965366
14:49:17.681 -> C,ts_engage_write,98053368
14:49:17.776 -> C,ts_engage_write,98141366
14:49:17.776 -> C,engage_lvl,748
14:49:17.868 -> C,ts_engage_write,98229367
14:49:17.960 -> C,ts_engage_write,98317367
14:49:18.052 -> C,ts_engage_write,98405367
14:49:18.145 -> C,ts_engage_write,98493366
14:49:18.238 -> C,ts_engage_write,98581368
14:49:18.331 -> [FACE] heartbeat
14:49:18.331 -> C,mood_str,50
14:49:18.331 -> C,ts_engage_write,98669467
14:49:18.331 -> C,engage_lvl,747
14:49:18.331 -> C,modifier,15
14:49:18.331 -> C,engage_floor,0
14:49:18.331 -> C,loop_us,265
14:49:18.423 -> C,ts_engage_write,98757364
14:49:18.469 -> C,ts_engage_write,98845369
14:49:18.562 -> C,ts_engage_write,98933367
14:49:18.655 -> C,ts_engage_write,99021366
14:49:18.748 -> C,ts_engage_write,99109368
14:49:18.840 -> C,ts_engage_write,99197366
14:49:18.840 -> C,engage_lvl,745
14:49:18.932 -> C,ts_engage_write,99285367
14:49:19.028 -> C,ts_engage_write,99373367
14:49:19.120 -> C,ts_engage_write,99461367
14:49:19.212 -> C,ts_engage_write,99549366
14:49:19.260 -> C,ts_engage_write,99637368
14:49:19.353 -> [FACE] heartbeat
14:49:19.353 -> C,mood_str,50
14:49:19.353 -> C,ts_engage_write,99725456
14:49:19.353 -> C,engage_lvl,744
14:49:19.353 -> C,modifier,15
14:49:19.353 -> C,engage_floor,0
14:49:19.353 -> C,loop_us,256
14:49:19.445 -> C,ts_engage_write,99813368
14:49:19.538 -> C,ts_engage_write,99901367
14:49:19.631 -> C,ts_engage_write,99989367
14:49:19.726 -> C,ts_engage_write,100077366
14:49:19.818 -> C,ts_engage_write,100165368
14:49:19.911 -> C,ts_engage_write,100253366
14:49:19.911 -> C,engage_lvl,743
14:49:20.005 -> C,ts_engage_write,100341367
14:49:20.051 -> C,ts_engage_write,100429367
14:49:20.144 -> C,ts_engage_write,100517367
14:49:20.238 -> C,ts_engage_write,100605366
14:49:20.332 -> C,ts_engage_write,100693368
14:49:20.424 -> [FACE] heartbeat
14:49:20.424 -> C,mood_str,50
14:49:20.424 -> C,ts_engage_write,100781459
14:49:20.424 -> C,engage_lvl,741
14:49:20.424 -> C,modifier,15
14:49:20.424 -> C,engage_floor,0
14:49:20.424 -> C,loop_us,259
14:49:20.517 -> C,ts_engage_write,100869364
14:49:20.609 -> C,ts_engage_write,100957367
14:49:20.703 -> C,ts_engage_write,101045367
14:49:20.795 -> C,ts_engage_write,101133366
14:49:20.888 -> C,ts_engage_write,101221368
14:49:20.934 -> C,ts_engage_write,101309366
14:49:20.934 -> C,engage_lvl,740
14:49:21.027 -> C,ts_engage_write,101397367
14:49:21.120 -> C,ts_engage_write,101485367
14:49:21.213 -> C,ts_engage_write,101573367
14:49:21.306 -> C,ts_engage_write,101661366
14:49:21.399 -> C,ts_engage_write,101749366
14:49:21.494 -> [FACE] heartbeat
14:49:21.494 -> C,mood_str,50
14:49:21.494 -> C,ts_engage_write,101837464
14:49:21.494 -> C,engage_lvl,738
14:49:21.494 -> C,modifier,15
14:49:21.494 -> C,engage_floor,0
14:49:21.494 -> C,loop_us,263
14:49:21.585 -> C,ts_engage_write,101925360
14:49:21.678 -> C,ts_engage_write,102013374
14:49:21.725 -> C,ts_engage_write,102101371
14:49:21.818 -> C,ts_engage_write,102189366
14:49:21.912 -> C,ts_engage_write,102277368
14:49:22.005 -> C,ts_engage_write,102365366
14:49:22.005 -> C,engage_lvl,737
14:49:22.098 -> C,ts_engage_write,102453367
14:49:22.192 -> C,ts_engage_write,102541367
14:49:22.283 -> C,ts_engage_write,102629367
14:49:22.376 -> C,ts_engage_write,102717366
14:49:22.468 -> C,ts_engage_write,102805367
14:49:22.515 -> [FACE] heartbeat
14:49:22.515 -> C,mood_str,50
14:49:22.561 -> C,ts_engage_write,102893461
14:49:22.561 -> C,engage_lvl,736
14:49:22.561 -> C,modifier,15
14:49:22.561 -> C,engage_floor,0
14:49:22.561 -> C,loop_us,254
14:49:22.607 -> C,ts_engage_write,102981362
14:49:22.699 -> C,ts_engage_write,103069367
14:49:22.791 -> C,ts_engage_write,103157367
14:49:22.883 -> C,ts_engage_write,103245366
14:49:22.976 -> C,ts_engage_write,103333368
14:49:23.069 -> C,ts_engage_write,103421367
14:49:23.069 -> C,engage_lvl,734
14:49:23.161 -> C,ts_engage_write,103509367
14:49:23.253 -> C,ts_engage_write,103597367
14:49:23.346 -> C,ts_engage_write,103685367
14:49:23.438 -> C,ts_engage_write,103773365
14:49:23.483 -> C,ts_engage_write,103861369
14:49:23.578 -> [FACE] heartbeat
14:49:23.578 -> C,mood_str,50
14:49:23.578 -> C,ts_engage_write,103949466
14:49:23.578 -> C,engage_lvl,733
14:49:23.578 -> C,modifier,15
14:49:23.578 -> C,engage_floor,0
14:49:23.578 -> C,loop_us,278
14:49:23.670 -> C,ts_engage_write,104037365
14:49:23.762 -> C,ts_engage_write,104125367
14:49:23.855 -> C,ts_engage_write,104213366
14:49:23.949 -> C,ts_engage_write,104301366
14:49:24.044 -> C,ts_engage_write,104389368
14:49:24.136 -> C,ts_engage_write,104477366
14:49:24.136 -> C,engage_lvl,731
14:49:24.228 -> C,ts_engage_write,104565367
14:49:24.275 -> C,ts_engage_write,104653367
14:49:24.370 -> C,ts_engage_write,104741364
14:49:24.462 -> C,ts_engage_write,104829368
14:49:24.555 -> C,ts_engage_write,104917368
14:49:24.647 -> [FACE] heartbeat
14:49:24.647 -> C,mood_str,50
14:49:24.647 -> C,ts_engage_write,105005466
14:49:24.647 -> C,engage_lvl,730
14:49:24.647 -> C,modifier,15
14:49:24.647 -> C,engage_floor,0
14:49:24.647 -> C,loop_us,275
14:49:24.738 -> C,ts_engage_write,105093366
14:49:24.830 -> C,ts_engage_write,105181367
14:49:24.923 -> C,ts_engage_write,105269366
14:49:25.015 -> C,ts_engage_write,105357366
14:49:25.109 -> C,ts_engage_write,105445368
14:49:25.156 -> C,ts_engage_write,105533366
14:49:25.156 -> C,engage_lvl,729
14:49:25.249 -> C,ts_engage_write,105621367
14:49:25.341 -> C,ts_engage_write,105709367
14:49:25.434 -> C,ts_engage_write,105797366
14:49:25.527 -> C,ts_engage_write,105885366
14:49:25.621 -> C,ts_engage_write,105973368
14:49:25.716 -> [FACE] heartbeat
14:49:25.716 -> C,mood_str,50
14:49:25.716 -> C,ts_engage_write,106061453
14:49:25.716 -> C,engage_lvl,727
14:49:25.716 -> C,modifier,15
14:49:25.716 -> C,engage_floor,0
14:49:25.716 -> C,loop_us,264
14:49:25.809 -> C,ts_engage_write,106149363
14:49:25.900 -> C,ts_engage_write,106237367
14:49:25.947 -> C,ts_engage_write,106325367
14:49:26.042 -> C,ts_engage_write,106413366
14:49:26.135 -> C,ts_engage_write,106501368
14:49:26.228 -> C,ts_engage_write,106589373
14:49:26.228 -> C,engage_lvl,726
14:49:26.320 -> C,ts_engage_write,106677371
14:49:26.413 -> C,ts_engage_write,106765366
14:49:26.506 -> C,ts_engage_write,106853368
14:49:26.600 -> C,ts_engage_write,106941366
14:49:26.694 -> C,ts_engage_write,107029368
14:49:26.741 -> [FACE] heartbeat
14:49:26.741 -> C,mood_str,50
14:49:26.741 -> C,ts_engage_write,107117454
14:49:26.741 -> C,engage_lvl,724
14:49:26.741 -> C,modifier,15
14:49:26.741 -> C,engage_floor,0
14:49:26.741 -> C,loop_us,270
14:49:26.834 -> C,ts_engage_write,107205367
14:49:26.927 -> C,ts_engage_write,107293367
14:49:27.019 -> C,ts_engage_write,107381367
14:49:27.112 -> C,ts_engage_write,107469366
14:49:27.203 -> C,ts_engage_write,107557368
14:49:27.297 -> C,ts_engage_write,107645366
14:49:27.297 -> C,engage_lvl,723
14:49:27.389 -> C,ts_engage_write,107733364
14:49:27.482 -> C,ts_engage_write,107821369
14:49:27.573 -> C,ts_engage_write,107909367
14:49:27.620 -> C,ts_engage_write,107997366
14:49:27.712 -> C,ts_engage_write,108085368
14:49:27.805 -> [FACE] heartbeat
14:49:27.805 -> C,mood_str,50
14:49:27.805 -> C,ts_engage_write,108173454
14:49:27.805 -> C,engage_lvl,721
14:49:27.805 -> C,modifier,15
14:49:27.805 -> C,engage_floor,0
14:49:27.805 -> C,loop_us,261
14:49:27.898 -> C,ts_engage_write,108261363
14:49:27.992 -> C,ts_engage_write,108349367
14:49:28.085 -> C,ts_engage_write,108437367
14:49:28.178 -> C,ts_engage_write,108525366
14:49:28.272 -> C,ts_engage_write,108613368
14:49:28.364 -> C,ts_engage_write,108701366
14:49:28.364 -> C,engage_lvl,720
14:49:28.411 -> C,ts_engage_write,108789366
14:49:28.505 -> C,ts_engage_write,108877367
14:49:28.597 -> C,ts_engage_write,108965367
14:49:28.693 -> C,ts_engage_write,109053366
14:49:28.784 -> C,ts_engage_write,109141368
14:49:28.877 -> [FACE] heartbeat
14:49:28.877 -> C,mood_str,50
14:49:28.877 -> C,ts_engage_write,109229454
14:49:28.877 -> C,engage_lvl,719
14:49:28.877 -> C,modifier,15
14:49:28.877 -> C,engage_floor,0
14:49:28.877 -> C,loop_us,251
14:49:28.969 -> C,ts_engage_write,109317363
14:49:29.064 -> C,ts_engage_write,109405367
14:49:29.157 -> C,ts_engage_write,109493367
14:49:29.203 -> C,ts_engage_write,109581366
14:49:29.295 -> C,ts_engage_write,109669368
14:49:29.389 -> C,ts_engage_write,109757365
14:49:29.389 -> C,engage_lvl,717
14:49:29.482 -> C,ts_engage_write,109845368
14:49:29.578 -> C,ts_engage_write,109933367
14:49:29.670 -> C,ts_engage_write,110021367
14:49:29.764 -> C,ts_engage_write,110109366
14:49:29.857 -> C,ts_engage_write,110197368
14:49:29.951 -> [FACE] heartbeat
14:49:29.951 -> C,mood_str,50
14:49:29.951 -> C,ts_engage_write,110285453
14:49:29.951 -> C,engage_lvl,716
14:49:29.951 -> C,modifier,15
14:49:29.951 -> C,engage_floor,0
14:49:29.951 -> C,loop_us,252
14:49:29.998 -> C,ts_engage_write,110373370
14:49:30.094 -> C,ts_engage_write,110461367
14:49:30.188 -> C,ts_engage_write,110549367
14:49:30.282 -> C,ts_engage_write,110637366
14:49:30.376 -> C,ts_engage_write,110725366
14:49:30.468 -> C,ts_engage_write,110813368
14:49:30.468 -> C,engage_lvl,714
14:49:30.561 -> C,ts_engage_write,110901367
14:49:30.653 -> C,ts_engage_write,110989367
14:49:30.699 -> C,ts_engage_write,111077367
14:49:30.791 -> C,ts_engage_write,111165366
14:49:30.882 -> C,ts_engage_write,111253368
14:49:30.975 -> [FACE] heartbeat
14:49:30.975 -> C,mood_str,50
14:49:30.975 -> C,ts_engage_write,111341454
14:49:30.975 -> C,engage_lvl,713
14:49:30.975 -> C,modifier,15
14:49:30.975 -> C,engage_floor,0
14:49:30.975 -> C,loop_us,254
14:49:31.068 -> C,ts_engage_write,111429363
14:49:31.162 -> C,ts_engage_write,111517367
14:49:31.257 -> C,ts_engage_write,111605367
14:49:31.350 -> C,ts_engage_write,111693366
14:49:31.443 -> C,ts_engage_write,111781367
14:49:31.536 -> C,ts_engage_write,111869366
14:49:31.536 -> C,engage_lvl,712
14:49:31.582 -> C,ts_engage_write,111957367
14:49:31.674 -> C,ts_engage_write,112045367
14:49:31.768 -> C,ts_engage_write,112133367
14:49:31.863 -> C,ts_engage_write,112221366
14:49:31.957 -> C,ts_engage_write,112309368
14:49:32.051 -> [FACE] heartbeat
14:49:32.051 -> C,mood_str,50
14:49:32.051 -> C,ts_engage_write,112397465
14:49:32.051 -> C,engage_lvl,710
14:49:32.051 -> C,modifier,15
14:49:32.051 -> C,engage_floor,0
14:49:32.051 -> C,loop_us,259
14:49:32.145 -> C,ts_engage_write,112485360
14:49:32.238 -> C,ts_engage_write,112573367
14:49:32.283 -> C,ts_engage_write,112661367
14:49:32.376 -> C,ts_engage_write,112749365
14:49:32.466 -> C,ts_engage_write,112837369
14:49:32.561 -> C,ts_engage_write,112925366
14:49:32.561 -> C,engage_lvl,709
14:49:32.653 -> C,ts_engage_write,113013367
14:49:32.745 -> C,ts_engage_write,113101367
14:49:32.838 -> C,ts_engage_write,113189367
14:49:32.932 -> C,ts_engage_write,113277366
14:49:33.024 -> C,ts_engage_write,113365368
14:49:33.117 -> [FACE] heartbeat
14:49:33.117 -> C,mood_str,50
14:49:33.117 -> C,ts_engage_write,113453465
14:49:33.117 -> C,engage_lvl,707
14:49:33.117 -> C,modifier,15
14:49:33.117 -> C,engage_floor,0
14:49:33.117 -> C,loop_us,241
14:49:33.163 -> C,ts_engage_write,113541363
14:49:33.257 -> C,ts_engage_write,113629367
14:49:33.350 -> C,ts_engage_write,113717367
14:49:33.443 -> C,ts_engage_write,113805366
14:49:33.536 -> C,ts_engage_write,113893368
14:49:33.629 -> C,ts_engage_write,113981366
14:49:33.629 -> C,engage_lvl,706
14:49:33.723 -> C,ts_engage_write,114069367
14:49:33.815 -> C,ts_engage_write,114157367
14:49:33.906 -> C,ts_engage_write,114245374
14:49:33.998 -> C,ts_engage_write,114333366
14:49:34.046 -> C,ts_engage_write,114421368
14:49:34.138 -> [FACE] heartbeat
14:49:34.138 -> C,mood_str,50
14:49:34.138 -> C,ts_engage_write,114509472
14:49:34.138 -> C,engage_lvl,705
14:49:34.138 -> C,modifier,15
14:49:34.138 -> C,engage_floor,0
14:49:34.138 -> C,loop_us,250
14:49:34.231 -> C,ts_engage_write,114597360
14:49:34.325 -> C,ts_engage_write,114685367
14:49:34.419 -> C,ts_engage_write,114773364
14:49:34.511 -> C,ts_engage_write,114861368
14:49:34.605 -> C,ts_engage_write,114949368
14:49:34.698 -> C,ts_engage_write,115037366
14:49:34.698 -> C,engage_lvl,703
14:49:34.790 -> C,ts_engage_write,115125367
14:49:34.836 -> C,ts_engage_write,115213367
14:49:34.929 -> C,ts_engage_write,115301367
14:49:35.021 -> C,ts_engage_write,115389366
14:49:35.113 -> C,ts_engage_write,115477368
14:49:35.205 -> [FACE] heartbeat
14:49:35.205 -> C,mood_str,50
14:49:35.205 -> C,ts_engage_write,115565467
14:49:35.205 -> C,engage_lvl,702
14:49:35.205 -> C,modifier,15
14:49:35.205 -> C,engage_floor,0
14:49:35.205 -> C,loop_us,256
14:49:35.297 -> C,ts_engage_write,115653367
14:49:35.390 -> C,ts_engage_write,115741366
14:49:35.483 -> C,ts_engage_write,115829368
14:49:35.577 -> C,ts_engage_write,115917366
14:49:35.670 -> C,ts_engage_write,116005368
14:49:35.716 -> C,ts_engage_write,116093366
14:49:35.716 -> C,engage_lvl,700
14:49:35.811 -> C,ts_engage_write,116181367
14:49:35.904 -> C,ts_engage_write,116269367
14:49:35.997 -> C,ts_engage_write,116357367
14:49:36.089 -> C,ts_engage_write,116445366
14:49:36.182 -> C,ts_engage_write,116533368
14:49:36.276 -> [FACE] heartbeat
14:49:36.276 -> C,mood_str,50
14:49:36.276 -> C,ts_engage_write,116621466
14:49:36.276 -> C,engage_lvl,699
14:49:36.276 -> C,modifier,15
14:49:36.276 -> C,engage_floor,0
14:49:36.276 -> C,loop_us,249
14:49:36.369 -> C,ts_engage_write,116709363
14:49:36.464 -> C,ts_engage_write,116797367
14:49:36.512 -> C,ts_engage_write,116885367
14:49:36.606 -> C,ts_engage_write,116973366
14:49:36.700 -> C,ts_engage_write,117061368
14:49:36.793 -> C,ts_engage_write,117149366
14:49:36.793 -> C,engage_lvl,698
14:49:36.886 -> C,ts_engage_write,117237367
14:49:36.980 -> C,ts_engage_write,117325367
14:49:37.072 -> C,ts_engage_write,117413367
14:49:37.165 -> C,ts_engage_write,117501366
14:49:37.211 -> C,ts_engage_write,117589368
14:49:37.305 -> [FACE] heartbeat
14:49:37.305 -> C,mood_str,50
14:49:37.305 -> C,ts_engage_write,117677474
14:49:37.305 -> C,engage_lvl,696
14:49:37.305 -> C,modifier,15
14:49:37.305 -> C,engage_floor,0
14:49:37.305 -> C,loop_us,266
14:49:37.398 -> C,ts_engage_write,117765362
14:49:37.491 -> C,ts_engage_write,117853369
14:49:37.586 -> C,ts_engage_write,117941373
14:49:37.679 -> C,ts_engage_write,118029366
14:49:37.774 -> C,ts_engage_write,118117368
14:49:37.866 -> C,ts_engage_write,118205366
14:49:37.866 -> C,engage_lvl,695
14:49:37.958 -> C,ts_engage_write,118293367
14:49:38.005 -> C,ts_engage_write,118381367
14:49:38.098 -> C,ts_engage_write,118469367
14:49:38.191 -> C,ts_engage_write,118557366
14:49:38.285 -> C,ts_engage_write,118645368
14:49:38.378 -> [FACE] heartbeat
14:49:38.378 -> C,mood_str,50
14:49:38.378 -> C,ts_engage_write,118733452
14:49:38.378 -> C,engage_lvl,693
14:49:38.378 -> C,modifier,15
14:49:38.378 -> C,engage_floor,0
14:49:38.378 -> C,loop_us,264
14:49:38.471 -> C,ts_engage_write,118821365
14:49:38.565 -> C,ts_engage_write,118909367
14:49:38.658 -> C,ts_engage_write,118997367
14:49:38.752 -> C,ts_engage_write,119085366
14:49:38.798 -> C,ts_engage_write,119173368
14:49:38.891 -> C,ts_engage_write,119261366
14:49:38.891 -> C,engage_lvl,692
14:49:38.984 -> C,ts_engage_write,119349367
14:49:39.077 -> C,ts_engage_write,119437367
14:49:39.171 -> C,ts_engage_write,119525367
14:49:39.263 -> C,ts_engage_write,119613366
14:49:39.357 -> C,ts_engage_write,119701368
14:49:39.450 -> [FACE] heartbeat
14:49:39.450 -> C,mood_str,50
14:49:39.450 -> C,ts_engage_write,119789455
14:49:39.450 -> C,engage_lvl,691
14:49:39.450 -> C,modifier,15
14:49:39.450 -> C,engage_floor,0
14:49:39.450 -> C,loop_us,268
14:49:39.544 -> C,ts_engage_write,119877363
14:49:39.591 -> C,ts_engage_write,119965367
14:49:39.683 -> C,dom_touch,54
14:49:39.683 -> C,dom_sec,0
14:49:39.683 -> [MEM] tick: records=1 strength=54
14:49:39.683 -> C,rec_count,1
14:49:39.683 -> C,ts_engage_write,120053518
14:49:39.776 -> C,ts_engage_write,120141375
14:49:39.870 -> C,ts_engage_write,120229367
14:49:39.964 -> C,ts_engage_write,120317366
14:49:39.964 -> C,engage_lvl,689
14:49:40.057 -> C,ts_engage_write,120405366
14:49:40.150 -> C,ts_engage_write,120493368
14:49:40.243 -> C,ts_engage_write,120581366
14:49:40.336 -> C,ts_engage_write,120669367
14:49:40.381 -> C,ts_engage_write,120757366
14:49:40.476 -> [FACE] heartbeat
14:49:40.476 -> C,mood_str,50
14:49:40.476 -> C,ts_engage_write,120845471
14:49:40.476 -> C,engage_lvl,688
14:49:40.476 -> C,modifier,15
14:49:40.476 -> C,engage_floor,0
14:49:40.476 -> C,loop_us,272
14:49:40.569 -> C,ts_engage_write,120933366
14:49:40.662 -> C,ts_engage_write,121021367
14:49:40.755 -> C,ts_engage_write,121109366
14:49:40.848 -> C,ts_engage_write,121197366
14:49:40.941 -> C,ts_engage_write,121285368
14:49:41.034 -> C,ts_engage_write,121373366
14:49:41.034 -> C,engage_lvl,686
14:49:41.128 -> C,ts_engage_write,121461367
14:49:41.174 -> C,ts_engage_write,121549367
14:49:41.268 -> C,ts_engage_write,121637367
14:49:41.360 -> C,ts_engage_write,121725365
14:49:41.454 -> C,ts_engage_write,121813369
14:49:41.547 -> [FACE] heartbeat
14:49:41.547 -> C,mood_str,50
14:49:41.547 -> C,ts_engage_write,121901471
14:49:41.547 -> C,engage_lvl,685
14:49:41.547 -> C,modifier,15
14:49:41.547 -> C,engage_floor,0
14:49:41.547 -> C,loop_us,259
14:49:41.639 -> C,ts_engage_write,121989360
14:49:41.731 -> C,ts_engage_write,122077367
14:49:41.824 -> C,ts_engage_write,122165367
14:49:41.916 -> C,ts_engage_write,122253366
14:49:41.962 -> C,ts_engage_write,122341375
14:49:42.055 -> C,ts_engage_write,122429366
14:49:42.055 -> C,engage_lvl,684
14:49:42.146 -> C,ts_engage_write,122517367
14:49:42.239 -> C,ts_engage_write,122605367
14:49:42.333 -> C,ts_engage_write,122693367
14:49:42.428 -> C,ts_engage_write,122781366
14:49:42.520 -> C,ts_engage_write,122869368
14:49:42.615 -> [FACE] heartbeat
14:49:42.615 -> C,mood_str,50
14:49:42.615 -> C,ts_engage_write,122957473
14:49:42.615 -> C,engage_lvl,682
14:49:42.615 -> C,modifier,15
14:49:42.615 -> C,engage_floor,0
14:49:42.615 -> C,loop_us,275
14:49:42.708 -> C,ts_engage_write,123045364
14:49:42.799 -> C,ts_engage_write,123133367
14:49:42.847 -> C,ts_engage_write,123221366
14:49:42.940 -> C,ts_engage_write,123309366
14:49:43.032 -> C,ts_engage_write,123397368
14:49:43.127 -> C,ts_engage_write,123485366
14:49:43.127 -> C,engage_lvl,681
14:49:43.220 -> C,ts_engage_write,123573367
14:49:43.313 -> C,ts_engage_write,123661367
14:49:43.406 -> C,ts_engage_write,123749364
14:49:43.498 -> C,ts_engage_write,123837369
14:49:43.593 -> C,ts_engage_write,123928720
14:49:43.639 -> [FACE] heartbeat
14:49:43.639 -> C,mood_str,50
14:49:43.639 -> C,ts_engage_write,124016528
14:49:43.639 -> C,engage_lvl,679
14:49:43.639 -> C,modifier,15
14:49:43.639 -> C,engage_floor,0
14:49:43.639 -> C,loop_us,325
14:49:43.733 -> C,ts_engage_write,124104366
14:49:43.826 -> C,ts_engage_write,124192369
14:49:43.919 -> C,ts_engage_write,124280369
14:49:44.012 -> C,ts_engage_write,124368370
14:49:44.105 -> C,ts_engage_write,124456369
14:49:44.198 -> C,ts_engage_write,124544370
14:49:44.198 -> C,engage_lvl,678
14:49:44.292 -> C,ts_engage_write,124632369
14:49:44.384 -> C,ts_engage_write,124720370
14:49:44.431 -> C,ts_engage_write,124808368
14:49:44.526 -> C,ts_engage_write,124896370
14:49:44.619 -> C,ts_engage_write,124984369
14:49:44.712 -> [FACE] heartbeat
14:49:44.712 -> C,mood_str,50
14:49:44.712 -> C,ts_engage_write,125072483
14:49:44.712 -> C,engage_lvl,676
14:49:44.712 -> C,modifier,15
14:49:44.712 -> C,engage_floor,0
14:49:44.712 -> C,loop_us,285
14:49:44.804 -> C,ts_engage_write,125160362
14:49:44.897 -> C,ts_engage_write,125248370
14:49:44.990 -> C,ts_engage_write,125336368
14:49:45.082 -> C,ts_engage_write,125424370
14:49:45.175 -> C,ts_engage_write,125512369
14:49:45.222 -> C,ts_engage_write,125600370
14:49:45.222 -> C,engage_lvl,675
14:49:45.314 -> C,ts_engage_write,125688369
14:49:45.405 -> C,ts_engage_write,125776369
14:49:45.498 -> C,ts_engage_write,125864369
14:49:45.591 -> C,ts_engage_write,125952370
14:49:45.684 -> C,ts_engage_write,126040369
14:49:45.778 -> [FACE] heartbeat
14:49:45.778 -> C,mood_str,50
14:49:45.778 -> C,ts_engage_write,126128477
14:49:45.778 -> C,engage_lvl,674
14:49:45.778 -> C,modifier,15
14:49:45.778 -> C,engage_floor,0
14:49:45.778 -> C,loop_us,278
14:49:45.871 -> C,ts_engage_write,126216366
14:49:45.965 -> C,ts_engage_write,126304370
14:49:46.058 -> C,ts_engage_write,126392369
14:49:46.104 -> C,ts_engage_write,126480370
14:49:46.196 -> C,ts_engage_write,126568369
14:49:46.290 -> C,ts_engage_write,126656370
14:49:46.290 -> C,engage_lvl,672
14:49:46.383 -> C,ts_engage_write,126744368
14:49:46.476 -> C,ts_engage_write,126832370
14:49:46.569 -> C,ts_engage_write,126920375
14:49:46.664 -> C,ts_engage_write,127008370
14:49:46.757 -> C,ts_engage_write,127096369
14:49:46.850 -> [FACE] heartbeat
14:49:46.850 -> C,mood_str,50
14:49:46.850 -> C,ts_engage_write,127184480
14:49:46.850 -> C,engage_lvl,671
14:49:46.850 -> C,modifier,15
14:49:46.850 -> C,engage_floor,0
14:49:46.850 -> C,loop_us,284
14:49:46.897 -> C,ts_engage_write,127272367
14:49:46.989 -> C,ts_engage_write,127360370
14:49:47.082 -> C,ts_engage_write,127448368
14:49:47.176 -> C,ts_engage_write,127536370
14:49:47.268 -> C,ts_engage_write,127624369
14:49:47.362 -> C,ts_engage_write,127712370
14:49:47.362 -> C,engage_lvl,669
14:49:47.455 -> C,ts_engage_write,127800368
14:49:47.548 -> C,ts_engage_write,127888370
14:49:47.642 -> C,ts_engage_write,127976369
14:49:47.690 -> C,ts_engage_write,128064370
14:49:47.783 -> C,ts_engage_write,128152369
14:49:47.875 -> [FACE] heartbeat
14:49:47.875 -> C,mood_str,50
14:49:47.875 -> C,ts_engage_write,128240473
14:49:47.875 -> C,engage_lvl,668
14:49:47.875 -> C,modifier,15
14:49:47.875 -> C,engage_floor,0
14:49:47.875 -> C,loop_us,275
14:49:47.968 -> C,ts_engage_write,128328368
14:49:48.060 -> C,ts_engage_write,128416370
14:49:48.153 -> C,ts_engage_write,128504368
14:49:48.246 -> C,ts_engage_write,128592370
14:49:48.339 -> C,ts_engage_write,128680369
14:49:48.431 -> C,ts_engage_write,128768369
14:49:48.431 -> C,engage_lvl,667
14:49:48.523 -> C,ts_engage_write,128856369
14:49:48.569 -> C,ts_engage_write,128944370
14:49:48.660 -> C,ts_engage_write,129032369
14:49:48.753 -> C,ts_engage_write,129120370
14:49:48.845 -> C,ts_engage_write,129208369
14:49:48.936 -> [FACE] heartbeat
14:49:48.936 -> C,mood_str,50
14:49:48.936 -> C,ts_engage_write,129296481
14:49:48.936 -> C,engage_lvl,665
14:49:48.936 -> C,modifier,15
14:49:48.936 -> C,engage_floor,0
14:49:48.936 -> C,loop_us,295
14:49:49.030 -> C,ts_engage_write,129384365
14:49:49.124 -> C,ts_engage_write,129472370
14:49:49.216 -> C,ts_engage_write,129560368
14:49:49.311 -> C,ts_engage_write,129648370
14:49:49.357 -> C,ts_engage_write,129736368
14:49:49.450 -> C,ts_engage_write,129824370
14:49:49.450 -> C,engage_lvl,664
14:49:49.544 -> C,ts_engage_write,129912369
14:49:49.638 -> C,ts_engage_write,130000370
14:49:49.731 -> C,ts_engage_write,130088369
14:49:49.824 -> C,ts_engage_write,130176370
14:49:49.917 -> C,ts_engage_write,130264369
14:49:50.009 -> [FACE] heartbeat
14:49:50.009 -> C,mood_str,50
14:49:50.009 -> C,ts_engage_write,130352471
14:49:50.009 -> C,engage_lvl,662
14:49:50.009 -> C,modifier,15
14:49:50.009 -> C,engage_floor,0
14:49:50.009 -> C,loop_us,272
14:49:50.104 -> C,ts_engage_write,130440369
14:49:50.150 -> C,ts_engage_write,130528370
14:49:50.244 -> C,ts_engage_write,130616369
14:49:50.338 -> C,ts_engage_write,130704370
14:49:50.430 -> C,ts_engage_write,130792368
14:49:50.523 -> C,ts_engage_write,130880370
14:49:50.523 -> C,engage_lvl,661
14:49:50.614 -> C,ts_engage_write,130968369
14:49:50.707 -> C,ts_engage_write,131056370
14:49:50.800 -> C,ts_engage_write,131144368
14:49:50.892 -> C,ts_engage_write,131232376
14:49:50.984 -> C,ts_engage_write,131320374
14:49:51.030 -> [FACE] heartbeat
14:49:51.030 -> C,mood_str,50
14:49:51.030 -> C,ts_engage_write,131408480
14:49:51.030 -> C,engage_lvl,660
14:49:51.030 -> C,modifier,15
14:49:51.030 -> C,engage_floor,0
14:49:51.030 -> C,loop_us,284
14:49:51.124 -> C,ts_engage_write,131496365
14:49:51.215 -> C,ts_engage_write,131584370
14:49:51.308 -> C,ts_engage_write,131672368
14:49:51.402 -> C,ts_engage_write,131760369
14:49:51.496 -> C,ts_engage_write,131848369
14:49:51.589 -> C,ts_engage_write,131936370
14:49:51.589 -> C,engage_lvl,658
14:49:51.681 -> C,ts_engage_write,132024369
14:49:51.775 -> C,ts_engage_write,132112370
14:49:51.821 -> C,ts_engage_write,132200369
14:49:51.916 -> C,ts_engage_write,132288370
14:49:52.008 -> C,ts_engage_write,132376370
14:49:52.101 -> [FACE] heartbeat
14:49:52.101 -> C,mood_str,50
14:49:52.101 -> C,ts_engage_write,132464482
14:49:52.101 -> C,engage_lvl,657
14:49:52.101 -> C,modifier,15
14:49:52.101 -> C,engage_floor,0
14:49:52.101 -> C,loop_us,287
14:49:52.194 -> C,ts_engage_write,132552365
14:49:52.288 -> C,ts_engage_write,132640370
14:49:52.381 -> C,ts_engage_write,132728368
14:49:52.477 -> C,ts_engage_write,132816370
14:49:52.571 -> C,ts_engage_write,132904369
14:49:52.616 -> C,ts_engage_write,132992370
14:49:52.616 -> C,engage_lvl,655
14:49:52.709 -> C,ts_engage_write,133080369
14:49:52.802 -> C,ts_engage_write,133168370
14:49:52.895 -> C,ts_engage_write,133256369
14:49:52.988 -> C,ts_engage_write,133344370
14:49:53.080 -> C,ts_engage_write,133432369
14:49:53.173 -> [FACE] heartbeat
14:49:53.173 -> C,mood_str,50
14:49:53.173 -> C,ts_engage_write,133520478
14:49:53.173 -> C,engage_lvl,654
14:49:53.173 -> C,modifier,15
14:49:53.173 -> C,engage_floor,0
14:49:53.173 -> C,loop_us,281
14:49:53.265 -> C,ts_engage_write,133608365
14:49:53.358 -> C,ts_engage_write,133696370
14:49:53.451 -> C,ts_engage_write,133784368
14:49:53.498 -> C,ts_engage_write,133872370
14:49:53.593 -> C,ts_engage_write,133960369
14:49:53.687 -> C,ts_engage_write,134048370
14:49:53.687 -> C,engage_lvl,653
14:49:53.780 -> C,ts_engage_write,134136369
14:49:53.874 -> C,ts_engage_write,134224370
14:49:53.966 -> C,ts_engage_write,134312369
14:49:54.058 -> C,ts_engage_write,134400370
14:49:54.153 -> C,ts_engage_write,134488369
14:49:54.199 -> [FACE] heartbeat
14:49:54.199 -> C,mood_str,50
14:49:54.199 -> C,ts_engage_write,134576477
14:49:54.199 -> C,engage_lvl,651
14:49:54.199 -> C,modifier,15
14:49:54.199 -> C,engage_floor,0
14:49:54.199 -> C,loop_us,279
14:49:54.292 -> C,ts_engage_write,134664365
14:49:54.383 -> C,ts_engage_write,134752369
14:49:54.476 -> C,ts_engage_write,134840368
14:49:54.568 -> C,ts_engage_write,134928370
14:49:54.660 -> C,ts_engage_write,135016369
14:49:54.753 -> C,ts_engage_write,135104370
14:49:54.753 -> C,engage_lvl,650
14:49:54.845 -> C,ts_engage_write,135192369
14:49:54.939 -> C,ts_engage_write,135280377
14:49:55.032 -> C,ts_engage_write,135368374
14:49:55.080 -> C,ts_engage_write,135456370
14:49:55.172 -> C,ts_engage_write,135544369
14:49:55.265 -> [FACE] heartbeat
14:49:55.265 -> C,mood_str,50
14:49:55.265 -> C,ts_engage_write,135632480
14:49:55.265 -> C,engage_lvl,648
14:49:55.265 -> C,modifier,15
14:49:55.265 -> C,engage_floor,0
14:49:55.265 -> C,loop_us,284
14:49:55.358 -> C,ts_engage_write,135720368
14:49:55.452 -> C,ts_engage_write,135808369
14:49:55.546 -> C,ts_engage_write,135896368
14:49:55.639 -> C,ts_engage_write,135984370
14:49:55.733 -> C,ts_engage_write,136072369
14:49:55.826 -> C,ts_engage_write,136160370
14:49:55.826 -> C,engage_lvl,647
14:49:55.872 -> C,ts_engage_write,136248369
14:49:55.965 -> C,ts_engage_write,136336370
14:49:56.058 -> C,ts_engage_write,136424369
14:49:56.151 -> C,ts_engage_write,136512370
14:49:56.245 -> C,ts_engage_write,136600369
14:49:56.339 -> [FACE] heartbeat
14:49:56.339 -> C,mood_str,50
14:49:56.339 -> C,ts_engage_write,136688480
14:49:56.339 -> C,engage_lvl,646
14:49:56.339 -> C,modifier,15
14:49:56.339 -> C,engage_floor,0
14:49:56.339 -> C,loop_us,283
14:49:56.432 -> C,ts_engage_write,136776365
14:49:56.527 -> C,ts_engage_write,136864370
14:49:56.574 -> C,ts_engage_write,136952368
14:49:56.666 -> C,ts_engage_write,137040370
14:49:56.759 -> C,ts_engage_write,137128369
14:49:56.851 -> C,ts_engage_write,137216370
14:49:56.851 -> C,engage_lvl,644
14:49:56.945 -> C,ts_engage_write,137304369
14:49:57.038 -> C,ts_engage_write,137392370
14:49:57.132 -> C,ts_engage_write,137480369
14:49:57.224 -> C,ts_engage_write,137568370
14:49:57.317 -> C,ts_engage_write,137656369
14:49:57.410 -> [FACE] heartbeat
14:49:57.410 -> C,mood_str,50
14:49:57.410 -> C,ts_engage_write,137744480
14:49:57.410 -> C,engage_lvl,643
14:49:57.410 -> C,modifier,15
14:49:57.410 -> C,engage_floor,0
14:49:57.410 -> C,loop_us,286
14:49:57.457 -> C,ts_engage_write,137832365
14:49:57.549 -> C,ts_engage_write,137920370
14:49:57.643 -> C,ts_engage_write,138008368
14:49:57.735 -> C,ts_engage_write,138096370
14:49:57.830 -> C,ts_engage_write,138184369
14:49:57.923 -> C,ts_engage_write,138272370
14:49:57.923 -> C,engage_lvl,641
14:49:58.018 -> C,ts_engage_write,138360370
14:49:58.112 -> C,ts_engage_write,138448369
14:49:58.158 -> C,ts_engage_write,138536370
14:49:58.251 -> C,ts_engage_write,138624369
14:49:58.345 -> C,ts_engage_write,138712370
14:49:58.438 -> [FACE] heartbeat
14:49:58.438 -> C,mood_str,50
14:49:58.438 -> C,ts_engage_write,138800481
14:49:58.438 -> C,engage_lvl,640
14:49:58.438 -> C,modifier,15
14:49:58.438 -> C,engage_floor,0
14:49:58.438 -> C,loop_us,281
14:49:58.530 -> C,ts_engage_write,138888365
14:49:58.623 -> C,ts_engage_write,138976370
14:49:58.717 -> C,ts_engage_write,139064375
14:49:58.810 -> C,ts_engage_write,139152370
14:49:58.905 -> C,ts_engage_write,139240369
14:49:58.951 -> C,ts_engage_write,139328370
14:49:58.951 -> C,engage_lvl,638
14:49:59.044 -> C,ts_engage_write,139416369
14:49:59.137 -> C,ts_engage_write,139504370
14:49:59.229 -> C,ts_engage_write,139592369
14:49:59.323 -> C,ts_engage_write,139680370
14:49:59.416 -> C,ts_engage_write,139768368
14:49:59.509 -> [FACE] heartbeat
14:49:59.509 -> C,mood_str,50
14:49:59.509 -> C,ts_engage_write,139856481
14:49:59.509 -> C,engage_lvl,637
14:49:59.509 -> C,modifier,15
14:49:59.509 -> C,engage_floor,0
14:49:59.509 -> C,loop_us,292
14:49:59.602 -> C,ts_engage_write,139944365
14:49:59.695 -> C,ts_engage_write,140032370
14:49:59.743 -> C,ts_engage_write,140120368
14:49:59.833 -> C,ts_engage_write,140208370
14:49:59.927 -> C,ts_engage_write,140296369
14:50:00.020 -> C,ts_engage_write,140384370
14:50:00.020 -> C,engage_lvl,636
14:50:00.113 -> C,ts_engage_write,140472369
14:50:00.206 -> C,ts_engage_write,140560370
14:50:00.299 -> C,ts_engage_write,140648369
14:50:00.393 -> C,ts_engage_write,140736369
14:50:00.485 -> C,ts_engage_write,140824369
14:50:00.577 -> [FACE] heartbeat
14:50:00.577 -> C,mood_str,50
14:50:00.577 -> C,ts_engage_write,140912458
14:50:00.577 -> C,engage_lvl,634
14:50:00.577 -> C,modifier,15
14:50:00.577 -> C,engage_floor,0
14:50:00.577 -> C,loop_us,268
14:50:00.624 -> C,ts_engage_write,141000369
14:50:00.716 -> C,ts_engage_write,141088370
14:50:00.809 -> C,ts_engage_write,141176369
14:50:00.901 -> C,ts_engage_write,141264370
14:50:00.995 -> C,ts_engage_write,141352369
14:50:01.089 -> C,ts_engage_write,141440370
14:50:01.089 -> C,engage_lvl,633
14:50:01.181 -> C,ts_engage_write,141528369
14:50:01.275 -> C,ts_engage_write,141616370
14:50:01.368 -> C,ts_engage_write,141704369
14:50:01.414 -> C,ts_engage_write,141792369
14:50:01.507 -> C,ts_engage_write,141880369
14:50:01.600 -> [FACE] heartbeat
14:50:01.600 -> C,mood_str,50
14:50:01.600 -> C,ts_engage_write,141968481
14:50:01.600 -> C,engage_lvl,631
14:50:01.600 -> C,modifier,15
14:50:01.600 -> C,engage_floor,0
14:50:01.600 -> C,loop_us,286
14:50:01.695 -> C,ts_engage_write,142056365
14:50:01.788 -> C,ts_engage_write,142144370
14:50:01.879 -> C,ts_engage_write,142232368
14:50:01.971 -> C,ts_engage_write,142320370
14:50:02.063 -> C,ts_engage_write,142408369
14:50:02.156 -> C,ts_engage_write,142496370
14:50:02.156 -> C,engage_lvl,630
14:50:02.250 -> C,ts_engage_write,142584369
14:50:02.295 -> C,ts_engage_write,142672370
14:50:02.386 -> C,ts_engage_write,142760368
14:50:02.478 -> C,ts_engage_write,142848370
14:50:02.571 -> C,ts_engage_write,142936369
14:50:02.664 -> [FACE] heartbeat
14:50:02.664 -> C,mood_str,50
14:50:02.664 -> C,ts_engage_write,143024472
14:50:02.664 -> C,engage_lvl,629
14:50:02.664 -> C,modifier,15
14:50:02.664 -> C,engage_floor,0
14:50:02.664 -> C,loop_us,272
14:50:02.756 -> C,ts_engage_write,143112369
14:50:02.849 -> C,ts_engage_write,143200370
14:50:02.945 -> C,ts_engage_write,143288375
14:50:03.038 -> C,ts_engage_write,143376370
14:50:03.130 -> C,ts_engage_write,143464369
14:50:03.177 -> C,ts_engage_write,143552370
14:50:03.177 -> C,engage_lvl,627
14:50:03.271 -> C,ts_engage_write,143640369
14:50:03.364 -> C,ts_engage_write,143728369
14:50:03.458 -> C,ts_engage_write,143816369
14:50:03.551 -> C,ts_engage_write,143904370
14:50:03.645 -> C,ts_engage_write,143992369
14:50:03.739 -> [FACE] heartbeat
14:50:03.739 -> C,mood_str,50
14:50:03.739 -> C,ts_engage_write,144080473
14:50:03.739 -> C,engage_lvl,626
14:50:03.739 -> C,modifier,15
14:50:03.739 -> C,engage_floor,0
14:50:03.739 -> C,loop_us,285
14:50:03.830 -> C,ts_engage_write,144168365
14:50:03.878 -> C,ts_engage_write,144256370
14:50:03.969 -> C,ts_engage_write,144344368
14:50:04.061 -> C,ts_engage_write,144432370
14:50:04.154 -> C,ts_engage_write,144520369
14:50:04.247 -> C,ts_engage_write,144608370
14:50:04.247 -> C,engage_lvl,624
14:50:04.340 -> C,ts_engage_write,144696369
14:50:04.433 -> C,ts_engage_write,144784369
14:50:04.526 -> C,ts_engage_write,144872369
14:50:04.619 -> C,ts_engage_write,144960370
14:50:04.712 -> C,ts_engage_write,145048369
14:50:04.759 -> [FACE] heartbeat
14:50:04.759 -> C,mood_str,50
14:50:04.759 -> C,ts_engage_write,145136481
14:50:04.759 -> C,engage_lvl,623
14:50:04.759 -> C,modifier,15
14:50:04.759 -> C,engage_floor,0
14:50:04.759 -> C,loop_us,292
14:50:04.851 -> C,ts_engage_write,145224362
14:50:04.946 -> C,ts_engage_write,145312371
14:50:05.039 -> C,ts_engage_write,145400368
14:50:05.134 -> C,ts_engage_write,145488370
14:50:05.227 -> C,ts_engage_write,145576369
14:50:05.321 -> C,ts_engage_write,145664370
14:50:05.321 -> C,engage_lvl,622
14:50:05.413 -> C,ts_engage_write,145752368
14:50:05.506 -> C,ts_engage_write,145840370
14:50:05.552 -> C,ts_engage_write,145928369
14:50:05.644 -> C,ts_engage_write,146016370
14:50:05.737 -> C,ts_engage_write,146104369
14:50:05.830 -> [FACE] heartbeat
14:50:05.830 -> C,mood_str,50
14:50:05.830 -> C,ts_engage_write,146192478
14:50:05.830 -> C,engage_lvl,620
14:50:05.830 -> C,modifier,15
14:50:05.830 -> C,engage_floor,0
14:50:05.830 -> C,loop_us,283
14:50:05.925 -> C,ts_engage_write,146280365
14:50:06.017 -> C,ts_engage_write,146368370
14:50:06.110 -> C,ts_engage_write,146456368
14:50:06.203 -> C,ts_engage_write,146544370
14:50:06.295 -> C,ts_engage_write,146632369
14:50:06.342 -> C,ts_engage_write,146720370
14:50:06.342 -> C,engage_lvl,619
14:50:06.435 -> C,ts_engage_write,146808368
14:50:06.529 -> C,ts_engage_write,146896370
14:50:06.622 -> C,ts_engage_write,146984369
14:50:06.716 -> C,ts_engage_write,147072370
14:50:06.809 -> C,ts_engage_write,147160369
14:50:06.901 -> [FACE] heartbeat
14:50:06.901 -> C,mood_str,50
14:50:06.901 -> C,ts_engage_write,147248481
14:50:06.901 -> C,engage_lvl,617
14:50:06.901 -> C,modifier,15
14:50:06.901 -> C,engage_floor,0
14:50:06.901 -> C,loop_us,284
14:50:06.995 -> C,ts_engage_write,147336365
14:50:07.088 -> C,ts_engage_write,147424370
14:50:07.135 -> C,ts_engage_write,147512368
14:50:07.228 -> C,ts_engage_write,147600370
14:50:07.320 -> C,ts_engage_write,147688369
14:50:07.414 -> C,ts_engage_write,147776376
14:50:07.414 -> C,engage_lvl,616
14:50:07.507 -> C,ts_engage_write,147864373
14:50:07.600 -> C,ts_engage_write,147952370
14:50:07.695 -> C,ts_engage_write,148040369
14:50:07.787 -> C,ts_engage_write,148128370
14:50:07.880 -> C,ts_engage_write,148216369
14:50:07.927 -> [FACE] heartbeat
14:50:07.927 -> C,mood_str,50
14:50:07.927 -> C,ts_engage_write,148304479
14:50:07.927 -> C,engage_lvl,615
14:50:07.927 -> C,modifier,15
14:50:07.927 -> C,engage_floor,0
14:50:07.927 -> C,loop_us,283
14:50:08.020 -> C,ts_engage_write,148392365
14:50:08.114 -> C,ts_engage_write,148480370
14:50:08.206 -> C,ts_engage_write,148568368
14:50:08.299 -> C,ts_engage_write,148656370
14:50:08.392 -> C,ts_engage_write,148744368
14:50:08.485 -> C,ts_engage_write,148832370
14:50:08.485 -> C,engage_lvl,613
14:50:08.580 -> C,ts_engage_write,148920369
14:50:08.673 -> C,ts_engage_write,149008370
14:50:08.721 -> C,ts_engage_write,149096369
14:50:08.812 -> C,ts_engage_write,149184370
14:50:08.905 -> C,ts_engage_write,149272369
14:50:08.997 -> [FACE] heartbeat
14:50:08.997 -> C,mood_str,50
14:50:08.997 -> C,ts_engage_write,149360479
14:50:08.997 -> C,engage_lvl,612
14:50:08.997 -> C,modifier,15
14:50:08.997 -> C,engage_floor,0
14:50:08.997 -> C,loop_us,283
14:50:09.091 -> C,ts_engage_write,149448365
14:50:09.185 -> C,ts_engage_write,149536370
14:50:09.277 -> C,ts_engage_write,149624368
14:50:09.369 -> C,ts_engage_write,149712370
14:50:09.462 -> C,ts_engage_write,149800368
14:50:09.553 -> C,ts_engage_write,149888370
14:50:09.553 -> C,engage_lvl,610
14:50:09.598 -> C,ts_engage_write,149976369
14:50:09.692 -> C,ts_engage_write,150064370
14:50:09.784 -> C,ts_engage_write,150152369
14:50:09.877 -> C,ts_engage_write,150240370
14:50:09.969 -> C,ts_engage_write,150328369
14:50:10.062 -> [FACE] heartbeat
14:50:10.062 -> C,mood_str,50
14:50:10.062 -> C,ts_engage_write,150416481
14:50:10.062 -> C,engage_lvl,609
14:50:10.062 -> C,modifier,15
14:50:10.062 -> C,engage_floor,0
14:50:10.062 -> C,loop_us,284
14:50:10.155 -> C,ts_engage_write,150504365
14:50:10.248 -> C,ts_engage_write,150592370
14:50:10.341 -> C,ts_engage_write,150680368
14:50:10.434 -> C,ts_engage_write,150768369
14:50:10.481 -> C,ts_engage_write,150856369
14:50:10.574 -> C,ts_engage_write,150944370
14:50:10.574 -> C,engage_lvl,608
14:50:10.667 -> C,ts_engage_write,151032369
14:50:10.760 -> C,ts_engage_write,151120370
14:50:10.853 -> C,ts_engage_write,151208369
14:50:10.946 -> C,ts_engage_write,151296370
14:50:11.041 -> C,ts_engage_write,151384369
14:50:11.135 -> [FACE] heartbeat
14:50:11.135 -> C,mood_str,50
14:50:11.135 -> C,ts_engage_write,151472479
14:50:11.135 -> C,engage_lvl,606
14:50:11.135 -> C,modifier,15
14:50:11.135 -> C,engage_floor,0
14:50:11.135 -> C,loop_us,284
14:50:11.180 -> C,ts_engage_write,151560367
14:50:11.274 -> C,ts_engage_write,151648370
14:50:11.365 -> C,ts_engage_write,151736368
14:50:11.459 -> C,ts_engage_write,151824370
14:50:11.550 -> C,ts_engage_write,151912369
14:50:11.643 -> C,ts_engage_write,152000377
14:50:11.643 -> C,engage_lvl,605
14:50:11.736 -> C,ts_engage_write,152088373
14:50:11.829 -> C,ts_engage_write,152176370
14:50:11.921 -> C,ts_engage_write,152264369
14:50:12.013 -> C,ts_engage_write,152352370
14:50:12.107 -> C,ts_engage_write,152440369
14:50:12.152 -> [FACE] heartbeat
14:50:12.152 -> C,mood_str,50
14:50:12.152 -> C,ts_engage_write,152528481
14:50:12.152 -> C,engage_lvl,603
14:50:12.152 -> C,modifier,15
14:50:12.152 -> C,engage_floor,0
14:50:12.152 -> C,loop_us,284
14:50:12.244 -> C,ts_engage_write,152616365
14:50:12.340 -> C,ts_engage_write,152704370
14:50:12.433 -> C,ts_engage_write,152792368
14:50:12.525 -> C,ts_engage_write,152880370
14:50:12.619 -> C,ts_engage_write,152968369
14:50:12.711 -> C,ts_engage_write,153056370
14:50:12.711 -> C,engage_lvl,602
14:50:12.803 -> C,ts_engage_write,153144369
14:50:12.894 -> C,ts_engage_write,153232370
14:50:12.986 -> C,ts_engage_write,153320369
14:50:13.032 -> C,ts_engage_write,153408370
14:50:13.125 -> C,ts_engage_write,153496369
14:50:13.219 -> [FACE] heartbeat
14:50:13.219 -> C,mood_str,50
14:50:13.219 -> C,ts_engage_write,153584479
14:50:13.219 -> C,engage_lvl,601
14:50:13.219 -> C,modifier,15
14:50:13.219 -> C,engage_floor,0
14:50:13.219 -> C,loop_us,284
14:50:13.313 -> C,ts_engage_write,153672365
14:50:13.406 -> C,ts_engage_write,153760369
14:50:13.500 -> C,ts_engage_write,153848368
14:50:13.594 -> C,ts_engage_write,153936370
14:50:13.688 -> C,ts_engage_write,154024369
14:50:13.733 -> C,ts_engage_write,154112370
14:50:13.733 -> C,engage_lvl,599
14:50:13.826 -> C,ts_engage_write,154200369
14:50:13.919 -> C,ts_engage_write,154288370
14:50:14.012 -> C,ts_engage_write,154376369
14:50:14.106 -> C,ts_engage_write,154464370
14:50:14.200 -> C,ts_engage_write,154552369
14:50:14.292 -> [FACE] heartbeat
14:50:14.292 -> C,mood_str,50
14:50:14.292 -> C,ts_engage_write,154640480
14:50:14.292 -> C,engage_lvl,598
14:50:14.292 -> C,modifier,15
14:50:14.292 -> C,engage_floor,0
14:50:14.292 -> C,loop_us,285
14:50:14.385 -> C,ts_engage_write,154728365
14:50:14.477 -> C,ts_engage_write,154816370
14:50:14.571 -> C,ts_engage_write,154904368
14:50:14.618 -> C,ts_engage_write,154992370
14:50:14.710 -> C,ts_engage_write,155080369
14:50:14.805 -> C,ts_engage_write,155168370
14:50:14.805 -> C,engage_lvl,596
14:50:14.897 -> C,ts_engage_write,155256369
14:50:14.990 -> C,ts_engage_write,155344370
14:50:15.083 -> C,ts_engage_write,155432369
14:50:15.176 -> C,ts_engage_write,155520370
14:50:15.268 -> C,ts_engage_write,155608369
14:50:15.360 -> [FACE] heartbeat
14:50:15.360 -> C,mood_str,50
14:50:15.360 -> C,ts_engage_write,155696473
14:50:15.360 -> C,engage_lvl,595
14:50:15.360 -> C,modifier,15
14:50:15.360 -> C,engage_floor,0
14:50:15.360 -> C,loop_us,285
14:50:15.406 -> C,ts_engage_write,155784365
14:50:15.499 -> C,ts_engage_write,155872370
14:50:15.593 -> C,ts_engage_write,155960368
14:50:15.685 -> C,ts_engage_write,156048370
14:50:15.778 -> C,ts_engage_write,156136369
14:50:15.871 -> C,ts_engage_write,156224370
14:50:15.871 -> C,engage_lvl,593
14:50:15.965 -> C,ts_engage_write,156312369
14:50:16.058 -> C,ts_engage_write,156400377
14:50:16.150 -> C,ts_engage_write,156488374
14:50:16.198 -> C,ts_engage_write,156576370
14:50:16.292 -> C,ts_engage_write,156664369
14:50:16.385 -> [FACE] heartbeat
14:50:16.385 -> C,mood_str,50
14:50:16.385 -> C,ts_engage_write,156752481
14:50:16.385 -> C,engage_lvl,592
14:50:16.385 -> C,modifier,15
14:50:16.385 -> C,engage_floor,0
14:50:16.385 -> C,loop_us,279
14:50:16.478 -> C,ts_engage_write,156840362
14:50:16.571 -> C,ts_engage_write,156928370
14:50:16.664 -> C,ts_engage_write,157016368
14:50:16.757 -> C,ts_engage_write,157104370
14:50:16.850 -> C,ts_engage_write,157192369
14:50:16.943 -> C,ts_engage_write,157280370
14:50:16.943 -> C,engage_lvl,591
14:50:16.990 -> C,ts_engage_write,157368369
14:50:17.083 -> C,ts_engage_write,157456370
14:50:17.177 -> C,ts_engage_write,157544369
14:50:17.271 -> C,ts_engage_write,157632370
14:50:17.364 -> C,ts_engage_write,157720369
14:50:17.456 -> [FACE] heartbeat
14:50:17.456 -> C,mood_str,50
14:50:17.456 -> C,ts_engage_write,157808483
14:50:17.456 -> C,engage_lvl,589
14:50:17.456 -> C,modifier,15
14:50:17.456 -> C,engage_floor,0
14:50:17.456 -> C,loop_us,285
14:50:17.548 -> C,ts_engage_write,157896365
14:50:17.642 -> C,ts_engage_write,157984370
14:50:17.734 -> C,ts_engage_write,158072368
14:50:17.780 -> C,ts_engage_write,158160370
14:50:17.873 -> C,ts_engage_write,158248369
14:50:17.966 -> C,ts_engage_write,158336370
14:50:17.966 -> C,engage_lvl,588
14:50:18.057 -> C,ts_engage_write,158424369
14:50:18.152 -> C,ts_engage_write,158512370
14:50:18.246 -> C,ts_engage_write,158600369
14:50:18.339 -> C,ts_engage_write,158688370
14:50:18.434 -> C,ts_engage_write,158776368
14:50:18.527 -> [FACE] heartbeat
14:50:18.527 -> C,mood_str,50
14:50:18.527 -> C,ts_engage_write,158864480
14:50:18.527 -> C,engage_lvl,586
14:50:18.527 -> C,modifier,15
14:50:18.527 -> C,engage_floor,0
14:50:18.527 -> C,loop_us,285
14:50:18.573 -> C,ts_engage_write,158952365
14:50:18.667 -> C,ts_engage_write,159040370
14:50:18.760 -> C,ts_engage_write,159128368
14:50:18.852 -> C,ts_engage_write,159216370
14:50:18.945 -> C,ts_engage_write,159304369
14:50:19.038 -> C,ts_engage_write,159392370
14:50:19.038 -> C,engage_lvl,585
14:50:19.131 -> C,ts_engage_write,159480369
14:50:19.224 -> C,ts_engage_write,159568370
14:50:19.317 -> C,ts_engage_write,159656369
14:50:19.410 -> C,ts_engage_write,159744369
14:50:19.456 -> C,ts_engage_write,159832369
14:50:19.548 -> [FACE] heartbeat
14:50:19.548 -> C,mood_str,50
14:50:19.548 -> C,ts_engage_write,159920472
14:50:19.548 -> C,engage_lvl,584
14:50:19.548 -> C,modifier,15
14:50:19.548 -> C,engage_floor,0
14:50:19.548 -> C,loop_us,287
14:50:19.641 -> C,ts_engage_write,160008368
14:50:19.735 -> C,ts_engage_write,160096370
14:50:19.829 -> C,ts_engage_write,160184375
14:50:19.922 -> C,ts_engage_write,160272370
14:50:20.014 -> C,ts_engage_write,160360369
14:50:20.107 -> C,ts_engage_write,160448370
14:50:20.107 -> C,engage_lvl,582
14:50:20.201 -> C,ts_engage_write,160536369
14:50:20.248 -> C,ts_engage_write,160624370
14:50:20.343 -> C,ts_engage_write,160712369
14:50:20.435 -> C,ts_engage_write,160800369
14:50:20.528 -> C,ts_engage_write,160888369
14:50:20.622 -> [FACE] heartbeat
14:50:20.622 -> C,mood_str,50
14:50:20.622 -> C,ts_engage_write,160976480
14:50:20.622 -> C,engage_lvl,581
14:50:20.622 -> C,modifier,15
14:50:20.622 -> C,engage_floor,0
14:50:20.622 -> C,loop_us,283
14:50:20.714 -> C,ts_engage_write,161064365
14:50:20.808 -> C,ts_engage_write,161152370
14:50:20.901 -> C,ts_engage_write,161240368
14:50:20.993 -> C,ts_engage_write,161328370
14:50:21.039 -> C,ts_engage_write,161416369
14:50:21.133 -> C,ts_engage_write,161504370
14:50:21.133 -> C,engage_lvl,579
14:50:21.227 -> C,ts_engage_write,161592369
14:50:21.319 -> C,ts_engage_write,161680370
14:50:21.413 -> C,ts_engage_write,161768368
14:50:21.506 -> C,ts_engage_write,161856370
14:50:21.598 -> C,ts_engage_write,161944369
14:50:21.691 -> [FACE] heartbeat
14:50:21.691 -> C,mood_str,50
14:50:21.691 -> C,ts_engage_write,162032480
14:50:21.691 -> C,engage_lvl,578
14:50:21.691 -> C,modifier,15
14:50:21.691 -> C,engage_floor,0
14:50:21.691 -> C,loop_us,284
14:50:21.784 -> C,ts_engage_write,162120368
14:50:21.831 -> C,ts_engage_write,162208370
14:50:21.925 -> C,ts_engage_write,162296368
14:50:22.018 -> C,ts_engage_write,162384370
14:50:22.112 -> C,ts_engage_write,162472369
14:50:22.206 -> C,ts_engage_write,162560370
14:50:22.206 -> C,engage_lvl,577
14:50:22.298 -> C,ts_engage_write,162648369
14:50:22.391 -> C,ts_engage_write,162736369
14:50:22.485 -> C,ts_engage_write,162824369
14:50:22.565 -> C,ts_engage_write,162912370
14:50:22.660 -> C,ts_engage_write,163000369
14:50:22.754 -> [FACE] heartbeat
14:50:22.754 -> C,mood_str,50
14:50:22.754 -> C,ts_engage_write,163088479
14:50:22.754 -> C,engage_lvl,575
14:50:22.754 -> C,modifier,15
14:50:22.754 -> C,engage_floor,0
14:50:22.754 -> C,loop_us,282
14:50:22.800 -> C,ts_engage_write,163176365
14:50:22.895 -> C,ts_engage_write,163264371
14:50:22.988 -> C,ts_engage_write,163352368
14:50:23.082 -> C,ts_engage_write,163440370
14:50:23.175 -> C,ts_engage_write,163528369
14:50:23.268 -> C,ts_engage_write,163616370
14:50:23.268 -> C,engage_lvl,574
14:50:23.362 -> C,ts_engage_write,163704369
14:50:23.454 -> C,ts_engage_write,163792369
14:50:23.500 -> C,ts_engage_write,163880369
14:50:23.593 -> C,ts_engage_write,163968370
14:50:23.686 -> C,ts_engage_write,164056369
14:50:23.781 -> [FACE] heartbeat
14:50:23.781 -> C,mood_str,50
14:50:23.781 -> C,ts_engage_write,164144491
14:50:23.781 -> C,engage_lvl,572
14:50:23.781 -> C,modifier,15
14:50:23.781 -> C,engage_floor,0
14:50:23.781 -> C,loop_us,297
14:50:23.873 -> C,ts_engage_write,164232373
14:50:23.966 -> C,ts_engage_write,164320370
14:50:24.058 -> C,ts_engage_write,164408368
14:50:24.152 -> C,ts_engage_write,164496370
14:50:24.245 -> C,ts_engage_write,164584369
14:50:24.339 -> C,ts_engage_write,164672370
14:50:24.339 -> C,engage_lvl,571
14:50:24.386 -> C,ts_engage_write,164760368
14:50:24.478 -> C,ts_engage_write,164848370
14:50:24.570 -> C,ts_engage_write,164936369
14:50:24.663 -> C,ts_engage_write,165024370
14:50:24.757 -> C,ts_engage_write,165112369
14:50:24.849 -> [FACE] heartbeat
14:50:24.849 -> C,mood_str,50
14:50:24.849 -> C,ts_engage_write,165200480
14:50:24.849 -> C,engage_lvl,570
14:50:24.849 -> C,modifier,15
14:50:24.849 -> C,engage_floor,0
14:50:24.849 -> C,loop_us,282
14:50:24.941 -> C,ts_engage_write,165288365
14:50:25.034 -> C,ts_engage_write,165376370
14:50:25.127 -> C,ts_engage_write,165464368
14:50:25.175 -> C,ts_engage_write,165552370
14:50:25.269 -> C,ts_engage_write,165640369
14:50:25.360 -> C,ts_engage_write,165728369
14:50:25.360 -> C,engage_lvl,568
14:50:25.451 -> C,ts_engage_write,165816369
14:50:25.545 -> C,ts_engage_write,165904370
14:50:25.638 -> C,ts_engage_write,165992369
14:50:25.732 -> C,ts_engage_write,166080370
14:50:25.825 -> C,ts_engage_write,166168369
14:50:25.918 -> [FACE] heartbeat
14:50:25.918 -> C,mood_str,50
14:50:25.918 -> C,ts_engage_write,166256479
14:50:25.918 -> C,engage_lvl,567
14:50:25.918 -> C,modifier,15
14:50:25.918 -> C,engage_floor,0
14:50:25.918 -> C,loop_us,281
14:50:25.965 -> C,ts_engage_write,166344365
14:50:26.059 -> C,ts_engage_write,166432370
14:50:26.151 -> C,ts_engage_write,166520368
14:50:26.245 -> C,ts_engage_write,166608370
14:50:26.337 -> C,ts_engage_write,166696369
14:50:26.431 -> C,ts_engage_write,166784369
14:50:26.431 -> C,engage_lvl,565
14:50:26.523 -> C,ts_engage_write,166872369
14:50:26.616 -> C,ts_engage_write,166960370
14:50:26.709 -> C,ts_engage_write,167048369
14:50:26.801 -> C,ts_engage_write,167136370
14:50:26.848 -> C,ts_engage_write,167224369
14:50:26.941 -> [FACE] heartbeat
14:50:26.941 -> C,mood_str,50
14:50:26.941 -> C,ts_engage_write,167312480
14:50:26.941 -> C,engage_lvl,564
14:50:26.941 -> C,modifier,15
14:50:26.941 -> C,engage_floor,0
14:50:26.941 -> C,loop_us,294
14:50:27.037 -> C,ts_engage_write,167400365
14:50:27.131 -> C,ts_engage_write,167488370
14:50:27.223 -> C,ts_engage_write,167576368
14:50:27.316 -> C,ts_engage_write,167664370
14:50:27.410 -> C,ts_engage_write,167752368
14:50:27.503 -> C,ts_engage_write,167840370
14:50:27.503 -> C,engage_lvl,563
14:50:27.549 -> C,ts_engage_write,167928369
14:50:27.642 -> C,ts_engage_write,168016370
14:50:27.734 -> C,ts_engage_write,168104369
14:50:27.826 -> C,ts_engage_write,168192370
14:50:27.919 -> C,ts_engage_write,168280369
14:50:28.012 -> [FACE] heartbeat
14:50:28.012 -> C,mood_str,50
14:50:28.012 -> C,ts_engage_write,168368492
14:50:28.012 -> C,engage_lvl,561
14:50:28.012 -> C,modifier,15
14:50:28.012 -> C,engage_floor,0
14:50:28.012 -> C,loop_us,302
14:50:28.108 -> C,ts_engage_write,168456370
14:50:28.200 -> C,ts_engage_write,168544370
14:50:28.293 -> C,ts_engage_write,168632368
14:50:28.387 -> C,ts_engage_write,168720370
14:50:28.435 -> C,ts_engage_write,168808368
14:50:28.529 -> C,ts_engage_write,168896370
14:50:28.529 -> C,engage_lvl,560
14:50:28.624 -> C,ts_engage_write,168984369
14:50:28.717 -> C,ts_engage_write,169072370
14:50:28.810 -> C,ts_engage_write,169160369
14:50:28.902 -> C,ts_engage_write,169248370
14:50:28.995 -> C,ts_engage_write,169336369
14:50:29.089 -> [FACE] heartbeat
14:50:29.089 -> C,mood_str,50
14:50:29.089 -> C,ts_engage_write,169424481
14:50:29.089 -> C,engage_lvl,558
14:50:29.089 -> C,modifier,15
14:50:29.089 -> C,engage_floor,0
14:50:29.089 -> C,loop_us,286
14:50:29.136 -> C,ts_engage_write,169512365
14:50:29.228 -> C,ts_engage_write,169600370
14:50:29.320 -> C,ts_engage_write,169688368
14:50:29.413 -> C,ts_engage_write,169776369
14:50:29.508 -> C,ts_engage_write,169864369
14:50:29.600 -> C,ts_engage_write,169952370
14:50:29.600 -> C,engage_lvl,557
14:50:29.693 -> C,ts_engage_write,170040369
14:50:29.788 -> C,ts_engage_write,170128370
14:50:29.881 -> C,ts_engage_write,170216369
14:50:29.928 -> C,ts_engage_write,170304370
14:50:30.021 -> C,ts_engage_write,170392369
14:50:30.113 -> [FACE] heartbeat
14:50:30.113 -> C,mood_str,50
14:50:30.113 -> C,ts_engage_write,170480479
14:50:30.113 -> C,engage_lvl,556
14:50:30.113 -> C,modifier,15
14:50:30.113 -> C,engage_floor,0
14:50:30.113 -> C,loop_us,284
14:50:30.207 -> C,ts_engage_write,170568365
14:50:30.299 -> C,ts_engage_write,170656370
14:50:30.393 -> C,ts_engage_write,170744368
14:50:30.486 -> C,ts_engage_write,170832370
14:50:30.578 -> C,ts_engage_write,170920369
14:50:30.672 -> C,ts_engage_write,171008370
14:50:30.672 -> C,engage_lvl,554
14:50:30.719 -> C,ts_engage_write,171096369
14:50:30.815 -> C,ts_engage_write,171184370
14:50:30.908 -> C,ts_engage_write,171272369
14:50:31.001 -> C,ts_engage_write,171360370
14:50:31.093 -> C,ts_engage_write,171448369
14:50:31.185 -> [FACE] heartbeat
14:50:31.185 -> C,mood_str,50
14:50:31.185 -> C,ts_engage_write,171536474
14:50:31.185 -> C,engage_lvl,553
14:50:31.185 -> C,modifier,15
14:50:31.185 -> C,engage_floor,0
14:50:31.185 -> C,loop_us,276
14:50:31.278 -> C,ts_engage_write,171624369
14:50:31.372 -> C,ts_engage_write,171712370
14:50:31.465 -> C,ts_engage_write,171800368
14:50:31.510 -> C,ts_engage_write,171888370
14:50:31.603 -> C,ts_engage_write,171976369
14:50:31.695 -> C,ts_engage_write,172064370
14:50:31.695 -> C,engage_lvl,551
14:50:31.788 -> C,ts_engage_write,172152369
14:50:31.881 -> C,ts_engage_write,172240370
14:50:31.975 -> C,ts_engage_write,172328369
14:50:32.068 -> C,ts_engage_write,172416370
14:50:32.162 -> C,ts_engage_write,172504375
14:50:32.255 -> [FACE] heartbeat
14:50:32.255 -> C,mood_str,50
14:50:32.255 -> C,ts_engage_write,172592480
14:50:32.255 -> C,engage_lvl,550
14:50:32.255 -> C,modifier,15
14:50:32.255 -> C,engage_floor,0
14:50:32.255 -> C,loop_us,281
14:50:32.301 -> C,ts_engage_write,172680365
14:50:32.395 -> C,ts_engage_write,172768369
14:50:32.489 -> C,ts_engage_write,172856368
14:50:32.582 -> C,ts_engage_write,172944370
14:50:32.674 -> C,ts_engage_write,173032369
14:50:32.767 -> C,ts_engage_write,173120370
14:50:32.767 -> C,engage_lvl,548
14:50:32.860 -> C,ts_engage_write,173208369
14:50:32.953 -> C,ts_engage_write,173296370
14:50:33.048 -> C,ts_engage_write,173384369
14:50:33.095 -> C,ts_engage_write,173472370
14:50:33.188 -> C,ts_engage_write,173560369
14:50:33.280 -> [FACE] heartbeat
14:50:33.280 -> C,mood_str,50
14:50:33.280 -> C,ts_engage_write,173648479
14:50:33.280 -> C,engage_lvl,547
14:50:33.280 -> C,modifier,15
14:50:33.280 -> C,engage_floor,0
14:50:33.280 -> C,loop_us,282
14:50:33.372 -> C,ts_engage_write,173736365
14:50:33.465 -> C,ts_engage_write,173824370
14:50:33.557 -> C,ts_engage_write,173912368
14:50:33.651 -> C,ts_engage_write,174000370
14:50:33.744 -> C,ts_engage_write,174088369
14:50:33.837 -> C,ts_engage_write,174176370
14:50:33.837 -> C,engage_lvl,546
14:50:33.928 -> C,ts_engage_write,174264369
14:50:33.975 -> C,ts_engage_write,174352370
14:50:34.068 -> C,ts_engage_write,174440369
14:50:34.161 -> C,ts_engage_write,174528370
14:50:34.254 -> C,ts_engage_write,174616369
14:50:34.348 -> [FACE] heartbeat
14:50:34.348 -> C,mood_str,50
14:50:34.348 -> C,ts_engage_write,174704473
14:50:34.348 -> C,engage_lvl,544
14:50:34.348 -> C,modifier,15
14:50:34.348 -> C,engage_floor,0
14:50:34.348 -> C,loop_us,286
14:50:34.441 -> C,ts_engage_write,174792368
14:50:34.533 -> C,ts_engage_write,174880370
14:50:34.627 -> C,ts_engage_write,174968368
14:50:34.720 -> C,ts_engage_write,175056370
14:50:34.767 -> C,ts_engage_write,175144369
14:50:34.860 -> C,ts_engage_write,175232370
14:50:34.860 -> C,engage_lvl,543
14:50:34.953 -> C,ts_engage_write,175320369
14:50:35.046 -> C,ts_engage_write,175408370
14:50:35.140 -> C,ts_engage_write,175496369
14:50:35.234 -> C,ts_engage_write,175584370
14:50:35.326 -> C,ts_engage_write,175672369
14:50:35.419 -> [FACE] heartbeat
14:50:35.419 -> C,mood_str,50
14:50:35.419 -> C,ts_engage_write,175760483
14:50:35.419 -> C,engage_lvl,541
14:50:35.419 -> C,modifier,15
14:50:35.419 -> C,engage_floor,0
14:50:35.419 -> C,loop_us,285
14:50:35.511 -> C,ts_engage_write,175848365
14:50:35.558 -> C,ts_engage_write,175936370
14:50:35.651 -> C,ts_engage_write,176024368
14:50:35.744 -> C,ts_engage_write,176112370
14:50:35.838 -> C,ts_engage_write,176200375
14:50:35.930 -> C,ts_engage_write,176288370
14:50:35.930 -> C,engage_lvl,540
14:50:36.024 -> C,ts_engage_write,176376369
14:50:36.115 -> C,ts_engage_write,176464370
14:50:36.210 -> C,ts_engage_write,176552369
14:50:36.304 -> C,ts_engage_write,176640370
14:50:36.349 -> C,ts_engage_write,176728368
14:50:36.442 -> [FACE] heartbeat
14:50:36.442 -> C,mood_str,50
14:50:36.442 -> C,ts_engage_write,176816473
14:50:36.442 -> C,engage_lvl,539
14:50:36.442 -> C,modifier,15
14:50:36.442 -> C,engage_floor,0
14:50:36.442 -> C,loop_us,281
14:50:36.535 -> C,ts_engage_write,176904365
14:50:36.628 -> C,ts_engage_write,176992370
14:50:36.721 -> C,ts_engage_write,177080368
14:50:36.817 -> C,ts_engage_write,177168370
14:50:36.909 -> C,ts_engage_write,177256369
14:50:37.002 -> C,ts_engage_write,177344370
14:50:37.002 -> C,engage_lvl,537
14:50:37.095 -> C,ts_engage_write,177432369
14:50:37.143 -> C,ts_engage_write,177520370
14:50:37.235 -> C,ts_engage_write,177608369
14:50:37.326 -> C,ts_engage_write,177696370
14:50:37.418 -> C,ts_engage_write,177784368
14:50:37.511 -> [FACE] heartbeat
14:50:37.511 -> C,mood_str,50
14:50:37.511 -> C,ts_engage_write,177872473
14:50:37.511 -> C,engage_lvl,536
14:50:37.511 -> C,modifier,15
14:50:37.511 -> C,engage_floor,0
14:50:37.511 -> C,loop_us,288
14:50:37.606 -> C,ts_engage_write,177960368
14:50:37.698 -> C,ts_engage_write,178048370
14:50:37.793 -> C,ts_engage_write,178136368
14:50:37.887 -> C,ts_engage_write,178224370
14:50:37.934 -> C,ts_engage_write,178312369
14:50:38.027 -> C,ts_engage_write,178400371
14:50:38.027 -> C,engage_lvl,534
14:50:38.119 -> C,ts_engage_write,178488369
14:50:38.212 -> C,ts_engage_write,178576370
14:50:38.305 -> C,ts_engage_write,178664369
14:50:38.399 -> C,ts_engage_write,178752369
14:50:38.491 -> C,ts_engage_write,178840369
14:50:38.583 -> [FACE] heartbeat
14:50:38.583 -> C,mood_str,50
14:50:38.583 -> C,ts_engage_write,178928479
14:50:38.583 -> C,engage_lvl,533
14:50:38.583 -> C,modifier,15
14:50:38.583 -> C,engage_floor,0
14:50:38.583 -> C,loop_us,281
14:50:38.675 -> C,ts_engage_write,179016365
14:50:38.768 -> C,ts_engage_write,179104370
14:50:38.816 -> C,ts_engage_write,179192368
14:50:38.906 -> C,ts_engage_write,179280370
14:50:38.998 -> C,ts_engage_write,179368369
14:50:39.091 -> C,ts_engage_write,179456370
14:50:39.091 -> C,engage_lvl,532
14:50:39.184 -> C,ts_engage_write,179544369
14:50:39.278 -> C,ts_engage_write,179632370
14:50:39.372 -> C,ts_engage_write,179720369
14:50:39.465 -> C,ts_engage_write,179808369
14:50:39.559 -> C,ts_engage_write,179896369
14:50:39.606 -> [FACE] heartbeat
14:50:39.606 -> C,mood_str,50
14:50:39.606 -> C,ts_engage_write,179984472
14:50:39.606 -> C,engage_lvl,530
14:50:39.606 -> C,modifier,15
14:50:39.606 -> C,engage_floor,0
14:50:39.606 -> C,loop_us,275
14:50:39.698 -> C,dom_touch,54
14:50:39.698 -> C,dom_sec,0
14:50:39.698 -> [MEM] tick: records=1 strength=54
14:50:39.698 -> C,rec_count,1
14:50:39.698 -> C,ts_engage_write,180072523
14:50:39.791 -> C,ts_engage_write,180160378
14:50:39.885 -> C,ts_engage_write,180248368
14:50:39.977 -> C,ts_engage_write,180336370
14:50:40.068 -> C,ts_engage_write,180424369
14:50:40.160 -> C,ts_engage_write,180512370
14:50:40.160 -> C,engage_lvl,529
14:50:40.253 -> C,ts_engage_write,180600369
14:50:40.345 -> C,ts_engage_write,180688377
14:50:40.440 -> C,ts_engage_write,180776373
14:50:40.488 -> C,ts_engage_write,180864370
14:50:40.579 -> C,ts_engage_write,180952369
14:50:40.674 -> [FACE] heartbeat
14:50:40.674 -> C,mood_str,50
14:50:40.674 -> C,ts_engage_write,181040474
14:50:40.674 -> C,engage_lvl,527
14:50:40.674 -> C,modifier,15
14:50:40.674 -> C,engage_floor,0
14:50:40.674 -> C,loop_us,278
14:50:40.766 -> C,ts_engage_write,181128368
14:50:40.858 -> C,ts_engage_write,181216370
14:50:40.950 -> C,ts_engage_write,181304368
14:50:41.042 -> C,ts_engage_write,181392370
14:50:41.135 -> C,ts_engage_write,181480369
14:50:41.229 -> C,ts_engage_write,181568370
14:50:41.229 -> C,engage_lvl,526
14:50:41.276 -> C,ts_engage_write,181656369
14:50:41.368 -> C,ts_engage_write,181744369
14:50:41.461 -> C,ts_engage_write,181832369
14:50:41.555 -> C,ts_engage_write,181920370
14:50:41.647 -> C,ts_engage_write,182008369
14:50:41.740 -> [FACE] heartbeat
14:50:41.740 -> C,mood_str,50
14:50:41.740 -> C,ts_engage_write,182096464
14:50:41.740 -> C,engage_lvl,525
14:50:41.740 -> C,modifier,15
14:50:41.740 -> C,engage_floor,0
14:50:41.740 -> C,loop_us,259
14:50:41.834 -> C,ts_engage_write,182184364
14:50:41.928 -> C,ts_engage_write,182272370
14:50:42.020 -> C,ts_engage_write,182360369
14:50:42.114 -> C,ts_engage_write,182448370
14:50:42.163 -> C,ts_engage_write,182536369
14:50:42.256 -> C,ts_engage_write,182624370
14:50:42.256 -> C,engage_lvl,523
14:50:42.350 -> C,ts_engage_write,182712369
14:50:42.443 -> C,ts_engage_write,182800369
14:50:42.537 -> C,ts_engage_write,182888369
14:50:42.630 -> C,ts_engage_write,182976370
14:50:42.725 -> C,ts_engage_write,183064369
14:50:42.818 -> [FACE] heartbeat
14:50:42.818 -> C,mood_str,50
14:50:42.818 -> C,ts_engage_write,183152468
14:50:42.818 -> C,engage_lvl,522
14:50:42.818 -> C,modifier,15
14:50:42.818 -> C,engage_floor,0
14:50:42.818 -> C,loop_us,270
14:50:42.865 -> C,ts_engage_write,183240362
14:50:42.959 -> C,ts_engage_write,183328370
14:50:43.050 -> C,ts_engage_write,183416369
14:50:43.144 -> C,ts_engage_write,183504370
14:50:43.238 -> C,ts_engage_write,183592369
14:50:43.329 -> C,ts_engage_write,183680370
14:50:43.329 -> C,engage_lvl,520
14:50:43.423 -> C,ts_engage_write,183768368
14:50:43.517 -> C,ts_engage_write,183856371
14:50:43.609 -> C,ts_engage_write,183947730
14:50:43.656 -> C,ts_engage_write,184035397
14:50:43.749 -> C,ts_engage_write,184123370
14:50:43.843 -> [FACE] heartbeat
14:50:43.843 -> C,mood_str,50
14:50:43.843 -> C,ts_engage_write,184211475
14:50:43.843 -> C,engage_lvl,519
14:50:43.843 -> C,modifier,15
14:50:43.843 -> C,engage_floor,0
14:50:43.843 -> C,loop_us,268
14:50:43.936 -> C,ts_engage_write,184299363
14:50:44.031 -> C,ts_engage_write,184387370
14:50:44.124 -> C,ts_engage_write,184475370
14:50:44.217 -> C,ts_engage_write,184563370
14:50:44.309 -> C,ts_engage_write,184651370
14:50:44.402 -> C,ts_engage_write,184739369
14:50:44.402 -> C,engage_lvl,518
14:50:44.450 -> C,ts_engage_write,184827370
14:50:44.542 -> C,ts_engage_write,184915370
14:50:44.635 -> C,ts_engage_write,185003370
14:50:44.728 -> C,ts_engage_write,185091370
14:50:44.820 -> C,ts_engage_write,185179370
14:50:44.914 -> [FACE] heartbeat
14:50:44.914 -> C,mood_str,50
14:50:44.914 -> C,ts_engage_write,185267494
14:50:44.914 -> C,engage_lvl,516
14:50:44.914 -> C,modifier,15
14:50:44.914 -> C,engage_floor,0
14:50:44.914 -> C,loop_us,308
14:50:45.008 -> C,ts_engage_write,185355374
14:50:45.099 -> C,ts_engage_write,185443370
14:50:45.192 -> C,ts_engage_write,185531369
14:50:45.240 -> C,ts_engage_write,185619370
14:50:45.332 -> C,ts_engage_write,185707370
14:50:45.426 -> C,ts_engage_write,185795369
14:50:45.426 -> C,engage_lvl,515
14:50:45.518 -> C,ts_engage_write,185883370
14:50:45.610 -> C,ts_engage_write,185971370
14:50:45.701 -> C,ts_engage_write,186059370
14:50:45.796 -> C,ts_engage_write,186147370
14:50:45.890 -> C,ts_engage_write,186235370
14:50:45.983 -> [FACE] heartbeat
14:50:45.983 -> C,mood_str,50
14:50:45.983 -> C,ts_engage_write,186323474
14:50:45.983 -> C,engage_lvl,513
14:50:45.983 -> C,modifier,15
14:50:45.983 -> C,engage_floor,0
14:50:45.983 -> C,loop_us,284
14:50:46.076 -> C,ts_engage_write,186411369
14:50:46.122 -> C,ts_engage_write,186499370
14:50:46.215 -> C,ts_engage_write,186587369
14:50:46.310 -> C,ts_engage_write,186675370
14:50:46.404 -> C,ts_engage_write,186763369
14:50:46.495 -> C,ts_engage_write,186851370
14:50:46.495 -> C,engage_lvl,512
14:50:46.590 -> C,ts_engage_write,186939370
14:50:46.681 -> C,ts_engage_write,187027370
14:50:46.776 -> C,ts_engage_write,187115370
14:50:46.869 -> C,ts_engage_write,187203370
14:50:46.916 -> C,ts_engage_write,187291370
14:50:47.010 -> [FACE] heartbeat
14:50:47.010 -> C,mood_str,50
14:50:47.010 -> C,ts_engage_write,187379458
14:50:47.010 -> C,engage_lvl,510
14:50:47.010 -> C,modifier,15
14:50:47.010 -> C,engage_floor,0
14:50:47.010 -> C,loop_us,236
14:50:47.103 -> C,ts_engage_write,187467366
14:50:47.196 -> C,ts_engage_write,187555370
14:50:47.290 -> C,ts_engage_write,187643370
14:50:47.383 -> C,ts_engage_write,187731369
14:50:47.476 -> C,ts_engage_write,187819370
14:50:47.568 -> C,ts_engage_write,187907370
14:50:47.568 -> C,engage_lvl,509
14:50:47.615 -> C,ts_engage_write,187995370
14:50:47.708 -> C,ts_engage_write,188083370
14:50:47.802 -> C,ts_engage_write,188171370
14:50:47.895 -> C,ts_engage_write,188259370
14:50:47.989 -> C,ts_engage_write,188347370
14:50:48.081 -> [FACE] heartbeat
14:50:48.081 -> C,mood_str,50
14:50:48.081 -> C,ts_engage_write,188435458
14:50:48.081 -> C,engage_lvl,508
14:50:48.081 -> C,modifier,15
14:50:48.081 -> C,engage_floor,0
14:50:48.081 -> C,loop_us,274
14:50:48.173 -> C,ts_engage_write,188523366
14:50:48.267 -> C,ts_engage_write,188611370
14:50:48.360 -> C,ts_engage_write,188699370
14:50:48.407 -> C,ts_engage_write,188787369
14:50:48.501 -> C,ts_engage_write,188875370
14:50:48.595 -> C,ts_engage_write,188963370
14:50:48.595 -> C,engage_lvl,506
14:50:48.688 -> C,ts_engage_write,189051378
14:50:48.781 -> C,ts_engage_write,189139370
14:50:48.874 -> C,ts_engage_write,189227370
14:50:48.967 -> C,ts_engage_write,189315370
14:50:49.061 -> C,ts_engage_write,189403370
14:50:49.154 -> [FACE] heartbeat
14:50:49.154 -> C,mood_str,50
14:50:49.154 -> C,ts_engage_write,189491460
14:50:49.154 -> C,engage_lvl,505
14:50:49.154 -> C,modifier,15
14:50:49.154 -> C,engage_floor,0
14:50:49.154 -> C,loop_us,271
14:50:49.200 -> C,ts_engage_write,189579370
14:50:49.293 -> C,ts_engage_write,189667370
14:50:49.385 -> C,ts_engage_write,189755369
14:50:49.478 -> C,ts_engage_write,189843370
14:50:49.572 -> C,ts_engage_write,189931370
14:50:49.666 -> C,ts_engage_write,190019370
14:50:49.666 -> C,engage_lvl,503
14:50:49.760 -> C,ts_engage_write,190107370
14:50:49.854 -> C,ts_engage_write,190195370
14:50:49.948 -> C,ts_engage_write,190283370
14:50:49.995 -> C,ts_engage_write,190371370
14:50:50.087 -> C,ts_engage_write,190459370
14:50:50.180 -> [FACE] heartbeat
14:50:50.180 -> C,mood_str,50
14:50:50.180 -> C,ts_engage_write,190547458
14:50:50.180 -> C,engage_lvl,502
14:50:50.180 -> C,modifier,15
14:50:50.180 -> C,engage_floor,0
14:50:50.180 -> C,loop_us,268
14:50:50.272 -> C,ts_engage_write,190635370
14:50:50.366 -> C,ts_engage_write,190723370
14:50:50.457 -> C,ts_engage_write,190811370
14:50:50.550 -> C,ts_engage_write,190899369
14:50:50.641 -> C,ts_engage_write,190987370
14:50:50.735 -> C,ts_engage_write,191075370
14:50:50.735 -> C,engage_lvl,501
14:50:50.829 -> C,ts_engage_write,191163370
14:50:50.877 -> C,ts_engage_write,191251370
14:50:50.969 -> C,ts_engage_write,191339370
14:50:51.062 -> C,ts_engage_write,191427370
14:50:51.154 -> C,ts_engage_write,191515370
14:50:51.248 -> [FACE] heartbeat
14:50:51.248 -> C,mood_str,50
14:50:51.248 -> C,ts_engage_write,191603458
14:50:51.248 -> C,engage_lvl,499
14:50:51.248 -> C,modifier,15
14:50:51.248 -> C,engage_floor,0
14:50:51.248 -> C,loop_us,259
14:50:51.341 -> C,ts_engage_write,191691366
14:50:51.435 -> C,ts_engage_write,191779369
14:50:51.529 -> C,ts_engage_write,191867370
14:50:51.575 -> C,ts_engage_write,191955370
14:50:51.668 -> C,ts_engage_write,192043370
14:50:51.762 -> C,ts_engage_write,192131370
14:50:51.762 -> C,engage_lvl,498
14:50:51.855 -> C,ts_engage_write,192219370
14:50:51.948 -> C,ts_engage_write,192307370
14:50:52.043 -> C,ts_engage_write,192395370
14:50:52.136 -> C,ts_engage_write,192483370
14:50:52.230 -> C,ts_engage_write,192571370
14:50:52.321 -> [FACE] heartbeat
14:50:52.321 -> C,mood_str,50
14:50:52.321 -> C,ts_engage_write,192659458
14:50:52.321 -> C,engage_lvl,496
14:50:52.321 -> C,modifier,15
14:50:52.321 -> C,engage_floor,0
14:50:52.321 -> C,loop_us,262
14:50:52.367 -> C,ts_engage_write,192747365
14:50:52.461 -> C,ts_engage_write,192835370
14:50:52.555 -> C,ts_engage_write,192923370
14:50:52.648 -> C,ts_engage_write,193011370
14:50:52.741 -> C,ts_engage_write,193099370
14:50:52.835 -> C,ts_engage_write,193187370
14:50:52.835 -> C,engage_lvl,495
14:50:52.929 -> C,ts_engage_write,193275378
14:50:53.024 -> C,ts_engage_write,193363370
14:50:53.070 -> C,ts_engage_write,193451370
14:50:53.163 -> C,ts_engage_write,193539370
14:50:53.256 -> C,ts_engage_write,193627370
14:50:53.351 -> [FACE] heartbeat
14:50:53.351 -> C,mood_str,50
14:50:53.351 -> C,ts_engage_write,193715475
14:50:53.351 -> C,engage_lvl,494
14:50:53.351 -> C,modifier,15
14:50:53.351 -> C,engage_floor,0
14:50:53.351 -> C,loop_us,268
14:50:53.444 -> C,ts_engage_write,193803365
14:50:53.538 -> C,ts_engage_write,193891370
14:50:53.631 -> C,ts_engage_write,193979370
14:50:53.723 -> C,ts_engage_write,194067370
14:50:53.815 -> C,ts_engage_write,194155370
14:50:53.908 -> C,ts_engage_write,194243370
14:50:53.908 -> C,engage_lvl,492
14:50:53.955 -> C,ts_engage_write,194331370
14:50:54.048 -> C,ts_engage_write,194419370
14:50:54.141 -> C,ts_engage_write,194507370
14:50:54.233 -> C,ts_engage_write,194595370
14:50:54.327 -> C,ts_engage_write,194683370
14:50:54.420 -> [FACE] heartbeat
14:50:54.420 -> C,mood_str,50
14:50:54.420 -> C,ts_engage_write,194771475
14:50:54.420 -> C,engage_lvl,491
14:50:54.420 -> C,modifier,15
14:50:54.420 -> C,engage_floor,0
14:50:54.420 -> C,loop_us,268
14:50:54.513 -> C,ts_engage_write,194859363
14:50:54.607 -> C,ts_engage_write,194947370
14:50:54.654 -> C,ts_engage_write,195035370
14:50:54.748 -> C,ts_engage_write,195123370
14:50:54.843 -> C,ts_engage_write,195211372
14:50:54.935 -> C,ts_engage_write,195299370
14:50:54.935 -> C,engage_lvl,489
14:50:55.015 -> C,ts_engage_write,195387370
14:50:55.108 -> C,ts_engage_write,195475370
14:50:55.200 -> C,ts_engage_write,195563370
14:50:55.295 -> C,ts_engage_write,195651370
14:50:55.388 -> C,ts_engage_write,195739369
14:50:55.481 -> [FACE] heartbeat
14:50:55.481 -> C,mood_str,50
14:50:55.481 -> C,ts_engage_write,195827481
14:50:55.481 -> C,engage_lvl,488
14:50:55.481 -> C,modifier,15
14:50:55.481 -> C,engage_floor,0
14:50:55.481 -> C,loop_us,279
14:50:55.573 -> C,ts_engage_write,195915363
14:50:55.666 -> C,ts_engage_write,196003370
14:50:55.711 -> C,ts_engage_write,196091369
14:50:55.803 -> C,ts_engage_write,196179370
14:50:55.897 -> C,ts_engage_write,196267370
14:50:55.990 -> C,ts_engage_write,196355370
14:50:55.990 -> C,engage_lvl,487
14:50:56.082 -> C,ts_engage_write,196443370
14:50:56.177 -> C,ts_engage_write,196531370
14:50:56.271 -> C,ts_engage_write,196619369
14:50:56.365 -> C,ts_engage_write,196707369
14:50:56.457 -> C,ts_engage_write,196795368
14:50:56.503 -> [FACE] heartbeat
14:50:56.503 -> C,mood_str,50
14:50:56.503 -> C,ts_engage_write,196883493
14:50:56.503 -> C,engage_lvl,485
14:50:56.503 -> C,modifier,15
14:50:56.503 -> C,engage_floor,0
14:50:56.503 -> C,loop_us,291
14:50:56.597 -> C,ts_engage_write,196971373
14:50:56.690 -> C,ts_engage_write,197059370
14:50:56.784 -> C,ts_engage_write,197147369
14:50:56.878 -> C,ts_engage_write,197235370
14:50:56.971 -> C,ts_engage_write,197323370
14:50:57.063 -> C,ts_engage_write,197411370
14:50:57.063 -> C,engage_lvl,484
14:50:57.155 -> C,ts_engage_write,197499370
14:50:57.248 -> C,ts_engage_write,197587370
14:50:57.295 -> C,ts_engage_write,197675370
14:50:57.388 -> C,ts_engage_write,197763369
14:50:57.481 -> C,ts_engage_write,197851370
14:50:57.576 -> [FACE] heartbeat
14:50:57.576 -> C,mood_str,50
14:50:57.576 -> C,ts_engage_write,197939473
14:50:57.576 -> C,engage_lvl,482
14:50:57.576 -> C,modifier,15
14:50:57.576 -> C,engage_floor,0
14:50:57.576 -> C,loop_us,265
14:50:57.669 -> C,ts_engage_write,198027369
14:50:57.762 -> C,ts_engage_write,198115370
14:50:57.855 -> C,ts_engage_write,198203369
14:50:57.948 -> C,ts_engage_write,198291370
14:50:58.041 -> C,ts_engage_write,198379370
14:50:58.086 -> C,ts_engage_write,198467370
14:50:58.086 -> C,engage_lvl,481
14:50:58.179 -> C,ts_engage_write,198555370
14:50:58.274 -> C,ts_engage_write,198643370
14:50:58.370 -> C,ts_engage_write,198731369
14:50:58.462 -> C,ts_engage_write,198819370
14:50:58.554 -> C,ts_engage_write,198907370
14:50:58.648 -> [FACE] heartbeat
14:50:58.648 -> C,mood_str,50
14:50:58.648 -> C,ts_engage_write,198995473
14:50:58.648 -> C,engage_lvl,480
14:50:58.648 -> C,modifier,15
14:50:58.648 -> C,engage_floor,0
14:50:58.648 -> C,loop_us,265
14:50:58.742 -> C,ts_engage_write,199083369
14:50:58.834 -> C,ts_engage_write,199171370
14:50:58.880 -> C,ts_engage_write,199259369
14:50:58.974 -> C,ts_engage_write,199347370
14:50:59.070 -> C,ts_engage_write,199435370
14:50:59.163 -> C,ts_engage_write,199523370
14:50:59.163 -> C,engage_lvl,478
14:50:59.256 -> C,ts_engage_write,199611370
14:50:59.349 -> C,ts_engage_write,199699370
14:50:59.443 -> C,ts_engage_write,199787369
14:50:59.536 -> C,ts_engage_write,199875370
14:50:59.583 -> C,ts_engage_write,199963370
14:50:59.677 -> [FACE] heartbeat
14:50:59.677 -> C,mood_str,50
14:50:59.677 -> C,ts_engage_write,200051479
14:50:59.677 -> C,engage_lvl,477
14:50:59.677 -> C,modifier,15
14:50:59.677 -> C,engage_floor,0
14:50:59.677 -> C,loop_us,274
14:50:59.770 -> C,ts_engage_write,200139366
14:50:59.863 -> C,ts_engage_write,200227370
14:50:59.956 -> C,ts_engage_write,200315369
14:51:00.051 -> C,ts_engage_write,200403370
14:51:00.143 -> C,ts_engage_write,200491370
14:51:00.236 -> C,ts_engage_write,200579370
14:51:00.236 -> C,engage_lvl,475
14:51:00.328 -> C,ts_engage_write,200667370
14:51:00.375 -> C,ts_engage_write,200755369
14:51:00.467 -> C,ts_engage_write,200843370
14:51:00.561 -> C,ts_engage_write,200931377
14:51:00.655 -> C,ts_engage_write,201019376
14:51:00.749 -> [FACE] heartbeat
14:51:00.749 -> C,mood_str,50
14:51:00.749 -> C,ts_engage_write,201107484
14:51:00.749 -> C,engage_lvl,474
14:51:00.749 -> C,modifier,15
14:51:00.749 -> C,engage_floor,0
14:51:00.749 -> C,loop_us,278
14:51:00.843 -> C,ts_engage_write,201195366
14:51:00.937 -> C,ts_engage_write,201283370
14:51:01.029 -> C,ts_engage_write,201371369
14:51:01.122 -> C,ts_engage_write,201459370
14:51:01.168 -> C,ts_engage_write,201547370
14:51:01.261 -> C,ts_engage_write,201635370
14:51:01.261 -> C,engage_lvl,473
14:51:01.353 -> C,ts_engage_write,201723370
14:51:01.446 -> C,ts_engage_write,201811370
14:51:01.540 -> C,ts_engage_write,201899369
14:51:01.632 -> C,ts_engage_write,201987370
14:51:01.726 -> C,ts_engage_write,202075370
14:51:01.820 -> [FACE] heartbeat
14:51:01.820 -> C,mood_str,50
14:51:01.820 -> C,ts_engage_write,202163478
14:51:01.820 -> C,engage_lvl,471
14:51:01.820 -> C,modifier,15
14:51:01.820 -> C,engage_floor,0
14:51:01.820 -> C,loop_us,268
14:51:01.913 -> C,ts_engage_write,202251363
14:51:01.959 -> C,ts_engage_write,202339370
14:51:02.052 -> C,ts_engage_write,202427370
14:51:02.145 -> C,ts_engage_write,202515370
14:51:02.238 -> C,ts_engage_write,202603370
14:51:02.329 -> C,ts_engage_write,202691370
14:51:02.329 -> C,engage_lvl,470
14:51:02.423 -> C,ts_engage_write,202779369
14:51:02.516 -> C,ts_engage_write,202867370
14:51:02.611 -> C,ts_engage_write,202955370
14:51:02.704 -> C,ts_engage_write,203043370
14:51:02.751 -> C,ts_engage_write,203131370
14:51:02.845 -> [FACE] heartbeat
14:51:02.845 -> C,mood_str,50
14:51:02.845 -> C,ts_engage_write,203219473
14:51:02.845 -> C,engage_lvl,468
14:51:02.845 -> C,modifier,15
14:51:02.845 -> C,engage_floor,0
14:51:02.845 -> C,loop_us,285
14:51:02.938 -> C,ts_engage_write,203307366
14:51:03.030 -> C,ts_engage_write,203395370
14:51:03.124 -> C,ts_engage_write,203483369
14:51:03.218 -> C,ts_engage_write,203571370
14:51:03.311 -> C,ts_engage_write,203659370
14:51:03.403 -> C,ts_engage_write,203747369
14:51:03.403 -> C,engage_lvl,467
14:51:03.496 -> C,ts_engage_write,203835370
14:51:03.542 -> C,ts_engage_write,203923370
14:51:03.633 -> C,ts_engage_write,204011370
14:51:03.727 -> C,ts_engage_write,204099370
14:51:03.821 -> C,ts_engage_write,204187370
14:51:03.913 -> [FACE] heartbeat
14:51:03.913 -> C,mood_str,50
14:51:03.913 -> C,ts_engage_write,204275481
14:51:03.913 -> C,engage_lvl,465
14:51:03.913 -> C,modifier,15
14:51:03.913 -> C,engage_floor,0
14:51:03.913 -> C,loop_us,285
14:51:04.007 -> C,ts_engage_write,204363366
14:51:04.099 -> C,ts_engage_write,204451370
14:51:04.193 -> C,ts_engage_write,204539369
14:51:04.285 -> C,ts_engage_write,204627370
14:51:04.378 -> C,ts_engage_write,204715370
14:51:04.424 -> C,ts_engage_write,204803369
14:51:04.424 -> C,engage_lvl,464
14:51:04.517 -> C,ts_engage_write,204891370
14:51:04.611 -> C,ts_engage_write,204979377
14:51:04.704 -> C,ts_engage_write,205067376
14:51:04.797 -> C,ts_engage_write,205155370
14:51:04.891 -> C,ts_engage_write,205243370
14:51:04.985 -> [FACE] heartbeat
14:51:04.985 -> C,mood_str,50
14:51:04.985 -> C,ts_engage_write,205331474
14:51:04.985 -> C,engage_lvl,463
14:51:04.985 -> C,modifier,15
14:51:04.985 -> C,engage_floor,0
14:51:04.985 -> C,loop_us,287
14:51:05.078 -> C,ts_engage_write,205419368
14:51:05.127 -> C,ts_engage_write,205507370
14:51:05.220 -> C,ts_engage_write,205595369
14:51:05.312 -> C,ts_engage_write,205683370
14:51:05.407 -> C,ts_engage_write,205771369
14:51:05.499 -> C,ts_engage_write,205859370
14:51:05.499 -> C,engage_lvl,461
14:51:05.594 -> C,ts_engage_write,205947370
14:51:05.688 -> C,ts_engage_write,206035370
14:51:05.780 -> C,ts_engage_write,206123370
14:51:05.872 -> C,ts_engage_write,206211370
14:51:05.918 -> C,ts_engage_write,206299370
14:51:06.011 -> [FACE] heartbeat
14:51:06.011 -> C,mood_str,50
14:51:06.011 -> C,ts_engage_write,206387479
14:51:06.011 -> C,engage_lvl,460
14:51:06.011 -> C,modifier,15
14:51:06.011 -> C,engage_floor,0
14:51:06.011 -> C,loop_us,282
14:51:06.105 -> C,ts_engage_write,206475366
14:51:06.198 -> C,ts_engage_write,206563370
14:51:06.291 -> C,ts_engage_write,206651370
14:51:06.385 -> C,ts_engage_write,206739369
14:51:06.478 -> C,ts_engage_write,206827370
14:51:06.570 -> C,ts_engage_write,206915370
14:51:06.570 -> C,engage_lvl,458
14:51:06.664 -> C,ts_engage_write,207003370
14:51:06.711 -> C,ts_engage_write,207091370
14:51:06.805 -> C,ts_engage_write,207179370
14:51:06.898 -> C,ts_engage_write,207267370
14:51:06.991 -> C,ts_engage_write,207355370
14:51:07.085 -> [FACE] heartbeat
14:51:07.085 -> C,mood_str,50
14:51:07.085 -> C,ts_engage_write,207443480
14:51:07.085 -> C,engage_lvl,457
14:51:07.085 -> C,modifier,15
14:51:07.085 -> C,engage_floor,0
14:51:07.085 -> C,loop_us,285
14:51:07.178 -> C,ts_engage_write,207531366
14:51:07.270 -> C,ts_engage_write,207619370
14:51:07.363 -> C,ts_engage_write,207707369
14:51:07.456 -> C,ts_engage_write,207795369
14:51:07.503 -> C,ts_engage_write,207883370
14:51:07.595 -> C,ts_engage_write,207971370
14:51:07.595 -> C,engage_lvl,456
14:51:07.689 -> C,ts_engage_write,208059370
14:51:07.782 -> C,ts_engage_write,208147370
14:51:07.876 -> C,ts_engage_write,208235370
14:51:07.969 -> C,ts_engage_write,208323370
14:51:08.063 -> C,ts_engage_write,208411370
14:51:08.156 -> [FACE] heartbeat
14:51:08.156 -> C,mood_str,50
14:51:08.156 -> C,ts_engage_write,208499481
14:51:08.156 -> C,engage_lvl,454
14:51:08.156 -> C,modifier,15
14:51:08.156 -> C,engage_floor,0
14:51:08.156 -> C,loop_us,285
14:51:08.250 -> C,ts_engage_write,208587369
14:51:08.298 -> C,ts_engage_write,208675370
14:51:08.393 -> C,ts_engage_write,208763369
14:51:08.485 -> C,ts_engage_write,208851370
14:51:08.577 -> C,ts_engage_write,208939370
14:51:08.671 -> C,ts_engage_write,209027370
14:51:08.671 -> C,engage_lvl,453
14:51:08.764 -> C,ts_engage_write,209115378
14:51:08.859 -> C,ts_engage_write,209203370
14:51:08.951 -> C,ts_engage_write,209291370
14:51:08.998 -> C,ts_engage_write,209379370
14:51:09.092 -> C,ts_engage_write,209467370
14:51:09.183 -> [FACE] heartbeat
14:51:09.183 -> C,mood_str,50
14:51:09.183 -> C,ts_engage_write,209555480
14:51:09.183 -> C,engage_lvl,451
14:51:09.183 -> C,modifier,15
14:51:09.183 -> C,engage_floor,0
14:51:09.183 -> C,loop_us,285
14:51:09.276 -> C,ts_engage_write,209643369
14:51:09.368 -> C,ts_engage_write,209731369
14:51:09.461 -> C,ts_engage_write,209819369
14:51:09.555 -> C,ts_engage_write,209907370
14:51:09.650 -> C,ts_engage_write,209995370
14:51:09.743 -> C,ts_engage_write,210083370
14:51:09.743 -> C,engage_lvl,450
14:51:09.790 -> C,ts_engage_write,210171370
14:51:09.882 -> C,ts_engage_write,210259370
14:51:09.976 -> C,ts_engage_write,210347370
14:51:10.070 -> C,ts_engage_write,210435370
14:51:10.162 -> C,ts_engage_write,210523370
14:51:10.256 -> [FACE] heartbeat
14:51:10.256 -> C,mood_str,50
14:51:10.256 -> C,ts_engage_write,210611479
14:51:10.256 -> C,engage_lvl,449
14:51:10.256 -> C,modifier,15
14:51:10.256 -> C,engage_floor,0
14:51:10.256 -> C,loop_us,284
14:51:10.348 -> C,ts_engage_write,210699366
14:51:10.442 -> C,ts_engage_write,210787369
14:51:10.535 -> C,ts_engage_write,210875369
14:51:10.582 -> C,ts_engage_write,210963370
14:51:10.675 -> C,ts_engage_write,211051370
14:51:10.770 -> C,ts_engage_write,211139370
14:51:10.770 -> C,engage_lvl,447
14:51:10.862 -> C,ts_engage_write,211227370
14:51:10.956 -> C,ts_engage_write,211315370
14:51:11.051 -> C,ts_engage_write,211403370
14:51:11.145 -> C,ts_engage_write,211491370
14:51:11.238 -> C,ts_engage_write,211579370
14:51:11.331 -> [FACE] heartbeat
14:51:11.331 -> C,mood_str,50
14:51:11.331 -> C,ts_engage_write,211667482
14:51:11.331 -> C,engage_lvl,446
14:51:11.331 -> C,modifier,15
14:51:11.331 -> C,engage_floor,0
14:51:11.331 -> C,loop_us,285
14:51:11.377 -> C,ts_engage_write,211755367
14:51:11.469 -> C,ts_engage_write,211843370
14:51:11.560 -> C,ts_engage_write,211931369
14:51:11.654 -> C,ts_engage_write,212019370
14:51:11.748 -> C,ts_engage_write,212107370
14:51:11.841 -> C,ts_engage_write,212195370
14:51:11.841 -> C,engage_lvl,444
14:51:11.934 -> C,ts_engage_write,212283370
14:51:12.027 -> C,ts_engage_write,212371370
14:51:12.119 -> C,ts_engage_write,212459370
14:51:12.166 -> C,ts_engage_write,212547370
14:51:12.259 -> C,ts_engage_write,212635370
14:51:12.351 -> [FACE] heartbeat
14:51:12.351 -> C,mood_str,50
14:51:12.351 -> C,ts_engage_write,212723474
14:51:12.351 -> C,engage_lvl,443
14:51:12.351 -> C,modifier,15
14:51:12.351 -> C,engage_floor,0
14:51:12.351 -> C,loop_us,287
14:51:12.443 -> C,ts_engage_write,212811371
14:51:12.536 -> C,ts_engage_write,212899370
14:51:12.629 -> C,ts_engage_write,212987369
14:51:12.723 -> C,ts_engage_write,213075370
14:51:12.816 -> C,ts_engage_write,213163370
14:51:12.910 -> C,ts_engage_write,213251370
14:51:12.910 -> C,engage_lvl,442
14:51:13.003 -> C,ts_engage_write,213339378
14:51:13.049 -> C,ts_engage_write,213427370
14:51:13.143 -> C,ts_engage_write,213515370
14:51:13.236 -> C,ts_engage_write,213603370
14:51:13.329 -> C,ts_engage_write,213691370
14:51:13.422 -> [FACE] heartbeat
14:51:13.422 -> C,mood_str,50
14:51:13.422 -> C,ts_engage_write,213779481
14:51:13.422 -> C,engage_lvl,440
14:51:13.422 -> C,modifier,15
14:51:13.422 -> C,engage_floor,0
14:51:13.422 -> C,loop_us,285
14:51:13.516 -> C,ts_engage_write,213867366
14:51:13.610 -> C,ts_engage_write,213955370
14:51:13.702 -> C,ts_engage_write,214043369
14:51:13.750 -> C,ts_engage_write,214131370
14:51:13.843 -> C,ts_engage_write,214219370
14:51:13.936 -> C,ts_engage_write,214307370
14:51:13.936 -> C,engage_lvl,439
14:51:14.028 -> C,ts_engage_write,214395370
14:51:14.122 -> C,ts_engage_write,214483370
14:51:14.215 -> C,ts_engage_write,214571370
14:51:14.310 -> C,ts_engage_write,214659370
14:51:14.403 -> C,ts_engage_write,214747369
14:51:14.496 -> [FACE] heartbeat
14:51:14.496 -> C,mood_str,50
14:51:14.496 -> C,ts_engage_write,214835473
14:51:14.496 -> C,engage_lvl,437
14:51:14.496 -> C,modifier,15
14:51:14.496 -> C,engage_floor,0
14:51:14.496 -> C,loop_us,288
14:51:14.544 -> C,ts_engage_write,214923369
14:51:14.636 -> C,ts_engage_write,215011370
14:51:14.729 -> C,ts_engage_write,215099369
14:51:14.822 -> C,ts_engage_write,215187370
14:51:14.917 -> C,ts_engage_write,215275370
14:51:15.009 -> C,ts_engage_write,215363370
14:51:15.009 -> C,engage_lvl,436
14:51:15.102 -> C,ts_engage_write,215451370
14:51:15.196 -> C,ts_engage_write,215539370
14:51:15.289 -> C,ts_engage_write,215627370
14:51:15.335 -> C,ts_engage_write,215715370
14:51:15.428 -> C,ts_engage_write,215803369
14:51:15.524 -> [FACE] heartbeat
14:51:15.524 -> C,mood_str,50
14:51:15.524 -> C,ts_engage_write,215891481
14:51:15.524 -> C,engage_lvl,435
14:51:15.524 -> C,modifier,15
14:51:15.524 -> C,engage_floor,0
14:51:15.524 -> C,loop_us,283
14:51:15.617 -> C,ts_engage_write,215979366
14:51:15.710 -> C,ts_engage_write,216067370
14:51:15.802 -> C,ts_engage_write,216155369
14:51:15.895 -> C,ts_engage_write,216243370
14:51:15.987 -> C,ts_engage_write,216331370
14:51:16.081 -> C,ts_engage_write,216419370
14:51:16.081 -> C,engage_lvl,433
14:51:16.127 -> C,ts_engage_write,216507370
14:51:16.219 -> C,ts_engage_write,216595370
14:51:16.313 -> C,ts_engage_write,216683370
14:51:16.405 -> C,ts_engage_write,216771369
14:51:16.498 -> C,ts_engage_write,216859370
14:51:16.591 -> [FACE] heartbeat
14:51:16.591 -> C,mood_str,50
14:51:16.591 -> C,ts_engage_write,216947492
14:51:16.591 -> C,engage_lvl,432
14:51:16.591 -> C,modifier,15
14:51:16.591 -> C,engage_floor,0
14:51:16.591 -> C,loop_us,295
14:51:16.684 -> C,ts_engage_write,217035374
14:51:16.777 -> C,ts_engage_write,217123370
14:51:16.870 -> C,ts_engage_write,217211369
14:51:16.964 -> C,ts_engage_write,217299370
14:51:17.011 -> C,ts_engage_write,217387370
14:51:17.104 -> C,ts_engage_write,217475370
14:51:17.104 -> C,engage_lvl,430
14:51:17.196 -> C,ts_engage_write,217563370
14:51:17.292 -> C,ts_engage_write,217651370
14:51:17.385 -> C,ts_engage_write,217739369
14:51:17.478 -> C,ts_engage_write,217827370
14:51:17.571 -> C,ts_engage_write,217915370
14:51:17.663 -> [FACE] heartbeat
14:51:17.663 -> C,mood_str,50
14:51:17.663 -> C,ts_engage_write,218003473
14:51:17.663 -> C,engage_lvl,429
14:51:17.663 -> C,modifier,15
14:51:17.663 -> C,engage_floor,0
14:51:17.663 -> C,loop_us,288
14:51:17.755 -> C,ts_engage_write,218091369
14:51:17.801 -> C,ts_engage_write,218179370
14:51:17.894 -> C,ts_engage_write,218267369
14:51:17.988 -> C,ts_engage_write,218355370
14:51:18.079 -> C,ts_engage_write,218443370
14:51:18.171 -> C,ts_engage_write,218531370
14:51:18.171 -> C,engage_lvl,428
14:51:18.264 -> C,ts_engage_write,218619370
14:51:18.357 -> C,ts_engage_write,218707370
14:51:18.448 -> C,ts_engage_write,218795369
14:51:18.540 -> C,ts_engage_write,218883370
14:51:18.634 -> C,ts_engage_write,218971370
14:51:18.680 -> [FACE] heartbeat
14:51:18.680 -> C,mood_str,50
14:51:18.680 -> C,ts_engage_write,219059481
14:51:18.680 -> C,engage_lvl,426
14:51:18.680 -> C,modifier,15
14:51:18.680 -> C,engage_floor,0
14:51:18.680 -> C,loop_us,283
14:51:18.773 -> C,ts_engage_write,219147366
14:51:18.867 -> C,ts_engage_write,219235370
14:51:18.960 -> C,ts_engage_write,219323369
14:51:19.052 -> C,ts_engage_write,219411370
14:51:19.145 -> C,ts_engage_write,219499370
14:51:19.237 -> C,ts_engage_write,219587370
14:51:19.237 -> C,engage_lvl,425
14:51:19.328 -> C,ts_engage_write,219675370
14:51:19.419 -> C,ts_engage_write,219763369
14:51:19.512 -> C,ts_engage_write,219851370
14:51:19.560 -> C,ts_engage_write,219939370
14:51:19.653 -> C,ts_engage_write,220027370
14:51:19.746 -> [FACE] heartbeat
14:51:19.746 -> C,mood_str,50
14:51:19.746 -> C,ts_engage_write,220115474
14:51:19.746 -> C,engage_lvl,423
14:51:19.746 -> C,modifier,15
14:51:19.746 -> C,engage_floor,0
14:51:19.746 -> C,loop_us,277
14:51:19.840 -> C,ts_engage_write,220203369
14:51:19.932 -> C,ts_engage_write,220291372
14:51:20.025 -> C,ts_engage_write,220379369
14:51:20.117 -> C,ts_engage_write,220467370
14:51:20.212 -> C,ts_engage_write,220555370
14:51:20.305 -> C,ts_engage_write,220643370
14:51:20.305 -> C,engage_lvl,422
14:51:20.351 -> C,ts_engage_write,220731369
14:51:20.444 -> C,ts_engage_write,220819370
14:51:20.536 -> C,ts_engage_write,220907370
14:51:20.629 -> C,ts_engage_write,220995370
14:51:20.724 -> C,ts_engage_write,221083370
14:51:20.816 -> [FACE] heartbeat
14:51:20.816 -> C,mood_str,50
14:51:20.816 -> C,ts_engage_write,221171483
14:51:20.816 -> C,engage_lvl,420
14:51:20.816 -> C,modifier,15
14:51:20.816 -> C,engage_floor,0
14:51:20.816 -> C,loop_us,286
14:51:20.908 -> C,ts_engage_write,221259366
14:51:21.002 -> C,ts_engage_write,221347370
14:51:21.096 -> C,ts_engage_write,221435369
14:51:21.143 -> C,ts_engage_write,221523377
14:51:21.235 -> C,ts_engage_write,221611376
14:51:21.328 -> C,ts_engage_write,221699370
14:51:21.328 -> C,engage_lvl,419
14:51:21.420 -> C,ts_engage_write,221787369
14:51:21.512 -> C,ts_engage_write,221875370
14:51:21.605 -> C,ts_engage_write,221963370
14:51:21.698 -> C,ts_engage_write,222051370
14:51:21.791 -> C,ts_engage_write,222139370
14:51:21.882 -> [FACE] heartbeat
14:51:21.882 -> C,mood_str,50
14:51:21.882 -> C,ts_engage_write,222227459
14:51:21.882 -> C,engage_lvl,418
14:51:21.882 -> C,modifier,15
14:51:21.882 -> C,engage_floor,0
14:51:21.882 -> C,loop_us,277
14:51:21.974 -> C,ts_engage_write,222315370
14:51:22.067 -> C,ts_engage_write,222403370
14:51:22.113 -> C,ts_engage_write,222491370
14:51:22.207 -> C,ts_engage_write,222579370
14:51:22.299 -> C,ts_engage_write,222667370
14:51:22.393 -> C,ts_engage_write,222755369
14:51:22.393 -> C,engage_lvl,416
14:51:22.485 -> C,ts_engage_write,222843370
14:51:22.578 -> C,ts_engage_write,222931370
14:51:22.671 -> C,ts_engage_write,223019370
14:51:22.764 -> C,ts_engage_write,223107370
14:51:22.856 -> C,ts_engage_write,223195370
14:51:22.902 -> [FACE] heartbeat
14:51:22.902 -> C,mood_str,50
14:51:22.902 -> C,ts_engage_write,223283474
14:51:22.902 -> C,engage_lvl,415
14:51:22.902 -> C,modifier,15
14:51:22.902 -> C,engage_floor,0
14:51:22.902 -> C,loop_us,285
14:51:22.996 -> C,ts_engage_write,223371369
14:51:23.089 -> C,ts_engage_write,223459370
14:51:23.183 -> C,ts_engage_write,223547369
14:51:23.276 -> C,ts_engage_write,223635370
14:51:23.369 -> C,ts_engage_write,223723370
14:51:23.461 -> C,ts_engage_write,223811370
14:51:23.461 -> C,engage_lvl,413
14:51:23.555 -> C,ts_engage_write,223899369
14:51:23.648 -> C,ts_engage_write,223987370
14:51:23.694 -> C,ts_engage_write,224075370
14:51:23.787 -> C,ts_engage_write,224163370
14:51:23.881 -> C,ts_engage_write,224251370
14:51:23.974 -> [FACE] heartbeat
14:51:23.974 -> C,mood_str,50
14:51:23.974 -> C,ts_engage_write,224339480
14:51:23.974 -> C,engage_lvl,412
14:51:23.974 -> C,modifier,15
14:51:23.974 -> C,engage_floor,0
14:51:23.974 -> C,loop_us,285
14:51:24.067 -> C,ts_engage_write,224427366
14:51:24.159 -> C,ts_engage_write,224515370
14:51:24.252 -> C,ts_engage_write,224603369
14:51:24.345 -> C,ts_engage_write,224691370
14:51:24.438 -> C,ts_engage_write,224779369
14:51:24.485 -> C,ts_engage_write,224867370
14:51:24.531 -> C,engage_lvl,411
14:51:24.578 -> C,ts_engage_write,224955370
14:51:24.672 -> C,ts_engage_write,225043370
14:51:24.765 -> C,ts_engage_write,225131370
14:51:24.859 -> C,ts_engage_write,225219370
14:51:24.952 -> C,ts_engage_write,225307370
14:51:25.045 -> [FACE] heartbeat
14:51:25.045 -> C,mood_str,50
14:51:25.045 -> C,ts_engage_write,225395474
14:51:25.045 -> C,engage_lvl,409
14:51:25.045 -> C,modifier,15
14:51:25.045 -> C,engage_floor,0
14:51:25.045 -> C,loop_us,288
14:51:25.139 -> C,ts_engage_write,225483369
14:51:25.230 -> C,ts_engage_write,225571370
14:51:25.323 -> C,ts_engage_write,225659369
14:51:25.369 -> C,ts_engage_write,225747369
14:51:25.462 -> C,ts_engage_write,225835370
14:51:25.556 -> C,ts_engage_write,225923370
14:51:25.556 -> C,engage_lvl,408
14:51:25.650 -> C,ts_engage_write,226011370
14:51:25.743 -> C,ts_engage_write,226099377
14:51:25.836 -> C,ts_engage_write,226187376
14:51:25.929 -> C,ts_engage_write,226275370
14:51:26.022 -> C,ts_engage_write,226363370
14:51:26.115 -> [FACE] heartbeat
14:51:26.115 -> C,mood_str,50
14:51:26.115 -> C,ts_engage_write,226451475
14:51:26.115 -> C,engage_lvl,406
14:51:26.115 -> C,modifier,15
14:51:26.115 -> C,engage_floor,0
14:51:26.115 -> C,loop_us,286
14:51:26.161 -> C,ts_engage_write,226539369
14:51:26.256 -> C,ts_engage_write,226627370
14:51:26.348 -> C,ts_engage_write,226715369
14:51:26.442 -> C,ts_engage_write,226803369
14:51:26.534 -> C,ts_engage_write,226891370
14:51:26.629 -> C,ts_engage_write,226979370
14:51:26.629 -> C,engage_lvl,405
14:51:26.709 -> C,ts_engage_write,227067370
14:51:26.801 -> C,ts_engage_write,227155370
14:51:26.894 -> C,ts_engage_write,227243370
14:51:26.987 -> C,ts_engage_write,227331370
14:51:27.080 -> C,ts_engage_write,227419370
14:51:27.125 -> [FACE] heartbeat
14:51:27.125 -> C,mood_str,50
14:51:27.125 -> C,ts_engage_write,227507480
14:51:27.125 -> C,engage_lvl,404
14:51:27.125 -> C,modifier,15
14:51:27.125 -> C,engage_floor,0
14:51:27.125 -> C,loop_us,283
14:51:27.217 -> C,ts_engage_write,227595366
14:51:27.309 -> C,ts_engage_write,227683370
14:51:27.402 -> C,ts_engage_write,227771370
14:51:27.495 -> C,ts_engage_write,227859370
14:51:27.588 -> C,ts_engage_write,227947370
14:51:27.680 -> C,ts_engage_write,228035370
14:51:27.680 -> C,engage_lvl,402
14:51:27.775 -> C,ts_engage_write,228123370
14:51:27.868 -> C,ts_engage_write,228211370
14:51:27.962 -> C,ts_engage_write,228299370
14:51:28.008 -> C,ts_engage_write,228387370
14:51:28.101 -> C,ts_engage_write,228475370
14:51:28.195 -> [FACE] heartbeat
14:51:28.195 -> C,mood_str,50
14:51:28.195 -> C,ts_engage_write,228563474
14:51:28.195 -> C,engage_lvl,401
14:51:28.195 -> C,modifier,15
14:51:28.195 -> C,engage_floor,0
14:51:28.195 -> C,loop_us,289
14:51:28.288 -> C,ts_engage_write,228651369
14:51:28.380 -> C,ts_engage_write,228739369
14:51:28.472 -> C,ts_engage_write,228827369
14:51:28.565 -> C,ts_engage_write,228915370
14:51:28.658 -> C,ts_engage_write,229003370
14:51:28.751 -> C,ts_engage_write,229091370
14:51:28.751 -> C,engage_lvl,399
14:51:28.798 -> C,ts_engage_write,229179370
14:51:28.891 -> C,ts_engage_write,229267370
14:51:28.984 -> C,ts_engage_write,229355370
14:51:29.078 -> C,ts_engage_write,229443370
14:51:29.173 -> C,ts_engage_write,229531370
14:51:29.265 -> [FACE] heartbeat
14:51:29.265 -> C,mood_str,50
14:51:29.265 -> C,ts_engage_write,229619479
14:51:29.265 -> C,engage_lvl,398
14:51:29.265 -> C,modifier,15
14:51:29.265 -> C,engage_floor,0
14:51:29.265 -> C,loop_us,284
14:51:29.358 -> C,ts_engage_write,229707366
14:51:29.450 -> C,ts_engage_write,229795369
14:51:29.544 -> C,ts_engage_write,229883369
14:51:29.591 -> C,ts_engage_write,229971370
14:51:29.684 -> C,ts_engage_write,230059370
14:51:29.778 -> C,ts_engage_write,230147370
14:51:29.778 -> C,engage_lvl,397
14:51:29.872 -> C,ts_engage_write,230235370
14:51:29.965 -> C,ts_engage_write,230323370
14:51:30.059 -> C,ts_engage_write,230411377
14:51:30.153 -> C,ts_engage_write,230499370
14:51:30.245 -> C,ts_engage_write,230587370
14:51:30.337 -> [FACE] heartbeat
14:51:30.337 -> C,mood_str,50
14:51:30.337 -> C,ts_engage_write,230675482
14:51:30.337 -> C,engage_lvl,395
14:51:30.337 -> C,modifier,15
14:51:30.337 -> C,engage_floor,0
14:51:30.337 -> C,loop_us,286
14:51:30.384 -> C,ts_engage_write,230763370
14:51:30.475 -> C,ts_engage_write,230851370
14:51:30.569 -> C,ts_engage_write,230939369
14:51:30.660 -> C,ts_engage_write,231027370
14:51:30.755 -> C,ts_engage_write,231115370
14:51:30.848 -> C,ts_engage_write,231203370
14:51:30.848 -> C,engage_lvl,394
14:51:30.942 -> C,ts_engage_write,231291370
14:51:31.035 -> C,ts_engage_write,231379370
14:51:31.128 -> C,ts_engage_write,231467370
14:51:31.175 -> C,ts_engage_write,231555370
14:51:31.267 -> C,ts_engage_write,231643370
14:51:31.360 -> [FACE] heartbeat
14:51:31.360 -> C,mood_str,50
14:51:31.360 -> C,ts_engage_write,231731481
14:51:31.360 -> C,engage_lvl,392
14:51:31.360 -> C,modifier,15
14:51:31.360 -> C,engage_floor,0
14:51:31.360 -> C,loop_us,283
14:51:31.454 -> C,ts_engage_write,231819366
14:51:31.547 -> C,ts_engage_write,231907370
14:51:31.639 -> C,ts_engage_write,231995369
14:51:31.731 -> C,ts_engage_write,232083370
14:51:31.827 -> C,ts_engage_write,232171370
14:51:31.919 -> C,ts_engage_write,232259370
14:51:31.919 -> C,engage_lvl,391
14:51:31.967 -> C,ts_engage_write,232347370
14:51:32.060 -> C,ts_engage_write,232435370
14:51:32.154 -> C,ts_engage_write,232523370
14:51:32.246 -> C,ts_engage_write,232611370
14:51:32.338 -> C,ts_engage_write,232699370
14:51:32.431 -> [FACE] heartbeat
14:51:32.431 -> C,mood_str,50
14:51:32.431 -> C,ts_engage_write,232787482
14:51:32.431 -> C,engage_lvl,390
14:51:32.431 -> C,modifier,15
14:51:32.431 -> C,engage_floor,0
14:51:32.431 -> C,loop_us,281
14:51:32.526 -> C,ts_engage_write,232875363
14:51:32.618 -> C,ts_engage_write,232963370
14:51:32.711 -> C,ts_engage_write,233051369
14:51:32.758 -> C,ts_engage_write,233139370
14:51:32.850 -> C,ts_engage_write,233227370
14:51:32.942 -> C,ts_engage_write,233315370
14:51:32.942 -> C,engage_lvl,388
14:51:33.035 -> C,ts_engage_write,233403370
14:51:33.127 -> C,ts_engage_write,233491370
14:51:33.221 -> C,ts_engage_write,233579370
14:51:33.314 -> C,ts_engage_write,233667370
14:51:33.407 -> C,ts_engage_write,233755369
14:51:33.500 -> [FACE] heartbeat
14:51:33.500 -> C,mood_str,50
14:51:33.500 -> C,ts_engage_write,233843481
14:51:33.500 -> C,engage_lvl,387
14:51:33.500 -> C,modifier,15
14:51:33.500 -> C,engage_floor,0
14:51:33.500 -> C,loop_us,286
14:51:33.593 -> C,ts_engage_write,233931368
14:51:33.640 -> C,ts_engage_write,234019370
14:51:33.732 -> C,ts_engage_write,234107369
14:51:33.827 -> C,ts_engage_write,234195370
14:51:33.919 -> C,ts_engage_write,234283370
14:51:34.012 -> C,ts_engage_write,234371370
14:51:34.012 -> C,engage_lvl,385
14:51:34.106 -> C,ts_engage_write,234459370
14:51:34.198 -> C,ts_engage_write,234547370
14:51:34.291 -> C,ts_engage_write,234635370
14:51:34.384 -> C,ts_engage_write,234723377
14:51:34.430 -> C,ts_engage_write,234811376
14:51:34.524 -> [FACE] heartbeat
14:51:34.524 -> C,mood_str,50
14:51:34.524 -> C,ts_engage_write,234899480
14:51:34.524 -> C,engage_lvl,384
14:51:34.524 -> C,modifier,15
14:51:34.524 -> C,engage_floor,0
14:51:34.524 -> C,loop_us,285
14:51:34.618 -> C,ts_engage_write,234987366
14:51:34.711 -> C,ts_engage_write,235075370
14:51:34.805 -> C,ts_engage_write,235163369
14:51:34.898 -> C,ts_engage_write,235251370
14:51:34.991 -> C,ts_engage_write,235339370
14:51:35.084 -> C,ts_engage_write,235427370
14:51:35.084 -> C,engage_lvl,383
14:51:35.177 -> C,ts_engage_write,235515370
14:51:35.223 -> C,ts_engage_write,235603370
14:51:35.316 -> C,ts_engage_write,235691370
14:51:35.407 -> C,ts_engage_write,235779369
14:51:35.500 -> C,ts_engage_write,235867370
14:51:35.595 -> [FACE] heartbeat
14:51:35.595 -> C,mood_str,50
14:51:35.595 -> C,ts_engage_write,235955473
14:51:35.595 -> C,engage_lvl,381
14:51:35.595 -> C,modifier,15
14:51:35.595 -> C,engage_floor,0
14:51:35.595 -> C,loop_us,288
14:51:35.687 -> C,ts_engage_write,236043369
14:51:35.779 -> C,ts_engage_write,236131370
14:51:35.872 -> C,ts_engage_write,236219369
14:51:35.966 -> C,ts_engage_write,236307370
14:51:36.059 -> C,ts_engage_write,236395370
14:51:36.106 -> C,ts_engage_write,236483370
14:51:36.106 -> C,engage_lvl,380
14:51:36.198 -> C,ts_engage_write,236571370
14:51:36.291 -> C,ts_engage_write,236659370
14:51:36.385 -> C,ts_engage_write,236747369
14:51:36.478 -> C,ts_engage_write,236835370
14:51:36.572 -> C,ts_engage_write,236923370
14:51:36.664 -> [FACE] heartbeat
14:51:36.664 -> C,mood_str,50
14:51:36.664 -> C,ts_engage_write,237011480
14:51:36.664 -> C,engage_lvl,378
14:51:36.664 -> C,modifier,15
14:51:36.664 -> C,engage_floor,0
14:51:36.664 -> C,loop_us,285
14:51:36.756 -> C,ts_engage_write,237099366
14:51:36.849 -> C,ts_engage_write,237187370
14:51:36.895 -> C,ts_engage_write,237275369
14:51:36.987 -> C,ts_engage_write,237363370
14:51:37.081 -> C,ts_engage_write,237451370
14:51:37.175 -> C,ts_engage_write,237539370
14:51:37.175 -> C,engage_lvl,377
14:51:37.268 -> C,ts_engage_write,237627370
14:51:37.362 -> C,ts_engage_write,237715370
14:51:37.455 -> C,ts_engage_write,237803369
14:51:37.548 -> C,ts_engage_write,237891370
14:51:37.641 -> C,ts_engage_write,237979370
14:51:37.687 -> [FACE] heartbeat
14:51:37.687 -> C,mood_str,50
14:51:37.687 -> C,ts_engage_write,238067480
14:51:37.687 -> C,engage_lvl,375
14:51:37.687 -> C,modifier,15
14:51:37.687 -> C,engage_floor,0
14:51:37.687 -> C,loop_us,283
14:51:37.779 -> C,ts_engage_write,238155366
14:51:37.872 -> C,ts_engage_write,238243370
14:51:37.964 -> C,ts_engage_write,238331369
14:51:38.057 -> C,ts_engage_write,238419370
14:51:38.150 -> C,ts_engage_write,238507370
14:51:38.245 -> C,ts_engage_write,238595370
14:51:38.245 -> C,engage_lvl,374
14:51:38.338 -> C,ts_engage_write,238683370
14:51:38.431 -> C,ts_engage_write,238771369
14:51:38.478 -> C,ts_engage_write,238859370
14:51:38.572 -> C,ts_engage_write,238947370
14:51:38.665 -> C,ts_engage_write,239035370
14:51:38.759 -> [FACE] heartbeat
14:51:38.759 -> C,mood_str,50
14:51:38.759 -> C,ts_engage_write,239123482
14:51:38.759 -> C,engage_lvl,373
14:51:38.759 -> C,modifier,15
14:51:38.759 -> C,engage_floor,0
14:51:38.759 -> C,loop_us,287
14:51:38.851 -> C,ts_engage_write,239211369
14:51:38.945 -> C,ts_engage_write,239299377
14:51:39.037 -> C,ts_engage_write,239387376
14:51:39.131 -> C,ts_engage_write,239475370
14:51:39.224 -> C,ts_engage_write,239563370
14:51:39.270 -> C,ts_engage_write,239651370
14:51:39.270 -> C,engage_lvl,371
14:51:39.363 -> C,ts_engage_write,239739369
14:51:39.455 -> C,ts_engage_write,239827370
14:51:39.546 -> C,ts_engage_write,239915370
14:51:39.639 -> C,ts_engage_write,240003370
14:51:39.731 -> C,dom_touch,54
14:51:39.731 -> C,dom_sec,0
14:51:39.731 -> [MEM] tick: records=1 strength=54
14:51:39.731 -> C,rec_count,1
14:51:39.731 -> C,ts_engage_write,240091548
14:51:39.825 -> [FACE] heartbeat
14:51:39.825 -> C,mood_str,50
14:51:39.825 -> C,ts_engage_write,240179499
14:51:39.825 -> C,engage_lvl,370
14:51:39.825 -> C,modifier,15
14:51:39.825 -> C,engage_floor,0
14:51:39.825 -> C,loop_us,310
14:51:39.918 -> C,ts_engage_write,240267364
14:51:40.011 -> C,ts_engage_write,240355368
14:51:40.105 -> C,ts_engage_write,240443367
14:51:40.151 -> C,ts_engage_write,240531368
14:51:40.243 -> C,ts_engage_write,240619367
14:51:40.337 -> C,ts_engage_write,240707368
14:51:40.337 -> C,engage_lvl,368
14:51:40.430 -> C,ts_engage_write,240795366
14:51:40.525 -> C,ts_engage_write,240883368
14:51:40.616 -> C,ts_engage_write,240971367
14:51:40.708 -> C,ts_engage_write,241059368
14:51:40.800 -> C,ts_engage_write,241147367
14:51:40.895 -> [FACE] heartbeat
14:51:40.895 -> C,mood_str,50
14:51:40.895 -> C,ts_engage_write,241235473
14:51:40.895 -> C,engage_lvl,367
14:51:40.895 -> C,modifier,15
14:51:40.895 -> C,engage_floor,0
14:51:40.895 -> C,loop_us,285
14:51:40.943 -> C,ts_engage_write,241323367
14:51:41.035 -> C,ts_engage_write,241411368
14:51:41.128 -> C,ts_engage_write,241499367
14:51:41.221 -> C,ts_engage_write,241587368
14:51:41.314 -> C,ts_engage_write,241675367
14:51:41.404 -> C,ts_engage_write,241763367
14:51:41.404 -> C,engage_lvl,366
14:51:41.498 -> C,ts_engage_write,241851367
14:51:41.590 -> C,ts_engage_write,241939368
14:51:41.685 -> C,ts_engage_write,242027367
14:51:41.778 -> C,ts_engage_write,242115368
14:51:41.825 -> C,ts_engage_write,242203367
14:51:41.917 -> [FACE] heartbeat
14:51:41.917 -> C,mood_str,50
14:51:41.917 -> C,ts_engage_write,242291473
14:51:41.917 -> C,engage_lvl,364
14:51:41.917 -> C,modifier,15
14:51:41.917 -> C,engage_floor,0
14:51:41.917 -> C,loop_us,286
14:51:42.010 -> C,ts_engage_write,242379367
14:51:42.104 -> C,ts_engage_write,242467368
14:51:42.196 -> C,ts_engage_write,242555367
14:51:42.288 -> C,ts_engage_write,242643368
14:51:42.382 -> C,ts_engage_write,242731366
14:51:42.475 -> C,ts_engage_write,242819368
14:51:42.475 -> C,engage_lvl,363
14:51:42.569 -> C,ts_engage_write,242907367
14:51:42.617 -> C,ts_engage_write,242995368
14:51:42.710 -> C,ts_engage_write,243083367
14:51:42.804 -> C,ts_engage_write,243171368
14:51:42.897 -> C,ts_engage_write,243259367
14:51:42.991 -> [FACE] heartbeat
14:51:42.991 -> C,mood_str,50
14:51:42.991 -> C,ts_engage_write,243347480
14:51:42.991 -> C,engage_lvl,361
14:51:42.991 -> C,modifier,15
14:51:42.991 -> C,engage_floor,0
14:51:42.991 -> C,loop_us,283
14:51:43.084 -> C,ts_engage_write,243435364
14:51:43.177 -> C,ts_engage_write,243523368
14:51:43.269 -> C,ts_engage_write,243611367
14:51:43.362 -> C,ts_engage_write,243699368
14:51:43.407 -> C,ts_engage_write,243787366
14:51:43.501 -> C,ts_engage_write,243875376
14:51:43.501 -> C,engage_lvl,360
14:51:43.595 -> C,ts_engage_write,243966732
14:51:43.689 -> C,ts_engage_write,244054394
14:51:43.782 -> C,ts_engage_write,244142370
14:51:43.876 -> C,ts_engage_write,244230370
14:51:43.969 -> C,ts_engage_write,244318370
14:51:44.063 -> [FACE] heartbeat
14:51:44.063 -> C,mood_str,50
14:51:44.063 -> C,ts_engage_write,244406481
14:51:44.063 -> C,engage_lvl,359
14:51:44.063 -> C,modifier,15
14:51:44.063 -> C,engage_floor,0
14:51:44.063 -> C,loop_us,283
14:51:44.156 -> C,ts_engage_write,244494369
14:51:44.203 -> C,ts_engage_write,244582370
14:51:44.295 -> C,ts_engage_write,244670369
14:51:44.389 -> C,ts_engage_write,244758369
14:51:44.483 -> C,ts_engage_write,244846370
14:51:44.575 -> C,ts_engage_write,244934370
14:51:44.575 -> C,engage_lvl,357
14:51:44.670 -> C,ts_engage_write,245022370
14:51:44.763 -> C,ts_engage_write,245110370
14:51:44.856 -> C,ts_engage_write,245198370
14:51:44.950 -> C,ts_engage_write,245286370
14:51:44.997 -> C,ts_engage_write,245374370
14:51:45.090 -> [FACE] heartbeat
14:51:45.090 -> C,mood_str,50
14:51:45.090 -> C,ts_engage_write,245462475
14:51:45.090 -> C,engage_lvl,356
14:51:45.090 -> C,modifier,15
14:51:45.090 -> C,engage_floor,0
14:51:45.090 -> C,loop_us,289
14:51:45.183 -> C,ts_engage_write,245550369
14:51:45.276 -> C,ts_engage_write,245638370
14:51:45.368 -> C,ts_engage_write,245726370
14:51:45.461 -> C,ts_engage_write,245814370
14:51:45.556 -> C,ts_engage_write,245902370
14:51:45.646 -> C,ts_engage_write,245990370
14:51:45.646 -> C,engage_lvl,354
14:51:45.738 -> C,ts_engage_write,246078370
14:51:45.785 -> C,ts_engage_write,246166370
14:51:45.878 -> C,ts_engage_write,246254370
14:51:45.971 -> C,ts_engage_write,246342370
14:51:46.064 -> C,ts_engage_write,246430370
14:51:46.156 -> [FACE] heartbeat
14:51:46.156 -> C,mood_str,50
14:51:46.156 -> C,ts_engage_write,246518481
14:51:46.156 -> C,engage_lvl,353
14:51:46.156 -> C,modifier,15
14:51:46.156 -> C,engage_floor,0
14:51:46.156 -> C,loop_us,286
14:51:46.249 -> C,ts_engage_write,246606366
14:51:46.345 -> C,ts_engage_write,246694370
14:51:46.439 -> C,ts_engage_write,246782370
14:51:46.532 -> C,ts_engage_write,246870370
14:51:46.579 -> C,ts_engage_write,246958370
14:51:46.671 -> C,ts_engage_write,247046370
14:51:46.671 -> C,engage_lvl,352
14:51:46.764 -> C,ts_engage_write,247134370
14:51:46.857 -> C,ts_engage_write,247222370
14:51:46.949 -> C,ts_engage_write,247310370
14:51:47.044 -> C,ts_engage_write,247398370
14:51:47.135 -> C,ts_engage_write,247486370
14:51:47.228 -> [FACE] heartbeat
14:51:47.228 -> C,mood_str,50
14:51:47.228 -> C,ts_engage_write,247574473
14:51:47.228 -> C,engage_lvl,350
14:51:47.228 -> C,modifier,15
14:51:47.228 -> C,engage_floor,0
14:51:47.228 -> C,loop_us,276
14:51:47.319 -> C,ts_engage_write,247662369
14:51:47.412 -> C,ts_engage_write,247750374
14:51:47.458 -> C,ts_engage_write,247838372
14:51:47.550 -> C,ts_engage_write,247926370
14:51:47.644 -> C,ts_engage_write,248014370
14:51:47.737 -> C,ts_engage_write,248102370
14:51:47.737 -> C,engage_lvl,349
14:51:47.830 -> C,ts_engage_write,248190370
14:51:47.923 -> C,ts_engage_write,248278370
14:51:48.015 -> C,ts_engage_write,248366370
14:51:48.106 -> C,ts_engage_write,248454370
14:51:48.199 -> C,ts_engage_write,248542370
14:51:48.292 -> [FACE] heartbeat
14:51:48.292 -> C,mood_str,50
14:51:48.292 -> C,ts_engage_write,248630481
14:51:48.292 -> C,engage_lvl,347
14:51:48.292 -> C,modifier,15
14:51:48.292 -> C,engage_floor,0
14:51:48.292 -> C,loop_us,284
14:51:48.338 -> C,ts_engage_write,248718366
14:51:48.338 -> [TOUCH] transition raw=1 pressed=1 ms=248718
14:51:48.338 -> [TOUCH] START raw=1 ms=248718
14:51:48.431 -> C,ts_engage_write,248806376
14:51:48.526 -> C,ts_engage_write,248894371
14:51:48.526 -> [TOUCH] transition raw=0 pressed=0 ms=248894
14:51:48.526 -> [TOUCH] RELEASE raw=0 duration=176 ms=248894
14:51:48.526 -> [TOUCH] TAP
14:51:48.526 -> [EMOTION] IDLE -> LOVE
14:51:48.526 -> EVT:{"type":"timeline","text":"User tap interaction","tag":"touch"}
14:51:48.618 -> C,ts_engage_write,248986445
14:51:48.711 -> C,ts_engage_write,249074397
14:51:48.803 -> C,ts_engage_write,249162402
14:51:48.803 -> C,engage_lvl,346
14:51:48.897 -> C,ts_engage_write,249250394
14:51:48.989 -> C,ts_engage_write,249338399
14:51:49.083 -> C,ts_engage_write,249426396
14:51:49.176 -> C,ts_engage_write,249514399
14:51:49.222 -> C,ts_engage_write,249602398
14:51:49.315 -> [FACE] heartbeat
14:51:49.315 -> C,mood_str,50
14:51:49.315 -> C,ts_engage_write,249690547
14:51:49.315 -> C,engage_lvl,345
14:51:49.315 -> C,modifier,15
14:51:49.315 -> C,engage_floor,0
14:51:49.315 -> C,loop_us,362
14:51:49.408 -> C,ts_engage_write,249778397
14:51:49.501 -> C,ts_engage_write,249866400
14:51:49.594 -> C,ts_engage_write,249954395
14:51:49.687 -> C,ts_engage_write,250042399
14:51:49.779 -> C,ts_engage_write,250130397
14:51:49.872 -> C,ts_engage_write,250218399
14:51:49.872 -> C,engage_lvl,343
14:51:49.872 -> [TOUCH] transition raw=1 pressed=1 ms=250218
14:51:49.872 -> [TOUCH] START raw=1 ms=250218
14:51:49.964 -> C,ts_engage_write,250306400
14:51:50.057 -> C,ts_engage_write,250394403
14:51:50.104 -> C,ts_engage_write,250482397
14:51:50.196 -> C,ts_engage_write,250570398
14:51:50.290 -> C,ts_engage_write,250658394
14:51:50.385 -> [FACE] heartbeat
14:51:50.385 -> C,mood_str,50
14:51:50.385 -> C,ts_engage_write,250746523
14:51:50.385 -> C,engage_lvl,342
14:51:50.385 -> C,modifier,15
14:51:50.385 -> C,engage_floor,0
14:51:50.385 -> C,loop_us,340
14:51:50.479 -> C,ts_engage_write,250834396
14:51:50.572 -> C,ts_engage_write,250922398
14:51:50.665 -> C,ts_engage_write,251010399
14:51:50.758 -> C,ts_engage_write,251098398
14:51:50.805 -> C,ts_engage_write,251186397
14:51:50.898 -> C,ts_engage_write,251274398
14:51:50.898 -> C,engage_lvl,340
14:51:50.992 -> C,ts_engage_write,251362394
14:51:51.083 -> C,ts_engage_write,251450398
14:51:51.175 -> C,ts_engage_write,251538396
14:51:51.268 -> C,ts_engage_write,251626398
14:51:51.363 -> C,ts_engage_write,251714397
14:51:51.456 -> [FACE] heartbeat
14:51:51.456 -> C,mood_str,50
14:51:51.456 -> C,ts_engage_write,251802533
14:51:51.456 -> C,engage_lvl,339
14:51:51.456 -> C,modifier,15
14:51:51.456 -> C,engage_floor,0
14:51:51.456 -> C,loop_us,351
14:51:51.549 -> C,ts_engage_write,251890399
14:51:51.596 -> C,ts_engage_write,251978398
14:51:51.688 -> C,ts_engage_write,252066394
14:51:51.781 -> C,ts_engage_write,252154398
14:51:51.874 -> C,ts_engage_write,252242395
14:51:51.968 -> C,ts_engage_write,252330397
14:51:51.968 -> C,engage_lvl,337
14:51:52.060 -> C,ts_engage_write,252418396
14:51:52.152 -> C,ts_engage_write,252506394
14:51:52.246 -> C,ts_engage_write,252594398
14:51:52.246 -> [TOUCH] transition raw=0 pressed=0 ms=252594
14:51:52.246 -> [TOUCH] RELEASE raw=0 duration=2376 ms=252594
14:51:52.246 -> [TOUCH] LONG_PRESS
14:51:52.246 -> [MODE] Transitioning: 0 -> 1
14:51:52.246 -> [DBG] BEFORE teardown
14:51:52.246 -> [WiFiService] Stop WiFi (owner=none, mode=0, promisc=0)
14:51:52.246 -> [252600][E][STA.cpp:540] disconnect(): STA disconnect failed! 0x3001: ESP_ERR_WIFI_NOT_INIT
14:51:52.246 -> [252615][V][NetworkEvents.cpp:132] _checkForEvent(): Network Event: 101 - WIFI_READY
14:51:52.292 -> [252650][V][AP.cpp:113] _onApEvent(): AP Started
14:51:52.292 -> [252651][V][NetworkEvents.cpp:132] _checkForEvent(): Network Event: 130 - AP_START
14:51:52.292 -> [252651][V][AP.cpp:93] _onApArduinoEvent(): Arduino AP Event: 130 - AP_START
14:51:52.292 -> [252657][V][AP.cpp:117] _onApEvent(): AP Stopped
14:51:52.292 -> [252658][V][NetworkEvents.cpp:132] _checkForEvent(): Network Event: 131 - AP_STOP
14:51:52.292 -> [2526[5295]2[6V5]9[]A[PV.]c[pApP:1.1c3p]p :_9o3n]A p_EvoennAtp(A)r:d uAP iSntoaErvteendt
(
14:51:52.292 -> ): Arduino AP Event: 131 - AP_STOP
14:51:52.292 -> [252659][[2V5]2[6A5P9.cp]p[:V1]1[7N]e t_wonoArpkEEvveenntts.():c pApP: 1S3t2o]p p_edc
h
14:51:52.292 -> eckForEvent(): Network Event: 130 - AP_START
14:51:52.292 -> [252660][V][AP.cpp:93] _onApArduinoEvent(): Arduino AP Event: 130 - AP_START
14:51:52.292 -> [252660][V][NetworkEvents.cpp:132] _checkForEvent(): Network Event: 131 - AP_STOP
14:51:52.292 -> [252660][V][AP.cpp:93] _onApArduinoEvent(): Arduino AP Event: 131 - AP_STOP
14:51:52.292 -> [252664][V][NetworkEvents.cpp:132] _checkForEvent(): Network Event: 100 - WIFI_OFF
14:51:52.292 -> [252665][V][NetworkInterface.cpp:264] destroyNetif(): Unregistered event handler
14:51:52.803 -> [WiFiService] WiFi stopped.
14:51:52.803 -> [DBG] AFTER teardown
14:51:52.803 -> [MODE] Teardown of mode 0 complete
14:51:52.803 -> [ATTN] pause (was SOFT_FOCUS)
14:51:52.803 -> [DBG] AFTER pause
14:51:53.455 -> [DBG] AFTER splash
14:51:53.455 -> [DBG] BEFORE setup
14:51:53.455 -> [SEC] === security_setup START (PORTAL v2) ===
14:51:53.455 -> [WiFiService] Start AP: 'AeroSniffer-Test' (owner=startAP, mode=0)
14:51:53.455 -> [253818][V][NetworkEvents.cpp:132] _checkForEvent(): Network Event: 101 - WIFI_READY
14:51:53.455 -> [253821][V][AP.cpp:113] _onApEvent(): AP Started
14:51:53.455 -> [253822][V][NetworkEvents.cpp:132] _checkForEvent(): Network Event: 130 - AP_START
14:51:53.455 -> [253822][V][AP.cpp:93] _onApArduinoEvent(): Arduino AP Event: 130 - AP_START
14:51:53.731 -> [254095][V][AP.cpp:117] _onApEvent(): AP Stopped
14:51:53.731 -> [254096][V][NetworkEvents.cpp:132] _checkForEvent(): Network Event: 131 - AP_STOP
14:51:53.731 -> [254096][V][AP.cpp:93] _onApArduinoEvent(): Arduino AP Event: 131 - AP_STOP
14:51:53.731 -> [WiFiService] AP started. mode=2 softAPIP=192.168.4.1
14:51:53.731 -> [SEC] AP config: channel=1 auth=3 max_conn=4
14:51:53.731 -> [PORTAL] Starting WebServer...
14:51:53.731 -> [25410[235]4[1V0]3[A]P[.Vc]p[pN:e1t1w3o] r_koSneArpvEevre.nht(:)4:1 ]A PN eSttwaortrekdS
e
14:51:53.731 -> rver(): N[254104][V][NetworkEvents.cpp:132] _checkForEvent(): Network Event: 130 - AP_START
14:51:53.731 -> [254104][V][AP.cpp:93] _onApArduinoEvent(): Arduino AP Event: 130 - AP_START
14:51:53.731 -> etworkServer::NetworkServer(port=80, ...)
14:51:53.731 -> [254105][V][WebServer.cpp:49] WebServer(): WebServer::Webserver(port=80)
14:51:53.731 -> [PORTAL] WebServer on port 80
14:51:53.731 -> [PORTAL] Open http://192.168.4.1
14:51:53.731 -> [SEC] === security_setup DONE ===
14:51:53.780 -> [DBG] AFTER setup
14:51:53.780 -> [MODE] Setup of mode 1 complete
14:51:53.780 -> [ATTN] resume -> SOFT_FOCUS
14:51:53.780 -> [DBG] AFTER resume
14:51:53.780 -> [WiFiService] setChannel(2) mode=2 (owner=setPromiscuous)
14:51:53.780 -> [WiFiService] setPromiscuous(true) mode=2 (owner=setPromiscuous)
14:51:53.874 -> [WiFiService] Sniffing active
14:51:53.874 -> [FACE] heartbeat
14:51:53.874 -> [EMOTION] LOVE -> IDLE (timeout)
14:51:53.874 -> C,mood_str,50
14:51:53.874 -> C,ts_engage_write,254252635
14:51:53.874 -> C,engage_lvl,332
14:51:53.874 -> C,modifier,15
14:51:53.874 -> C,engage_floor,0
14:51:53.874 -> C,loop_us,442
14:51:53.967 -> [WiFiService] setChannel(3) mode=2 (owner=setPromiscuous)
14:51:54.013 -> C,ts_engage_write,254359422
14:51:54.106 -> C,ts_engage_write,254465420
14:51:54.153 -> [WiFiService] setChannel(4) mode=2 (owner=setPromiscuous)
14:51:54.199 -> C,ts_engage_write,254572420
14:51:54.339 -> C,ts_engage_write,254678420
14:51:54.339 -> [WiFiService] setChannel(5) mode=2 (owner=setPromiscuous)
14:51:54.433 -> C,ts_engage_write,254784420
14:51:54.433 -> C,engage_lvl,331
14:51:54.526 -> [WiFiService] setChannel(6) mode=2 (owner=setPromiscuous)
14:51:54.526 -> C,ts_engage_write,254891422
14:51:54.619 -> C,ts_engage_write,254997420
14:51:54.665 -> [WiFiService] setChannel(7) mode=2 (owner=setPromiscuous)
14:51:54.758 -> C,ts_engage_write,255103420
14:51:54.850 -> C,ts_engage_write,255209420
14:51:54.850 -> [WiFiService] setChannel(8) mode=2 (owner=setPromiscuous)
14:51:54.943 -> [FACE] heartbeat
14:51:54.943 -> C,mood_str,50
14:51:54.943 -> C,ts_engage_write,255316642
14:51:54.943 -> C,engage_lvl,330
14:51:54.943 -> C,modifier,15
14:51:54.943 -> C,engage_floor,0
14:51:54.943 -> C,loop_us,450
14:51:55.035 -> [WiFiService] setChannel(9) mode=2 (owner=setPromiscuous)
14:51:55.081 -> C,ts_engage_write,255423425
14:51:55.174 -> C,ts_engage_write,255529420
14:51:55.219 -> [WiFiService] setChannel(10) mode=2 (owner=setPromiscuous)
14:51:55.266 -> C,ts_engage_write,255636420
14:51:55.360 -> C,ts_engage_write,255742420
14:51:55.407 -> [WiFiService] setChannel(11) mode=2 (owner=setPromiscuous)
14:51:55.500 -> C,ts_engage_write,255849423
14:51:55.500 -> C,engage_lvl,328
14:51:55.592 -> [WiFiService] setChannel(12) mode=2 (owner=setPromiscuous)
14:51:55.592 -> C,ts_engage_write,255956428
14:51:55.685 -> C,ts_engage_write,256062424
14:51:55.778 -> [WiFiService] setChannel(13) mode=2 (owner=setPromiscuous)
14:51:55.825 -> C,ts_engage_write,256169421
14:51:55.919 -> C,ts_engage_write,256276422
14:51:55.966 -> [WiFiService] setChannel(1) mode=2 (owner=setPromiscuous)
14:51:56.012 -> [FACE] heartbeat
14:51:56.012 -> C,mood_str,50
14:51:56.012 -> C,ts_engage_write,256383644
14:51:56.012 -> C,engage_lvl,327
14:51:56.012 -> C,modifier,15
14:51:56.012 -> C,engage_floor,0
14:51:56.012 -> C,loop_us,452
14:51:56.105 -> [WiFiService] setChannel(2) mode=2 (owner=setPromiscuous)
14:51:56.152 -> C,ts_engage_write,256490427
14:51:56.245 -> C,ts_engage_write,256596421
14:51:56.292 -> [WiFiService] setChannel(3) mode=2 (owner=setPromiscuous)
14:51:56.339 -> C,ts_engage_write,256703422
14:51:56.431 -> C,ts_engage_write,256809421
14:51:56.478 -> [WiFiService] setChannel(4) mode=2 (owner=setPromiscuous)
14:51:56.571 -> C,ts_engage_write,256916422
14:51:56.571 -> C,engage_lvl,325
14:51:56.664 -> C,ts_engage_write,257023422
14:51:56.664 -> [WiFiService] setChannel(5) mode=2 (owner=setPromiscuous)
14:51:56.758 -> C,ts_engage_write,257130421
14:51:56.758 -> [TOUCH] transition raw=1 pressed=1 ms=257130
14:51:56.758 -> [TOUCH] START raw=1 ms=257130
14:51:56.851 -> [WiFiService] setChannel(6) mode=2 (owner=setPromiscuous)
14:51:56.898 -> C,ts_engage_write,257237423
14:51:56.991 -> C,ts_engage_write,257343420
14:51:57.038 -> [WiFiService] setChannel(7) mode=2 (owner=setPromiscuous)
14:51:57.084 -> [FACE] heartbeat
14:51:57.084 -> C,mood_str,50
14:51:57.084 -> C,ts_engage_write,257450599
14:51:57.084 -> C,engage_lvl,324
14:51:57.084 -> C,modifier,15
14:51:57.084 -> C,engage_floor,0
14:51:57.084 -> C,loop_us,405
14:51:57.178 -> C,ts_engage_write,257557420
14:51:57.224 -> [WiFiService] setChannel(8) mode=2 (owner=setPromiscuous)
14:51:57.318 -> C,ts_engage_write,257663420
14:51:57.364 -> [WiFiService] setChannel(9) mode=2 (owner=setPromiscuous)
14:51:57.412 -> C,ts_engage_write,257770424
14:51:57.504 -> C,ts_engage_write,257876420
14:51:57.551 -> [WiFiService] setChannel(10) mode=2 (owner=setPromiscuous)
14:51:57.645 -> C,ts_engage_write,257983421
14:51:57.645 -> C,engage_lvl,322
14:51:57.738 -> C,ts_engage_write,258089420
14:51:57.738 -> [WiFiService] setChannel(11) mode=2 (owner=setPromiscuous)
14:51:57.831 -> C,ts_engage_write,258195423
14:51:57.925 -> [WiFiService] setChannel(12) mode=2 (owner=setPromiscuous)
14:51:57.925 -> C,ts_engage_write,258301517
14:51:58.064 -> C,ts_engage_write,258408419
14:51:58.110 -> [WiFiService] setChannel(13) mode=2 (owner=setPromiscuous)
14:51:58.156 -> [FACE] heartbeat
14:51:58.156 -> C,mood_str,50
14:51:58.156 -> C,ts_engage_write,258515604
14:51:58.156 -> C,engage_lvl,321
14:51:58.156 -> C,modifier,15
14:51:58.156 -> C,engage_floor,0
14:51:58.156 -> C,loop_us,411
14:51:58.250 -> C,ts_engage_write,258622424
14:51:58.297 -> [WiFiService] setChannel(1) mode=2 (owner=setPromiscuous)
14:51:58.389 -> C,ts_engage_write,258729423
14:51:58.482 -> [WiFiService] setChannel(2) mode=2 (owner=setPromiscuous)
14:51:58.482 -> C,ts_engage_write,258836425
14:51:58.575 -> C,ts_engage_write,258942422
14:51:58.669 -> [WiFiService] setChannel(3) mode=2 (owner=setPromiscuous)
14:51:58.669 -> C,ts_engage_write,259049421
14:51:58.669 -> C,engage_lvl,320
14:51:58.809 -> C,ts_engage_write,259156422
14:51:58.809 -> [WiFiService] setChannel(4) mode=2 (owner=setPromiscuous)
14:51:58.901 -> C,ts_engage_write,259263422
14:51:58.994 -> [WiFiService] setChannel(5) mode=2 (owner=setPromiscuous)
14:51:58.994 -> C,ts_engage_write,259370426
14:51:59.134 -> C,ts_engage_write,259476421
14:51:59.181 -> [WiFiService] setChannel(6) mode=2 (owner=setPromiscuous)
14:51:59.228 -> [FACE] heartbeat
14:51:59.228 -> C,mood_str,50
14:51:59.228 -> C,ts_engage_write,259583611
14:51:59.228 -> C,engage_lvl,318
14:51:59.228 -> C,modifier,15
14:51:59.228 -> C,engage_floor,0
14:51:59.228 -> C,loop_us,415
14:51:59.321 -> C,ts_engage_write,259690421
14:51:59.367 -> [WiFiService] setChannel(7) mode=2 (owner=setPromiscuous)
14:51:59.459 -> C,ts_engage_write,259796420
14:51:59.552 -> C,ts_engage_write,259902422
14:51:59.552 -> [WiFiService] setChannel(8) mode=2 (owner=setPromiscuous)
14:51:59.645 -> C,ts_engage_write,260009420
14:51:59.738 -> [WiFiService] setChannel(9) mode=2 (owner=setPromiscuous)
14:51:59.738 -> C,ts_engage_write,260115423
14:51:59.738 -> C,engage_lvl,317
14:51:59.878 -> C,ts_engage_write,260221420
14:51:59.924 -> [WiFiService] setChannel(10) mode=2 (owner=setPromiscuous)
14:51:59.971 -> C,ts_engage_write,260328420
14:52:00.064 -> C,ts_engage_write,260434420
14:52:00.064 -> [WiFiService] setChannel(11) mode=2 (owner=setPromiscuous)
14:52:00.204 -> C,ts_engage_write,260541420
14:52:00.250 -> [WiFiService] setChannel(12) mode=2 (owner=setPromiscuous)
14:52:00.297 -> [FACE] heartbeat
14:52:00.297 -> C,mood_str,50
14:52:00.297 -> C,ts_engage_write,260647485
14:52:00.297 -> C,engage_lvl,315
14:52:00.297 -> C,modifier,15
14:52:00.297 -> C,engage_floor,0
14:52:00.297 -> C,loop_us,299
14:52:00.390 -> C,ts_engage_write,260754420
14:52:00.438 -> [WiFiService] setChannel(13) mode=2 (owner=setPromiscuous)
14:52:00.483 -> C,ts_engage_write,260861420
14:52:00.622 -> C,ts_engage_write,260968421
14:52:00.622 -> [WiFiService] setChannel(1) mode=2 (owner=setPromiscuous)
14:52:00.715 -> C,ts_engage_write,261075424
14:52:00.809 -> [WiFiService] setChannel(2) mode=2 (owner=setPromiscuous)
14:52:00.809 -> C,ts_engage_write,261182429
14:52:00.809 -> C,engage_lvl,314
14:52:00.947 -> C,ts_engage_write,261289422
14:52:00.994 -> [WiFiService] setChannel(3) mode=2 (owner=setPromiscuous)
14:52:01.041 -> C,ts_engage_write,261396422
14:52:01.134 -> C,ts_engage_write,261503424
14:52:01.180 -> [WiFiService] setChannel(4) mode=2 (owner=setPromiscuous)
14:52:01.273 -> C,ts_engage_write,261610422
14:52:01.367 -> [WiFiService] setChannel(5) mode=2 (owner=setPromiscuous)
14:52:01.367 -> [FACE] heartbeat
14:52:01.367 -> C,mood_str,50
14:52:01.367 -> C,ts_engage_write,261717569
14:52:01.367 -> C,engage_lvl,312
14:52:01.367 -> C,modifier,15
14:52:01.367 -> C,engage_floor,0
14:52:01.367 -> C,loop_us,390
14:52:01.461 -> C,ts_engage_write,261824423
14:52:01.508 -> [WiFiService] setChannel(6) mode=2 (owner=setPromiscuous)
14:52:01.555 -> C,ts_engage_write,261931420
14:52:01.694 -> C,ts_engage_write,262037421
14:52:01.694 -> [WiFiService] setChannel(7) mode=2 (owner=setPromiscuous)
14:52:01.788 -> C,ts_engage_write,262144422
14:52:01.881 -> [WiFiService] setChannel(8) mode=2 (owner=setPromiscuous)
14:52:01.881 -> C,ts_engage_write,262250427
14:52:01.881 -> C,engage_lvl,311
14:52:02.022 -> C,ts_engage_write,262357420
14:52:02.068 -> [WiFiService] setChannel(9) mode=2 (owner=setPromiscuous)
14:52:02.115 -> C,ts_engage_write,262463421
14:52:02.210 -> C,ts_engage_write,262569420
14:52:02.256 -> [WiFiService] setChannel(10) mode=2 (owner=setPromiscuous)
14:52:02.304 -> C,ts_engage_write,262676420
14:52:02.304 -> [EMOTION] IDLE -> ALERT
14:52:02.304 -> EVT:{"type":"timeline","text":"Discovered AP","tag":"network"}
14:52:02.442 -> [FACE] heartbeat
14:52:02.442 -> C,mood_str,50
14:52:02.442 -> C,ts_engage_write,262785639
14:52:02.442 -> C,engage_lvl,310
14:52:02.442 -> C,modifier,15
14:52:02.442 -> C,engage_floor,0
14:52:02.442 -> C,loop_us,444
14:52:02.442 -> [WiFiService] setChannel(11) mode=2 (owner=setPromiscuous)
14:52:02.536 -> C,ts_engage_write,262892420
14:52:02.630 -> [WiFiService] setChannel(12) mode=2 (owner=setPromiscuous)
14:52:02.630 -> C,ts_engage_write,262999420
14:52:02.722 -> C,ts_engage_write,263105420
14:52:02.769 -> [WiFiService] setChannel(13) mode=2 (owner=setPromiscuous)
14:52:02.862 -> C,ts_engage_write,263212421
14:52:02.956 -> C,ts_engage_write,263318420
14:52:02.956 -> C,engage_lvl,308
14:52:02.956 -> [WiFiService] setChannel(1) mode=2 (owner=setPromiscuous)
14:52:03.048 -> C,ts_engage_write,263425426
14:52:03.141 -> [WiFiService] setChannel(2) mode=2 (owner=setPromiscuous)
14:52:03.187 -> C,ts_engage_write,263532423
14:52:03.280 -> C,ts_engage_write,263639424
14:52:03.327 -> [WiFiService] setChannel(3) mode=2 (owner=setPromiscuous)
14:52:03.373 -> C,ts_engage_write,263746426
14:52:03.515 -> [FACE] heartbeat
14:52:03.515 -> C,mood_str,50
14:52:03.515 -> C,ts_engage_write,263853648
14:52:03.515 -> C,engage_lvl,307
14:52:03.515 -> C,modifier,15
14:52:03.515 -> C,engage_floor,0
14:52:03.515 -> C,loop_us,453
14:52:03.515 -> [WiFiService] setChannel(4) mode=2 (owner=setPromiscuous)
14:52:03.608 -> C,ts_engage_write,263960422
14:52:03.701 -> [WiFiService] setChannel(5) mode=2 (owner=setPromiscuous)
14:52:03.701 -> C,ts_engage_write,264067421
14:52:03.795 -> C,ts_engage_write,264173421
14:52:03.889 -> [WiFiService] setChannel(6) mode=2 (owner=setPromiscuous)
14:52:03.935 -> C,ts_engage_write,264280421
14:52:04.029 -> C,ts_engage_write,264387423
14:52:04.029 -> C,engage_lvl,305
14:52:04.029 -> [WiFiService] setChannel(7) mode=2 (owner=setPromiscuous)
14:52:04.123 -> C,ts_engage_write,264494421
14:52:04.217 -> [WiFiService] setChannel(8) mode=2 (owner=setPromiscuous)
14:52:04.264 -> C,ts_engage_write,264601428
14:52:04.356 -> C,ts_engage_write,264707420
14:52:04.403 -> [WiFiService] setChannel(9) mode=2 (owner=setPromiscuous)
14:52:04.449 -> C,ts_engage_write,264813421
14:52:04.541 -> [FACE] heartbeat
14:52:04.541 -> C,mood_str,50
14:52:04.541 -> C,ts_engage_write,264919640
14:52:04.541 -> C,engage_lvl,304
14:52:04.541 -> C,modifier,15
14:52:04.541 -> C,engage_floor,0
14:52:04.541 -> C,loop_us,446
14:52:04.588 -> [WiFiService] setChannel(10) mode=2 (owner=setPromiscuous)
14:52:04.679 -> C,ts_engage_write,265026420
14:52:04.773 -> [WiFiService] setChannel(11) mode=2 (owner=setPromiscuous)
14:52:04.773 -> C,ts_engage_write,265132427
14:52:04.773 -> [TOUCH] transition raw=0 pressed=0 ms=265132
14:52:04.773 -> [TOUCH] RELEASE raw=0 duration=8002 ms=265132
14:52:04.773 -> [TOUCH] LONG_PRESS
14:52:04.773 -> [MODE] Transitioning: 1 -> 2
14:52:04.773 -> [DBG] BEFORE teardown
14:52:04.773 -> [WiFiService] setPromiscuous(false) mode=2 (owner=setPromiscuous)
14:52:04.773 -> [WiFiService] Sniffing stopped
14:52:04.773 -> [WiFiService] Stop WiFi (owner=setPromiscuous, mode=2, promisc=0)
14:52:04.773 -> [265137][E][STA.cpp:540] disconnect(): STA disconnect failed! 0xffffffff: ESP_FAIL
14:52:04.773 -> [265146][V][AP.cpp:117] _onApEvent(): AP Stopped
14:52:04.773 -> [265146][V][NetworkEvents.cpp:132] _checkForEvent(): Network Event: 131 - AP_STOP
14:52:04.773 -> [265147][V][AP.cpp:93] _onApArduinoEvent(): Arduino AP Event: 131 - AP_STOP
14:52:04.773 -> [265152][V][AP.cpp:113] _onApEvent(): AP Started
14:52:04.773 -> [265153][V][NetworkEven[t2s6.5c1p53p]:[1V3]2[]A P_.ccphpe:c1k1F7o]r E_voenAnptE(v)e:n tN(e)t:w AoPr kS tEovpepnetd
:
14:52:04.773 ->  130 - AP_START
14:52:04.773 -> [265153][V][AP.cpp:93] _onApArduinoEvent(): Arduino AP Event: 130 - AP_START
14:52:04.773 -> [265154][V][NetworkEvents.cpp:132] _checkForEvent(): Network Event: 131 - AP_STOP
14:52:04.773 -> [265154][V][AP.cpp:93] _onApArduinoEvent(): Arduino AP Event: 131 - AP_STOP
14:52:04.820 -> [265158][V][NetworkEvents.cpp:132] _checkForEvent(): Network Event: 100 - WIFI_OFF
14:52:04.820 -> [265159][V][NetworkInterface.cpp:264] destroyNetif(): Unregistered event handler
14:52:05.286 -> [WiFiService] WiFi stopped.
14:52:05.286 -> [DBG] AFTER teardown
14:52:05.286 -> [MODE] Teardown of mode 1 complete
14:52:05.286 -> [ATTN] pause (was SOFT_FOCUS)
14:52:05.286 -> [DBG] AFTER pause
14:52:05.943 -> [DBG] AFTER splash
14:52:05.943 -> [DBG] BEFORE setup
14:52:05.943 -> [AVI] Box: 22.66 76.50 23.86 78.30
14:52:05.989 -> [DBG] AFTER setup
14:52:05.989 -> [MODE] Setup of mode 2 complete
14:52:05.989 -> [ATTN] resume -> SOFT_FOCUS
14:52:05.989 -> [DBG] AFTER resume
14:52:05.989 -> [AVI] Rendering 0 aircraft
14:52:06.128 -> [FACE] heartbeat
14:52:06.128 -> C,mood_str,50
14:52:06.128 -> C,ts_engage_write,266479537
14:52:06.128 -> C,engage_lvl,300
14:52:06.128 -> C,modifier,15
14:52:06.128 -> C,engage_floor,0
14:52:06.128 -> C,loop_us,357
14:52:06.128 -> [AVI] Rendering 0 aircraft
14:52:06.266 -> C,ts_engage_write,266622363
14:52:06.266 -> [AVI] Rendering 0 aircraft
14:52:06.405 -> C,ts_engage_write,266765390
14:52:06.405 -> [AVI] Rendering 0 aircraft
14:52:06.545 -> C,ts_engage_write,266908374
14:52:06.545 -> [AVI] Rendering 0 aircraft
14:52:06.685 -> C,ts_engage_write,267051387
14:52:06.685 -> C,engage_lvl,298
14:52:06.685 -> [AVI] Rendering 0 aircraft
14:52:06.824 -> C,ts_engage_write,267194370
14:52:06.824 -> [AVI] Rendering 0 aircraft
14:52:06.964 -> C,ts_engage_write,267337382
14:52:06.964 -> [AVI] Rendering 0 aircraft
14:52:07.103 -> [FACE] heartbeat
14:52:07.103 -> C,mood_str,50
14:52:07.103 -> C,ts_engage_write,267480492
14:52:07.103 -> C,modifier,15
14:52:07.103 -> C,engage_floor,0
14:52:07.103 -> C,loop_us,284
14:52:07.103 -> [AVI] Rendering 0 aircraft
14:52:07.241 -> C,ts_engage_write,267623393
14:52:07.241 -> C,engage_lvl,297
14:52:07.241 -> [AVI] Rendering 0 aircraft
14:52:07.425 -> [EMOTION] ALERT -> IDLE (timeout)
14:52:07.425 -> C,ts_engage_write,267766496
14:52:07.425 -> [AVI] Rendering 0 aircraft
14:52:07.564 -> C,ts_engage_write,267909387
14:52:07.564 -> [AVI] Rendering 0 aircraft
14:52:07.703 -> C,ts_engage_write,268052379
14:52:07.703 -> [AVI] Rendering 0 aircraft
14:52:07.842 -> C,ts_engage_write,268195392
14:52:07.842 -> C,engage_lvl,295
14:52:07.842 -> [AVI] Rendering 0 aircraft
14:52:07.981 -> C,ts_engage_write,268338381
14:52:07.981 -> [AVI] Rendering 0 aircraft
14:52:08.121 -> [FACE] heartbeat
14:52:08.121 -> C,mood_str,50
14:52:08.121 -> C,ts_engage_write,268481525
14:52:08.121 -> C,modifier,15
14:52:08.121 -> C,engage_floor,0
14:52:08.121 -> C,loop_us,320
14:52:08.121 -> [AVI] Rendering 0 aircraft
14:52:08.258 -> C,ts_engage_write,268624387
14:52:08.258 -> [AVI] Rendering 0 aircraft
14:52:08.398 -> C,ts_engage_write,268767393
14:52:08.398 -> C,engage_lvl,294
14:52:08.398 -> [AVI] Rendering 0 aircraft
14:52:08.537 -> C,ts_engage_write,268910383
14:52:08.537 -> [AVI] Rendering 0 aircraft
14:52:08.676 -> C,ts_engage_write,269053387
14:52:08.676 -> [AVI] Rendering 0 aircraft
14:52:08.816 -> C,ts_engage_write,269196387
14:52:08.816 -> [AVI] Rendering 0 aircraft
14:52:08.955 -> [WiFiService] STA Connect -> 'Aryan Gupta' (owner=connectSTA)
14:52:08.955 -> [WiFiService] WiFi mode before: 0 status: 254
14:52:08.955 -> [269337][E][STA.cpp:540] disconnect(): STA disconnect failed! 0x3001: ESP_ERR_WIFI_NOT_INIT
14:52:09.001 -> C,ts_engage_write,269339580
14:52:09.001 -> C,engage_lvl,292
14:52:09.001 -> [AVI] Rendering 0 aircraft
14:52:09.001 -> [269351][V][NetworkEvents.cpp:132] _checkForEvent(): Network Event: 101 - WIFI_READY
14:52:09.001 -> [269356][V][STA.cpp:194] _onStaEvent(): STA Started
14:52:09.001 -> [269357][V][NetworkEvents.cpp:132] _checkForEvent(): Network Event: 110 - STA_START
14:52:09.001 -> [269357][V][STA.cpp:118] _onStaArduinoEvent(): Arduino STA Event: 110 - STA_START
14:52:09.141 -> [FACE] heartbeat
14:52:09.141 -> C,mood_str,50
14:52:09.141 -> C,ts_engage_write,269491610
14:52:09.141 -> C,modifier,15
14:52:09.141 -> C,engage_floor,0
14:52:09.141 -> C,loop_us,402
14:52:09.141 -> [AVI] Rendering 0 aircraft
14:52:09.280 -> C,ts_engage_write,269634384
14:52:09.280 -> [AVI] Rendering 0 aircraft
14:52:09.419 -> C,ts_engage_write,269777387
14:52:09.419 -> [AVI] Rendering 0 aircraft
14:52:09.605 -> C,ts_engage_write,269962432
14:52:09.605 -> C,engage_lvl,291
14:52:09.605 -> [AVI] Rendering 0 aircraft
14:52:09.743 -> C,ts_engage_write,270106461
14:52:09.743 -> [AVI] Rendering 0 aircraft
14:52:09.883 -> C,ts_engage_write,270250428
14:52:09.883 -> [AVI] Rendering 0 aircraft
14:52:10.022 -> C,ts_engage_write,270394456
14:52:10.022 -> [AVI] Rendering 0 aircraft
14:52:10.162 -> [FACE] heartbeat
14:52:10.162 -> C,mood_str,50
14:52:10.162 -> C,ts_engage_write,270538730
14:52:10.162 -> C,engage_lvl,289
14:52:10.162 -> C,modifier,15
14:52:10.162 -> C,engage_floor,0
14:52:10.162 -> C,loop_us,548
14:52:10.162 -> [AVI] Rendering 0 aircraft
14:52:10.301 -> C,ts_engage_write,270682427
14:52:10.301 -> [AVI] Rendering 0 aircraft
14:52:10.444 -> C,ts_engage_write,270825417
14:52:10.444 -> [AVI] Rendering 0 aircraft
14:52:10.629 -> C,ts_engage_write,270968420
14:52:10.629 -> [AVI] Rendering 0 aircraft
14:52:10.769 -> C,ts_engage_write,271111426
14:52:10.769 -> C,engage_lvl,287
14:52:10.769 -> [AVI] Rendering 0 aircraft
14:52:10.910 -> C,ts_engage_write,271254417
14:52:10.910 -> [AVI] Rendering 0 aircraft
14:52:11.048 -> C,ts_engage_write,271397417
14:52:11.048 -> [AVI] Rendering 0 aircraft
14:52:11.189 -> [FACE] heartbeat
14:52:11.189 -> C,mood_str,50
14:52:11.189 -> C,ts_engage_write,271540637
14:52:11.189 -> C,modifier,15
14:52:11.189 -> C,engage_floor,0
14:52:11.189 -> C,loop_us,415
14:52:11.189 -> [AVI] Rendering 0 aircraft
14:52:11.328 -> C,ts_engage_write,271683427
14:52:11.328 -> C,engage_lvl,286
14:52:11.328 -> [AVI] Rendering 0 aircraft
14:52:11.466 -> C,ts_engage_write,271826420
14:52:11.466 -> [AVI] Rendering 0 aircraft
14:52:11.606 -> C,ts_engage_write,271969417
14:52:11.606 -> [AVI] Rendering 0 aircraft
14:52:11.746 -> C,ts_engage_write,272112424
14:52:11.746 -> [AVI] Rendering 0 aircraft
14:52:11.886 -> C,ts_engage_write,272255420
14:52:11.886 -> C,engage_lvl,284
14:52:11.886 -> [AVI] Rendering 0 aircraft
14:52:12.026 -> C,ts_engage_write,272398417
14:52:12.026 -> [AVI] Rendering 0 aircraft
14:52:12.167 -> [FACE] heartbeat
14:52:12.167 -> C,mood_str,50
14:52:12.167 -> C,ts_engage_write,272541633
14:52:12.167 -> C,modifier,15
14:52:12.167 -> C,engage_floor,0
14:52:12.167 -> C,loop_us,411
14:52:12.167 -> [AVI] Rendering 0 aircraft
14:52:12.306 -> C,ts_engage_write,272684423
14:52:12.306 -> [AVI] Rendering 0 aircraft
14:52:12.447 -> C,ts_engage_write,272827417
14:52:12.447 -> C,engage_lvl,283
14:52:12.447 -> [AVI] Rendering 0 aircraft
14:52:12.623 -> C,ts_engage_write,272970417
14:52:12.623 -> [AVI] Rendering 0 aircraft
14:52:12.762 -> C,ts_engage_write,273113424
14:52:12.762 -> [AVI] Rendering 0 aircraft
14:52:12.900 -> C,ts_engage_write,273257421
14:52:12.900 -> [AVI] Rendering 0 aircraft
14:52:13.040 -> C,ts_engage_write,273400417
14:52:13.040 -> C,engage_lvl,281
14:52:13.040 -> [AVI] Rendering 0 aircraft
14:52:13.180 -> [FACE] heartbeat
14:52:13.180 -> C,mood_str,50
14:52:13.180 -> C,ts_engage_write,273543639
14:52:13.180 -> C,modifier,15
14:52:13.180 -> C,engage_floor,0
14:52:13.180 -> C,loop_us,418
14:52:13.180 -> [AVI] Rendering 0 aircraft
14:52:13.322 -> C,ts_engage_write,273686423
14:52:13.322 -> [AVI] Rendering 0 aircraft
14:52:13.462 -> C,ts_engage_write,273829417
14:52:13.462 -> [AVI] Rendering 0 aircraft
14:52:13.601 -> C,ts_engage_write,273972418
14:52:13.601 -> C,engage_lvl,280
14:52:13.601 -> [AVI] Rendering 0 aircraft
14:52:13.742 -> C,ts_engage_write,274115424
14:52:13.742 -> [AVI] Rendering 0 aircraft
14:52:13.881 -> C,ts_engage_write,274258417
14:52:13.881 -> [AVI] Rendering 0 aircraft
14:52:14.019 -> C,ts_engage_write,274401417
14:52:14.019 -> [AVI] Rendering 0 aircraft
14:52:14.205 -> [FACE] heartbeat
14:52:14.205 -> C,mood_str,50
14:52:14.205 -> C,ts_engage_write,274544640
14:52:14.205 -> C,engage_lvl,278
14:52:14.205 -> C,modifier,15
14:52:14.205 -> C,engage_floor,0
14:52:14.205 -> C,loop_us,446
14:52:14.205 -> [AVI] Rendering 0 aircraft
14:52:14.345 -> C,ts_engage_write,274687425
14:52:14.345 -> [AVI] Rendering 0 aircraft
14:52:14.485 -> C,ts_engage_write,274830417
14:52:14.485 -> [AVI] Rendering 0 aircraft
14:52:14.625 -> C,ts_engage_write,274973420
14:52:14.625 -> [AVI] Rendering 0 aircraft
14:52:14.765 -> C,ts_engage_write,275116427
14:52:14.765 -> C,engage_lvl,277
14:52:14.765 -> [AVI] Rendering 0 aircraft
14:52:14.906 -> C,ts_engage_write,275259420
14:52:14.906 -> [AVI] Rendering 0 aircraft
14:52:15.045 -> C,ts_engage_write,275402417
14:52:15.045 -> [AVI] Rendering 0 aircraft
14:52:15.183 -> [FACE] heartbeat
14:52:15.183 -> C,mood_str,50
14:52:15.183 -> C,ts_engage_write,275545639
14:52:15.183 -> C,modifier,15
14:52:15.183 -> C,engage_floor,0
14:52:15.183 -> C,loop_us,420
14:52:15.183 -> [AVI] Rendering 0 aircraft
14:52:15.322 -> C,ts_engage_write,275688423
14:52:15.322 -> C,engage_lvl,275
14:52:15.322 -> [AVI] Rendering 0 aircraft
14:52:15.462 -> C,ts_engage_write,275831417
14:52:15.462 -> [AVI] Rendering 0 aircraft
14:52:15.601 -> C,ts_engage_write,275974417
14:52:15.601 -> [AVI] Rendering 0 aircraft
14:52:15.741 -> C,ts_engage_write,276117424
14:52:15.741 -> [AVI] Rendering 0 aircraft
14:52:15.880 -> C,ts_engage_write,276260417
14:52:15.880 -> C,engage_lvl,274
14:52:15.880 -> [AVI] Rendering 0 aircraft
14:52:16.065 -> C,ts_engage_write,276403417
14:52:16.065 -> [AVI] Rendering 0 aircraft
14:52:16.206 -> [FACE] heartbeat
14:52:16.206 -> C,mood_str,50
14:52:16.206 -> C,ts_engage_write,276546639
14:52:16.206 -> C,modifier,15
14:52:16.206 -> C,engage_floor,0
14:52:16.206 -> C,loop_us,417
14:52:16.206 -> [AVI] Rendering 0 aircraft
14:52:16.346 -> C,ts_engage_write,276689426
14:52:16.346 -> [AVI] Rendering 0 aircraft
14:52:16.486 -> C,ts_engage_write,276832417
14:52:16.486 -> C,engage_lvl,272
14:52:16.486 -> [AVI] Rendering 0 aircraft
14:52:16.626 -> C,ts_engage_write,276975417
14:52:16.626 -> [AVI] Rendering 0 aircraft
14:52:16.766 -> C,ts_engage_write,277118426
14:52:16.766 -> [AVI] Rendering 0 aircraft
14:52:16.907 -> C,ts_engage_write,277261421
14:52:16.907 -> [AVI] Rendering 0 aircraft
14:52:17.047 -> C,ts_engage_write,277404417
14:52:17.047 -> C,engage_lvl,271
14:52:17.047 -> [AVI] Rendering 0 aircraft
14:52:17.188 -> [FACE] heartbeat
14:52:17.188 -> C,mood_str,50
14:52:17.188 -> C,ts_engage_write,277547639
14:52:17.188 -> C,modifier,15
14:52:17.188 -> C,engage_floor,0
14:52:17.188 -> C,loop_us,417
14:52:17.188 -> [AVI] Rendering 0 aircraft
14:52:17.328 -> C,ts_engage_write,277690423
14:52:17.328 -> [AVI] Rendering 0 aircraft
14:52:17.467 -> C,ts_engage_write,277833417
14:52:17.467 -> [AVI] Rendering 0 aircraft
14:52:17.606 -> C,ts_engage_write,277976418
14:52:17.606 -> C,engage_lvl,269
14:52:17.606 -> [AVI] Rendering 0 aircraft
14:52:17.746 -> C,ts_engage_write,278119424
14:52:17.746 -> [AVI] Rendering 0 aircraft
14:52:17.886 -> C,ts_engage_write,278262417
14:52:17.886 -> [AVI] Rendering 0 aircraft
14:52:18.024 -> C,ts_engage_write,278405417
14:52:18.024 -> [AVI] Rendering 0 aircraft
14:52:18.212 -> [FACE] heartbeat
14:52:18.212 -> C,mood_str,50
14:52:18.212 -> C,ts_engage_write,278548639
14:52:18.212 -> C,engage_lvl,268
14:52:18.212 -> C,modifier,15
14:52:18.212 -> C,engage_floor,0
14:52:18.212 -> C,loop_us,437
14:52:18.212 -> [AVI] Rendering 0 aircraft
14:52:18.353 -> C,ts_engage_write,278691426
14:52:18.353 -> [AVI] Rendering 0 aircraft
14:52:18.493 -> C,ts_engage_write,278834417
14:52:18.493 -> [AVI] Rendering 0 aircraft
14:52:18.633 -> C,ts_engage_write,278977418
14:52:18.633 -> [AVI] Rendering 0 aircraft
14:52:18.772 -> C,ts_engage_write,279120426
14:52:18.772 -> C,engage_lvl,266
14:52:18.772 -> [AVI] Rendering 0 aircraft
14:52:18.911 -> C,ts_engage_write,279263417
14:52:18.911 -> [AVI] Rendering 0 aircraft
14:52:19.052 -> C,ts_engage_write,279406417
14:52:19.052 -> [AVI] Rendering 0 aircraft
14:52:19.191 -> [FACE] heartbeat
14:52:19.191 -> C,mood_str,50
14:52:19.191 -> C,ts_engage_write,279549641
14:52:19.191 -> C,modifier,15
14:52:19.191 -> C,engage_floor,0
14:52:19.191 -> C,loop_us,411
14:52:19.191 -> [AVI] Rendering 0 aircraft
14:52:19.329 -> C,ts_engage_write,279692423
14:52:19.329 -> C,engage_lvl,265
14:52:19.329 -> [AVI] Rendering 0 aircraft
14:52:19.470 -> C,ts_engage_write,279836420
14:52:19.470 -> [AVI] Rendering 0 aircraft
14:52:19.609 -> C,ts_engage_write,279979420
14:52:19.609 -> [AVI] Rendering 0 aircraft
14:52:19.748 -> C,ts_engage_write,280122426
14:52:19.748 -> [AVI] Rendering 0 aircraft
14:52:19.889 -> C,ts_engage_write,280265417
14:52:19.889 -> C,engage_lvl,263
14:52:19.889 -> [AVI] Rendering 0 aircraft
14:52:20.029 -> C,ts_engage_write,280408417
14:52:20.029 -> [AVI] Rendering 0 aircraft
14:52:20.169 -> [FACE] heartbeat
14:52:20.169 -> C,mood_str,50
14:52:20.169 -> C,ts_engage_write,280551635
14:52:20.169 -> C,modifier,15
14:52:20.169 -> C,engage_floor,0
14:52:20.169 -> C,loop_us,415
14:52:20.169 -> [AVI] Rendering 0 aircraft
14:52:20.262 -> [280607][V][STA.cpp:224] _onStaEvent(): STA Disconnected: SSID: Aryan Gupta, BSSID: b2:a7:33:6e:a6:1f, Reason: 204
14:52:20.262 -> [280608][V][NetworkEvents.cpp:132] _checkForEvent(): Network Event: 113 - STA_DISCONNECTED
14:52:20.262 -> [280609][V][STA.cpp:118] _onStaArduinoEvent(): Arduino STA Event: 113 - STA_DISCONNECTED
14:52:20.262 -> [280609][W][STA.cpp:145] _onStaArduinoEvent(): Reason: 204 - HANDSHAKE_TIMEOUT
14:52:20.262 -> [280610][D][STA.cpp:163] _onStaArduinoEvent(): WiFi Reconnect Running
14:52:20.262 -> [WIFI] Disconnect reason=204
14:52:20.355 -> C,ts_engage_write,280694437
14:52:20.355 -> [AVI] Rendering 0 aircraft
14:52:20.496 -> C,ts_engage_write,280838456
14:52:20.496 -> C,engage_lvl,262
14:52:20.496 -> [AVI] Rendering 0 aircraft
14:52:20.635 -> C,ts_engage_write,280982423
14:52:20.635 -> [AVI] Rendering 0 aircraft
14:52:20.773 -> C,ts_engage_write,281125426
14:52:20.773 -> [AVI] Rendering 0 aircraft
14:52:20.914 -> C,ts_engage_write,281268438
14:52:20.914 -> [AVI] Rendering 0 aircraft
14:52:21.054 -> C,ts_engage_write,281412430
14:52:21.054 -> C,engage_lvl,260
14:52:21.054 -> [AVI] Rendering 0 aircraft
14:52:21.191 -> [FACE] heartbeat
14:52:21.191 -> C,mood_str,50
14:52:21.191 -> C,ts_engage_write,281556647
14:52:21.191 -> C,modifier,15
14:52:21.191 -> C,engage_floor,0
14:52:21.191 -> C,loop_us,418
14:52:21.191 -> [AVI] Rendering 0 aircraft
14:52:21.333 -> C,ts_engage_write,281699421
14:52:21.333 -> [AVI] Rendering 0 aircraft
14:52:21.472 -> C,ts_engage_write,281842420
14:52:21.472 -> [AVI] Rendering 0 aircraft
14:52:21.610 -> C,ts_engage_write,281985417
14:52:21.610 -> C,engage_lvl,258
14:52:21.610 -> [AVI] Rendering 0 aircraft
14:52:21.702 -> [WiFiService] Connection failed. status=5 mode=1 (owner=connectSTA)
14:52:21.702 -> EVT:{"type":"timeline","text":"WiFi Disconnected","tag":"system"}
14:52:21.702 -> [AVI] Status final=5  ok=0
14:52:21.748 -> C,ts_engage_write,282128422
14:52:21.748 -> [AVI] Rendering 0 aircraft
14:52:21.888 -> C,ts_engage_write,282271423
14:52:21.888 -> [AVI] Rendering 0 aircraft
14:52:22.075 -> C,ts_engage_write,282414422
14:52:22.075 -> [AVI] Rendering 0 aircraft
14:52:22.215 -> [FACE] heartbeat
14:52:22.215 -> C,mood_str,50
14:52:22.215 -> C,ts_engage_write,282557639
14:52:22.215 -> C,engage_lvl,257
14:52:22.215 -> C,modifier,15
14:52:22.215 -> C,engage_floor,0
14:52:22.215 -> C,loop_us,442
14:52:22.215 -> [AVI] Rendering 0 aircraft
14:52:22.355 -> C,ts_engage_write,282700424
14:52:22.355 -> [AVI] Rendering 0 aircraft
14:52:22.493 -> C,ts_engage_write,282843423
14:52:22.493 -> [AVI] Rendering 0 aircraft
14:52:22.633 -> C,ts_engage_write,282986423
14:52:22.633 -> [AVI] Rendering 0 aircraft
14:52:22.773 -> C,ts_engage_write,283129421
14:52:22.773 -> C,engage_lvl,255
14:52:22.773 -> [AVI] Rendering 0 aircraft
14:52:22.913 -> C,ts_engage_write,283272423
14:52:22.913 -> [AVI] Rendering 0 aircraft
14:52:23.053 -> C,ts_engage_write,283415423
14:52:23.053 -> [AVI] Rendering 0 aircraft
14:52:23.099 -> [283482][V][STA.cpp:224] _onStaEvent(): STA Disconnected: SSID: Aryan Gupta, BSSID: b2:a7:33:6e:a6:1f, Reason: 2
14:52:23.099 -> [283482][V][NetworkEvents.cpp:132] _checkForEvent(): Network Event: 113 - STA_DISCONNECTED
14:52:23.146 -> [283483][V][STA.cpp:118] _onStaArduinoEvent(): Arduino STA Event: 113 - STA_DISCONNECTED
14:52:23.146 -> [283483][W][STA.cpp:145] _onStaArduinoEvent(): Reason: 2 - AUTH_EXPIRE
14:52:23.146 -> [283484][D][STA.cpp:166] _onStaArduinoEvent(): WiFi AutoReconnect Running
14:52:23.146 -> [WIFI] Disconnect reason=2
14:52:23.193 -> [FACE] heartbeat
14:52:23.193 -> C,mood_str,50
14:52:23.193 -> C,ts_engage_write,283558724
14:52:23.193 -> C,modifier,15
14:52:23.193 -> C,engage_floor,0
14:52:23.193 -> C,loop_us,524
14:52:23.193 -> [AVI] Rendering 0 aircraft
14:52:23.331 -> C,ts_engage_write,283702457
14:52:23.331 -> C,engage_lvl,254
14:52:23.331 -> [AVI] Rendering 0 aircraft
14:52:23.468 -> C,ts_engage_write,283846445
14:52:23.468 -> [AVI] Rendering 0 aircraft
14:52:23.608 -> C,ts_engage_write,283990451
14:52:23.608 -> [AVI] Rendering 0 aircraft
14:52:23.792 -> C,ts_engage_write,284134429
14:52:23.792 -> [AVI] Rendering 0 aircraft
14:52:23.839 -> [284187][V][STA.cpp:214] _onStaEvent(): STA Connected: SSID: Aryan Gupta, BSSID: b2:a7:33:6e:a6:1f, Channel: 5, Auth: WPA3_PSK
14:52:23.839 -> [284188][V][NetworkEvents.cpp:132] _checkForEvent(): Network Event: 112 - STA_CONNECTED
14:52:23.839 -> [284189][V][STA.cpp:118] _onStaArduinoEvent(): Arduino STA Event: 112 - STA_CONNECTED
14:52:23.839 -> [WIFI] Connected to AP
14:52:23.932 -> C,ts_engage_write,284277429
14:52:23.932 -> C,engage_lvl,252
14:52:23.932 -> [AVI] Rendering 0 aircraft
14:52:24.072 -> C,ts_engage_write,284420427
14:52:24.072 -> [AVI] Rendering 0 aircraft
14:52:24.211 -> [FACE] heartbeat
14:52:24.211 -> C,mood_str,50
14:52:24.211 -> C,ts_engage_write,284563521
14:52:24.211 -> C,modifier,15
14:52:24.211 -> C,engage_floor,0
14:52:24.211 -> C,loop_us,313
14:52:24.211 -> [AVI] Rendering 0 aircraft
14:52:24.350 -> C,ts_engage_write,284706427
14:52:24.350 -> [AVI] Rendering 0 aircraft
14:52:24.493 -> C,ts_engage_write,284849421
14:52:24.493 -> C,engage_lvl,251
14:52:24.493 -> [AVI] Rendering 0 aircraft
14:52:24.632 -> C,ts_engage_write,284992426
14:52:24.632 -> [AVI] Rendering 0 aircraft
14:52:24.772 -> C,ts_engage_write,285135428
14:52:24.772 -> [AVI] Rendering 0 aircraft
14:52:24.912 -> C,ts_engage_write,285278426
14:52:24.912 -> [AVI] Rendering 0 aircraft
14:52:25.051 -> C,ts_engage_write,285421425
14:52:25.051 -> C,engage_lvl,249
14:52:25.051 -> [AVI] Rendering 0 aircraft
14:52:25.192 -> [FACE] heartbeat
14:52:25.192 -> C,mood_str,50
14:52:25.192 -> C,ts_engage_write,285564517
14:52:25.192 -> C,modifier,15
14:52:25.192 -> C,engage_floor,0
14:52:25.192 -> C,loop_us,315
14:52:25.192 -> [AVI] Rendering 0 aircraft
14:52:25.285 -> 285633][V][NetworkInterface.cpp:79] _onIpEvent(): sta Got New IP: 10.117.38.118 MASK: 255.255.255.0 GW: 10.117.38.155
14:52:25.285 -> [285633][V][NetworkEvents.cpp:132] _checkForEvent(): Network Event: 115 - STA_GOT_IP
14:52:25.285 -> [285634][V][STA.cpp:118] _onStaArduinoEvent(): Arduino STA Event: 115 - STA_GOT_IP
14:52:25.285 -> [285634][V][STA.cpp:179] _onStaArduinoEvent(): STA IP: 10.117.38.118, MASK: 255.255.255.0, GW: 10.117.38.155
14:52:25.285 -> [WIFI] IP=10.117.38.118
14:52:25.332 -> C,ts_engage_write,285707426
14:52:25.332 -> [AVI] Rendering 0 aircraft
14:52:25.472 -> C,ts_engage_write,285850421
14:52:25.472 -> [AVI] Rendering 0 aircraft
14:52:25.612 -> C,ts_engage_write,285993385
14:52:25.612 -> C,engage_lvl,248
14:52:25.612 -> [AVI] Rendering 0 aircraft
14:52:25.754 -> C,ts_engage_write,286136426
14:52:25.754 -> [AVI] Rendering 0 aircraft
14:52:25.940 -> C,ts_engage_write,286279426
14:52:25.940 -> [AVI] Rendering 0 aircraft
14:52:26.081 -> C,ts_engage_write,286422425
14:52:26.081 -> [AVI] Rendering 0 aircraft
14:52:26.221 -> [FACE] heartbeat
14:52:26.221 -> C,mood_str,50
14:52:26.221 -> C,ts_engage_write,286565613
14:52:26.221 -> C,engage_lvl,246
14:52:26.221 -> C,modifier,15
14:52:26.221 -> C,engage_floor,0
14:52:26.221 -> C,loop_us,419
14:52:26.221 -> [AVI] Rendering 0 aircraft
14:52:26.360 -> C,ts_engage_write,286708427
14:52:26.360 -> [AVI] Rendering 0 aircraft
14:52:26.500 -> C,ts_engage_write,286851426
14:52:26.500 -> [AVI] Rendering 0 aircraft
14:52:26.638 -> C,ts_engage_write,286994384
14:52:26.638 -> [AVI] Rendering 0 aircraft
14:52:26.778 -> C,ts_engage_write,287137426
14:52:26.778 -> C,engage_lvl,245
14:52:26.778 -> [AVI] Rendering 0 aircraft
14:52:26.918 -> C,ts_engage_write,287280427
14:52:26.918 -> [AVI] Rendering 0 aircraft
14:52:27.056 -> C,ts_engage_write,287423382
14:52:27.056 -> [AVI] Rendering 0 aircraft
14:52:27.196 -> [FACE] heartbeat
14:52:27.196 -> C,mood_str,50
14:52:27.196 -> C,ts_engage_write,287566638
14:52:27.196 -> C,modifier,15
14:52:27.196 -> C,engage_floor,0
14:52:27.196 -> C,loop_us,418
14:52:27.196 -> [AVI] Rendering 0 aircraft
14:52:27.336 -> C,ts_engage_write,287710427
14:52:27.336 -> C,engage_lvl,243
14:52:27.336 -> [AVI] Rendering 0 aircraft
14:52:27.476 -> C,ts_engage_write,287853418
14:52:27.476 -> [AVI] Rendering 0 aircraft
14:52:27.617 -> C,ts_engage_write,287997426
14:52:27.617 -> [AVI] Rendering 0 aircraft
14:52:27.757 -> C,ts_engage_write,288140427
14:52:27.757 -> [AVI] Rendering 0 aircraft
14:52:27.943 -> C,ts_engage_write,288283424
14:52:27.943 -> C,engage_lvl,242
14:52:27.943 -> [AVI] Rendering 0 aircraft
14:52:28.083 -> C,ts_engage_write,288426411
14:52:28.083 -> [AVI] Rendering 0 aircraft
14:52:28.224 -> [FACE] heartbeat
14:52:28.224 -> C,mood_str,50
14:52:28.224 -> C,ts_engage_write,288569641
14:52:28.224 -> C,modifier,15
14:52:28.224 -> C,engage_floor,0
14:52:28.224 -> C,loop_us,428
14:52:28.224 -> [AVI] Rendering 0 aircraft
14:52:28.365 -> C,ts_engage_write,288713427
14:52:28.365 -> [AVI] Rendering 0 aircraft
14:52:28.505 -> C,ts_engage_write,288856382
14:52:28.505 -> C,engage_lvl,240
14:52:28.505 -> [AVI] Rendering 0 aircraft
14:52:28.645 -> C,ts_engage_write,288999426
14:52:28.645 -> [AVI] Rendering 0 aircraft
14:52:28.784 -> C,ts_engage_write,289142427
14:52:28.784 -> [AVI] Rendering 0 aircraft
14:52:28.923 -> C,ts_engage_write,289285385
14:52:28.923 -> [AVI] Rendering 0 aircraft
14:52:29.060 -> C,ts_engage_write,289428421
14:52:29.060 -> C,engage_lvl,239
14:52:29.060 -> [AVI] Rendering 0 aircraft
14:52:29.200 -> [FACE] heartbeat
14:52:29.200 -> C,mood_str,50
14:52:29.200 -> C,ts_engage_write,289571639
14:52:29.200 -> C,modifier,15
14:52:29.200 -> C,engage_floor,0
14:52:29.200 -> C,loop_us,414
14:52:29.200 -> [AVI] Rendering 0 aircraft
14:52:29.342 -> C,ts_engage_write,289714429
14:52:29.342 -> [AVI] Rendering 0 aircraft
14:52:29.480 -> C,ts_engage_write,289857421
14:52:29.480 -> [AVI] Rendering 0 aircraft
14:52:29.618 -> C,ts_engage_write,290000426
14:52:29.618 -> C,engage_lvl,237
14:52:29.618 -> [AVI] Rendering 0 aircraft
14:52:29.805 -> C,ts_engage_write,290143427
14:52:29.805 -> [AVI] Rendering 0 aircraft
14:52:29.945 -> C,ts_engage_write,290286385
14:52:29.945 -> [AVI] Rendering 0 aircraft
14:52:30.084 -> C,ts_engage_write,290429421
14:52:30.084 -> [AVI] Rendering 0 aircraft
14:52:30.224 -> [FACE] heartbeat
14:52:30.224 -> C,mood_str,50
14:52:30.224 -> C,ts_engage_write,290572636
14:52:30.224 -> C,engage_lvl,236
14:52:30.224 -> C,modifier,15
14:52:30.224 -> C,engage_floor,0
14:52:30.224 -> C,loop_us,448
14:52:30.224 -> [AVI] Rendering 0 aircraft
14:52:30.364 -> C,ts_engage_write,290716391
14:52:30.364 -> [AVI] Rendering 0 aircraft
14:52:30.504 -> C,ts_engage_write,290859421
14:52:30.504 -> [AVI] Rendering 0 aircraft
14:52:30.643 -> C,ts_engage_write,291002426
14:52:30.643 -> [AVI] Rendering 0 aircraft
14:52:30.785 -> C,ts_engage_write,291145428
14:52:30.785 -> C,engage_lvl,234
14:52:30.785 -> [AVI] Rendering 0 aircraft
14:52:30.925 -> C,ts_engage_write,291288385
14:52:30.925 -> [AVI] Rendering 0 aircraft
14:52:31.063 -> C,ts_engage_write,291431424
14:52:31.063 -> [AVI] Rendering 0 aircraft
14:52:31.203 -> [FACE] heartbeat
14:52:31.203 -> C,mood_str,50
14:52:31.203 -> C,ts_engage_write,291574640
14:52:31.203 -> C,modifier,15
14:52:31.203 -> C,engage_floor,0
14:52:31.203 -> C,loop_us,419
14:52:31.203 -> [AVI] Rendering 0 aircraft
14:52:31.344 -> C,ts_engage_write,291717391
14:52:31.344 -> C,engage_lvl,233
14:52:31.344 -> [AVI] Rendering 0 aircraft
14:52:31.484 -> C,ts_engage_write,291860421
14:52:31.484 -> [AVI] Rendering 0 aircraft
14:52:31.624 -> C,ts_engage_write,292003427
14:52:31.624 -> [AVI] Rendering 0 aircraft
14:52:31.764 -> C,ts_engage_write,292146401
14:52:31.764 -> [AVI] Rendering 0 aircraft
14:52:31.949 -> C,ts_engage_write,292289426
14:52:31.949 -> C,engage_lvl,231
14:52:31.949 -> [AVI] Rendering 0 aircraft
14:52:32.090 -> C,ts_engage_write,292432424
14:52:32.090 -> [AVI] Rendering 0 aircraft
14:52:32.228 -> [FACE] heartbeat
14:52:32.228 -> C,mood_str,50
14:52:32.228 -> C,ts_engage_write,292575634
14:52:32.228 -> C,modifier,15
14:52:32.228 -> C,engage_floor,0
14:52:32.228 -> C,loop_us,409
14:52:32.228 -> [AVI] Rendering 0 aircraft
14:52:32.368 -> C,ts_engage_write,292718395
14:52:32.368 -> [AVI] Rendering 0 aircraft
14:52:32.508 -> C,ts_engage_write,292861421
14:52:32.508 -> C,engage_lvl,230
14:52:32.508 -> [AVI] Rendering 0 aircraft
14:52:32.645 -> C,ts_engage_write,293004424
14:52:32.645 -> [AVI] Rendering 0 aircraft
14:52:32.785 -> C,ts_engage_write,293147402
14:52:32.785 -> [AVI] Rendering 0 aircraft
14:52:32.927 -> C,ts_engage_write,293290426
14:52:32.927 -> [AVI] Rendering 0 aircraft
14:52:33.066 -> C,ts_engage_write,293433427
14:52:33.066 -> C,engage_lvl,228
14:52:33.066 -> [AVI] Rendering 0 aircraft
14:52:33.207 -> [FACE] heartbeat
14:52:33.207 -> C,mood_str,50
14:52:33.207 -> C,ts_engage_write,293576524
14:52:33.207 -> C,modifier,15
14:52:33.207 -> C,engage_floor,0
14:52:33.207 -> C,loop_us,318
14:52:33.207 -> [AVI] Rendering 0 aircraft
14:52:33.348 -> C,ts_engage_write,293719426
14:52:33.348 -> [AVI] Rendering 0 aircraft
14:52:33.488 -> C,ts_engage_write,293862421
14:52:33.488 -> [AVI] Rendering 0 aircraft
14:52:33.627 -> C,ts_engage_write,294005428
14:52:33.627 -> C,engage_lvl,226
14:52:33.627 -> [AVI] Rendering 0 aircraft
14:52:33.765 -> C,ts_engage_write,294148401
14:52:33.765 -> [AVI] Rendering 0 aircraft
14:52:33.949 -> C,ts_engage_write,294291426
14:52:33.949 -> [AVI] Rendering 0 aircraft
14:52:34.090 -> C,ts_engage_write,294434426
14:52:34.090 -> [AVI] Rendering 0 aircraft
14:52:34.230 -> [FACE] heartbeat
14:52:34.230 -> C,mood_str,50
14:52:34.230 -> C,ts_engage_write,294577515
14:52:34.230 -> C,engage_lvl,225
14:52:34.230 -> C,modifier,15
14:52:34.230 -> C,engage_floor,0
14:52:34.230 -> C,loop_us,344
14:52:34.230 -> [AVI] Rendering 0 aircraft
14:52:34.369 -> C,ts_engage_write,294720426
14:52:34.369 -> [AVI] Rendering 0 aircraft
14:52:34.509 -> C,ts_engage_write,294863425
14:52:34.509 -> [AVI] Rendering 0 aircraft
14:52:34.646 -> C,ts_engage_write,295006385
14:52:34.646 -> [AVI] Rendering 0 aircraft
14:52:34.786 -> C,ts_engage_write,295149426
14:52:34.786 -> C,engage_lvl,223
14:52:34.786 -> [AVI] Rendering 0 aircraft
14:52:34.925 -> C,ts_engage_write,295292426
14:52:34.925 -> [AVI] Rendering 0 aircraft
14:52:35.063 -> C,ts_engage_write,295435423
14:52:35.063 -> [AVI] Rendering 0 aircraft
14:52:35.202 -> [FACE] heartbeat
14:52:35.202 -> C,mood_str,50
14:52:35.202 -> C,ts_engage_write,295578621
14:52:35.202 -> C,modifier,15
14:52:35.202 -> C,engage_floor,0
14:52:35.202 -> C,loop_us,404
14:52:35.202 -> [AVI] Rendering 0 aircraft
14:52:35.341 -> C,ts_engage_write,295721419
14:52:35.341 -> C,engage_lvl,222
14:52:35.341 -> [AVI] Rendering 0 aircraft
14:52:35.480 -> C,ts_engage_write,295864422
14:52:35.528 -> [AVI] Rendering 0 aircraft
14:52:35.666 -> C,ts_engage_write,296007426
14:52:35.666 -> [AVI] Rendering 0 aircraft
14:52:35.804 -> C,ts_engage_write,296150426
14:52:35.804 -> [AVI] Rendering 0 aircraft
14:52:35.943 -> C,ts_engage_write,296293426
14:52:35.943 -> C,engage_lvl,220
14:52:35.943 -> [AVI] Rendering 0 aircraft
14:52:36.079 -> C,ts_engage_write,296436383
14:52:36.079 -> [AVI] Rendering 0 aircraft
14:52:36.219 -> [FACE] heartbeat
14:52:36.219 -> C,mood_str,50
14:52:36.219 -> C,ts_engage_write,296579639
14:52:36.219 -> C,modifier,15
14:52:36.219 -> C,engage_floor,0
14:52:36.219 -> C,loop_us,424
14:52:36.219 -> [AVI] Rendering 0 aircraft
14:52:36.359 -> C,ts_engage_write,296722426
14:52:36.359 -> [AVI] Rendering 0 aircraft
14:52:36.500 -> C,ts_engage_write,296865382
14:52:36.500 -> C,engage_lvl,219
14:52:36.500 -> [AVI] Rendering 0 aircraft
14:52:36.641 -> C,ts_engage_write,297008426
14:52:36.641 -> [AVI] Rendering 0 aircraft
14:52:36.779 -> C,ts_engage_write,297151426
14:52:36.779 -> [AVI] Rendering 0 aircraft
14:52:36.920 -> C,ts_engage_write,297294424
14:52:36.920 -> [AVI] Rendering 0 aircraft
14:52:37.060 -> C,ts_engage_write,297437421
14:52:37.060 -> C,engage_lvl,217
14:52:37.060 -> [AVI] Rendering 0 aircraft
14:52:37.199 -> [FACE] heartbeat
14:52:37.199 -> C,mood_str,50
14:52:37.199 -> C,ts_engage_write,297580638
14:52:37.199 -> C,modifier,15
14:52:37.199 -> C,engage_floor,0
14:52:37.199 -> C,loop_us,426
14:52:37.199 -> [AVI] Rendering 0 aircraft
14:52:37.385 -> C,ts_engage_write,297723426
14:52:37.385 -> [AVI] Rendering 0 aircraft
14:52:37.524 -> C,ts_engage_write,297866382
14:52:37.524 -> [AVI] Rendering 0 aircraft
14:52:37.664 -> C,ts_engage_write,298009426
14:52:37.664 -> C,engage_lvl,216
14:52:37.664 -> [AVI] Rendering 0 aircraft
14:52:37.801 -> C,ts_engage_write,298152426
14:52:37.801 -> [AVI] Rendering 0 aircraft
14:52:37.941 -> C,ts_engage_write,298295385
14:52:37.941 -> [AVI] Rendering 0 aircraft
14:52:38.081 -> C,ts_engage_write,298438421
14:52:38.081 -> [AVI] Rendering 0 aircraft
14:52:38.219 -> [FACE] heartbeat
14:52:38.219 -> C,mood_str,50
14:52:38.219 -> C,ts_engage_write,298581645
14:52:38.219 -> C,engage_lvl,214
14:52:38.219 -> C,modifier,15
14:52:38.219 -> C,engage_floor,0
14:52:38.219 -> C,loop_us,442
14:52:38.219 -> [AVI] Rendering 0 aircraft
14:52:38.360 -> C,ts_engage_write,298724427
14:52:38.360 -> [AVI] Rendering 0 aircraft
14:52:38.499 -> C,ts_engage_write,298867382
14:52:38.499 -> [AVI] Rendering 0 aircraft
14:52:38.639 -> C,ts_engage_write,299010426
14:52:38.639 -> [AVI] Rendering 0 aircraft
14:52:38.778 -> C,ts_engage_write,299153426
14:52:38.778 -> C,engage_lvl,213
14:52:38.778 -> [AVI] Rendering 0 aircraft
14:52:38.919 -> C,ts_engage_write,299296385
14:52:38.919 -> [AVI] Rendering 0 aircraft
14:52:39.059 -> C,ts_engage_write,299439424
14:52:39.059 -> [AVI] Rendering 0 aircraft
14:52:39.244 -> [FACE] heartbeat
14:52:39.244 -> C,mood_str,50
14:52:39.244 -> C,ts_engage_write,299582642
14:52:39.244 -> C,modifier,15
14:52:39.244 -> C,engage_floor,0
14:52:39.244 -> C,loop_us,420
14:52:39.244 -> [AVI] Rendering 0 aircraft
14:52:39.384 -> C,ts_engage_write,299725395
14:52:39.384 -> C,engage_lvl,211
14:52:39.384 -> [AVI] Rendering 0 aircraft
14:52:39.522 -> C,ts_engage_write,299868421
14:52:39.522 -> [AVI] Rendering 0 aircraft
14:52:39.662 -> C,ts_engage_write,300011426
14:52:39.662 -> [AVI] Rendering 0 aircraft
14:52:39.800 -> C,dom_touch,54
14:52:39.800 -> C,dom_sec,0
14:52:39.800 -> [MEM] tick: records=2 strength=54
14:52:39.800 -> C,rec_count,2
14:52:39.800 -> C,ts_engage_write,300154667
14:52:39.800 -> [AVI] Rendering 0 aircraft
14:52:39.940 -> C,ts_engage_write,300297389
14:52:39.940 -> C,engage_lvl,210
14:52:39.940 -> [AVI] Rendering 0 aircraft
14:52:40.078 -> C,ts_engage_write,300440423
14:52:40.078 -> [AVI] Rendering 0 aircraft
14:52:40.218 -> [FACE] heartbeat
14:52:40.218 -> C,mood_str,50
14:52:40.218 -> C,ts_engage_write,300583640
14:52:40.218 -> C,modifier,15
14:52:40.218 -> C,engage_floor,0
14:52:40.218 -> C,loop_us,412
14:52:40.218 -> [AVI] Rendering 0 aircraft
14:52:40.357 -> C,ts_engage_write,300726393
14:52:40.357 -> [AVI] Rendering 0 aircraft
14:52:40.495 -> C,ts_engage_write,300869421
14:52:40.495 -> C,engage_lvl,208
14:52:40.495 -> [AVI] Rendering 0 aircraft
14:52:40.633 -> C,ts_engage_write,301012427
14:52:40.633 -> [AVI] Rendering 0 aircraft
14:52:40.774 -> C,ts_engage_write,301155401
14:52:40.774 -> [AVI] Rendering 0 aircraft
14:52:40.960 -> C,ts_engage_write,301298426
14:52:40.960 -> [AVI] Rendering 0 aircraft
14:52:41.100 -> C,ts_engage_write,301441424
14:52:41.100 -> C,engage_lvl,207
14:52:41.100 -> [AVI] Rendering 0 aircraft
14:52:41.239 -> [FACE] heartbeat
14:52:41.239 -> C,mood_str,50
14:52:41.239 -> C,ts_engage_write,301584640
14:52:41.239 -> C,modifier,15
14:52:41.239 -> C,engage_floor,0
14:52:41.239 -> C,loop_us,417
14:52:41.239 -> [AVI] Rendering 0 aircraft
14:52:41.377 -> C,ts_engage_write,301727395
14:52:41.377 -> [AVI] Rendering 0 aircraft
14:52:41.516 -> C,ts_engage_write,301870421
14:52:41.516 -> [AVI] Rendering 0 aircraft
14:52:41.655 -> C,ts_engage_write,302013427
14:52:41.655 -> C,engage_lvl,205
14:52:41.655 -> [AVI] Rendering 0 aircraft
14:52:41.794 -> C,ts_engage_write,302156401
14:52:41.794 -> [AVI] Rendering 0 aircraft
14:52:41.932 -> C,ts_engage_write,302299426
14:52:41.932 -> [AVI] Rendering 0 aircraft
14:52:42.072 -> C,ts_engage_write,302442425
14:52:42.072 -> [AVI] Rendering 0 aircraft
14:52:42.212 -> [FACE] heartbeat
14:52:42.212 -> C,mood_str,50
14:52:42.212 -> C,ts_engage_write,302585520
14:52:42.212 -> C,engage_lvl,204
14:52:42.212 -> C,modifier,15
14:52:42.212 -> C,engage_floor,0
14:52:42.212 -> C,loop_us,353
14:52:42.212 -> [AVI] Rendering 0 aircraft
14:52:42.350 -> C,ts_engage_write,302728426
14:52:42.350 -> [AVI] Rendering 0 aircraft
14:52:42.489 -> C,ts_engage_write,302871421
14:52:42.489 -> [AVI] Rendering 0 aircraft
14:52:42.675 -> C,ts_engage_write,303014426
14:52:42.675 -> [AVI] Rendering 0 aircraft
14:52:42.815 -> C,ts_engage_write,303157420
14:52:42.815 -> C,engage_lvl,202
14:52:42.815 -> [AVI] Rendering 0 aircraft
14:52:42.954 -> C,ts_engage_write,303300426
14:52:42.954 -> [AVI] Rendering 0 aircraft
14:52:43.094 -> C,ts_engage_write,303443427
14:52:43.094 -> [AVI] Rendering 0 aircraft
14:52:43.232 -> [FACE] heartbeat
14:52:43.232 -> C,mood_str,50
14:52:43.232 -> C,ts_engage_write,303586502
14:52:43.232 -> C,modifier,15
14:52:43.232 -> C,engage_floor,0
14:52:43.232 -> C,loop_us,275
14:52:43.232 -> [AVI] Rendering 0 aircraft
14:52:43.371 -> C,ts_engage_write,303729416
14:52:43.371 -> C,engage_lvl,201
14:52:43.371 -> [AVI] Rendering 0 aircraft
14:52:43.509 -> C,ts_engage_write,303872426
14:52:43.509 -> [AVI] Rendering 0 aircraft
14:52:43.649 -> C,ts_engage_write,304018744
14:52:43.649 -> [AVI] Rendering 0 aircraft
14:52:43.788 -> C,ts_engage_write,304162424
14:52:43.788 -> [AVI] Rendering 0 aircraft
14:52:43.929 -> C,ts_engage_write,304305424
14:52:43.929 -> C,engage_lvl,199
14:52:43.929 -> [AVI] Rendering 0 aircraft
14:52:44.070 -> C,ts_engage_write,304448422
14:52:44.070 -> [AVI] Rendering 0 aircraft
14:52:44.210 -> [FACE] heartbeat
14:52:44.210 -> C,mood_str,50
14:52:44.210 -> C,ts_engage_write,304591582
14:52:44.210 -> C,modifier,15
14:52:44.210 -> C,engage_floor,0
14:52:44.210 -> C,loop_us,367
14:52:44.210 -> [AVI] Rendering 0 aircraft
14:52:44.395 -> C,ts_engage_write,304734426
14:52:44.395 -> [AVI] Rendering 0 aircraft
14:52:44.536 -> C,ts_engage_write,304877422
14:52:44.536 -> C,engage_lvl,197
14:52:44.536 -> [AVI] Rendering 0 aircraft
14:52:44.677 -> C,ts_engage_write,305020414
14:52:44.677 -> [AVI] Rendering 0 aircraft
14:52:44.817 -> C,ts_engage_write,305163426
14:52:44.817 -> [AVI] Rendering 0 aircraft
14:52:44.958 -> C,ts_engage_write,305306426
14:52:44.958 -> [AVI] Rendering 0 aircraft
14:52:45.097 -> C,ts_engage_write,305449383
14:52:45.097 -> C,engage_lvl,196
14:52:45.097 -> [AVI] Rendering 0 aircraft
14:52:45.238 -> [FACE] heartbeat
14:52:45.238 -> C,mood_str,50
14:52:45.238 -> C,ts_engage_write,305592642
14:52:45.238 -> C,modifier,15
14:52:45.238 -> C,engage_floor,0
14:52:45.238 -> C,loop_us,426
14:52:45.238 -> [AVI] Rendering 0 aircraft
14:52:45.378 -> C,ts_engage_write,305735426
14:52:45.378 -> [AVI] Rendering 0 aircraft
14:52:45.516 -> C,ts_engage_write,305878423
14:52:45.516 -> [AVI] Rendering 0 aircraft
14:52:45.654 -> C,ts_engage_write,306021426
14:52:45.654 -> C,engage_lvl,194
14:52:45.654 -> [AVI] Rendering 0 aircraft
14:52:45.793 -> C,ts_engage_write,306164426
14:52:45.793 -> [AVI] Rendering 0 aircraft
14:52:45.934 -> C,ts_engage_write,306307426
14:52:45.934 -> [AVI] Rendering 0 aircraft
14:52:46.074 -> C,ts_engage_write,306450383
14:52:46.074 -> [AVI] Rendering 0 aircraft
14:52:46.213 -> [FACE] heartbeat
14:52:46.213 -> C,mood_str,50
14:52:46.213 -> C,ts_engage_write,306593640
14:52:46.213 -> C,engage_lvl,193
14:52:46.213 -> C,modifier,15
14:52:46.213 -> C,engage_floor,0
14:52:46.213 -> C,loop_us,441
14:52:46.213 -> [AVI] Rendering 0 aircraft
14:52:46.353 -> C,ts_engage_write,306736426
14:52:46.353 -> [AVI] Rendering 0 aircraft
14:52:46.540 -> C,ts_engage_write,306879382
14:52:46.540 -> [AVI] Rendering 0 aircraft
14:52:46.679 -> C,ts_engage_write,307022426
14:52:46.679 -> [AVI] Rendering 0 aircraft
14:52:46.819 -> C,ts_engage_write,307165427
14:52:46.819 -> C,engage_lvl,191
14:52:46.819 -> [AVI] Rendering 0 aircraft
14:52:46.958 -> C,ts_engage_write,307308385
14:52:46.958 -> [AVI] Rendering 0 aircraft
14:52:47.098 -> C,ts_engage_write,307451421
14:52:47.098 -> [AVI] Rendering 0 aircraft
14:52:47.238 -> [FACE] heartbeat
14:52:47.238 -> C,mood_str,50
14:52:47.238 -> C,ts_engage_write,307594638
14:52:47.238 -> C,modifier,15
14:52:47.238 -> C,engage_floor,0
14:52:47.238 -> C,loop_us,422
14:52:47.238 -> [AVI] Rendering 0 aircraft
14:52:47.376 -> C,ts_engage_write,307737426
14:52:47.376 -> C,engage_lvl,190
14:52:47.376 -> [AVI] Rendering 0 aircraft
14:52:47.515 -> C,ts_engage_write,307880382
14:52:47.515 -> [AVI] Rendering 0 aircraft
14:52:47.655 -> C,ts_engage_write,308023426
14:52:47.655 -> [AVI] Rendering 0 aircraft
14:52:47.795 -> C,ts_engage_write,308166426
14:52:47.795 -> [AVI] Rendering 0 aircraft
14:52:47.936 -> C,ts_engage_write,308309385
14:52:47.936 -> C,engage_lvl,188
14:52:47.936 -> [AVI] Rendering 0 aircraft
14:52:48.074 -> C,ts_engage_write,308452426
14:52:48.074 -> [AVI] Rendering 0 aircraft
14:52:48.213 -> [FACE] heartbeat
14:52:48.213 -> C,mood_str,50
14:52:48.213 -> C,ts_engage_write,308595637
14:52:48.213 -> C,modifier,15
14:52:48.213 -> C,engage_floor,0
14:52:48.213 -> C,loop_us,420
14:52:48.213 -> [AVI] Rendering 0 aircraft
14:52:48.400 -> C,ts_engage_write,308738395
14:52:48.400 -> [AVI] Rendering 0 aircraft
14:52:48.540 -> C,ts_engage_write,308881421
14:52:48.540 -> C,engage_lvl,187
14:52:48.540 -> [AVI] Rendering 0 aircraft
14:52:48.678 -> C,ts_engage_write,309024426
14:52:48.678 -> [AVI] Rendering 0 aircraft
14:52:48.818 -> C,ts_engage_write,309167428
14:52:48.818 -> [AVI] Rendering 0 aircraft
14:52:48.959 -> C,ts_engage_write,309310414
14:52:48.959 -> [AVI] Rendering 0 aircraft
14:52:49.098 -> C,ts_engage_write,309453424
14:52:49.098 -> C,engage_lvl,185
14:52:49.098 -> [AVI] Rendering 0 aircraft
14:52:49.238 -> [FACE] heartbeat
14:52:49.238 -> C,mood_str,50
14:52:49.238 -> C,ts_engage_write,309596651
14:52:49.238 -> C,modifier,15
14:52:49.238 -> C,engage_floor,0
14:52:49.238 -> C,loop_us,430
14:52:49.238 -> [AVI] Rendering 0 aircraft
14:52:49.377 -> C,ts_engage_write,309739390
14:52:49.377 -> [AVI] Rendering 0 aircraft
14:52:49.517 -> C,ts_engage_write,309882421
14:52:49.517 -> [AVI] Rendering 0 aircraft
14:52:49.656 -> C,ts_engage_write,310025427
14:52:49.656 -> C,engage_lvl,184
14:52:49.656 -> [AVI] Rendering 0 aircraft
14:52:49.794 -> C,ts_engage_write,310168401
14:52:49.794 -> [AVI] Rendering 0 aircraft
14:52:49.933 -> C,ts_engage_write,310311426
14:52:49.933 -> [AVI] Rendering 0 aircraft
14:52:50.072 -> C,ts_engage_write,310454424
14:52:50.072 -> [AVI] Rendering 0 aircraft
14:52:50.213 -> [FACE] heartbeat
14:52:50.213 -> C,mood_str,50
14:52:50.213 -> C,ts_engage_write,310597641
14:52:50.213 -> C,engage_lvl,182
14:52:50.260 -> C,modifier,15
14:52:50.260 -> C,engage_floor,0
14:52:50.260 -> C,loop_us,453
14:52:50.260 -> [AVI] Rendering 0 aircraft
14:52:50.399 -> C,ts_engage_write,310741395
14:52:50.399 -> [AVI] Rendering 0 aircraft
14:52:50.538 -> C,ts_engage_write,310884421
14:52:50.538 -> [AVI] Rendering 0 aircraft
14:52:50.678 -> C,ts_engage_write,311027426
14:52:50.678 -> [AVI] Rendering 0 aircraft
14:52:50.817 -> C,ts_engage_write,311170402
14:52:50.817 -> C,engage_lvl,181
14:52:50.817 -> [AVI] Rendering 0 aircraft
14:52:50.957 -> C,ts_engage_write,311313426
14:52:50.957 -> [AVI] Rendering 0 aircraft
14:52:51.098 -> C,ts_engage_write,311456426
14:52:51.098 -> [AVI] Rendering 0 aircraft
14:52:51.237 -> [FACE] heartbeat
14:52:51.237 -> C,mood_str,50
14:52:51.237 -> C,ts_engage_write,311599525
14:52:51.237 -> C,modifier,15
14:52:51.237 -> C,engage_floor,0
14:52:51.237 -> C,loop_us,337
14:52:51.237 -> [AVI] Rendering 0 aircraft
14:52:51.378 -> C,ts_engage_write,311742426
14:52:51.378 -> C,engage_lvl,179
14:52:51.378 -> [AVI] Rendering 0 aircraft
14:52:51.517 -> C,ts_engage_write,311885424
14:52:51.517 -> [AVI] Rendering 0 aircraft
14:52:51.655 -> C,ts_engage_write,312028429
14:52:51.655 -> [AVI] Rendering 0 aircraft
14:52:51.795 -> C,ts_engage_write,312171401
14:52:51.795 -> [AVI] Rendering 0 aircraft
14:52:51.933 -> C,ts_engage_write,312314421
14:52:51.933 -> C,engage_lvl,178
14:52:51.933 -> [AVI] Rendering 0 aircraft
14:52:52.119 -> C,ts_engage_write,312457427
14:52:52.119 -> [AVI] Rendering 0 aircraft
14:52:52.257 -> [FACE] heartbeat
14:52:52.257 -> C,mood_str,50
14:52:52.257 -> C,ts_engage_write,312600522
14:52:52.257 -> C,modifier,15
14:52:52.257 -> C,engage_floor,0
14:52:52.257 -> C,loop_us,324
14:52:52.257 -> [AVI] Rendering 0 aircraft
14:52:52.396 -> C,ts_engage_write,312743426
14:52:52.396 -> [AVI] Rendering 0 aircraft
14:52:52.534 -> C,ts_engage_write,312886424
14:52:52.534 -> C,engage_lvl,176
14:52:52.534 -> [AVI] Rendering 0 aircraft
14:52:52.673 -> C,ts_engage_write,313029384
14:52:52.673 -> [AVI] Rendering 0 aircraft
14:52:52.812 -> C,ts_engage_write,313172426
14:52:52.812 -> [AVI] Rendering 0 aircraft
14:52:52.951 -> C,ts_engage_write,313315421
14:52:52.951 -> [AVI] Rendering 0 aircraft
14:52:53.090 -> C,ts_engage_write,313458426
14:52:53.090 -> C,engage_lvl,175
14:52:53.090 -> [AVI] Rendering 0 aircraft
14:52:53.227 -> [FACE] heartbeat
14:52:53.227 -> C,mood_str,50
14:52:53.227 -> C,ts_engage_write,313601639
14:52:53.227 -> C,modifier,15
14:52:53.227 -> C,engage_floor,0
14:52:53.227 -> C,loop_us,432
14:52:53.227 -> [AVI] Rendering 0 aircraft
14:52:53.367 -> C,ts_engage_write,313744422
14:52:53.367 -> [AVI] Rendering 0 aircraft
14:52:53.506 -> C,ts_engage_write,313887422
14:52:53.506 -> [AVI] Rendering 0 aircraft
14:52:53.690 -> C,ts_engage_write,314030411
14:52:53.690 -> C,engage_lvl,173
14:52:53.690 -> [AVI] Rendering 0 aircraft
14:52:53.829 -> C,ts_engage_write,314173424
14:52:53.829 -> [AVI] Rendering 0 aircraft
14:52:53.968 -> C,ts_engage_write,314316419
14:52:53.968 -> [AVI] Rendering 0 aircraft
14:52:54.105 -> C,ts_engage_write,314459384
14:52:54.105 -> [AVI] Rendering 0 aircraft
14:52:54.244 -> [FACE] heartbeat
14:52:54.244 -> C,mood_str,50
14:52:54.244 -> C,ts_engage_write,314602645
14:52:54.244 -> C,engage_lvl,172
14:52:54.244 -> C,modifier,15
14:52:54.244 -> C,engage_floor,0
14:52:54.244 -> C,loop_us,447
14:52:54.244 -> [AVI] Rendering 0 aircraft
14:52:54.385 -> C,ts_engage_write,314746427
14:52:54.385 -> [AVI] Rendering 0 aircraft
14:52:54.523 -> C,ts_engage_write,314889423
14:52:54.523 -> [AVI] Rendering 0 aircraft
14:52:54.666 -> C,ts_engage_write,315032414
14:52:54.666 -> [AVI] Rendering 0 aircraft
14:52:54.805 -> C,ts_engage_write,315175426
14:52:54.805 -> C,engage_lvl,170
14:52:54.805 -> [AVI] Rendering 0 aircraft
14:52:54.946 -> C,ts_engage_write,315318421
14:52:54.946 -> [AVI] Rendering 0 aircraft
14:52:55.085 -> C,ts_engage_write,315461385
14:52:55.085 -> [AVI] Rendering 0 aircraft
14:52:55.226 -> [FACE] heartbeat
14:52:55.226 -> C,mood_str,50
14:52:55.226 -> C,ts_engage_write,315604643
14:52:55.226 -> C,modifier,15
14:52:55.226 -> C,engage_floor,0
14:52:55.226 -> C,loop_us,422
14:52:55.226 -> [AVI] Rendering 0 aircraft
14:52:55.364 -> C,ts_engage_write,315747422
14:52:55.364 -> C,engage_lvl,169
14:52:55.364 -> [AVI] Rendering 0 aircraft
14:52:55.550 -> C,ts_engage_write,315890382
14:52:55.550 -> [AVI] Rendering 0 aircraft
14:52:55.691 -> C,ts_engage_write,316033426
14:52:55.691 -> [AVI] Rendering 0 aircraft
14:52:55.830 -> C,ts_engage_write,316176426
14:52:55.830 -> [AVI] Rendering 0 aircraft
14:52:55.971 -> C,ts_engage_write,316319382
14:52:55.971 -> C,engage_lvl,167
14:52:55.971 -> [AVI] Rendering 0 aircraft
14:52:56.110 -> C,ts_engage_write,316462424
14:52:56.110 -> [AVI] Rendering 0 aircraft
14:52:56.249 -> [FACE] heartbeat
14:52:56.249 -> C,mood_str,50
14:52:56.249 -> C,ts_engage_write,316605646
14:52:56.249 -> C,modifier,15
14:52:56.249 -> C,engage_floor,0
14:52:56.249 -> C,loop_us,426
14:52:56.249 -> [AVI] Rendering 0 aircraft
14:52:56.388 -> C,ts_engage_write,316749422
14:52:56.388 -> [AVI] Rendering 0 aircraft
14:52:56.528 -> C,ts_engage_write,316892382
14:52:56.528 -> C,engage_lvl,165
14:52:56.528 -> [AVI] Rendering 0 aircraft
14:52:56.668 -> C,ts_engage_write,317035422
14:52:56.668 -> [AVI] Rendering 0 aircraft
14:52:56.809 -> C,ts_engage_write,317178427
14:52:56.809 -> [AVI] Rendering 0 aircraft
14:52:56.950 -> C,ts_engage_write,317321382
14:52:56.950 -> [AVI] Rendering 0 aircraft
14:52:57.089 -> C,ts_engage_write,317464426
14:52:57.089 -> C,engage_lvl,164
14:52:57.089 -> [AVI] Rendering 0 aircraft
14:52:57.227 -> [FACE] heartbeat
14:52:57.227 -> C,mood_str,50
14:52:57.227 -> C,ts_engage_write,317607636
14:52:57.227 -> C,modifier,15
14:52:57.227 -> C,engage_floor,0
14:52:57.227 -> C,loop_us,415
14:52:57.227 -> [AVI] Rendering 0 aircraft
14:52:57.410 -> C,ts_engage_write,317750358
14:52:57.410 -> [AVI] Rendering 0 aircraft
14:52:57.548 -> C,ts_engage_write,317893419
14:52:57.548 -> [AVI] Rendering 0 aircraft
14:52:57.688 -> C,ts_engage_write,318036423
14:52:57.688 -> C,engage_lvl,162
14:52:57.688 -> [AVI] Rendering 0 aircraft
14:52:57.825 -> C,ts_engage_write,318179427
14:52:57.825 -> [AVI] Rendering 0 aircraft
14:52:57.964 -> C,ts_engage_write,318322379
14:52:57.964 -> [AVI] Rendering 0 aircraft
14:52:58.103 -> C,ts_engage_write,318465426
14:52:58.103 -> [AVI] Rendering 0 aircraft
14:52:58.242 -> [FACE] heartbeat
14:52:58.242 -> C,mood_str,50
14:52:58.242 -> C,ts_engage_write,318608647
14:52:58.242 -> C,engage_lvl,161
14:52:58.242 -> C,modifier,15
14:52:58.242 -> C,engage_floor,0
14:52:58.242 -> C,loop_us,453
14:52:58.242 -> [AVI] Rendering 0 aircraft
14:52:58.381 -> C,ts_engage_write,318752358
14:52:58.381 -> [AVI] Rendering 0 aircraft
14:52:58.518 -> C,ts_engage_write,318895419
14:52:58.518 -> [AVI] Rendering 0 aircraft
14:52:58.658 -> C,ts_engage_write,319038423
14:52:58.658 -> [AVI] Rendering 0 aircraft
14:52:58.798 -> C,ts_engage_write,319181400
14:52:58.798 -> C,engage_lvl,159
14:52:58.798 -> [AVI] Rendering 0 aircraft
14:52:58.984 -> C,ts_engage_write,319324419
14:52:58.984 -> [AVI] Rendering 0 aircraft
14:52:59.125 -> C,ts_engage_write,319467424
14:52:59.125 -> [AVI] Rendering 0 aircraft
14:52:59.264 -> [FACE] heartbeat
14:52:59.264 -> C,mood_str,50
14:52:59.264 -> C,ts_engage_write,319610652
14:52:59.264 -> C,modifier,15
14:52:59.264 -> C,engage_floor,0
14:52:59.264 -> C,loop_us,427
14:52:59.264 -> [AVI] Rendering 0 aircraft
14:52:59.403 -> C,ts_engage_write,319754356
14:52:59.403 -> C,engage_lvl,158
14:52:59.403 -> [AVI] Rendering 0 aircraft
14:52:59.542 -> C,ts_engage_write,319897419
14:52:59.542 -> [AVI] Rendering 0 aircraft
14:52:59.682 -> C,ts_engage_write,320040427
14:52:59.682 -> [AVI] Rendering 0 aircraft
14:52:59.823 -> C,ts_engage_write,320183401
14:52:59.823 -> [AVI] Rendering 0 aircraft
14:52:59.962 -> C,ts_engage_write,320326421
14:52:59.962 -> C,engage_lvl,156
14:52:59.962 -> [AVI] Rendering 0 aircraft
14:53:00.100 -> C,ts_engage_write,320469427
14:53:00.100 -> [AVI] Rendering 0 aircraft
14:53:00.240 -> [FACE] heartbeat
14:53:00.240 -> C,mood_str,50
14:53:00.240 -> C,ts_engage_write,320612587
14:53:00.240 -> C,modifier,15
14:53:00.240 -> C,engage_floor,0
14:53:00.240 -> C,loop_us,378
14:53:00.240 -> [AVI] Rendering 0 aircraft
14:53:00.379 -> C,ts_engage_write,320755423
14:53:00.379 -> [AVI] Rendering 0 aircraft
14:53:00.519 -> C,ts_engage_write,320898426
14:53:00.519 -> C,engage_lvl,155
14:53:00.519 -> [AVI] Rendering 0 aircraft
14:53:00.658 -> C,ts_engage_write,321041427
14:53:00.658 -> [AVI] Rendering 0 aircraft
14:53:00.800 -> C,ts_engage_write,321184402
14:53:00.800 -> [AVI] Rendering 0 aircraft
14:53:00.987 -> C,ts_engage_write,321327421
14:53:00.987 -> [AVI] Rendering 0 aircraft
14:53:01.126 -> C,ts_engage_write,321470426
14:53:01.126 -> C,engage_lvl,153
14:53:01.126 -> [AVI] Rendering 0 aircraft
14:53:01.264 -> [FACE] heartbeat
14:53:01.264 -> C,mood_str,50
14:53:01.264 -> C,ts_engage_write,321613593
14:53:01.264 -> C,modifier,15
14:53:01.264 -> C,engage_floor,0
14:53:01.264 -> C,loop_us,380
14:53:01.264 -> [AVI] Rendering 0 aircraft
14:53:01.403 -> C,ts_engage_write,321756422
14:53:01.403 -> [AVI] Rendering 0 aircraft
14:53:01.540 -> C,ts_engage_write,321899422
14:53:01.540 -> [AVI] Rendering 0 aircraft
14:53:01.678 -> C,ts_engage_write,322042412
14:53:01.678 -> C,engage_lvl,152
14:53:01.678 -> [AVI] Rendering 0 aircraft
14:53:01.817 -> C,ts_engage_write,322185426
14:53:01.817 -> [AVI] Rendering 0 aircraft
14:53:01.988 -> C,ts_engage_write,322328420
14:53:01.988 -> [AVI] Rendering 0 aircraft
14:53:02.128 -> C,ts_engage_write,322471427
14:53:02.128 -> [AVI] Rendering 0 aircraft
14:53:02.269 -> [FACE] heartbeat
14:53:02.269 -> C,mood_str,50
14:53:02.269 -> C,ts_engage_write,322614643
14:53:02.269 -> C,engage_lvl,150
14:53:02.269 -> C,modifier,15
14:53:02.269 -> C,engage_floor,0
14:53:02.269 -> C,loop_us,450
14:53:02.269 -> [AVI] Rendering 0 aircraft
14:53:02.406 -> C,ts_engage_write,322758422
14:53:02.406 -> [AVI] Rendering 0 aircraft
14:53:02.545 -> C,ts_engage_write,322901423
14:53:02.545 -> [AVI] Rendering 0 aircraft
14:53:02.684 -> C,ts_engage_write,323044381
14:53:02.684 -> [AVI] Rendering 0 aircraft
14:53:02.824 -> C,ts_engage_write,323187424
14:53:02.824 -> C,engage_lvl,149
14:53:02.824 -> [AVI] Rendering 0 aircraft
14:53:02.963 -> C,ts_engage_write,323330421
14:53:02.963 -> [AVI] Rendering 0 aircraft
14:53:03.104 -> C,ts_engage_write,323473385
14:53:03.104 -> [AVI] Rendering 0 aircraft
14:53:03.243 -> [FACE] heartbeat
14:53:03.243 -> C,mood_str,50
14:53:03.243 -> C,ts_engage_write,323616645
14:53:03.243 -> C,modifier,15
14:53:03.243 -> C,engage_floor,0
14:53:03.243 -> C,loop_us,424
14:53:03.243 -> [AVI] Rendering 0 aircraft
14:53:03.383 -> C,ts_engage_write,323759422
14:53:03.383 -> C,engage_lvl,147
14:53:03.383 -> [AVI] Rendering 0 aircraft
14:53:03.523 -> C,ts_engage_write,323902423
14:53:03.523 -> [AVI] Rendering 0 aircraft
14:53:03.666 -> C,ts_engage_write,324045411
14:53:03.666 -> [AVI] Rendering 0 aircraft
14:53:03.806 -> C,ts_engage_write,324188424
14:53:03.806 -> [AVI] Rendering 0 aircraft
14:53:03.992 -> C,ts_engage_write,324331419
14:53:03.992 -> C,engage_lvl,146
14:53:03.992 -> [AVI] Rendering 0 aircraft
14:53:04.131 -> C,ts_engage_write,324474383
14:53:04.131 -> [AVI] Rendering 0 aircraft
14:53:04.271 -> [FACE] heartbeat
14:53:04.271 -> C,mood_str,50
14:53:04.271 -> C,ts_engage_write,324617655
14:53:04.271 -> C,modifier,15
14:53:04.271 -> C,engage_floor,0
14:53:04.271 -> C,loop_us,433
14:53:04.271 -> [AVI] Rendering 0 aircraft
14:53:04.410 -> C,ts_engage_write,324760421
14:53:04.410 -> [AVI] Rendering 0 aircraft
14:53:04.550 -> C,ts_engage_write,324903382
14:53:04.550 -> C,engage_lvl,144
14:53:04.550 -> [AVI] Rendering 0 aircraft
14:53:04.691 -> C,ts_engage_write,325046421
14:53:04.691 -> [AVI] Rendering 0 aircraft
14:53:04.829 -> C,ts_engage_write,325189424
14:53:04.829 -> [AVI] Rendering 0 aircraft
14:53:04.971 -> C,ts_engage_write,325332379
14:53:04.971 -> [AVI] Rendering 0 aircraft
14:53:05.109 -> C,ts_engage_write,325475424
14:53:05.109 -> C,engage_lvl,143
14:53:05.109 -> [AVI] Rendering 0 aircraft
14:53:05.248 -> [FACE] heartbeat
14:53:05.248 -> C,mood_str,50
14:53:05.248 -> C,ts_engage_write,325618650
14:53:05.248 -> C,modifier,15
14:53:05.248 -> C,engage_floor,0
14:53:05.248 -> C,loop_us,426
14:53:05.248 -> [AVI] Rendering 0 aircraft
14:53:05.390 -> C,ts_engage_write,325761428
14:53:05.390 -> [AVI] Rendering 0 aircraft
14:53:05.528 -> C,ts_engage_write,325904382
14:53:05.528 -> [AVI] Rendering 0 aircraft
14:53:05.667 -> C,ts_engage_write,326047426
14:53:05.667 -> C,engage_lvl,141
14:53:05.667 -> [AVI] Rendering 0 aircraft
14:53:05.806 -> C,ts_engage_write,326190427
14:53:05.806 -> [AVI] Rendering 0 aircraft
14:53:05.992 -> C,ts_engage_write,326333382
14:53:05.992 -> [AVI] Rendering 0 aircraft
14:53:06.132 -> C,ts_engage_write,326476426
14:53:06.132 -> [AVI] Rendering 0 aircraft
14:53:06.271 -> [FACE] heartbeat
14:53:06.271 -> C,mood_str,50
14:53:06.271 -> C,ts_engage_write,326619644
14:53:06.271 -> C,engage_lvl,140
14:53:06.271 -> C,modifier,15
14:53:06.271 -> C,engage_floor,0
14:53:06.271 -> C,loop_us,450
14:53:06.271 -> [AVI] Rendering 0 aircraft
14:53:06.410 -> C,ts_engage_write,326763358
14:53:06.410 -> [AVI] Rendering 0 aircraft
14:53:06.550 -> C,ts_engage_write,326906419
14:53:06.550 -> [AVI] Rendering 0 aircraft
14:53:06.690 -> C,ts_engage_write,327049426
14:53:06.690 -> [AVI] Rendering 0 aircraft
14:53:06.830 -> C,ts_engage_write,327192428
14:53:06.830 -> C,engage_lvl,138
14:53:06.830 -> [AVI] Rendering 0 aircraft
14:53:06.969 -> C,ts_engage_write,327335382
14:53:06.969 -> [AVI] Rendering 0 aircraft
14:53:07.108 -> C,ts_engage_write,327478426
14:53:07.108 -> [AVI] Rendering 0 aircraft
14:53:07.248 -> [FACE] heartbeat
14:53:07.248 -> C,mood_str,50
14:53:07.248 -> C,ts_engage_write,327621622
14:53:07.248 -> C,modifier,15
14:53:07.248 -> C,engage_floor,0
14:53:07.248 -> C,loop_us,382
14:53:07.248 -> [AVI] Rendering 0 aircraft
14:53:07.389 -> C,ts_engage_write,327764357
14:53:07.389 -> C,engage_lvl,137
14:53:07.389 -> [AVI] Rendering 0 aircraft
14:53:07.528 -> C,ts_engage_write,327907419
14:53:07.528 -> [AVI] Rendering 0 aircraft
14:53:07.667 -> C,ts_engage_write,328050423
14:53:07.667 -> [AVI] Rendering 0 aircraft
14:53:07.854 -> C,ts_engage_write,328193400
14:53:07.854 -> [AVI] Rendering 0 aircraft
14:53:07.994 -> C,ts_engage_write,328336421
14:53:07.994 -> C,engage_lvl,135
14:53:07.994 -> [AVI] Rendering 0 aircraft
14:53:08.134 -> C,ts_engage_write,328479426
14:53:08.134 -> [AVI] Rendering 0 aircraft
14:53:08.272 -> [FACE] heartbeat
14:53:08.272 -> C,mood_str,50
14:53:08.272 -> C,ts_engage_write,328622650
14:53:08.272 -> C,modifier,15
14:53:08.272 -> C,engage_floor,0
14:53:08.272 -> C,loop_us,425
14:53:08.272 -> [AVI] Rendering 0 aircraft
14:53:08.412 -> C,ts_engage_write,328766358
14:53:08.412 -> [AVI] Rendering 0 aircraft
14:53:08.551 -> C,ts_engage_write,328909423
14:53:08.551 -> C,engage_lvl,133
14:53:08.551 -> [AVI] Rendering 0 aircraft
14:53:08.690 -> C,ts_engage_write,329052423
14:53:08.690 -> [AVI] Rendering 0 aircraft
14:53:08.830 -> C,ts_engage_write,329195400
14:53:08.830 -> [AVI] Rendering 0 aircraft
14:53:08.970 -> C,ts_engage_write,329338419
14:53:08.970 -> [AVI] Rendering 0 aircraft
14:53:09.110 -> C,ts_engage_write,329481432
14:53:09.110 -> C,engage_lvl,132
14:53:09.110 -> [AVI] Rendering 0 aircraft
14:53:09.249 -> [FACE] heartbeat
14:53:09.249 -> C,mood_str,50
14:53:09.249 -> C,ts_engage_write,329624643
14:53:09.249 -> C,modifier,15
14:53:09.249 -> C,engage_floor,0
14:53:09.249 -> C,loop_us,421
14:53:09.249 -> [AVI] Rendering 0 aircraft
14:53:09.388 -> C,ts_engage_write,329768421
14:53:09.388 -> [AVI] Rendering 0 aircraft
14:53:09.434 -> [AVI] Fetching URL: https://opensky-network.org/api/states/all?lamin=22.66&lomin=76.50&lamax=23.86&lomax=78.30
14:53:09.434 -> [329814][V][HTTPClient.cpp:239] beginInternal(): url: https://opensky-network.org/api/states/all?lamin=22.66&lomin=76.50&lamax=23.86&lomax=78.30
14:53:09.434 -> [329814][D][HTTPClient.cpp:250] beginInternal(): unexpected protocol: https, expected http
14:53:09.434 -> [329815][V][HTTPClient.cpp:239] beginInternal(): url: https://opensky-network.org/api/states/all?lamin=22.66&lomin=76.50&lamax=23.86&lomax=78.30
14:53:09.434 -> [329816][D][HTTPClient.cpp:290] beginInternal(): protocol: https, host: opensky-network.org port: 443 url: /api/states/all?lamin=22.66&lomin=76.50&lamax=23.86&lomax=78.30
14:53:09.434 -> [329817][D][HTTPClient.cpp:574] sendRequest(): request type: 'GET' redirCount: 0
14:53:09.434 -> 
14:53:09.434 -> [329817][D][NetworkManager.cpp:85] hostByName(): Clearing DNS cache
14:53:09.527 -> C,ts_engage_write,329911427
14:53:09.527 -> [AVI] Rendering 0 aircraft
14:53:09.714 -> C,ts_engage_write,330054423
14:53:09.714 -> C,engage_lvl,130
14:53:09.714 -> [AVI] Rendering 0 aircraft
14:53:09.853 -> C,ts_engage_write,330197420
14:53:09.853 -> [AVI] Rendering 0 aircraft
14:53:09.992 -> C,ts_engage_write,330340426
14:53:09.992 -> [AVI] Rendering 0 aircraft
14:53:10.130 -> C,ts_engage_write,330483427
14:53:10.130 -> [AVI] Rendering 0 aircraft
14:53:10.268 -> [FACE] heartbeat
14:53:10.268 -> C,mood_str,50
14:53:10.268 -> C,ts_engage_write,330626578
14:53:10.268 -> C,engage_lvl,129
14:53:10.268 -> C,modifier,15
14:53:10.268 -> C,engage_floor,0
14:53:10.268 -> C,loop_us,393
14:53:10.268 -> [AVI] Rendering 0 aircraft
14:53:10.408 -> C,ts_engage_write,330769426
14:53:10.408 -> [AVI] Rendering 0 aircraft
14:53:10.546 -> C,ts_engage_write,330912427
14:53:10.546 -> [AVI] Rendering 0 aircraft
14:53:10.685 -> C,ts_engage_write,331055418
14:53:10.685 -> [AVI] Rendering 0 aircraft
14:53:10.822 -> C,ts_engage_write,331198427
14:53:10.822 -> C,engage_lvl,127
14:53:10.822 -> [AVI] Rendering 0 aircraft
14:53:10.961 -> C,ts_engage_write,331341427
14:53:10.961 -> [AVI] Rendering 0 aircraft
14:53:11.100 -> C,ts_engage_write,331484424
14:53:11.145 -> [AVI] Rendering 0 aircraft
14:53:11.281 -> [FACE] heartbeat
14:53:11.281 -> C,mood_str,50
14:53:11.281 -> C,ts_engage_write,331627639
14:53:11.281 -> C,modifier,15
14:53:11.281 -> C,engage_floor,0
14:53:11.281 -> C,loop_us,423
14:53:11.281 -> [AVI] Rendering 0 aircraft
14:53:11.418 -> C,ts_engage_write,331770422
14:53:11.418 -> C,engage_lvl,126
14:53:11.418 -> [AVI] Rendering 0 aircraft
14:53:11.558 -> C,ts_engage_write,331913427
14:53:11.558 -> [AVI] Rendering 0 aircraft
14:53:11.695 -> C,ts_engage_write,332056380
14:53:11.695 -> [AVI] Rendering 0 aircraft
14:53:11.833 -> C,ts_engage_write,332199426
14:53:11.833 -> [AVI] Rendering 0 aircraft
14:53:11.973 -> C,ts_engage_write,332342427
14:53:11.973 -> C,engage_lvl,124
14:53:11.973 -> [AVI] Rendering 0 aircraft
14:53:12.113 -> C,ts_engage_write,332485380
14:53:12.113 -> [AVI] Rendering 0 aircraft
14:53:12.253 -> [FACE] heartbeat
14:53:12.253 -> C,mood_str,50
14:53:12.253 -> C,ts_engage_write,332628646
14:53:12.253 -> C,modifier,15
14:53:12.253 -> C,engage_floor,0
14:53:12.253 -> C,loop_us,424
14:53:12.253 -> [AVI] Rendering 0 aircraft
14:53:12.392 -> C,ts_engage_write,332771422
14:53:12.392 -> [AVI] Rendering 0 aircraft
14:53:12.533 -> C,ts_engage_write,332914427
14:53:12.533 -> C,engage_lvl,123
14:53:12.533 -> [AVI] Rendering 0 aircraft
14:53:12.673 -> C,ts_engage_write,333057411
14:53:12.673 -> [AVI] Rendering 0 aircraft
14:53:12.859 -> C,ts_engage_write,333200424
14:53:12.859 -> [AVI] Rendering 0 aircraft
14:53:12.998 -> C,ts_engage_write,333343423
14:53:12.998 -> [AVI] Rendering 0 aircraft
14:53:13.138 -> C,ts_engage_write,333486379
14:53:13.138 -> C,engage_lvl,121
14:53:13.138 -> [AVI] Rendering 0 aircraft
14:53:13.277 -> [FACE] heartbeat
14:53:13.277 -> C,mood_str,50
14:53:13.277 -> C,ts_engage_write,333629640
14:53:13.277 -> C,modifier,15
14:53:13.277 -> C,engage_floor,0
14:53:13.277 -> C,loop_us,410
14:53:13.277 -> [AVI] Rendering 0 aircraft
14:53:13.417 -> C,ts_engage_write,333772421
14:53:13.417 -> [AVI] Rendering 0 aircraft
14:53:13.558 -> C,ts_engage_write,333915427
14:53:13.558 -> [AVI] Rendering 0 aircraft
14:53:13.697 -> C,ts_engage_write,334058426
14:53:13.697 -> C,engage_lvl,120
14:53:13.697 -> [AVI] Rendering 0 aircraft
14:53:13.836 -> C,ts_engage_write,334201426
14:53:13.836 -> [AVI] Rendering 0 aircraft
14:53:13.976 -> C,ts_engage_write,334344380
14:53:13.976 -> [AVI] Rendering 0 aircraft
14:53:14.117 -> C,ts_engage_write,334487426
14:53:14.117 -> [AVI] Rendering 0 aircraft
14:53:14.254 -> [FACE] heartbeat
14:53:14.254 -> C,mood_str,50
14:53:14.254 -> C,ts_engage_write,334630646
14:53:14.254 -> C,engage_lvl,118
14:53:14.254 -> C,modifier,15
14:53:14.254 -> C,engage_floor,0
14:53:14.254 -> C,loop_us,442
14:53:14.254 -> [AVI] Rendering 0 aircraft
14:53:14.394 -> C,ts_engage_write,334773428
14:53:14.394 -> [AVI] Rendering 0 aircraft
14:53:14.532 -> C,ts_engage_write,334916402
14:53:14.532 -> [AVI] Rendering 0 aircraft
14:53:14.718 -> C,ts_engage_write,335059426
14:53:14.718 -> [AVI] Rendering 0 aircraft
14:53:14.858 -> C,ts_engage_write,335202429
14:53:14.858 -> C,engage_lvl,117
14:53:14.858 -> [AVI] Rendering 0 aircraft
14:53:14.997 -> C,ts_engage_write,335345426
14:53:14.997 -> [AVI] Rendering 0 aircraft
14:53:15.136 -> C,ts_engage_write,335488426
14:53:15.136 -> [AVI] Rendering 0 aircraft
14:53:15.275 -> [FACE] heartbeat
14:53:15.275 -> C,mood_str,50
14:53:15.275 -> C,ts_engage_write,335631623
14:53:15.275 -> C,modifier,15
14:53:15.275 -> C,engage_floor,0
14:53:15.275 -> C,loop_us,383
14:53:15.275 -> [AVI] Rendering 0 aircraft
14:53:15.415 -> C,ts_engage_write,335774352
14:53:15.415 -> C,engage_lvl,115
14:53:15.415 -> [AVI] Rendering 0 aircraft
14:53:15.554 -> C,ts_engage_write,335917424
14:53:15.554 -> [AVI] Rendering 0 aircraft
14:53:15.693 -> C,ts_engage_write,336060423
14:53:15.693 -> [AVI] Rendering 0 aircraft
14:53:15.832 -> C,ts_engage_write,336203427
14:53:15.832 -> [AVI] Rendering 0 aircraft
14:53:15.971 -> C,ts_engage_write,336346378
14:53:15.971 -> C,engage_lvl,114
14:53:15.971 -> [AVI] Rendering 0 aircraft
14:53:16.110 -> C,ts_engage_write,336489426
14:53:16.110 -> [AVI] Rendering 0 aircraft
14:53:16.250 -> [FACE] heartbeat
14:53:16.250 -> C,mood_str,50
14:53:16.250 -> C,ts_engage_write,336632647
14:53:16.250 -> C,modifier,15
14:53:16.250 -> C,engage_floor,0
14:53:16.250 -> C,loop_us,425
14:53:16.250 -> [AVI] Rendering 0 aircraft
14:53:16.435 -> C,ts_engage_write,336775352
14:53:16.435 -> [AVI] Rendering 0 aircraft
14:53:16.435 -> [336817][E][NetworkManager.cpp:138] hostByName(): DNS Failed for 'opensky-network.org' with error '-54'
14:53:16.435 -> [336818][V][ssl_client.cpp:75] start_ssl_client(): Free internal heap before TLS 101428
14:53:16.435 -> [336819][V][ssl_client.cpp:82] start_ssl_client(): Starting socket (domain 2)
14:53:16.574 -> C,ts_engage_write,336918427
14:53:16.574 -> C,engage_lvl,112
14:53:16.574 -> [AVI] Rendering 0 aircraft
14:53:16.714 -> C,ts_engage_write,337061426
14:53:16.714 -> [AVI] Rendering 0 aircraft
14:53:16.853 -> C,ts_engage_write,337204405
14:53:16.853 -> [AVI] Rendering 0 aircraft
14:53:16.992 -> C,ts_engage_write,337347426
14:53:16.992 -> [AVI] Rendering 0 aircraft
14:53:17.131 -> C,ts_engage_write,337490426
14:53:17.131 -> C,engage_lvl,111
14:53:17.131 -> [AVI] Rendering 0 aircraft
14:53:17.271 -> [FACE] heartbeat
14:53:17.271 -> C,mood_str,50
14:53:17.271 -> C,ts_engage_write,337633655
14:53:17.271 -> C,modifier,15
14:53:17.271 -> C,engage_floor,0
14:53:17.271 -> C,loop_us,430
14:53:17.271 -> [AVI] Rendering 0 aircraft
14:53:17.411 -> C,ts_engage_write,337776351
14:53:17.411 -> [AVI] Rendering 0 aircraft
14:53:17.552 -> C,ts_engage_write,337919424
14:53:17.552 -> [AVI] Rendering 0 aircraft
14:53:17.692 -> C,ts_engage_write,338062425
14:53:17.692 -> C,engage_lvl,109
14:53:17.692 -> [AVI] Rendering 0 aircraft
14:53:17.831 -> C,ts_engage_write,338205403
14:53:17.831 -> [AVI] Rendering 0 aircraft
14:53:17.973 -> C,ts_engage_write,338348423
14:53:17.973 -> [AVI] Rendering 0 aircraft
14:53:18.113 -> C,ts_engage_write,338491426
14:53:18.113 -> [AVI] Rendering 0 aircraft
14:53:18.254 -> [FACE] heartbeat
14:53:18.254 -> C,mood_str,50
14:53:18.254 -> C,ts_engage_write,338634607
14:53:18.254 -> C,engage_lvl,108
14:53:18.254 -> C,modifier,15
14:53:18.254 -> C,engage_floor,0
14:53:18.254 -> C,loop_us,410
14:53:18.254 -> [AVI] Rendering 0 aircraft
14:53:18.393 -> C,ts_engage_write,338777421
14:53:18.393 -> [AVI] Rendering 0 aircraft
14:53:18.579 -> C,ts_engage_write,338920426
14:53:18.579 -> [AVI] Rendering 0 aircraft
14:53:18.720 -> C,ts_engage_write,339063426
14:53:18.720 -> [AVI] Rendering 0 aircraft
14:53:18.858 -> C,ts_engage_write,339206425
14:53:18.858 -> C,engage_lvl,106
14:53:18.858 -> [AVI] Rendering 0 aircraft
14:53:18.999 -> C,ts_engage_write,339349426
14:53:18.999 -> [AVI] Rendering 0 aircraft
14:53:19.139 -> C,ts_engage_write,339492426
14:53:19.139 -> [AVI] Rendering 0 aircraft
14:53:19.279 -> [FACE] heartbeat
14:53:19.279 -> C,mood_str,50
14:53:19.279 -> C,ts_engage_write,339635647
14:53:19.279 -> C,modifier,15
14:53:19.279 -> C,engage_floor,0
14:53:19.279 -> C,loop_us,426
14:53:19.279 -> [AVI] Rendering 0 aircraft
14:53:19.418 -> C,ts_engage_write,339778426
14:53:19.418 -> C,engage_lvl,105
14:53:19.418 -> [AVI] Rendering 0 aircraft
14:53:19.558 -> C,ts_engage_write,339921427
14:53:19.558 -> [AVI] Rendering 0 aircraft
14:53:19.698 -> C,ts_engage_write,340064380
14:53:19.698 -> [AVI] Rendering 0 aircraft
14:53:19.838 -> C,ts_engage_write,340207426
14:53:19.838 -> [AVI] Rendering 0 aircraft
14:53:19.977 -> C,ts_engage_write,340350426
14:53:19.977 -> C,engage_lvl,103
14:53:19.977 -> [AVI] Rendering 0 aircraft
14:53:20.116 -> C,ts_engage_write,340493428
14:53:20.116 -> [AVI] Rendering 0 aircraft
14:53:20.254 -> [FACE] heartbeat
14:53:20.254 -> C,mood_str,50
14:53:20.254 -> C,ts_engage_write,340636650
14:53:20.254 -> C,modifier,15
14:53:20.254 -> C,engage_floor,0
14:53:20.254 -> C,loop_us,430
14:53:20.254 -> [AVI] Rendering 0 aircraft
14:53:20.441 -> C,ts_engage_write,340779422
14:53:20.441 -> [AVI] Rendering 0 aircraft
14:53:20.582 -> C,ts_engage_write,340922426
14:53:20.582 -> C,engage_lvl,101
14:53:20.582 -> [AVI] Rendering 0 aircraft
14:53:20.721 -> C,ts_engage_write,341065378
14:53:20.721 -> [AVI] Rendering 0 aircraft
14:53:20.860 -> C,ts_engage_write,341208424
14:53:20.860 -> [AVI] Rendering 0 aircraft
14:53:20.999 -> C,ts_engage_write,341351427
14:53:20.999 -> [AVI] Rendering 0 aircraft
14:53:21.140 -> C,ts_engage_write,341494405
14:53:21.140 -> C,engage_lvl,100
14:53:21.140 -> [AVI] Rendering 0 aircraft
14:53:21.278 -> [FACE] heartbeat
14:53:21.278 -> C,mood_str,50
14:53:21.278 -> C,ts_engage_write,341637642
14:53:21.278 -> C,modifier,15
14:53:21.278 -> C,engage_floor,0
14:53:21.278 -> C,loop_us,418
14:53:21.278 -> [AVI] Rendering 0 aircraft
14:53:21.418 -> C,ts_engage_write,341780422
14:53:21.418 -> [AVI] Rendering 0 aircraft
14:53:21.464 -> 341821][I][ssl_client.cpp:140] start_ssl_client(): select returned due to timeout 5000 ms for fd 48
14:53:21.464 -> [341822][I][NetworkClientSecure.cpp:153] connect(): Actual TLS start postponed.
[341823][E][NetworkClientSecure.cpp:159] connect(): start_ssl_client: conect failed: -1
14:53:21.464 -> [341823][V][ssl_client.cpp:380] stop_ssl_socket(): Cleaning SSL connection.
14:53:21.464 -> [341824][D][HTTPClient.cpp:1110] connect(): failed connect to opensky-network.org:443
14:53:21.464 -> [341824][W][HTTPClient.cpp:1423] returnError(): error(-1): connection refused
14:53:21.464 -> [AVI] HTTP GET Failed: connection refused
14:53:21.464 -> [AVI] Fetch Failed. HTTP Code: -1
14:53:21.464 -> [341825][D][HTTPClient.cpp:390] disconnect(): tcp is closed
14:53:21.464 -> 
14:53:21.464 -> [341825][V][ssl_client.cpp:380] stop_ssl_socket(): Cleaning SSL connection.
14:53:21.464 -> [341825][V][ssl_client.cpp:380] stop_ssl_socket(): Cleaning SSL connection.
14:53:21.557 -> C,ts_engage_write,341923426
14:53:21.557 -> [AVI] Rendering 0 aircraft
14:53:21.698 -> C,ts_engage_write,342066411
14:53:21.698 -> C,engage_lvl,98
14:53:21.698 -> [AVI] Rendering 0 aircraft
14:53:21.837 -> C,ts_engage_write,342209424
14:53:21.837 -> [AVI] Rendering 0 aircraft
14:53:21.976 -> C,ts_engage_write,342352420
14:53:21.976 -> [AVI] Rendering 0 aircraft
14:53:22.115 -> C,ts_engage_write,342495382
14:53:22.115 -> [AVI] Rendering 0 aircraft
14:53:22.256 -> [FACE] heartbeat
14:53:22.256 -> C,mood_str,50
14:53:22.256 -> C,ts_engage_write,342638655
14:53:22.256 -> C,engage_lvl,97
14:53:22.256 -> C,modifier,15
14:53:22.256 -> C,engage_floor,0
14:53:22.256 -> C,loop_us,451
14:53:22.256 -> [AVI] Rendering 0 aircraft
14:53:22.396 -> C,ts_engage_write,342781421
14:53:22.396 -> [AVI] Rendering 0 aircraft
14:53:22.583 -> C,ts_engage_write,342924382
14:53:22.583 -> [AVI] Rendering 0 aircraft
14:53:22.723 -> C,ts_engage_write,343067421
14:53:22.723 -> [AVI] Rendering 0 aircraft
14:53:22.863 -> C,ts_engage_write,343210424
14:53:22.863 -> C,engage_lvl,95
14:53:22.863 -> [AVI] Rendering 0 aircraft
14:53:23.004 -> C,ts_engage_write,343353379
14:53:23.004 -> [AVI] Rendering 0 aircraft
14:53:23.143 -> C,ts_engage_write,343496424
14:53:23.143 -> [AVI] Rendering 0 aircraft
14:53:23.283 -> [FACE] heartbeat
14:53:23.283 -> C,mood_str,50
14:53:23.283 -> C,ts_engage_write,343639651
14:53:23.283 -> C,modifier,15
14:53:23.283 -> C,engage_floor,0
14:53:23.283 -> C,loop_us,427
14:53:23.283 -> [AVI] Rendering 0 aircraft
14:53:23.422 -> C,ts_engage_write,343782428
14:53:23.422 -> C,engage_lvl,94
14:53:23.422 -> [AVI] Rendering 0 aircraft
14:53:23.560 -> C,ts_engage_write,343925382
14:53:23.560 -> [AVI] Rendering 0 aircraft
14:53:23.699 -> C,ts_engage_write,344068426
14:53:23.699 -> [AVI] Rendering 0 aircraft
14:53:23.838 -> C,ts_engage_write,344211427
14:53:23.838 -> [AVI] Rendering 0 aircraft
14:53:23.975 -> C,ts_engage_write,344354382
14:53:23.975 -> C,engage_lvl,92
14:53:23.975 -> [AVI] Rendering 0 aircraft
14:53:24.116 -> C,ts_engage_write,344497426
14:53:24.116 -> [AVI] Rendering 0 aircraft
14:53:24.259 -> [FACE] heartbeat
14:53:24.259 -> C,mood_str,50
14:53:24.259 -> C,ts_engage_write,344640648
14:53:24.259 -> C,modifier,15
14:53:24.259 -> C,engage_floor,0
14:53:24.259 -> C,loop_us,425
14:53:24.259 -> [AVI] Rendering 0 aircraft
14:53:24.398 -> C,ts_engage_write,344783358
14:53:24.398 -> [AVI] Rendering 0 aircraft
14:53:24.584 -> C,ts_engage_write,344926419
14:53:24.584 -> C,engage_lvl,91
14:53:24.584 -> [AVI] Rendering 0 aircraft
14:53:24.723 -> C,ts_engage_write,345069426
14:53:24.723 -> [AVI] Rendering 0 aircraft
14:53:24.861 -> C,ts_engage_write,345212428
14:53:24.861 -> [AVI] Rendering 0 aircraft
14:53:24.998 -> C,ts_engage_write,345355382
14:53:24.998 -> [AVI] Rendering 0 aircraft
14:53:25.139 -> C,ts_engage_write,345498426
14:53:25.139 -> C,engage_lvl,89
14:53:25.139 -> [AVI] Rendering 0 aircraft
14:53:25.279 -> [FACE] heartbeat
14:53:25.279 -> C,mood_str,50
14:53:25.279 -> C,ts_engage_write,345641647
14:53:25.279 -> C,modifier,15
14:53:25.279 -> C,engage_floor,0
14:53:25.279 -> C,loop_us,426
14:53:25.279 -> [AVI] Rendering 0 aircraft
14:53:25.417 -> C,ts_engage_write,345784358
14:53:25.417 -> [AVI] Rendering 0 aircraft
14:53:25.556 -> C,ts_engage_write,345927419
14:53:25.556 -> [AVI] Rendering 0 aircraft
14:53:25.694 -> C,ts_engage_write,346070423
14:53:25.694 -> C,engage_lvl,88
14:53:25.694 -> [AVI] Rendering 0 aircraft
14:53:25.833 -> C,ts_engage_write,346213400
14:53:25.833 -> [AVI] Rendering 0 aircraft
14:53:25.974 -> C,ts_engage_write,346356421
14:53:25.974 -> [AVI] Rendering 0 aircraft
14:53:26.159 -> C,ts_engage_write,346499426
14:53:26.159 -> [AVI] Rendering 0 aircraft
14:53:26.300 -> [FACE] heartbeat
14:53:26.300 -> C,mood_str,50
14:53:26.300 -> C,ts_engage_write,346642650
14:53:26.300 -> C,engage_lvl,86
14:53:26.300 -> C,modifier,15
14:53:26.300 -> C,engage_floor,0
14:53:26.300 -> C,loop_us,441
14:53:26.300 -> [AVI] Rendering 0 aircraft
14:53:26.438 -> C,ts_engage_write,346785358
14:53:26.438 -> [AVI] Rendering 0 aircraft
14:53:26.580 -> C,ts_engage_write,346928423
14:53:26.580 -> [AVI] Rendering 0 aircraft
14:53:26.722 -> C,ts_engage_write,347071423
14:53:26.722 -> [AVI] Rendering 0 aircraft
14:53:26.860 -> C,ts_engage_write,347214400
14:53:26.860 -> C,engage_lvl,85
14:53:26.860 -> [AVI] Rendering 0 aircraft
14:53:26.999 -> C,ts_engage_write,347357419
14:53:26.999 -> [AVI] Rendering 0 aircraft
14:53:27.135 -> C,ts_engage_write,347500428
14:53:27.135 -> [AVI] Rendering 0 aircraft
14:53:27.275 -> [FACE] heartbeat
14:53:27.275 -> C,mood_str,50
14:53:27.275 -> C,ts_engage_write,347643582
14:53:27.275 -> C,modifier,15
14:53:27.275 -> C,engage_floor,0
14:53:27.275 -> C,loop_us,354
14:53:27.275 -> [AVI] Rendering 0 aircraft
14:53:27.413 -> C,ts_engage_write,347786423
14:53:27.413 -> C,engage_lvl,83
14:53:27.413 -> [AVI] Rendering 0 aircraft
14:53:27.554 -> C,ts_engage_write,347929423
14:53:27.554 -> [AVI] Rendering 0 aircraft
14:53:27.694 -> C,ts_engage_write,348072423
14:53:27.694 -> [AVI] Rendering 0 aircraft
14:53:27.832 -> C,ts_engage_write,348215422
14:53:27.832 -> [AVI] Rendering 0 aircraft
14:53:28.019 -> C,ts_engage_write,348358419
14:53:28.019 -> C,engage_lvl,82
14:53:28.019 -> [AVI] Rendering 0 aircraft
14:53:28.157 -> C,ts_engage_write,348501426
14:53:28.157 -> [AVI] Rendering 0 aircraft
14:53:28.299 -> [FACE] heartbeat
14:53:28.299 -> C,mood_str,50
14:53:28.299 -> C,ts_engage_write,348644567
14:53:28.299 -> C,modifier,15
14:53:28.299 -> C,engage_floor,0
14:53:28.299 -> C,loop_us,338
14:53:28.299 -> [AVI] Rendering 0 aircraft
14:53:28.438 -> C,ts_engage_write,348787423
14:53:28.438 -> [AVI] Rendering 0 aircraft
14:53:28.577 -> C,ts_engage_write,348930427
14:53:28.577 -> C,engage_lvl,80
14:53:28.577 -> [AVI] Rendering 0 aircraft
14:53:28.718 -> C,ts_engage_write,349073384
14:53:28.718 -> [AVI] Rendering 0 aircraft
14:53:28.857 -> C,ts_engage_write,349216426
14:53:28.857 -> [AVI] Rendering 0 aircraft
14:53:28.996 -> C,ts_engage_write,349359421
14:53:28.996 -> [AVI] Rendering 0 aircraft
14:53:29.137 -> C,ts_engage_write,349502426
14:53:29.137 -> C,engage_lvl,79
14:53:29.137 -> [AVI] Rendering 0 aircraft
14:53:29.277 -> [FACE] heartbeat
14:53:29.277 -> C,mood_str,50
14:53:29.277 -> C,ts_engage_write,349645641
14:53:29.277 -> C,modifier,15
14:53:29.277 -> C,engage_floor,0
14:53:29.277 -> C,loop_us,424
14:53:29.277 -> [AVI] Rendering 0 aircraft
14:53:29.418 -> C,ts_engage_write,349788426
14:53:29.418 -> [AVI] Rendering 0 aircraft
14:53:29.558 -> C,ts_engage_write,349931425
14:53:29.558 -> [AVI] Rendering 0 aircraft
14:53:29.699 -> C,ts_engage_write,350074385
14:53:29.699 -> C,engage_lvl,77
14:53:29.699 -> [AVI] Rendering 0 aircraft
14:53:29.839 -> C,ts_engage_write,350217426
14:53:29.839 -> [AVI] Rendering 0 aircraft
14:53:29.978 -> C,ts_engage_write,350360420
14:53:29.978 -> [AVI] Rendering 0 aircraft
14:53:30.119 -> C,ts_engage_write,350503386
14:53:30.119 -> [AVI] Rendering 0 aircraft
14:53:30.306 -> [FACE] heartbeat
14:53:30.306 -> C,mood_str,50
14:53:30.306 -> C,ts_engage_write,350646645
14:53:30.306 -> C,engage_lvl,76
14:53:30.306 -> C,modifier,15
14:53:30.306 -> C,engage_floor,0
14:53:30.306 -> C,loop_us,439
14:53:30.306 -> [AVI] Rendering 0 aircraft
14:53:30.446 -> C,ts_engage_write,350789422
14:53:30.446 -> [AVI] Rendering 0 aircraft
14:53:30.587 -> C,ts_engage_write,350932382
14:53:30.587 -> [AVI] Rendering 0 aircraft
14:53:30.727 -> C,ts_engage_write,351075422
14:53:30.727 -> [AVI] Rendering 0 aircraft
14:53:30.866 -> C,ts_engage_write,351218424
14:53:30.866 -> C,engage_lvl,74
14:53:30.866 -> [AVI] Rendering 0 aircraft
14:53:31.006 -> C,ts_engage_write,351361428
14:53:31.006 -> [AVI] Rendering 0 aircraft
14:53:31.146 -> C,ts_engage_write,351504385
14:53:31.146 -> [AVI] Rendering 0 aircraft
14:53:31.285 -> [FACE] heartbeat
14:53:31.285 -> C,mood_str,50
14:53:31.285 -> C,ts_engage_write,351647621
14:53:31.285 -> C,modifier,15
14:53:31.285 -> C,engage_floor,0
14:53:31.285 -> C,loop_us,382
14:53:31.285 -> [AVI] Rendering 0 aircraft
14:53:31.425 -> C,ts_engage_write,351790422
14:53:31.425 -> C,engage_lvl,73
14:53:31.425 -> [AVI] Rendering 0 aircraft
14:53:31.564 -> C,ts_engage_write,351933382
14:53:31.564 -> [AVI] Rendering 0 aircraft
14:53:31.705 -> C,ts_engage_write,352076422
14:53:31.705 -> [AVI] Rendering 0 aircraft
14:53:31.845 -> C,ts_engage_write,352219424
14:53:31.845 -> [AVI] Rendering 0 aircraft
14:53:31.984 -> C,ts_engage_write,352362379
14:53:31.984 -> C,engage_lvl,71
14:53:31.984 -> [AVI] Rendering 0 aircraft
14:53:32.124 -> C,ts_engage_write,352505424
14:53:32.124 -> [AVI] Rendering 0 aircraft
14:53:32.264 -> [FACE] heartbeat
14:53:32.264 -> C,mood_str,50
14:53:32.264 -> C,ts_engage_write,352648647
14:53:32.264 -> C,modifier,15
14:53:32.264 -> C,engage_floor,0
14:53:32.264 -> C,loop_us,426
14:53:32.264 -> [AVI] Rendering 0 aircraft
14:53:32.449 -> C,ts_engage_write,352791422
14:53:32.449 -> [AVI] Rendering 0 aircraft
14:53:32.591 -> C,ts_engage_write,352934382
14:53:32.591 -> C,engage_lvl,69
14:53:32.591 -> [AVI] Rendering 0 aircraft
14:53:32.730 -> C,ts_engage_write,353077421
14:53:32.730 -> [AVI] Rendering 0 aircraft
14:53:32.868 -> C,ts_engage_write,353220424
14:53:32.868 -> [AVI] Rendering 0 aircraft
14:53:33.008 -> C,ts_engage_write,353363379
14:53:33.008 -> [AVI] Rendering 0 aircraft
14:53:33.148 -> C,ts_engage_write,353506424
14:53:33.148 -> C,engage_lvl,68
14:53:33.148 -> [AVI] Rendering 0 aircraft
14:53:33.288 -> [FACE] heartbeat
14:53:33.288 -> C,mood_str,50
14:53:33.288 -> C,ts_engage_write,353649644
14:53:33.288 -> C,modifier,15
14:53:33.288 -> C,engage_floor,0
14:53:33.288 -> C,loop_us,422
14:53:33.288 -> [AVI] Rendering 0 aircraft
14:53:33.425 -> C,ts_engage_write,353792358
14:53:33.425 -> [AVI] Rendering 0 aircraft
14:53:33.560 -> C,ts_engage_write,353935421
14:53:33.560 -> [AVI] Rendering 0 aircraft
14:53:33.700 -> C,ts_engage_write,354078426
14:53:33.700 -> C,engage_lvl,66
14:53:33.700 -> [AVI] Rendering 0 aircraft
14:53:33.840 -> C,ts_engage_write,354221428
14:53:33.840 -> [AVI] Rendering 0 aircraft
14:53:33.979 -> C,ts_engage_write,354364382
14:53:33.979 -> [AVI] Rendering 0 aircraft
14:53:34.166 -> C,ts_engage_write,354507426
14:53:34.166 -> [AVI] Rendering 0 aircraft
14:53:34.306 -> [FACE] heartbeat
14:53:34.306 -> C,mood_str,50
14:53:34.306 -> C,ts_engage_write,354650645
14:53:34.306 -> C,engage_lvl,65
14:53:34.306 -> C,modifier,15
14:53:34.306 -> C,engage_floor,0
14:53:34.306 -> C,loop_us,447
14:53:34.306 -> [AVI] Rendering 0 aircraft
14:53:34.445 -> C,ts_engage_write,354793358
14:53:34.445 -> [AVI] Rendering 0 aircraft
14:53:34.583 -> C,ts_engage_write,354936419
14:53:34.583 -> [AVI] Rendering 0 aircraft
14:53:34.722 -> C,ts_engage_write,355079427
14:53:34.722 -> [AVI] Rendering 0 aircraft
14:53:34.862 -> C,ts_engage_write,355222401
14:53:34.862 -> C,engage_lvl,63
14:53:34.862 -> [AVI] Rendering 0 aircraft
14:53:35.002 -> C,ts_engage_write,355365421
14:53:35.002 -> [AVI] Rendering 0 aircraft
14:53:35.143 -> C,ts_engage_write,355508426
14:53:35.143 -> [AVI] Rendering 0 aircraft
14:53:35.281 -> [FACE] heartbeat
14:53:35.281 -> C,mood_str,50
14:53:35.281 -> C,ts_engage_write,355651649
14:53:35.281 -> C,modifier,15
14:53:35.281 -> C,engage_floor,0
14:53:35.281 -> C,loop_us,423
14:53:35.281 -> [AVI] Rendering 0 aircraft
14:53:35.420 -> C,ts_engage_write,355794358
14:53:35.420 -> C,engage_lvl,62
14:53:35.420 -> [AVI] Rendering 0 aircraft
14:53:35.560 -> C,ts_engage_write,355937425
14:53:35.560 -> [AVI] Rendering 0 aircraft
14:53:35.700 -> C,ts_engage_write,356080423
14:53:35.700 -> [AVI] Rendering 0 aircraft
14:53:35.841 -> C,ts_engage_write,356223423
14:53:35.841 -> [AVI] Rendering 0 aircraft
14:53:36.027 -> C,ts_engage_write,356366421
14:53:36.027 -> C,engage_lvl,60
14:53:36.027 -> [AVI] Rendering 0 aircraft
14:53:36.167 -> C,ts_engage_write,356509426
14:53:36.167 -> [AVI] Rendering 0 aircraft
14:53:36.307 -> [FACE] heartbeat
14:53:36.307 -> C,mood_str,50
14:53:36.307 -> C,ts_engage_write,356652595
14:53:36.307 -> C,modifier,15
14:53:36.307 -> C,engage_floor,0
14:53:36.307 -> C,loop_us,380
14:53:36.307 -> [AVI] Rendering 0 aircraft
14:53:36.446 -> C,ts_engage_write,356795422
14:53:36.446 -> [AVI] Rendering 0 aircraft
14:53:36.586 -> C,ts_engage_write,356938423
14:53:36.586 -> C,engage_lvl,59
14:53:36.586 -> [AVI] Rendering 0 aircraft
14:53:36.727 -> C,ts_engage_write,357081425
14:53:36.727 -> [AVI] Rendering 0 aircraft
14:53:36.868 -> C,ts_engage_write,357224422
14:53:36.868 -> [AVI] Rendering 0 aircraft
14:53:37.008 -> C,ts_engage_write,357367419
14:53:37.008 -> [AVI] Rendering 0 aircraft
14:53:37.146 -> C,ts_engage_write,357510427
14:53:37.146 -> C,engage_lvl,57
14:53:37.146 -> [AVI] Rendering 0 aircraft
14:53:37.285 -> [FACE] heartbeat
14:53:37.285 -> C,mood_str,50
14:53:37.285 -> C,ts_engage_write,357653598
14:53:37.285 -> C,modifier,15
14:53:37.285 -> C,engage_floor,0
14:53:37.285 -> C,loop_us,390
14:53:37.285 -> [AVI] Rendering 0 aircraft
14:53:37.423 -> C,ts_engage_write,357796423
14:53:37.423 -> [AVI] Rendering 0 aircraft
14:53:37.562 -> C,ts_engage_write,357939425
14:53:37.562 -> [AVI] Rendering 0 aircraft
14:53:37.699 -> C,ts_engage_write,358082381
14:53:37.699 -> C,engage_lvl,56
14:53:37.699 -> [AVI] Rendering 0 aircraft
14:53:37.883 -> C,ts_engage_write,358225424
14:53:37.883 -> [AVI] Rendering 0 aircraft
14:53:38.022 -> C,ts_engage_write,358368419
14:53:38.022 -> [AVI] Rendering 0 aircraft
14:53:38.163 -> C,ts_engage_write,358511466
14:53:38.163 -> [AVI] Rendering 0 aircraft
14:53:38.303 -> [FACE] heartbeat
14:53:38.303 -> C,mood_str,50
14:53:38.303 -> C,ts_engage_write,358654626
14:53:38.303 -> C,engage_lvl,54
14:53:38.303 -> C,modifier,15
14:53:38.303 -> C,engage_floor,0
14:53:38.303 -> C,loop_us,428
14:53:38.303 -> [AVI] Rendering 0 aircraft
14:53:38.442 -> C,ts_engage_write,358797426
14:53:38.442 -> [AVI] Rendering 0 aircraft
14:53:38.580 -> C,ts_engage_write,358940425
14:53:38.580 -> [AVI] Rendering 0 aircraft
14:53:38.722 -> C,ts_engage_write,359083385
14:53:38.722 -> [AVI] Rendering 0 aircraft
14:53:38.862 -> C,ts_engage_write,359226426
14:53:38.862 -> C,engage_lvl,53
14:53:38.862 -> [AVI] Rendering 0 aircraft
14:53:39.000 -> C,ts_engage_write,359369425
14:53:39.000 -> [AVI] Rendering 0 aircraft
14:53:39.139 -> C,ts_engage_write,359512385
14:53:39.139 -> [AVI] Rendering 0 aircraft
14:53:39.277 -> [FACE] heartbeat
14:53:39.277 -> C,mood_str,50
14:53:39.277 -> C,ts_engage_write,359655640
14:53:39.277 -> C,modifier,15
14:53:39.277 -> C,engage_floor,0
14:53:39.277 -> C,loop_us,419
14:53:39.277 -> [AVI] Rendering 0 aircraft
14:53:39.416 -> C,ts_engage_write,359798427
14:53:39.416 -> C,engage_lvl,51
14:53:39.416 -> [AVI] Rendering 0 aircraft
14:53:39.600 -> C,ts_engage_write,359941382
14:53:39.600 -> [AVI] Rendering 0 aircraft
14:53:39.739 -> C,ts_engage_write,360084426
14:53:39.739 -> [AVI] Rendering 0 aircraft
14:53:39.877 -> C,dom_touch,54
14:53:39.877 -> C,dom_sec,0
14:53:39.877 -> [MEM] tick: records=2 strength=54
14:53:39.877 -> C,rec_count,2
14:53:39.877 -> C,ts_engage_write,360227664
14:53:39.877 -> [AVI] Rendering 0 aircraft
14:53:40.019 -> C,ts_engage_write,360370426
14:53:40.019 -> C,engage_lvl,50
14:53:40.019 -> [AVI] Rendering 0 aircraft
14:53:40.159 -> C,ts_engage_write,360513384
14:53:40.159 -> [AVI] Rendering 0 aircraft
14:53:40.299 -> [FACE] heartbeat
14:53:40.299 -> C,mood_str,50
14:53:40.299 -> C,ts_engage_write,360656641
14:53:40.299 -> C,modifier,15
14:53:40.299 -> C,engage_floor,0
14:53:40.299 -> C,loop_us,419
14:53:40.299 -> [AVI] Rendering 0 aircraft
14:53:40.440 -> C,ts_engage_write,360799422
14:53:40.440 -> [AVI] Rendering 0 aircraft
14:53:40.578 -> C,ts_engage_write,360942382
14:53:40.578 -> C,engage_lvl,48
14:53:40.578 -> [AVI] Rendering 0 aircraft
14:53:40.716 -> C,ts_engage_write,361085422
14:53:40.716 -> [AVI] Rendering 0 aircraft
14:53:40.855 -> C,ts_engage_write,361228427
14:53:40.855 -> [AVI] Rendering 0 aircraft
14:53:40.994 -> C,ts_engage_write,361371382
14:53:40.994 -> [AVI] Rendering 0 aircraft
14:53:41.134 -> C,ts_engage_write,361514426
14:53:41.134 -> C,engage_lvl,47
14:53:41.134 -> [AVI] Rendering 0 aircraft
14:53:41.274 -> [FACE] heartbeat
14:53:41.274 -> C,mood_str,50
14:53:41.274 -> C,ts_engage_write,361657641
14:53:41.274 -> C,modifier,15
14:53:41.274 -> C,engage_floor,0
14:53:41.274 -> C,loop_us,419
14:53:41.274 -> [AVI] Rendering 0 aircraft
14:53:41.459 -> C,ts_engage_write,361800425
14:53:41.459 -> [AVI] Rendering 0 aircraft
14:53:41.600 -> C,ts_engage_write,361943382
14:53:41.600 -> [AVI] Rendering 0 aircraft
14:53:41.739 -> C,ts_engage_write,362086422
14:53:41.739 -> C,engage_lvl,45
14:53:41.739 -> [AVI] Rendering 0 aircraft
14:53:41.880 -> C,ts_engage_write,362229426
14:53:41.880 -> [AVI] Rendering 0 aircraft
14:53:42.017 -> C,ts_engage_write,362372379
14:53:42.017 -> [AVI] Rendering 0 aircraft
14:53:42.157 -> C,ts_engage_write,362515426
14:53:42.157 -> [AVI] Rendering 0 aircraft
14:53:42.295 -> [FACE] heartbeat
14:53:42.295 -> C,mood_str,50
14:53:42.295 -> C,ts_engage_write,362658643
14:53:42.295 -> C,engage_lvl,44
14:53:42.295 -> C,modifier,15
14:53:42.295 -> C,engage_floor,0
14:53:42.295 -> C,loop_us,447
14:53:42.295 -> [AVI] Rendering 0 aircraft
14:53:42.435 -> C,ts_engage_write,362801358
14:53:42.435 -> [AVI] Rendering 0 aircraft
14:53:42.574 -> C,ts_engage_write,362944419
14:53:42.574 -> [AVI] Rendering 0 aircraft
14:53:42.713 -> C,ts_engage_write,363087423
14:53:42.713 -> [AVI] Rendering 0 aircraft
14:53:42.854 -> C,ts_engage_write,363230426
14:53:42.854 -> C,engage_lvl,42
14:53:42.854 -> [AVI] Rendering 0 aircraft
14:53:42.993 -> C,ts_engage_write,363373379
14:53:42.993 -> [AVI] Rendering 0 aircraft
14:53:43.133 -> C,ts_engage_write,363516424
14:53:43.133 -> [AVI] Rendering 0 aircraft
14:53:43.317 -> [FACE] heartbeat
14:53:43.317 -> C,mood_str,50
14:53:43.317 -> C,ts_engage_write,363659646
14:53:43.317 -> C,modifier,15
14:53:43.317 -> C,engage_floor,0
14:53:43.317 -> C,loop_us,424
14:53:43.317 -> [AVI] Rendering 0 aircraft
14:53:43.455 -> C,ts_engage_write,363802355
14:53:43.455 -> C,engage_lvl,41
14:53:43.455 -> [AVI] Rendering 0 aircraft
14:53:43.595 -> C,ts_engage_write,363945424
14:53:43.595 -> [AVI] Rendering 0 aircraft
14:53:43.734 -> C,ts_engage_write,364091781
14:53:43.734 -> [AVI] Rendering 0 aircraft
14:53:43.873 -> C,ts_engage_write,364235405
14:53:43.873 -> [AVI] Rendering 0 aircraft
14:53:44.011 -> C,ts_engage_write,364378421
14:53:44.011 -> C,engage_lvl,39
14:53:44.011 -> [AVI] Rendering 0 aircraft
14:53:44.152 -> C,ts_engage_write,364521424
14:53:44.152 -> [AVI] Rendering 0 aircraft
14:53:44.290 -> [FACE] heartbeat
14:53:44.290 -> C,mood_str,50
14:53:44.290 -> C,ts_engage_write,364664623
14:53:44.290 -> C,modifier,15
14:53:44.290 -> C,engage_floor,0
14:53:44.290 -> C,loop_us,383
14:53:44.290 -> [AVI] Rendering 0 aircraft
14:53:44.428 -> C,ts_engage_write,364807358
14:53:44.428 -> [AVI] Rendering 0 aircraft
14:53:44.567 -> C,ts_engage_write,364950426
14:53:44.567 -> C,engage_lvl,37
14:53:44.567 -> [AVI] Rendering 0 aircraft
14:53:44.753 -> C,ts_engage_write,365093424
14:53:44.753 -> [AVI] Rendering 0 aircraft
14:53:44.891 -> C,ts_engage_write,365236423
14:53:44.891 -> [AVI] Rendering 0 aircraft
14:53:45.031 -> C,ts_engage_write,365379421
14:53:45.031 -> [AVI] Rendering 0 aircraft
14:53:45.171 -> C,ts_engage_write,365522426
14:53:45.171 -> C,engage_lvl,36
14:53:45.171 -> [AVI] Rendering 0 aircraft
14:53:45.312 -> [FACE] heartbeat
14:53:45.312 -> C,mood_str,50
14:53:45.312 -> C,ts_engage_write,365665595
14:53:45.312 -> C,modifier,15
14:53:45.312 -> C,engage_floor,0
14:53:45.312 -> C,loop_us,385
14:53:45.312 -> [AVI] Rendering 0 aircraft
14:53:45.453 -> C,ts_engage_write,365808422
14:53:45.453 -> [AVI] Rendering 0 aircraft
14:53:45.592 -> C,ts_engage_write,365951423
14:53:45.592 -> [AVI] Rendering 0 aircraft
14:53:45.732 -> C,ts_engage_write,366094423
14:53:45.732 -> C,engage_lvl,34
14:53:45.732 -> [AVI] Rendering 0 aircraft
14:53:45.870 -> C,ts_engage_write,366237419
14:53:45.870 -> [AVI] Rendering 0 aircraft
14:53:46.011 -> C,ts_engage_write,366380421
14:53:46.011 -> [AVI] Rendering 0 aircraft
14:53:46.151 -> C,ts_engage_write,366523426
14:53:46.151 -> [AVI] Rendering 0 aircraft
14:53:46.291 -> [FACE] heartbeat
14:53:46.291 -> C,mood_str,50
14:53:46.291 -> C,ts_engage_write,366666594
14:53:46.291 -> C,engage_lvl,33
14:53:46.291 -> C,modifier,15
14:53:46.291 -> C,engage_floor,0
14:53:46.291 -> C,loop_us,411
14:53:46.291 -> [AVI] Rendering 0 aircraft
14:53:46.432 -> C,ts_engage_write,366809422
14:53:46.432 -> [AVI] Rendering 0 aircraft
14:53:46.571 -> C,ts_engage_write,366952423
14:53:46.571 -> [AVI] Rendering 0 aircraft
14:53:46.710 -> C,ts_engage_write,367095381
14:53:46.710 -> [AVI] Rendering 0 aircraft
14:53:46.898 -> C,ts_engage_write,367238424
14:53:46.898 -> C,engage_lvl,31
14:53:46.898 -> [AVI] Rendering 0 aircraft
14:53:47.039 -> C,ts_engage_write,367381419
14:53:47.039 -> [AVI] Rendering 0 aircraft
14:53:47.179 -> C,ts_engage_write,367524424
14:53:47.179 -> [AVI] Rendering 0 aircraft
14:53:47.318 -> [FACE] heartbeat
14:53:47.318 -> C,mood_str,50
14:53:47.318 -> C,ts_engage_write,367667647
14:53:47.318 -> C,modifier,15
14:53:47.318 -> C,engage_floor,0
14:53:47.318 -> C,loop_us,425
14:53:47.318 -> [AVI] Rendering 0 aircraft
14:53:47.459 -> C,ts_engage_write,367810421
14:53:47.459 -> C,engage_lvl,30
14:53:47.459 -> [AVI] Rendering 0 aircraft
14:53:47.598 -> C,ts_engage_write,367953423
14:53:47.598 -> [AVI] Rendering 0 aircraft
14:53:47.738 -> C,ts_engage_write,368096380
14:53:47.738 -> [AVI] Rendering 0 aircraft
14:53:47.877 -> C,ts_engage_write,368239424
14:53:47.877 -> [AVI] Rendering 0 aircraft
14:53:48.017 -> C,ts_engage_write,368382421
14:53:48.017 -> C,engage_lvl,28
14:53:48.017 -> [AVI] Rendering 0 aircraft
14:53:48.157 -> C,ts_engage_write,368525384
14:53:48.157 -> [AVI] Rendering 0 aircraft
14:53:48.296 -> [FACE] heartbeat
14:53:48.296 -> C,mood_str,50
14:53:48.296 -> C,ts_engage_write,368668650
14:53:48.296 -> C,modifier,15
14:53:48.296 -> C,engage_floor,0
14:53:48.296 -> C,loop_us,428
14:53:48.296 -> [AVI] Rendering 0 aircraft
14:53:48.436 -> C,ts_engage_write,368811426
14:53:48.436 -> [AVI] Rendering 0 aircraft
14:53:48.575 -> C,ts_engage_write,368954382
14:53:48.575 -> C,engage_lvl,27
14:53:48.575 -> [AVI] Rendering 0 aircraft
14:53:48.714 -> C,ts_engage_write,369097426
14:53:48.714 -> [AVI] Rendering 0 aircraft
14:53:48.855 -> C,ts_engage_write,369240426
14:53:48.855 -> [AVI] Rendering 0 aircraft
14:53:49.042 -> C,ts_engage_write,369383426
14:53:49.042 -> [AVI] Rendering 0 aircraft
14:53:49.181 -> C,ts_engage_write,369526384
14:53:49.181 -> C,engage_lvl,25
14:53:49.181 -> [AVI] Rendering 0 aircraft
14:53:49.321 -> [FACE] heartbeat
14:53:49.321 -> C,mood_str,50
14:53:49.321 -> C,ts_engage_write,369669646
14:53:49.321 -> C,modifier,15
14:53:49.321 -> C,engage_floor,0
14:53:49.321 -> C,loop_us,422
14:53:49.321 -> [AVI] Rendering 0 aircraft
14:53:49.460 -> C,ts_engage_write,369812423
14:53:49.460 -> [AVI] Rendering 0 aircraft
14:53:49.600 -> C,ts_engage_write,369955382
14:53:49.600 -> [AVI] Rendering 0 aircraft
14:53:49.740 -> C,ts_engage_write,370098426
14:53:49.740 -> C,engage_lvl,24
14:53:49.740 -> [AVI] Rendering 0 aircraft
14:53:49.880 -> C,ts_engage_write,370241426
14:53:49.880 -> [AVI] Rendering 0 aircraft
14:53:50.021 -> C,ts_engage_write,370384382
14:53:50.021 -> [AVI] Rendering 0 aircraft
14:53:50.160 -> C,ts_engage_write,370527424
14:53:50.160 -> [AVI] Rendering 0 aircraft
14:53:50.299 -> [FACE] heartbeat
14:53:50.299 -> C,mood_str,50
14:53:50.299 -> C,ts_engage_write,370670645
14:53:50.299 -> C,engage_lvl,22
14:53:50.299 -> C,modifier,15
14:53:50.299 -> C,engage_floor,0
14:53:50.299 -> C,loop_us,450
14:53:50.299 -> [AVI] Rendering 0 aircraft
14:53:50.437 -> C,ts_engage_write,370813423
14:53:50.437 -> [AVI] Rendering 0 aircraft
14:53:50.576 -> C,ts_engage_write,370956382
14:53:50.576 -> [AVI] Rendering 0 aircraft
14:53:50.717 -> C,ts_engage_write,371099422
14:53:50.717 -> [AVI] Rendering 0 aircraft
14:53:50.901 -> C,ts_engage_write,371242427
14:53:50.901 -> C,engage_lvl,21
14:53:50.901 -> [AVI] Rendering 0 aircraft
14:53:51.043 -> C,ts_engage_write,371385382
14:53:51.043 -> [AVI] Rendering 0 aircraft
14:53:51.183 -> C,ts_engage_write,371528426
14:53:51.183 -> [AVI] Rendering 0 aircraft
14:53:51.322 -> [FACE] heartbeat
14:53:51.322 -> C,mood_str,50
14:53:51.322 -> C,ts_engage_write,371671645
14:53:51.322 -> C,modifier,15
14:53:51.322 -> C,engage_floor,0
14:53:51.322 -> C,loop_us,415
14:53:51.322 -> [AVI] Rendering 0 aircraft
14:53:51.460 -> C,ts_engage_write,371814358
14:53:51.460 -> C,engage_lvl,19
14:53:51.460 -> [AVI] Rendering 0 aircraft
14:53:51.598 -> C,ts_engage_write,371957419
14:53:51.598 -> [AVI] Rendering 0 aircraft
14:53:51.736 -> C,ts_engage_write,372100423
14:53:51.736 -> [AVI] Rendering 0 aircraft
14:53:51.874 -> C,ts_engage_write,372243424
14:53:51.874 -> [AVI] Rendering 0 aircraft
14:53:52.014 -> C,ts_engage_write,372386410
14:53:52.014 -> C,engage_lvl,18
14:53:52.014 -> [AVI] Rendering 0 aircraft
14:53:52.154 -> C,ts_engage_write,372529426
14:53:52.154 -> [AVI] Rendering 0 aircraft
14:53:52.295 -> [FACE] heartbeat
14:53:52.295 -> C,mood_str,50
14:53:52.295 -> C,ts_engage_write,372672639
14:53:52.295 -> C,modifier,15
14:53:52.295 -> C,engage_floor,0
14:53:52.295 -> C,loop_us,418
14:53:52.295 -> [AVI] Rendering 0 aircraft
14:53:52.434 -> C,ts_engage_write,372815406
14:53:52.434 -> [AVI] Rendering 0 aircraft
14:53:52.618 -> C,ts_engage_write,372958423
14:53:52.618 -> C,engage_lvl,16
14:53:52.618 -> [AVI] Rendering 0 aircraft
14:53:52.757 -> C,ts_engage_write,373101423
14:53:52.757 -> [AVI] Rendering 0 aircraft
14:53:52.895 -> C,ts_engage_write,373244384
14:53:52.895 -> [AVI] Rendering 0 aircraft
14:53:53.033 -> C,ts_engage_write,373387418
14:53:53.033 -> [AVI] Rendering 0 aircraft
14:53:53.172 -> C,ts_engage_write,373530424
14:53:53.172 -> C,engage_lvl,15
14:53:53.172 -> [AVI] Rendering 0 aircraft
14:53:53.310 -> [FACE] heartbeat
14:53:53.310 -> C,mood_str,50
14:53:53.310 -> C,ts_engage_write,373673647
14:53:53.310 -> C,modifier,15
14:53:53.310 -> C,engage_floor,0
14:53:53.310 -> C,loop_us,425
14:53:53.310 -> [AVI] Rendering 0 aircraft
14:53:53.450 -> C,ts_engage_write,373816356
14:53:53.450 -> [AVI] Rendering 0 aircraft
14:53:53.589 -> C,ts_engage_write,373959423
14:53:53.589 -> [AVI] Rendering 0 aircraft
14:53:53.729 -> C,ts_engage_write,374102478
14:53:53.729 -> C,engage_lvl,13
14:53:53.729 -> [AVI] Rendering 0 aircraft
14:53:53.868 -> C,ts_engage_write,374245406
14:53:53.868 -> [AVI] Rendering 0 aircraft
14:53:54.008 -> C,ts_engage_write,374388410
14:53:54.008 -> [AVI] Rendering 0 aircraft
14:53:54.147 -> C,ts_engage_write,374531424
14:53:54.147 -> [AVI] Rendering 0 aircraft
14:53:54.332 -> [FACE] heartbeat
14:53:54.332 -> C,mood_str,50
14:53:54.332 -> C,ts_engage_write,374674588
14:53:54.332 -> C,engage_lvl,12
14:53:54.332 -> C,modifier,15
14:53:54.332 -> C,engage_floor,0
14:53:54.332 -> C,loop_us,402
14:53:54.332 -> [AVI] Rendering 0 aircraft
14:53:54.472 -> C,ts_engage_write,374817421
14:53:54.472 -> [AVI] Rendering 0 aircraft
14:53:54.613 -> C,ts_engage_write,374960426
14:53:54.613 -> [AVI] Rendering 0 aircraft
14:53:54.753 -> C,ts_engage_write,375103427
14:53:54.753 -> [AVI] Rendering 0 aircraft
14:53:54.890 -> C,ts_engage_write,375246415
14:53:54.890 -> C,engage_lvl,10
14:53:54.890 -> [AVI] Rendering 0 aircraft
14:53:55.029 -> C,ts_engage_write,375389420
14:53:55.029 -> [AVI] Rendering 0 aircraft
14:53:55.169 -> C,ts_engage_write,375532426
14:53:55.169 -> [AVI] Rendering 0 aircraft
14:53:55.309 -> [FACE] heartbeat
14:53:55.309 -> C,mood_str,50
14:53:55.309 -> C,ts_engage_write,375675593
14:53:55.309 -> C,modifier,15
14:53:55.309 -> C,engage_floor,0
14:53:55.309 -> C,loop_us,381
14:53:55.309 -> [AVI] Rendering 0 aircraft
14:53:55.448 -> C,ts_engage_write,375818423
14:53:55.448 -> C,engage_lvl,9
14:53:55.448 -> [AVI] Rendering 0 aircraft
14:53:55.588 -> C,ts_engage_write,375961423
14:53:55.588 -> [AVI] Rendering 0 aircraft
14:53:55.726 -> C,ts_engage_write,376104399
14:53:55.726 -> [AVI] Rendering 0 aircraft
14:53:55.866 -> C,ts_engage_write,376247426
14:53:55.866 -> [AVI] Rendering 0 aircraft
14:53:56.005 -> C,ts_engage_write,376390424
14:53:56.005 -> C,engage_lvl,7
14:53:56.005 -> [AVI] Rendering 0 aircraft
14:53:56.191 -> C,ts_engage_write,376533384
14:53:56.191 -> [AVI] Rendering 0 aircraft
14:53:56.329 -> [FACE] heartbeat
14:53:56.329 -> C,mood_str,50
14:53:56.329 -> C,ts_engage_write,376676630
14:53:56.329 -> C,modifier,15
14:53:56.329 -> C,engage_floor,0
14:53:56.329 -> C,loop_us,404
14:53:56.329 -> [AVI] Rendering 0 aircraft
14:53:56.467 -> C,ts_engage_write,376819422
14:53:56.467 -> [AVI] Rendering 0 aircraft
14:53:56.606 -> C,ts_engage_write,376962422
14:53:56.606 -> C,engage_lvl,5
14:53:56.606 -> [AVI] Rendering 0 aircraft
14:53:56.745 -> C,ts_engage_write,377105398
14:53:56.745 -> [AVI] Rendering 0 aircraft
14:53:56.885 -> C,ts_engage_write,377248424
14:53:56.885 -> [AVI] Rendering 0 aircraft
14:53:57.024 -> C,ts_engage_write,377391427
14:53:57.024 -> [AVI] Rendering 0 aircraft
14:53:57.164 -> C,ts_engage_write,377534385
14:53:57.164 -> C,engage_lvl,4
14:53:57.164 -> [AVI] Rendering 0 aircraft
14:53:57.305 -> [FACE] heartbeat
14:53:57.305 -> C,mood_str,50
14:53:57.305 -> C,ts_engage_write,377677637
14:53:57.305 -> C,modifier,15
14:53:57.305 -> C,engage_floor,0
14:53:57.305 -> C,loop_us,408
14:53:57.305 -> [AVI] Rendering 0 aircraft
14:53:57.445 -> C,ts_engage_write,377820422
14:53:57.445 -> [AVI] Rendering 0 aircraft
14:53:57.583 -> C,ts_engage_write,377963381
14:53:57.583 -> [AVI] Rendering 0 aircraft
14:53:57.722 -> C,ts_engage_write,378106422
14:53:57.722 -> C,engage_lvl,2
14:53:57.722 -> [AVI] Rendering 0 aircraft
14:53:57.908 -> C,ts_engage_write,378249424
14:53:57.908 -> [AVI] Rendering 0 aircraft
14:53:58.048 -> C,ts_engage_write,378392423
14:53:58.048 -> [AVI] Rendering 0 aircraft
14:53:58.188 -> C,ts_engage_write,378535382
14:53:58.188 -> [AVI] Rendering 0 aircraft
14:53:58.326 -> [FACE] heartbeat
14:53:58.326 -> C,mood_str,50
14:53:58.326 -> C,ts_engage_write,378678647
14:53:58.326 -> C,engage_lvl,1
14:53:58.326 -> C,modifier,15
14:53:58.326 -> C,engage_floor,0
14:53:58.326 -> C,loop_us,443
14:53:58.326 -> [AVI] Rendering 0 aircraft
14:53:58.465 -> C,ts_engage_write,378821423
14:53:58.465 -> [AVI] Rendering 0 aircraft
14:53:58.606 -> C,ts_engage_write,378964381
14:53:58.606 -> [AVI] Rendering 0 aircraft
14:53:58.745 -> C,ts_engage_write,379107423
14:53:58.745 -> [AVI] Rendering 0 aircraft
14:53:58.885 -> C,ts_engage_write,379250425
14:53:58.885 -> C,engage_lvl,0
14:53:58.885 -> [AVI] Rendering 0 aircraft
14:53:59.026 -> C,ts_engage_write,379393381
14:53:59.026 -> [AVI] Rendering 0 aircraft
14:53:59.164 -> C,ts_engage_write,379536423
14:53:59.164 -> [AVI] Rendering 0 aircraft
14:53:59.304 -> [FACE] heartbeat
14:53:59.304 -> C,mood_str,50
14:53:59.304 -> C,ts_engage_write,379679646
14:53:59.304 -> C,modifier,15
14:53:59.304 -> C,engage_floor,0
14:53:59.304 -> C,loop_us,425
14:53:59.304 -> [AVI] Rendering 0 aircraft
14:53:59.443 -> C,ts_engage_write,379822429
14:53:59.443 -> C,engage_lvl,0
14:53:59.443 -> [AVI] Rendering 0 aircraft
14:53:59.582 -> C,ts_engage_write,379965382
14:53:59.582 -> [AVI] Rendering 0 aircraft
14:53:59.722 -> C,ts_engage_write,380108426
14:53:59.722 -> [AVI] Rendering 0 aircraft
14:53:59.908 -> C,ts_engage_write,380251426
14:53:59.908 -> [AVI] Rendering 0 aircraft
14:54:00.048 -> C,ts_engage_write,380394383
14:54:00.048 -> C,engage_lvl,0
14:54:00.048 -> [AVI] Rendering 0 aircraft
14:54:00.188 -> C,ts_engage_write,380537426
14:54:00.188 -> [AVI] Rendering 0 aircraft
14:54:00.327 -> [FACE] heartbeat
14:54:00.327 -> C,mood_str,50
14:54:00.327 -> C,ts_engage_write,380680646
14:54:00.327 -> C,modifier,15
14:54:00.327 -> C,engage_floor,0
14:54:00.327 -> C,loop_us,428
14:54:00.327 -> [AVI] Rendering 0 aircraft
14:54:00.467 -> C,ts_engage_write,380823358
14:54:00.467 -> [AVI] Rendering 0 aircraft
14:54:00.608 -> C,ts_engage_write,380966423
14:54:00.608 -> C,engage_lvl,0
14:54:00.608 -> [AVI] Rendering 0 aircraft
14:54:00.746 -> C,ts_engage_write,381109426
14:54:00.746 -> [AVI] Rendering 0 aircraft
14:54:00.888 -> C,ts_engage_write,381252427
14:54:00.888 -> [AVI] Rendering 0 aircraft
14:54:01.028 -> C,ts_engage_write,381395383
14:54:01.028 -> [AVI] Rendering 0 aircraft
14:54:01.167 -> C,ts_engage_write,381538426
14:54:01.167 -> C,engage_lvl,0
14:54:01.167 -> [AVI] Rendering 0 aircraft
14:54:01.306 -> [FACE] heartbeat
14:54:01.306 -> C,mood_str,50
14:54:01.306 -> C,ts_engage_write,381681625
14:54:01.306 -> C,modifier,15
14:54:01.306 -> C,engage_floor,0
14:54:01.306 -> C,loop_us,386
14:54:01.306 -> [AVI] Rendering 0 aircraft
14:54:01.445 -> C,ts_engage_write,381824406
14:54:01.445 -> [AVI] Rendering 0 aircraft
14:54:01.585 -> C,ts_engage_write,381967423
14:54:01.585 -> [AVI] Rendering 0 aircraft
14:54:01.725 -> C,ts_engage_write,382110426
14:54:01.725 -> C,engage_lvl,0
14:54:01.725 -> [AVI] Rendering 0 aircraft
14:54:01.913 -> C,ts_engage_write,382253385
14:54:01.913 -> [AVI] Rendering 0 aircraft
14:54:02.052 -> C,ts_engage_write,382396421
14:54:02.052 -> [AVI] Rendering 0 aircraft
14:54:02.193 -> C,ts_engage_write,382539426
14:54:02.193 -> [AVI] Rendering 0 aircraft
14:54:02.332 -> [FACE] heartbeat
14:54:02.332 -> C,mood_str,50
14:54:02.332 -> C,ts_engage_write,382682640
14:54:02.332 -> C,engage_lvl,0
14:54:02.332 -> C,modifier,15
14:54:02.332 -> C,engage_floor,0
14:54:02.332 -> C,loop_us,432
14:54:02.332 -> [AVI] Rendering 0 aircraft
14:54:02.475 -> C,ts_engage_write,382826400
14:54:02.475 -> [AVI] Rendering 0 aircraft
14:54:02.615 -> C,ts_engage_write,382969424
14:54:02.615 -> [AVI] Rendering 0 aircraft
14:54:02.754 -> C,ts_engage_write,383112423
14:54:02.754 -> [AVI] Rendering 0 aircraft
14:54:02.893 -> C,ts_engage_write,383255385
14:54:02.893 -> C,engage_lvl,0
14:54:02.893 -> [AVI] Rendering 0 aircraft
14:54:03.032 -> C,ts_engage_write,383398418
14:54:03.032 -> [AVI] Rendering 0 aircraft
14:54:03.172 -> C,ts_engage_write,383541427
14:54:03.172 -> [AVI] Rendering 0 aircraft
14:54:03.313 -> [FACE] heartbeat
14:54:03.313 -> C,mood_str,50
14:54:03.313 -> C,ts_engage_write,383684592
14:54:03.313 -> C,modifier,15
14:54:03.313 -> C,engage_floor,0
14:54:03.313 -> C,loop_us,379
14:54:03.313 -> [AVI] Rendering 0 aircraft
14:54:03.453 -> C,ts_engage_write,383827419
14:54:03.453 -> C,engage_lvl,0
14:54:03.453 -> [AVI] Rendering 0 aircraft
14:54:03.594 -> C,ts_engage_write,383970424
14:54:03.594 -> [AVI] Rendering 0 aircraft
14:54:03.733 -> C,ts_engage_write,384113426
14:54:03.733 -> [AVI] Rendering 0 aircraft
14:54:03.874 -> C,ts_engage_write,384256413
14:54:03.874 -> [AVI] Rendering 0 aircraft
14:54:04.014 -> C,ts_engage_write,384399419
14:54:04.014 -> C,engage_lvl,0
14:54:04.014 -> [AVI] Rendering 0 aircraft
14:54:04.199 -> C,ts_engage_write,384542423
14:54:04.199 -> [AVI] Rendering 0 aircraft
14:54:04.339 -> [FACE] heartbeat
14:54:04.339 -> C,mood_str,50
14:54:04.339 -> C,ts_engage_write,384685593
14:54:04.339 -> C,modifier,15
14:54:04.339 -> C,engage_floor,0
14:54:04.339 -> C,loop_us,376
14:54:04.339 -> [AVI] Rendering 0 aircraft
14:54:04.479 -> C,ts_engage_write,384828421
14:54:04.479 -> [AVI] Rendering 0 aircraft
14:54:04.618 -> C,ts_engage_write,384971426
14:54:04.618 -> C,engage_lvl,0
14:54:04.618 -> [AVI] Rendering 0 aircraft
14:54:04.757 -> C,ts_engage_write,385114402
14:54:04.757 -> [AVI] Rendering 0 aircraft
14:54:04.896 -> C,ts_engage_write,385257426
14:54:04.896 -> [AVI] Rendering 0 aircraft
14:54:05.037 -> C,ts_engage_write,385400424
14:54:05.037 -> [AVI] Rendering 0 aircraft
14:54:05.175 -> C,ts_engage_write,385543384
14:54:05.175 -> C,engage_lvl,0
14:54:05.175 -> [AVI] Rendering 0 aircraft
14:54:05.315 -> [FACE] heartbeat
14:54:05.315 -> C,mood_str,50
14:54:05.315 -> C,ts_engage_write,385686643
14:54:05.315 -> C,modifier,15
14:54:05.315 -> C,engage_floor,0
14:54:05.315 -> C,loop_us,412
14:54:05.315 -> [AVI] Rendering 0 aircraft
14:54:05.455 -> C,ts_engage_write,385829418
14:54:05.455 -> [AVI] Rendering 0 aircraft
14:54:05.596 -> C,ts_engage_write,385972428
14:54:05.596 -> [AVI] Rendering 0 aircraft
14:54:05.737 -> C,ts_engage_write,386115401
14:54:05.737 -> C,engage_lvl,0
14:54:05.737 -> [AVI] Rendering 0 aircraft
14:54:05.877 -> C,ts_engage_write,386258426
14:54:05.877 -> [AVI] Rendering 0 aircraft
14:54:06.018 -> C,ts_engage_write,386401426
14:54:06.018 -> [AVI] Rendering 0 aircraft
14:54:06.204 -> C,ts_engage_write,386544384
14:54:06.204 -> [AVI] Rendering 0 aircraft
14:54:06.343 -> [FACE] heartbeat
14:54:06.343 -> C,mood_str,50
14:54:06.343 -> C,ts_engage_write,386687647
14:54:06.343 -> C,engage_lvl,0
14:54:06.343 -> C,modifier,15
14:54:06.343 -> C,engage_floor,0
14:54:06.343 -> C,loop_us,444
14:54:06.343 -> [AVI] Rendering 0 aircraft
14:54:06.483 -> C,ts_engage_write,386830418
14:54:06.483 -> [AVI] Rendering 0 aircraft
14:54:06.622 -> C,ts_engage_write,386973385
14:54:06.622 -> [AVI] Rendering 0 aircraft
14:54:06.760 -> C,ts_engage_write,387116422
14:54:06.760 -> [AVI] Rendering 0 aircraft
14:54:06.899 -> C,ts_engage_write,387259426
14:54:06.899 -> C,engage_lvl,0
14:54:06.899 -> [AVI] Rendering 0 aircraft
14:54:07.038 -> C,ts_engage_write,387402426
14:54:07.038 -> [AVI] Rendering 0 aircraft
14:54:07.178 -> C,ts_engage_write,387545385
14:54:07.178 -> [AVI] Rendering 0 aircraft
14:54:07.317 -> [FACE] heartbeat
14:54:07.317 -> C,mood_str,50
14:54:07.317 -> C,ts_engage_write,387688645
14:54:07.317 -> C,modifier,15
14:54:07.317 -> C,engage_floor,0
14:54:07.317 -> C,loop_us,424
14:54:07.317 -> [AVI] Rendering 0 aircraft
14:54:07.457 -> C,ts_engage_write,387831418
14:54:07.457 -> C,engage_lvl,0
14:54:07.457 -> [AVI] Rendering 0 aircraft
14:54:07.597 -> C,ts_engage_write,387974384
14:54:07.597 -> [AVI] Rendering 0 aircraft
14:54:07.737 -> C,ts_engage_write,388117423
14:54:07.737 -> [AVI] Rendering 0 aircraft
14:54:07.876 -> C,ts_engage_write,388260425
14:54:07.876 -> [AVI] Rendering 0 aircraft
14:54:08.060 -> C,ts_engage_write,388403381
14:54:08.060 -> C,engage_lvl,0
14:54:08.060 -> [AVI] Rendering 0 aircraft
14:54:08.199 -> C,ts_engage_write,388546426
14:54:08.199 -> [AVI] Rendering 0 aircraft
14:54:08.341 -> [FACE] heartbeat
14:54:08.341 -> C,mood_str,50
14:54:08.341 -> C,ts_engage_write,388689647
14:54:08.341 -> C,modifier,15
14:54:08.341 -> C,engage_floor,0
14:54:08.341 -> C,loop_us,418
14:54:08.341 -> [AVI] Rendering 0 aircraft
14:54:08.481 -> C,ts_engage_write,388832452
14:54:08.481 -> [AVI] Rendering 0 aircraft
14:54:08.620 -> C,ts_engage_write,388975385
14:54:08.620 -> C,engage_lvl,0
14:54:08.620 -> [AVI] Rendering 0 aircraft
14:54:08.761 -> C,ts_engage_write,389118423
14:54:08.761 -> [AVI] Rendering 0 aircraft
14:54:08.901 -> C,ts_engage_write,389261425
14:54:08.901 -> [AVI] Rendering 0 aircraft
14:54:09.041 -> C,ts_engage_write,389404427
14:54:09.041 -> [AVI] Rendering 0 aircraft
14:54:09.181 -> C,ts_engage_write,389547427
14:54:09.181 -> C,engage_lvl,0
14:54:09.181 -> [AVI] Rendering 0 aircraft
14:54:09.321 -> [FACE] heartbeat
14:54:09.321 -> C,mood_str,50
14:54:09.321 -> C,ts_engage_write,389690650
14:54:09.321 -> C,modifier,15
14:54:09.321 -> C,engage_floor,0
14:54:09.321 -> C,loop_us,420
14:54:09.321 -> [AVI] Rendering 0 aircraft
14:54:09.460 -> [AVI] Fetching URL: https://opensky-network.org/api/states/all?lamin=22.66&lomin=76.50&lamax=23.86&lomax=78.30
14:54:09.460 -> [389826][V][HTTPClient.cpp:239] beginInternal(): url: https://opensky-network.org/api/states/all?lamin=22.66&lomin=76.50&lamax=23.86&lomax=78.30
14:54:09.460 -> [389826][D][HTTPClent.cpp:250] beginInternal(): unexpected protocol: https, expected http
14:54:09.460 -> 389827][V][HTTPClient.cpp:239] beginInternal(): url: https://opensky-network.org/api/states/all?lamin=22.66&lomin=76.50&lamax=23.86&lomax=78.30
14:54:09.460 -> [389828][D][HTTPClient.cpp:290] beginInternal(): protocol: https, host: opensky-network.org port: 443 url: /api/states/all?lamin=22.66&lomin=76.50&lamax=23.86&lomax=78.30
14:54:09.460 -> [389829][D][HTTPClient.cpp:574] sendRequest(): request type: 'GET' redirCount: 0
14:54:09.460 -> 
14:54:09.460 -> C,ts_engage_write,389833429
14:54:09.460 -> [AVI] Rendering 0 aircraft
14:54:09.600 -> C,ts_engage_write,389976428
14:54:09.600 -> [AVI] Rendering 0 aircraft
14:54:09.741 -> C,ts_engage_write,390119426
14:54:09.741 -> C,engage_lvl,0
14:54:09.741 -> [AVI] Rendering 0 aircraft
14:54:09.881 -> C,ts_engage_write,390262428
14:54:09.881 -> [AVI] Rendering 0 aircraft
14:54:10.021 -> C,ts_engage_write,390405380
14:54:10.021 -> [AVI] Rendering 0 aircraft
14:54:10.208 -> C,ts_engage_write,390548426
14:54:10.208 -> [AVI] Rendering 0 aircraft
14:54:10.346 -> [FACE] heartbeat
14:54:10.346 -> C,mood_str,50
14:54:10.346 -> C,ts_engage_write,390691650
14:54:10.346 -> C,engage_lvl,0
14:54:10.346 -> C,modifier,15
14:54:10.346 -> C,engage_floor,0
14:54:10.346 -> C,loop_us,441
14:54:10.346 -> [AVI] Rendering 0 aircraft
14:54:10.487 -> C,ts_engage_write,390834429
14:54:10.487 -> [AVI] Rendering 0 aircraft
14:54:10.487 -> [390845][D][NetworkManager.cpp:129] hostByName(): DNS found IPv4 194.209.200.34
14:54:10.487 -> [390845][V][ssl_client.cpp:75] start_ssl_client(): Free internal heap before TLS 101348
14:54:10.487 -> [390846][V][ssl_client.cpp:82] start_ssl_client(): Starting socket (domain 2)
14:54:10.627 -> C,ts_engage_write,390977426
14:54:10.627 -> [AVI] Rendering 0 aircraft
14:54:10.767 -> C,ts_engage_write,391120427
14:54:10.767 -> [AVI] Rendering 0 aircraft
14:54:10.767 -> [391125][V][ssl_client.cpp:178] start_ssl_client(): Seeding the random number generator
14:54:10.767 -> [391128][V][ssl_client.cpp:187] start_ssl_client(): Setting up the SSL/TLS structure...
14:54:10.767 -> [391129][D][ssl_client.cpp:205] start_ssl_client(): WARNING: Skipping SSL Verification. INSECURE!
14:54:10.767 -> [391130][V][ssl_client.cpp:306] start_ssl_client(): Setting hostname for TLS session...
14:54:10.767 -> [391130][V][ssl_client.cpp:329] ssl_starttls_handshake(): Performing the SSL/TLS handshake...
14:54:10.907 -> C,ts_engage_write,391263421
14:54:10.907 -> C,engage_lvl,0
14:54:10.907 -> [AVI] Rendering 0 aircraft
14:54:11.045 -> C,ts_engage_write,391406425
14:54:11.045 -> [AVI] Rendering 0 aircraft
14:54:11.183 -> C,ts_engage_write,391549423
14:54:11.183 -> [AVI] Rendering 0 aircraft
14:54:11.322 -> [FACE] heartbeat
14:54:11.322 -> C,mood_str,50
14:54:11.322 -> C,ts_engage_write,391692637
14:54:11.322 -> C,modifier,15
14:54:11.322 -> C,engage_floor,0
14:54:11.322 -> C,loop_us,411
14:54:11.322 -> [AVI] Rendering 0 aircraft
14:54:11.462 -> C,ts_engage_write,391835535
14:54:11.462 -> C,engage_lvl,0
14:54:11.462 -> [AVI] Rendering 0 aircraft
14:54:11.603 -> C,ts_engage_write,391980441
14:54:11.603 -> [AVI] Rendering 0 aircraft
14:54:11.741 -> C,ts_engage_write,392124421
14:54:11.741 -> [AVI] Rendering 0 aircraft
14:54:11.928 -> C,ts_engage_write,392267423
14:54:11.928 -> [AVI] Rendering 0 aircraft
14:54:11.974 -> [392316][V][ssl_client.cpp:350] ssl_starttls_handshake(): Verifying peer X.509 certificate...
14:54:11.974 -> [392316][V][ssl_client.cpp:358] ssl_starttls_handshake(): Certificate verified.
14:54:11.974 -> [392317][V][ssl_client.cpp:374] ssl_starttls_handshake(): Free internal heap after TLS 57584
14:54:11.974 -> [392317][D][HTTPClient.cpp:1117] connect():  connected to opensky-network.org:443
14:54:12.068 -> C,ts_engage_write,392410425
14:54:12.068 -> C,engage_lvl,0
14:54:12.068 -> [AVI] Rendering 0 aircraft
14:54:12.207 -> C,ts_engage_write,392553424
14:54:12.207 -> [AVI] Rendering 0 aircraft
14:54:12.345 -> [FACE] heartbeat
14:54:12.345 -> C,mood_str,50
14:54:12.345 -> C,ts_engage_write,392696628
14:54:12.345 -> C,modifier,15
14:54:12.345 -> C,engage_floor,0
14:54:12.345 -> C,loop_us,404
14:54:12.345 -> [AVI] Rendering 0 aircraft
14:54:12.391 -> [392770][V][HTTPClient.cpp:1206] handleHeaderResponse(): RX: 'HTTP/1.1 200'
14:54:12.391 -> [392771][V][HTTPClient.cpp:1206] handleHeaderResponse(): RX: 'Date: Wed, 01 Jul 2026 09:24:15 GMT'
14:54:12.391 -> [392772][V][HTTPClient.cpp:1206] handleHeaderResponse(): RX: 'Content-Type: application/json'
14:54:12.391 -> [392772][V][HTTPClient.cpp:1206] handleHeaderResponse(): RX: 'Transfer-Encoding: chunked'
14:54:12.391 -> [392773][V][HTTPClient.cpp:1206] handleHeaderResponse(): RX: 'Connection: keep-alive'
14:54:12.391 -> [392773][V][HTTClient.cpp:1206] handleHeaderResponse(): RX: 'Vary: Origin'
14:54:12.391 -> 392774][V][HTTPClient.cpp:1206] handleHeaderResponse(): RX: 'Vary: Access-Control-Request-Method'
14:54:12.391 -> [392775][V][HTTPClient.cpp:1206] handleHeaderResponse(): RX: 'Vary: Access-Control-Request-Headers'
14:54:12.391 -> [392775][V][HTTPClient.cpp:1206] handleHeaderResponse(): RX: 'X-Rate-Limit-Remaining: 399'
14:54:12.391 -> [39276][V][HTTPClient.cpp:1206] handleHeaderResponse(): RX: 'X-Content-Type-Options: nosniff'
14:54:12.391 -> [392777][V][HTTPClient.cpp:1206] handleHeaderResponse(): RX: 'X-XSS-Protection: 0'
14:54:12.438 -> [392777][V][HTTPClient.cpp:1206] handleHeaderResponse(): RX: 'Cache-Control: no-cache, no-store, max-age=0, must-revalidate'
14:54:12.438 -> 392778][V][HTTPClient.cpp:1206] handleHeaderResponse(): RX: 'Pragma: no-cache'
14:54:12.438 -> [392778][V][HTTPClient.cpp:1206] handleHeaderResponse(): RX: 'Expires: 0'
14:54:12.438 -> [392779][V][HTTPClient.cpp:1206] handleHeaderResponse(): RX: 'X-Frame-Options: DENY'
14:54:12.438 -> [392780][V][HTTPClient.cpp:1206] handleHeaderResponse(): RX: 'Strict-Transport-Security: max-age=15724800; includeSubDomains'
14:54:12.438 -> [392781][V][HTTPClient.cpp:1206] handleHeaderResponse(): RX: 'Access-Control-Allow-Origin: https://opensky-network.org'
14:54:12.438 -> [392781][V][HTTPClient.cpp:1206] handleHeaderResponse(): RX: ''
14:54:12.438 -> [392782][D][HTTPClient.cpp:1259] handleHeaderResponse(): code: 200
14:54:12.438 -> [392782][D][HTTPClient.cpp:1266] handleHeaderResponse(): Transfer-Encoding: chunked
14:54:12.438 -> [392782][D][HTTPClient.cpp:618] sendRequest(): sendRequest code=200
14:54:12.438 -> 
14:54:12.438 -> [AVI] HTTP Response Code: 200
14:54:12.438 -> [AVI] Credits Remaining: 399
14:54:12.438 -> [AVI] Fetch Complete
14:54:12.438 -> [392783][V][HTTPClient.cpp:902] writeToStream():  read chunk len: 33
14:54:12.438 -> [392783][V][HTTPClient.cpp:1401] writeToStreamDataBlock(): connection closed or file end (written: 33).
14:54:12.438 -> [392785][V][HTTPClient.cpp:902] writeToStream():  read chunk len: 0
14:54:12.438 -> [392785][D][HTTPClient.cpp:370] disconnect(): still data in buffer (2), clean up.
14:54:12.438 -> 
14:54:12.438 -> [392786][D][HTTPClient.cpp:375] disconnect(): tcp keep open for reuse
14:54:12.438 -> [392786][D][HTTPClient.cpp:370] disconnect(): still data in buffer (2), clean up.
14:54:12.438 -> 
14:54:12.438 -> [392786][D][HTTPClient.cpp:375] disconnect(): tcp keep open for reuse
14:54:12.438 -> [392787][V][ssl_client.cpp:380] stop_ssl_socket(): Cleaning SSL connection.
14:54:12.438 -> [392788][V][ssl_client.cpp:380] stop_ssl_socket(): Cleaning SSL connection.
14:54:12.438 -> [AVI] Payload size = 33
14:54:12.438 -> [AVI] Parse Complete
14:54:12.438 -> [AVI] No flights found in bounding box.
14:54:12.438 -> [AVI] Parsed 0 aircraft
14:54:12.438 -> [AVI] Stored 0 aircraft
14:54:12.438 -> [EMOTION] IDLE -> THINKING
14:54:12.438 -> EVT:{"type":"timeline","text":"Watching airspace: clear","tag":"flight"}
14:54:12.484 -> C,ts_engage_write,392839445
14:54:12.484 -> [AVI] Rendering 0 aircraft
14:54:12.622 -> C,ts_engage_write,392982426
14:54:12.622 -> C,engage_lvl,0
14:54:12.622 -> [AVI] Rendering 0 aircraft
14:54:12.761 -> C,ts_engage_write,393125425
14:54:12.761 -> [AVI] Rendering 0 aircraft
14:54:12.903 -> C,ts_engage_write,393268427
14:54:12.903 -> [AVI] Rendering 0 aircraft
14:54:13.040 -> C,ts_engage_write,393411424
14:54:13.040 -> [AVI] Rendering 0 aircraft
14:54:13.179 -> C,ts_engage_write,393554427
14:54:13.179 -> C,engage_lvl,0
14:54:13.179 -> [AVI] Rendering 0 aircraft
14:54:13.318 -> [FACE] heartbeat
14:54:13.318 -> C,mood_str,50
14:54:13.318 -> C,ts_engage_write,393697602
14:54:13.318 -> C,modifier,15
14:54:13.318 -> C,engage_floor,0
14:54:13.318 -> C,loop_us,391
14:54:13.318 -> [AVI] Rendering 0 aircraft
14:54:13.457 -> C,ts_engage_write,393840419
14:54:13.457 -> [AVI] Rendering 0 aircraft
14:54:13.643 -> C,ts_engage_write,393983426
14:54:13.643 -> [AVI] Rendering 0 aircraft
14:54:13.782 -> C,ts_engage_write,394126405
14:54:13.782 -> C,engage_lvl,0
14:54:13.782 -> [AVI] Rendering 0 aircraft
14:54:13.922 -> C,ts_engage_write,394269424
14:54:13.922 -> [AVI] Rendering 0 aircraft
14:54:14.062 -> C,ts_engage_write,394412426
14:54:14.062 -> [AVI] Rendering 0 aircraft
14:54:14.202 -> C,ts_engage_write,394555385
14:54:14.202 -> [AVI] Rendering 0 aircraft
14:54:14.342 -> [FACE] heartbeat
14:54:14.342 -> C,mood_str,50
14:54:14.342 -> C,ts_engage_write,394698648
14:54:14.342 -> C,engage_lvl,0
14:54:14.342 -> C,modifier,15
14:54:14.342 -> C,engage_floor,0
14:54:14.342 -> C,loop_us,440
14:54:14.342 -> [AVI] Rendering 0 aircraft
14:54:14.481 -> C,ts_engage_write,394841419
14:54:14.481 -> [AVI] Rendering 0 aircraft
14:54:14.622 -> C,ts_engage_write,394984423
14:54:14.622 -> [AVI] Rendering 0 aircraft
14:54:14.761 -> C,ts_engage_write,395128427
14:54:14.761 -> [AVI] Rendering 0 aircraft
14:54:14.901 -> C,ts_engage_write,395271426
14:54:14.901 -> C,engage_lvl,0
14:54:14.901 -> [AVI] Rendering 0 aircraft
14:54:15.040 -> C,ts_engage_write,395414426
14:54:15.040 -> [AVI] Rendering 0 aircraft
14:54:15.181 -> C,ts_engage_write,395557384
14:54:15.181 -> [AVI] Rendering 0 aircraft
14:54:15.321 -> [FACE] heartbeat
14:54:15.321 -> C,mood_str,50
14:54:15.321 -> C,ts_engage_write,395700647
14:54:15.321 -> C,modifier,15
14:54:15.321 -> C,engage_floor,0
14:54:15.321 -> C,loop_us,425
14:54:15.321 -> [AVI] Rendering 0 aircraft
14:54:15.461 -> C,ts_engage_write,395843420
14:54:15.461 -> C,engage_lvl,0
14:54:15.461 -> [AVI] Rendering 0 aircraft
14:54:15.600 -> C,ts_engage_write,395986404
14:54:15.600 -> [AVI] Rendering 0 aircraft
14:54:15.785 -> C,ts_engage_write,396129423
14:54:15.785 -> [AVI] Rendering 0 aircraft
14:54:15.925 -> C,ts_engage_write,396272426
14:54:15.925 -> [AVI] Rendering 0 aircraft
14:54:16.066 -> C,ts_engage_write,396415427
14:54:16.066 -> C,engage_lvl,0
14:54:16.066 -> [AVI] Rendering 0 aircraft
14:54:16.207 -> C,ts_engage_write,396558384
14:54:16.207 -> [AVI] Rendering 0 aircraft
14:54:16.346 -> [FACE] heartbeat
14:54:16.346 -> C,mood_str,50
14:54:16.346 -> C,ts_engage_write,396701645
14:54:16.346 -> C,modifier,15
14:54:16.346 -> C,engage_floor,0
14:54:16.346 -> C,loop_us,423
14:54:16.346 -> [AVI] Rendering 0 aircraft
14:54:16.486 -> C,ts_engage_write,396844424
14:54:16.486 -> [AVI] Rendering 0 aircraft
14:54:16.626 -> C,ts_engage_write,396987402
14:54:16.626 -> C,engage_lvl,0
14:54:16.626 -> [AVI] Rendering 0 aircraft
14:54:16.765 -> C,ts_engage_write,397130423
14:54:16.765 -> [AVI] Rendering 0 aircraft
14:54:16.905 -> C,ts_engage_write,397273424
14:54:16.905 -> [AVI] Rendering 0 aircraft
14:54:17.047 -> C,ts_engage_write,397416402
14:54:17.047 -> [AVI] Rendering 0 aircraft
14:54:17.187 -> C,ts_engage_write,397559426
14:54:17.187 -> C,engage_lvl,0
14:54:17.187 -> [AVI] Rendering 0 aircraft
14:54:17.324 -> [FACE] heartbeat
14:54:17.324 -> C,mood_str,50
14:54:17.324 -> C,ts_engage_write,397702649
14:54:17.324 -> C,modifier,15
14:54:17.324 -> C,engage_floor,0
14:54:17.324 -> C,loop_us,428
14:54:17.324 -> [AVI] Rendering 0 aircraft
14:54:17.463 -> C,ts_engage_write,397845425
14:54:17.463 -> [AVI] Rendering 0 aircraft
14:54:17.635 -> C,ts_engage_write,397988404
14:54:17.635 -> [AVI] Rendering 0 aircraft
14:54:17.774 -> C,ts_engage_write,398131422
14:54:17.774 -> C,engage_lvl,0
14:54:17.774 -> [AVI] Rendering 0 aircraft
14:54:17.914 -> C,ts_engage_write,398274424
14:54:17.914 -> [AVI] Rendering 0 aircraft
14:54:18.055 -> C,ts_engage_write,398417402
14:54:18.055 -> [AVI] Rendering 0 aircraft
14:54:18.197 -> C,ts_engage_write,398560424
14:54:18.197 -> [AVI] Rendering 0 aircraft
14:54:18.338 -> [FACE] heartbeat
14:54:18.338 -> C,mood_str,50
14:54:18.338 -> C,ts_engage_write,398703916
14:54:18.338 -> C,engage_lvl,0
14:54:18.338 -> C,modifier,15
14:54:18.338 -> C,engage_floor,0
14:54:18.338 -> C,loop_us,750
14:54:18.338 -> [AVI] Rendering 0 aircraft
14:54:18.477 -> C,ts_engage_write,398847411
14:54:18.477 -> [AVI] Rendering 0 aircraft
14:54:18.618 -> C,ts_engage_write,398990423
14:54:18.618 -> [AVI] Rendering 0 aircraft
14:54:18.757 -> C,ts_engage_write,399133424
14:54:18.757 -> [AVI] Rendering 0 aircraft
14:54:18.897 -> C,ts_engage_write,399276428
14:54:18.897 -> C,engage_lvl,0
14:54:18.897 -> [AVI] Rendering 0 aircraft
14:54:19.038 -> C,ts_engage_write,399419422
14:54:19.038 -> [AVI] Rendering 0 aircraft
14:54:19.178 -> C,ts_engage_write,399562426
14:54:19.178 -> [AVI] Rendering 0 aircraft
14:54:19.364 -> [FACE] heartbeat
14:54:19.364 -> C,mood_str,50
14:54:19.364 -> C,ts_engage_write,399705646
14:54:19.364 -> C,modifier,15
14:54:19.364 -> C,engage_floor,0
14:54:19.364 -> C,loop_us,424
14:54:19.364 -> [AVI] Rendering 0 aircraft
14:54:19.503 -> C,ts_engage_write,399848379
14:54:19.503 -> C,engage_lvl,0
14:54:19.503 -> [AVI] Rendering 0 aircraft
14:54:19.642 -> C,ts_engage_write,399991423
14:54:19.642 -> [AVI] Rendering 0 aircraft
14:54:19.782 -> C,ts_engage_write,400134427
14:54:19.782 -> [AVI] Rendering 0 aircraft
14:54:19.922 -> C,ts_engage_write,400277385
14:54:19.922 -> [AVI] Rendering 0 aircraft
14:54:20.064 -> C,ts_engage_write,400420424
14:54:20.064 -> C,engage_lvl,0
14:54:20.064 -> [AVI] Rendering 0 aircraft
14:54:20.203 -> C,ts_engage_write,400563426
14:54:20.203 -> [AVI] Rendering 0 aircraft
14:54:20.341 -> [FACE] heartbeat
14:54:20.341 -> C,mood_str,50
14:54:20.341 -> C,ts_engage_write,400706776
14:54:20.341 -> C,modifier,15
14:54:20.341 -> C,engage_floor,0
14:54:20.341 -> C,loop_us,552
14:54:20.341 -> [AVI] Rendering 0 aircraft
14:54:20.481 -> [PC] Typing stop
14:54:20.481 -> [EMOTION] THINKING -> IDLE (timeout)
14:54:20.481 -> C,ts_engage_write,400850589
14:54:20.481 -> [AVI] Rendering 0 aircraft
14:54:20.621 -> C,ts_engage_write,400993419
14:54:20.621 -> C,engage_lvl,0
14:54:20.621 -> [AVI] Rendering 0 aircraft
14:54:20.760 -> C,ts_engage_write,401136426
14:54:20.760 -> [AVI] Rendering 0 aircraft
14:54:20.900 -> C,ts_engage_write,401279385
14:54:20.900 -> [AVI] Rendering 0 aircraft
14:54:21.041 -> C,ts_engage_write,401422426
14:54:21.041 -> [AVI] Rendering 0 aircraft
14:54:21.183 -> C,ts_engage_write,401565426
14:54:21.183 -> C,engage_lvl,0
14:54:21.183 -> [AVI] Rendering 0 aircraft
14:54:21.321 -> [FACE] heartbeat
14:54:21.368 -> C,mood_str,50
14:54:21.368 -> C,ts_engage_write,401708605
14:54:21.368 -> C,modifier,15
14:54:21.368 -> C,engage_floor,0
14:54:21.368 -> C,loop_us,391
14:54:21.368 -> [AVI] Rendering 0 aircraft
14:54:21.507 -> C,ts_engage_write,401851421
14:54:21.507 -> [AVI] Rendering 0 aircraft
14:54:21.647 -> C,ts_engage_write,401994426
14:54:21.647 -> [AVI] Rendering 0 aircraft
14:54:21.785 -> C,ts_engage_write,402137428
14:54:21.785 -> C,engage_lvl,0
14:54:21.785 -> [AVI] Rendering 0 aircraft
14:54:21.926 -> C,ts_engage_write,402280414
14:54:21.926 -> [AVI] Rendering 0 aircraft
14:54:22.065 -> C,ts_engage_write,402423426
14:54:22.065 -> [AVI] Rendering 0 aircraft
14:54:22.206 -> C,ts_engage_write,402566427
14:54:22.206 -> [AVI] Rendering 0 aircraft
14:54:22.345 -> [FACE] heartbeat
14:54:22.345 -> C,mood_str,50
14:54:22.345 -> C,ts_engage_write,402709595
14:54:22.345 -> C,engage_lvl,0
14:54:22.345 -> C,modifier,15
14:54:22.345 -> C,engage_floor,0
14:54:22.345 -> C,loop_us,402
14:54:22.345 -> [AVI] Rendering 0 aircraft
14:54:22.485 -> C,ts_engage_write,402852421
14:54:22.485 -> [AVI] Rendering 0 aircraft
14:54:22.627 -> C,ts_engage_write,402995427
14:54:22.627 -> [AVI] Rendering 0 aircraft
14:54:22.766 -> C,ts_engage_write,403138407
14:54:22.766 -> [AVI] Rendering 0 aircraft
14:54:22.906 -> C,ts_engage_write,403281426
14:54:22.906 -> C,engage_lvl,0
14:54:22.906 -> [AVI] Rendering 0 aircraft
14:54:23.046 -> C,ts_engage_write,403424424
14:54:23.046 -> [AVI] Rendering 0 aircraft
14:54:23.185 -> C,ts_engage_write,403567384
14:54:23.185 -> [AVI] Rendering 0 aircraft
14:54:23.326 -> [FACE] heartbeat
14:54:23.326 -> C,mood_str,50
14:54:23.326 -> C,ts_engage_write,403710638
14:54:23.326 -> C,modifier,15
14:54:23.326 -> C,engage_floor,0
14:54:23.326 -> C,loop_us,419
14:54:23.326 -> [AVI] Rendering 0 aircraft
14:54:23.512 -> C,ts_engage_write,403853421
14:54:23.512 -> C,engage_lvl,0
14:54:23.512 -> [AVI] Rendering 0 aircraft
14:54:23.652 -> C,ts_engage_write,403996426
14:54:23.652 -> [AVI] Rendering 0 aircraft
14:54:23.792 -> C,ts_engage_write,404139408
14:54:23.792 -> [AVI] Rendering 0 aircraft
14:54:23.931 -> C,ts_engage_write,404282426
14:54:23.931 -> [AVI] Rendering 0 aircraft
14:54:24.071 -> C,ts_engage_write,404425426
14:54:24.071 -> C,engage_lvl,0
14:54:24.071 -> [AVI] Rendering 0 aircraft
14:54:24.210 -> C,ts_engage_write,404568384
14:54:24.210 -> [AVI] Rendering 0 aircraft
14:54:24.350 -> [FACE] heartbeat
14:54:24.350 -> C,mood_str,50
14:54:24.350 -> C,ts_engage_write,404711645
14:54:24.350 -> C,modifier,15
14:54:24.350 -> C,engage_floor,0
14:54:24.350 -> C,loop_us,424
14:54:24.350 -> [AVI] Rendering 0 aircraft
14:54:24.490 -> C,ts_engage_write,404854427
14:54:24.490 -> [AVI] Rendering 0 aircraft
14:54:24.630 -> C,ts_engage_write,404997385
14:54:24.630 -> C,engage_lvl,0
14:54:24.630 -> [AVI] Rendering 0 aircraft
14:54:24.768 -> C,ts_engage_write,405140426
14:54:24.768 -> [AVI] Rendering 0 aircraft
14:54:24.907 -> C,ts_engage_write,405283426
14:54:24.907 -> [AVI] Rendering 0 aircraft
14:54:25.046 -> C,ts_engage_write,405426427
14:54:25.046 -> [AVI] Rendering 0 aircraft
14:54:25.187 -> C,ts_engage_write,405569384
14:54:25.187 -> C,engage_lvl,0
14:54:25.187 -> [AVI] Rendering 0 aircraft
14:54:25.326 -> [FACE] heartbeat
14:54:25.326 -> C,mood_str,50
14:54:25.326 -> C,ts_engage_write,405712644
14:54:25.326 -> C,modifier,15
14:54:25.326 -> C,engage_floor,0
14:54:25.326 -> C,loop_us,423
14:54:25.372 -> [AVI] Rendering 0 aircraft
14:54:25.510 -> C,ts_engage_write,405855424
14:54:25.510 -> [AVI] Rendering 0 aircraft
14:54:25.649 -> C,ts_engage_write,405998384
14:54:25.649 -> [AVI] Rendering 0 aircraft
14:54:25.788 -> C,ts_engage_write,406141426
14:54:25.788 -> C,engage_lvl,0
14:54:25.788 -> [AVI] Rendering 0 aircraft
14:54:25.927 -> C,ts_engage_write,406284427
14:54:25.927 -> [AVI] Rendering 0 aircraft
14:54:26.066 -> C,ts_engage_write,406427402
14:54:26.066 -> [AVI] Rendering 0 aircraft
14:54:26.207 -> C,ts_engage_write,406570426
14:54:26.207 -> [AVI] Rendering 0 aircraft
14:54:26.345 -> [FACE] heartbeat
14:54:26.345 -> C,mood_str,50
14:54:26.345 -> C,ts_engage_write,406713645
14:54:26.345 -> C,engage_lvl,0
14:54:26.345 -> C,modifier,15
14:54:26.345 -> C,engage_floor,0
14:54:26.345 -> C,loop_us,448
14:54:26.345 -> [AVI] Rendering 0 aircraft
14:54:26.484 -> C,ts_engage_write,406856424
14:54:26.484 -> [AVI] Rendering 0 aircraft
14:54:26.624 -> C,ts_engage_write,406999414
14:54:26.624 -> [AVI] Rendering 0 aircraft
14:54:26.764 -> C,ts_engage_write,407142424
14:54:26.764 -> [AVI] Rendering 0 aircraft
14:54:26.903 -> C,ts_engage_write,407285428
14:54:26.903 -> C,engage_lvl,0
14:54:26.903 -> [AVI] Rendering 0 aircraft
14:54:27.043 -> C,ts_engage_write,407428423
14:54:27.043 -> [AVI] Rendering 0 aircraft
14:54:27.230 -> C,ts_engage_write,407571426
14:54:27.230 -> [AVI] Rendering 0 aircraft
14:54:27.368 -> [FACE] heartbeat
14:54:27.368 -> C,mood_str,50
14:54:27.368 -> C,ts_engage_write,407714646
14:54:27.368 -> C,modifier,15
14:54:27.368 -> C,engage_floor,0
14:54:27.368 -> C,loop_us,428
14:54:27.368 -> [AVI] Rendering 0 aircraft
14:54:27.510 -> C,ts_engage_write,407857387
14:54:27.510 -> C,engage_lvl,0
14:54:27.510 -> [AVI] Rendering 0 aircraft
14:54:27.649 -> C,ts_engage_write,408000424
14:54:27.649 -> [AVI] Rendering 0 aircraft
14:54:27.790 -> C,ts_engage_write,408143427
14:54:27.790 -> [AVI] Rendering 0 aircraft
14:54:27.929 -> C,ts_engage_write,408286426
14:54:27.929 -> [AVI] Rendering 0 aircraft
14:54:28.069 -> C,ts_engage_write,408429423
14:54:28.069 -> C,engage_lvl,0
14:54:28.069 -> [AVI] Rendering 0 aircraft
14:54:28.209 -> C,ts_engage_write,408572426
14:54:28.209 -> [AVI] Rendering 0 aircraft
14:54:28.349 -> [FACE] heartbeat
14:54:28.349 -> C,mood_str,50
14:54:28.349 -> C,ts_engage_write,408715645
14:54:28.349 -> C,modifier,15
14:54:28.349 -> C,engage_floor,0
14:54:28.349 -> C,loop_us,424
14:54:28.349 -> [AVI] Rendering 0 aircraft
14:54:28.488 -> C,ts_engage_write,408858387
14:54:28.488 -> [AVI] Rendering 0 aircraft
14:54:28.628 -> C,ts_engage_write,409001424
14:54:28.628 -> C,engage_lvl,0
14:54:28.628 -> [AVI] Rendering 0 aircraft
14:54:28.766 -> C,ts_engage_write,409144426
14:54:28.766 -> [AVI] Rendering 0 aircraft
14:54:28.907 -> C,ts_engage_write,409287385
14:54:28.907 -> [AVI] Rendering 0 aircraft
14:54:29.046 -> C,ts_engage_write,409430424
14:54:29.046 -> [AVI] Rendering 0 aircraft
14:54:29.186 -> C,ts_engage_write,409573426
14:54:29.232 -> C,engage_lvl,0
14:54:29.232 -> [AVI] Rendering 0 aircraft
14:54:29.372 -> [FACE] heartbeat
14:54:29.372 -> C,mood_str,50
14:54:29.372 -> C,ts_engage_write,409716644
14:54:29.372 -> C,modifier,15
14:54:29.372 -> C,engage_floor,0
14:54:29.372 -> C,loop_us,422
14:54:29.372 -> [AVI] Rendering 0 aircraft
14:54:29.512 -> C,ts_engage_write,409860421
14:54:29.512 -> [AVI] Rendering 0 aircraft
14:54:29.651 -> C,ts_engage_write,410003426
14:54:29.651 -> [AVI] Rendering 0 aircraft
14:54:29.789 -> C,ts_engage_write,410146427
14:54:29.789 -> C,engage_lvl,0
14:54:29.789 -> [AVI] Rendering 0 aircraft
14:54:29.928 -> C,ts_engage_write,410289385
14:54:29.928 -> [AVI] Rendering 0 aircraft
14:54:30.068 -> C,ts_engage_write,410432424
14:54:30.068 -> [AVI] Rendering 0 aircraft
14:54:30.207 -> C,ts_engage_write,410575427
14:54:30.207 -> [AVI] Rendering 0 aircraft
14:54:30.346 -> [FACE] heartbeat
14:54:30.346 -> C,mood_str,50
14:54:30.346 -> C,ts_engage_write,410718598
14:54:30.346 -> C,engage_lvl,0
14:54:30.346 -> C,modifier,15
14:54:30.346 -> C,engage_floor,0
14:54:30.346 -> C,loop_us,410
14:54:30.346 -> [AVI] Rendering 0 aircraft
14:54:30.488 -> C,ts_engage_write,410861421
14:54:30.488 -> [AVI] Rendering 0 aircraft
14:54:30.627 -> C,ts_engage_write,411004426
14:54:30.627 -> [AVI] Rendering 0 aircraft
14:54:30.766 -> C,ts_engage_write,411147428
14:54:30.766 -> [AVI] Rendering 0 aircraft
14:54:30.907 -> C,ts_engage_write,411290414
14:54:30.907 -> C,engage_lvl,0
14:54:30.907 -> [AVI] Rendering 0 aircraft
14:54:31.091 -> C,ts_engage_write,411433426
14:54:31.091 -> [AVI] Rendering 0 aircraft
14:54:31.232 -> C,ts_engage_write,411576427
14:54:31.232 -> [AVI] Rendering 0 aircraft
14:54:31.370 -> [FACE] heartbeat
14:54:31.370 -> C,mood_str,50
14:54:31.370 -> C,ts_engage_write,411719598
14:54:31.370 -> C,modifier,15
14:54:31.370 -> C,engage_floor,0
14:54:31.370 -> C,loop_us,384
14:54:31.370 -> [AVI] Rendering 0 aircraft
14:54:31.510 -> C,ts_engage_write,411862421
14:54:31.510 -> C,engage_lvl,0
14:54:31.510 -> [AVI] Rendering 0 aircraft
14:54:31.649 -> C,ts_engage_write,412005427
14:54:31.649 -> [AVI] Rendering 0 aircraft
14:54:31.790 -> C,ts_engage_write,412148407
14:54:31.790 -> [AVI] Rendering 0 aircraft
14:54:31.929 -> C,ts_engage_write,412291421
14:54:31.929 -> [AVI] Rendering 0 aircraft
14:54:32.068 -> C,ts_engage_write,412434426
14:54:32.068 -> C,engage_lvl,0
14:54:32.068 -> [AVI] Rendering 0 aircraft
14:54:32.208 -> C,ts_engage_write,412577385
14:54:32.208 -> [AVI] Rendering 0 aircraft
14:54:32.347 -> [FACE] heartbeat
14:54:32.347 -> C,mood_str,50
14:54:32.347 -> C,ts_engage_write,412720645
14:54:32.347 -> C,modifier,15
14:54:32.347 -> C,engage_floor,0
14:54:32.347 -> C,loop_us,424
14:54:32.347 -> [AVI] Rendering 0 aircraft
14:54:32.485 -> C,ts_engage_write,412863421
14:54:32.485 -> [AVI] Rendering 0 aircraft
14:54:32.624 -> C,ts_engage_write,413006426
14:54:32.624 -> C,engage_lvl,0
14:54:32.624 -> [AVI] Rendering 0 aircraft
14:54:32.763 -> C,ts_engage_write,413149408
14:54:32.763 -> [AVI] Rendering 0 aircraft
14:54:32.947 -> C,ts_engage_write,413292421
14:54:32.947 -> [AVI] Rendering 0 aircraft
14:54:33.085 -> C,ts_engage_write,413435427
14:54:33.085 -> [AVI] Rendering 0 aircraft
14:54:33.224 -> C,ts_engage_write,413578385
14:54:33.224 -> C,engage_lvl,0
14:54:33.224 -> [AVI] Rendering 0 aircraft
14:54:33.363 -> [FACE] heartbeat
14:54:33.363 -> C,mood_str,50
14:54:33.363 -> C,ts_engage_write,413721647
14:54:33.363 -> C,modifier,15
14:54:33.363 -> C,engage_floor,0
14:54:33.363 -> C,loop_us,426
14:54:33.363 -> [AVI] Rendering 0 aircraft
14:54:33.500 -> C,ts_engage_write,413864426
14:54:33.500 -> [AVI] Rendering 0 aircraft
14:54:33.639 -> C,ts_engage_write,414007384
14:54:33.639 -> [AVI] Rendering 0 aircraft
14:54:33.778 -> C,ts_engage_write,414150426
14:54:33.778 -> C,engage_lvl,0
14:54:33.778 -> [AVI] Rendering 0 aircraft
14:54:33.915 -> C,ts_engage_write,414293421
14:54:33.915 -> [AVI] Rendering 0 aircraft
14:54:34.058 -> C,ts_engage_write,414436428
14:54:34.058 -> [AVI] Rendering 0 aircraft
14:54:34.197 -> C,ts_engage_write,414579385
14:54:34.197 -> [AVI] Rendering 0 aircraft
14:54:34.336 -> [FACE] heartbeat
14:54:34.336 -> C,mood_str,50
14:54:34.336 -> C,ts_engage_write,414722630
14:54:34.336 -> C,engage_lvl,0
14:54:34.336 -> C,modifier,15
14:54:34.336 -> C,engage_floor,0
14:54:34.336 -> C,loop_us,417
14:54:34.336 -> [AVI] Rendering 0 aircraft
14:54:34.524 -> C,ts_engage_write,414865425
14:54:34.524 -> [AVI] Rendering 0 aircraft
14:54:34.664 -> C,ts_engage_write,415008385
14:54:34.664 -> [AVI] Rendering 0 aircraft
14:54:34.801 -> C,ts_engage_write,415151424
14:54:34.801 -> [AVI] Rendering 0 aircraft
14:54:34.941 -> C,ts_engage_write,415294421
14:54:34.941 -> C,engage_lvl,0
14:54:34.941 -> [AVI] Rendering 0 aircraft
14:54:35.077 -> C,ts_engage_write,415437405
14:54:35.077 -> [AVI] Rendering 0 aircraft
14:54:35.215 -> C,ts_engage_write,415580426
14:54:35.215 -> [AVI] Rendering 0 aircraft
14:54:35.355 -> [FACE] heartbeat
14:54:35.355 -> C,mood_str,50
14:54:35.355 -> C,ts_engage_write,415723649
14:54:35.355 -> C,modifier,15
14:54:35.355 -> C,engage_floor,0
14:54:35.355 -> C,loop_us,428
14:54:35.355 -> [AVI] Rendering 0 aircraft
14:54:35.493 -> C,ts_engage_write,415866424
14:54:35.493 -> C,engage_lvl,0
14:54:35.493 -> [AVI] Rendering 0 aircraft
14:54:35.632 -> C,ts_engage_write,416009426
14:54:35.632 -> [AVI] Rendering 0 aircraft
14:54:35.773 -> C,ts_engage_write,416152427
14:54:35.773 -> [AVI] Rendering 0 aircraft
14:54:35.912 -> C,ts_engage_write,416295421
14:54:35.912 -> [AVI] Rendering 0 aircraft
14:54:36.095 -> C,ts_engage_write,416438405
14:54:36.095 -> C,engage_lvl,0
14:54:36.095 -> [AVI] Rendering 0 aircraft
14:54:36.234 -> C,ts_engage_write,416581426
14:54:36.234 -> [AVI] Rendering 0 aircraft
14:54:36.376 -> [FACE] heartbeat
14:54:36.376 -> C,mood_str,50
14:54:36.376 -> C,ts_engage_write,416724648
14:54:36.376 -> C,modifier,15
14:54:36.376 -> C,engage_floor,0
14:54:36.376 -> C,loop_us,429
14:54:36.376 -> [AVI] Rendering 0 aircraft
14:54:36.515 -> C,ts_engage_write,416867387
14:54:36.515 -> [AVI] Rendering 0 aircraft
14:54:36.656 -> C,ts_engage_write,417010424
14:54:36.656 -> C,engage_lvl,0
14:54:36.656 -> [AVI] Rendering 0 aircraft
14:54:36.795 -> C,ts_engage_write,417153426
14:54:36.795 -> [AVI] Rendering 0 aircraft
14:54:36.936 -> C,ts_engage_write,417296421
14:54:36.936 -> [AVI] Rendering 0 aircraft
14:54:37.076 -> C,ts_engage_write,417439426
14:54:37.076 -> [AVI] Rendering 0 aircraft
14:54:37.213 -> C,ts_engage_write,417582426
14:54:37.213 -> C,engage_lvl,0
14:54:37.213 -> [AVI] Rendering 0 aircraft
14:54:37.354 -> [FACE] heartbeat
14:54:37.354 -> C,mood_str,50
14:54:37.354 -> C,ts_engage_write,417725641
14:54:37.354 -> C,modifier,15
14:54:37.354 -> C,engage_floor,0
14:54:37.354 -> C,loop_us,412
14:54:37.354 -> [AVI] Rendering 0 aircraft
14:54:37.495 -> C,ts_engage_write,417868387
14:54:37.495 -> [AVI] Rendering 0 aircraft
14:54:37.635 -> C,ts_engage_write,418011424
14:54:37.635 -> [AVI] Rendering 0 aircraft
14:54:37.772 -> C,ts_engage_write,418154426
14:54:37.772 -> C,engage_lvl,0
14:54:37.772 -> [AVI] Rendering 0 aircraft
14:54:37.911 -> C,ts_engage_write,418297382
14:54:37.911 -> [AVI] Rendering 0 aircraft
14:54:38.097 -> C,ts_engage_write,418440426
14:54:38.097 -> [AVI] Rendering 0 aircraft
14:54:38.238 -> C,ts_engage_write,418583426
14:54:38.238 -> [AVI] Rendering 0 aircraft
14:54:38.377 -> [FACE] heartbeat
14:54:38.377 -> C,mood_str,50
14:54:38.377 -> C,ts_engage_write,418726645
14:54:38.377 -> C,engage_lvl,0
14:54:38.377 -> C,modifier,15
14:54:38.377 -> C,engage_floor,0
14:54:38.377 -> C,loop_us,448
14:54:38.377 -> [AVI] Rendering 0 aircraft
14:54:38.517 -> C,ts_engage_write,418869418
14:54:38.517 -> [AVI] Rendering 0 aircraft
14:54:38.658 -> C,ts_engage_write,419012426
14:54:38.658 -> [AVI] Rendering 0 aircraft
14:54:38.799 -> C,ts_engage_write,419155426
14:54:38.799 -> [AVI] Rendering 0 aircraft
14:54:38.938 -> C,ts_engage_write,419298411
14:54:38.938 -> C,engage_lvl,0
14:54:38.938 -> [AVI] Rendering 0 aircraft
14:54:39.076 -> C,ts_engage_write,419441426
14:54:39.076 -> [AVI] Rendering 0 aircraft
14:54:39.214 -> C,ts_engage_write,419584426
14:54:39.214 -> [AVI] Rendering 0 aircraft
14:54:39.353 -> [FACE] heartbeat
14:54:39.353 -> C,mood_str,50
14:54:39.353 -> C,ts_engage_write,419727602
14:54:39.353 -> C,modifier,15
14:54:39.353 -> C,engage_floor,0
14:54:39.353 -> C,loop_us,388
14:54:39.353 -> [AVI] Rendering 0 aircraft
14:54:39.495 -> C,ts_engage_write,419870421
14:54:39.495 -> C,engage_lvl,0
14:54:39.495 -> [AVI] Rendering 0 aircraft
14:54:39.633 -> C,ts_engage_write,420013426
14:54:39.633 -> [AVI] Rendering 0 aircraft
14:54:39.772 -> C,ts_engage_write,420156407
14:54:39.772 -> [AVI] Rendering 0 aircraft
14:54:39.957 -> C,dom_touch,54
14:54:39.957 -> C,dom_sec,0
14:54:39.957 -> [MEM] tick: records=3 strength=54
14:54:39.957 -> C,rec_count,3
14:54:39.957 -> C,ts_engage_write,420299666
14:54:39.957 -> [AVI] Rendering 0 aircraft
14:54:40.097 -> C,ts_engage_write,420442426
14:54:40.097 -> C,engage_lvl,0
14:54:40.097 -> [AVI] Rendering 0 aircraft
14:54:40.236 -> C,ts_engage_write,420585426
14:54:40.236 -> [AVI] Rendering 0 aircraft
14:54:40.373 -> [FACE] heartbeat
14:54:40.373 -> C,mood_str,50
14:54:40.373 -> C,ts_engage_write,420728598
14:54:40.373 -> C,modifier,15
14:54:40.373 -> C,engage_floor,0
14:54:40.373 -> C,loop_us,387
14:54:40.373 -> [AVI] Rendering 0 aircraft
14:54:40.512 -> C,ts_engage_write,420871421
14:54:40.512 -> [AVI] Rendering 0 aircraft
14:54:40.655 -> C,ts_engage_write,421014427
14:54:40.655 -> C,engage_lvl,0
14:54:40.655 -> [AVI] Rendering 0 aircraft
14:54:40.793 -> C,ts_engage_write,421157407
14:54:40.793 -> [AVI] Rendering 0 aircraft
14:54:40.932 -> C,ts_engage_write,421300421
14:54:40.932 -> [AVI] Rendering 0 aircraft
14:54:41.073 -> C,ts_engage_write,421443426
14:54:41.073 -> [AVI] Rendering 0 aircraft
14:54:41.214 -> C,ts_engage_write,421586385
14:54:41.214 -> C,engage_lvl,0
14:54:41.214 -> [AVI] Rendering 0 aircraft
14:54:41.352 -> [FACE] heartbeat
14:54:41.352 -> C,mood_str,50
14:54:41.352 -> C,ts_engage_write,421729645
14:54:41.352 -> C,modifier,15
14:54:41.352 -> C,engage_floor,0
14:54:41.352 -> C,loop_us,424
14:54:41.352 -> [AVI] Rendering 0 aircraft
14:54:41.493 -> C,ts_engage_write,421872424
14:54:41.493 -> [AVI] Rendering 0 aircraft
14:54:41.633 -> C,ts_engage_write,422015428
14:54:41.633 -> [AVI] Rendering 0 aircraft
14:54:41.772 -> C,ts_engage_write,422158407
14:54:41.772 -> C,engage_lvl,0
14:54:41.772 -> [AVI] Rendering 0 aircraft
14:54:41.959 -> C,ts_engage_write,422301421
14:54:41.959 -> [AVI] Rendering 0 aircraft
14:54:42.099 -> C,ts_engage_write,422444427
14:54:42.099 -> [AVI] Rendering 0 aircraft
14:54:42.238 -> C,ts_engage_write,422587385
14:54:42.238 -> [AVI] Rendering 0 aircraft
14:54:42.378 -> [FACE] heartbeat
14:54:42.378 -> C,mood_str,50
14:54:42.378 -> C,ts_engage_write,422730628
14:54:42.378 -> C,engage_lvl,0
14:54:42.378 -> C,modifier,15
14:54:42.378 -> C,engage_floor,0
14:54:42.378 -> C,loop_us,402
14:54:42.378 -> [AVI] Rendering 0 aircraft
14:54:42.517 -> C,ts_engage_write,422873426
14:54:42.517 -> [AVI] Rendering 0 aircraft
14:54:42.657 -> C,ts_engage_write,423016384
14:54:42.657 -> [AVI] Rendering 0 aircraft
14:54:42.797 -> C,ts_engage_write,423159426
14:54:42.797 -> [AVI] Rendering 0 aircraft
14:54:42.935 -> C,ts_engage_write,423302421
14:54:42.935 -> C,engage_lvl,0
14:54:42.935 -> [AVI] Rendering 0 aircraft
14:54:43.076 -> C,ts_engage_write,423445429
14:54:43.076 -> [AVI] Rendering 0 aircraft
14:54:43.216 -> C,ts_engage_write,423588385
14:54:43.216 -> [AVI] Rendering 0 aircraft
14:54:43.357 -> [FACE] heartbeat
14:54:43.357 -> C,mood_str,50
14:54:43.357 -> C,ts_engage_write,423731619
14:54:43.357 -> C,modifier,15
14:54:43.357 -> C,engage_floor,0
14:54:43.357 -> C,loop_us,380
14:54:43.357 -> [AVI] Rendering 0 aircraft
14:54:43.498 -> C,ts_engage_write,423874426
14:54:43.498 -> C,engage_lvl,0
14:54:43.498 -> [AVI] Rendering 0 aircraft
14:54:43.638 -> C,ts_engage_write,424017384
14:54:43.638 -> [AVI] Rendering 0 aircraft
14:54:43.822 -> C,ts_engage_write,424163956
14:54:43.822 -> [AVI] Rendering 0 aircraft
14:54:43.962 -> C,ts_engage_write,424307419
14:54:43.962 -> [AVI] Rendering 0 aircraft
14:54:44.102 -> C,ts_engage_write,424450423
14:54:44.102 -> C,engage_lvl,0
14:54:44.102 -> [AVI] Rendering 0 aircraft
14:54:44.243 -> C,ts_engage_write,424593424
14:54:44.243 -> [AVI] Rendering 0 aircraft
14:54:44.382 -> [FACE] heartbeat
14:54:44.382 -> C,mood_str,50
14:54:44.382 -> C,ts_engage_write,424736649
14:54:44.382 -> C,modifier,15
14:54:44.382 -> C,engage_floor,0
14:54:44.382 -> C,loop_us,424
14:54:44.382 -> [AVI] Rendering 0 aircraft
14:54:44.522 -> C,ts_engage_write,424879426
14:54:44.522 -> [AVI] Rendering 0 aircraft
14:54:44.660 -> C,ts_engage_write,425022414
14:54:44.660 -> C,engage_lvl,0
14:54:44.660 -> [AVI] Rendering 0 aircraft
14:54:44.800 -> C,ts_engage_write,425165424
14:54:44.800 -> [AVI] Rendering 0 aircraft
14:54:44.944 -> C,ts_engage_write,425308421
14:54:44.944 -> [AVI] Rendering 0 aircraft
14:54:45.084 -> C,ts_engage_write,425451405
14:54:45.084 -> [AVI] Rendering 0 aircraft
14:54:45.224 -> C,ts_engage_write,425594426
14:54:45.224 -> C,engage_lvl,0
14:54:45.224 -> [AVI] Rendering 0 aircraft
14:54:45.363 -> [FACE] heartbeat
14:54:45.363 -> C,mood_str,50
14:54:45.363 -> C,ts_engage_write,425737644
14:54:45.363 -> C,modifier,15
14:54:45.363 -> C,engage_floor,0
14:54:45.363 -> C,loop_us,423
14:54:45.363 -> [AVI] Rendering 0 aircraft
14:54:45.504 -> C,ts_engage_write,425880387
14:54:45.504 -> [AVI] Rendering 0 aircraft
14:54:45.643 -> C,ts_engage_write,426023426
14:54:45.643 -> [AVI] Rendering 0 aircraft
14:54:45.784 -> C,ts_engage_write,426166426
14:54:45.784 -> C,engage_lvl,0
14:54:45.784 -> [AVI] Rendering 0 aircraft
14:54:45.925 -> C,ts_engage_write,426309426
14:54:45.925 -> [AVI] Rendering 0 aircraft
14:54:46.065 -> C,ts_engage_write,426452405
14:54:46.065 -> [AVI] Rendering 0 aircraft
14:54:46.209 -> C,ts_engage_write,426595426
14:54:46.209 -> [AVI] Rendering 0 aircraft
14:54:46.391 -> [FACE] heartbeat
14:54:46.391 -> C,mood_str,50
14:54:46.391 -> C,ts_engage_write,426738644
14:54:46.391 -> C,engage_lvl,0
14:54:46.391 -> C,modifier,15
14:54:46.391 -> C,engage_floor,0
14:54:46.391 -> C,loop_us,445
14:54:46.391 -> [AVI] Rendering 0 aircraft
14:54:46.532 -> C,ts_engage_write,426881387
14:54:46.532 -> [AVI] Rendering 0 aircraft
14:54:46.672 -> C,ts_engage_write,427024424
14:54:46.672 -> [AVI] Rendering 0 aircraft
14:54:46.813 -> C,ts_engage_write,427167427
14:54:46.813 -> [AVI] Rendering 0 aircraft
14:54:46.951 -> C,ts_engage_write,427310382
14:54:46.951 -> C,engage_lvl,0
14:54:46.951 -> [AVI] Rendering 0 aircraft
14:54:47.090 -> C,ts_engage_write,427453426
14:54:47.090 -> [AVI] Rendering 0 aircraft
14:54:47.230 -> C,ts_engage_write,427596426
14:54:47.230 -> [AVI] Rendering 0 aircraft
14:54:47.369 -> [FACE] heartbeat
14:54:47.369 -> C,mood_str,50
14:54:47.369 -> C,ts_engage_write,427739645
14:54:47.369 -> C,modifier,15
14:54:47.369 -> C,engage_floor,0
14:54:47.369 -> C,loop_us,424
14:54:47.369 -> [AVI] Rendering 0 aircraft
14:54:47.510 -> C,ts_engage_write,427883415
14:54:47.510 -> C,engage_lvl,0
14:54:47.510 -> [AVI] Rendering 0 aircraft
14:54:47.650 -> C,ts_engage_write,428026426
14:54:47.650 -> [AVI] Rendering 0 aircraft
14:54:47.790 -> C,ts_engage_write,428169427
14:54:47.790 -> [AVI] Rendering 0 aircraft
14:54:47.929 -> C,ts_engage_write,428312382
14:54:47.929 -> [AVI] Rendering 0 aircraft
14:54:48.068 -> C,ts_engage_write,428455426
14:54:48.068 -> C,engage_lvl,0
14:54:48.068 -> [AVI] Rendering 0 aircraft
14:54:48.256 -> C,ts_engage_write,428598426
14:54:48.256 -> [AVI] Rendering 0 aircraft
14:54:48.396 -> [FACE] heartbeat
14:54:48.396 -> C,mood_str,50
14:54:48.396 -> C,ts_engage_write,428741597
14:54:48.396 -> C,modifier,15
14:54:48.396 -> C,engage_floor,0
14:54:48.396 -> C,loop_us,384
14:54:48.396 -> [AVI] Rendering 0 aircraft
14:54:48.536 -> C,ts_engage_write,428884421
14:54:48.536 -> [AVI] Rendering 0 aircraft
14:54:48.676 -> C,ts_engage_write,429027426
14:54:48.676 -> C,engage_lvl,0
14:54:48.676 -> [AVI] Rendering 0 aircraft
14:54:48.815 -> C,ts_engage_write,429170428
14:54:48.815 -> [AVI] Rendering 0 aircraft
14:54:48.956 -> C,ts_engage_write,429313410
14:54:48.956 -> [AVI] Rendering 0 aircraft
14:54:49.095 -> C,ts_engage_write,429456426
14:54:49.095 -> [AVI] Rendering 0 aircraft
14:54:49.234 -> C,ts_engage_write,429599428
14:54:49.234 -> C,engage_lvl,0
14:54:49.234 -> [AVI] Rendering 0 aircraft
14:54:49.374 -> [FACE] heartbeat
14:54:49.374 -> C,mood_str,50
14:54:49.374 -> C,ts_engage_write,429742600
14:54:49.374 -> C,modifier,15
14:54:49.374 -> C,engage_floor,0
14:54:49.374 -> C,loop_us,388
14:54:49.374 -> [AVI] Rendering 0 aircraft
14:54:49.514 -> C,ts_engage_write,429885421
14:54:49.514 -> [AVI] Rendering 0 aircraft
14:54:49.654 -> C,ts_engage_write,430028426
14:54:49.654 -> [AVI] Rendering 0 aircraft
14:54:49.793 -> C,ts_engage_write,430171408
14:54:49.793 -> C,engage_lvl,0
14:54:49.793 -> [AVI] Rendering 0 aircraft
14:54:49.932 -> C,ts_engage_write,430314421
14:54:49.932 -> [AVI] Rendering 0 aircraft
14:54:50.073 -> C,ts_engage_write,430457426
14:54:50.073 -> [AVI] Rendering 0 aircraft
14:54:50.258 -> C,ts_engage_write,430600385
14:54:50.258 -> [AVI] Rendering 0 aircraft
14:54:50.396 -> [FACE] heartbeat
14:54:50.396 -> C,mood_str,50
14:54:50.396 -> C,ts_engage_write,430743650
14:54:50.396 -> C,engage_lvl,0
14:54:50.396 -> C,modifier,15
14:54:50.396 -> C,engage_floor,0
14:54:50.396 -> C,loop_us,453
14:54:50.396 -> [AVI] Rendering 0 aircraft
14:54:50.537 -> C,ts_engage_write,430886426
14:54:50.537 -> [AVI] Rendering 0 aircraft
14:54:50.676 -> C,ts_engage_write,431029426
14:54:50.676 -> [AVI] Rendering 0 aircraft
14:54:50.816 -> C,ts_engage_write,431172408
14:54:50.816 -> [AVI] Rendering 0 aircraft
14:54:50.954 -> C,ts_engage_write,431315421
14:54:50.954 -> C,engage_lvl,0
14:54:50.954 -> [AVI] Rendering 0 aircraft
14:54:51.095 -> C,ts_engage_write,431458427
14:54:51.095 -> [AVI] Rendering 0 aircraft
14:54:51.238 -> C,ts_engage_write,431601413
14:54:51.238 -> [AVI] Rendering 0 aircraft
14:54:51.376 -> [FACE] heartbeat
14:54:51.376 -> C,mood_str,50
14:54:51.376 -> C,ts_engage_write,431744642
14:54:51.376 -> C,modifier,15
14:54:51.376 -> C,engage_floor,0
14:54:51.376 -> C,loop_us,426
14:54:51.376 -> [AVI] Rendering 0 aircraft
14:54:51.516 -> C,ts_engage_write,431887425
14:54:51.516 -> C,engage_lvl,0
14:54:51.516 -> [AVI] Rendering 0 aircraft
14:54:51.656 -> C,ts_engage_write,432030385
14:54:51.656 -> [AVI] Rendering 0 aircraft
14:54:51.795 -> C,ts_engage_write,432173426
14:54:51.795 -> [AVI] Rendering 0 aircraft
14:54:51.934 -> C,ts_engage_write,432316421
14:54:51.934 -> [AVI] Rendering 0 aircraft
14:54:52.076 -> C,ts_engage_write,432459428
14:54:52.076 -> C,engage_lvl,0
14:54:52.076 -> [AVI] Rendering 0 aircraft
14:54:52.216 -> C,ts_engage_write,432602417
14:54:52.216 -> [AVI] Rendering 0 aircraft
14:54:52.403 -> [FACE] heartbeat
14:54:52.403 -> C,mood_str,50
14:54:52.403 -> C,ts_engage_write,432745644
14:54:52.403 -> C,modifier,15
14:54:52.403 -> C,engage_floor,0
14:54:52.403 -> C,loop_us,428
14:54:52.403 -> [AVI] Rendering 0 aircraft
14:54:52.543 -> C,ts_engage_write,432888426
14:54:52.543 -> [AVI] Rendering 0 aircraft
14:54:52.683 -> C,ts_engage_write,433031413
14:54:52.683 -> C,engage_lvl,0
14:54:52.683 -> [AVI] Rendering 0 aircraft
14:54:52.822 -> C,ts_engage_write,433174426
14:54:52.822 -> [AVI] Rendering 0 aircraft
14:54:52.961 -> C,ts_engage_write,433317426
14:54:52.961 -> [AVI] Rendering 0 aircraft
14:54:53.099 -> C,ts_engage_write,433460404
14:54:53.099 -> [AVI] Rendering 0 aircraft
14:54:53.238 -> C,ts_engage_write,433603426
14:54:53.238 -> C,engage_lvl,0
14:54:53.238 -> [AVI] Rendering 0 aircraft
14:54:53.375 -> [FACE] heartbeat
14:54:53.375 -> C,mood_str,50
14:54:53.375 -> C,ts_engage_write,433746639
14:54:53.375 -> C,modifier,15
14:54:53.375 -> C,engage_floor,0
14:54:53.375 -> C,loop_us,424
14:54:53.375 -> [AVI] Rendering 0 aircraft
14:54:53.514 -> C,ts_engage_write,433889428
14:54:53.514 -> [AVI] Rendering 0 aircraft
14:54:53.651 -> C,ts_engage_write,434032413
14:54:53.651 -> [AVI] Rendering 0 aircraft
14:54:53.789 -> C,ts_engage_write,434175426
14:54:53.789 -> C,engage_lvl,0
14:54:53.789 -> [AVI] Rendering 0 aircraft
14:54:53.976 -> C,ts_engage_write,434318423
14:54:53.976 -> [AVI] Rendering 0 aircraft
14:54:54.116 -> C,ts_engage_write,434461405
14:54:54.116 -> [AVI] Rendering 0 aircraft
14:54:54.256 -> C,ts_engage_write,434604426
14:54:54.256 -> [AVI] Rendering 0 aircraft
14:54:54.395 -> [FACE] heartbeat
14:54:54.395 -> C,mood_str,50
14:54:54.395 -> C,ts_engage_write,434747642
14:54:54.395 -> C,engage_lvl,0
14:54:54.395 -> C,modifier,15
14:54:54.395 -> C,engage_floor,0
14:54:54.395 -> C,loop_us,436
14:54:54.395 -> [AVI] Rendering 0 aircraft
14:54:54.535 -> C,ts_engage_write,434890387
14:54:54.535 -> [AVI] Rendering 0 aircraft
14:54:54.674 -> C,ts_engage_write,435033424
14:54:54.674 -> [AVI] Rendering 0 aircraft
14:54:54.812 -> C,ts_engage_write,435176426
14:54:54.812 -> [AVI] Rendering 0 aircraft
14:54:54.952 -> C,ts_engage_write,435319427
14:54:54.952 -> C,engage_lvl,0
14:54:54.952 -> [AVI] Rendering 0 aircraft
14:54:55.093 -> C,ts_engage_write,435462404
14:54:55.093 -> [AVI] Rendering 0 aircraft
14:54:55.232 -> C,ts_engage_write,435605426
14:54:55.232 -> [AVI] Rendering 0 aircraft
14:54:55.372 -> [FACE] heartbeat
14:54:55.372 -> C,mood_str,50
14:54:55.372 -> C,ts_engage_write,435748644
14:54:55.372 -> C,modifier,15
14:54:55.372 -> C,engage_floor,0
14:54:55.372 -> C,loop_us,437
14:54:55.372 -> [AVI] Rendering 0 aircraft
14:54:55.513 -> C,ts_engage_write,435891387
14:54:55.513 -> C,engage_lvl,0
14:54:55.513 -> [AVI] Rendering 0 aircraft
14:54:55.653 -> C,ts_engage_write,436034426
14:54:55.653 -> [AVI] Rendering 0 aircraft
14:54:55.793 -> C,ts_engage_write,436177427
14:54:55.793 -> [AVI] Rendering 0 aircraft
14:54:55.979 -> C,ts_engage_write,436320382
14:54:55.979 -> [AVI] Rendering 0 aircraft
14:54:56.119 -> C,ts_engage_write,436463426
14:54:56.119 -> C,engage_lvl,0
14:54:56.119 -> [AVI] Rendering 0 aircraft
14:54:56.259 -> C,ts_engage_write,436606426
14:54:56.259 -> [AVI] Rendering 0 aircraft
14:54:56.396 -> [FACE] heartbeat
14:54:56.396 -> C,mood_str,50
14:54:56.396 -> C,ts_engage_write,436749629
14:54:56.396 -> C,modifier,15
14:54:56.396 -> C,engage_floor,0
14:54:56.396 -> C,loop_us,413
14:54:56.396 -> [AVI] Rendering 0 aircraft
14:54:56.538 -> C,ts_engage_write,436892420
14:54:56.538 -> [AVI] Rendering 0 aircraft
14:54:56.678 -> C,ts_engage_write,437035426
14:54:56.678 -> C,engage_lvl,0
14:54:56.678 -> [AVI] Rendering 0 aircraft
14:54:56.815 -> C,ts_engage_write,437178427
14:54:56.815 -> [AVI] Rendering 0 aircraft
14:54:56.956 -> C,ts_engage_write,437321382
14:54:56.956 -> [AVI] Rendering 0 aircraft
14:54:57.095 -> C,ts_engage_write,437464426
14:54:57.095 -> [AVI] Rendering 0 aircraft
14:54:57.232 -> C,ts_engage_write,437607427
14:54:57.232 -> C,engage_lvl,0
14:54:57.232 -> [AVI] Rendering 0 aircraft
14:54:57.374 -> [FACE] heartbeat
14:54:57.374 -> C,mood_str,50
14:54:57.374 -> C,ts_engage_write,437750518
14:54:57.374 -> C,modifier,15
14:54:57.374 -> C,engage_floor,0
14:54:57.374 -> C,loop_us,325
14:54:57.374 -> [AVI] Rendering 0 aircraft
14:54:57.514 -> C,ts_engage_write,437893421
14:54:57.514 -> [AVI] Rendering 0 aircraft
14:54:57.652 -> C,ts_engage_write,438036426
14:54:57.652 -> [AVI] Rendering 0 aircraft
14:54:57.838 -> C,ts_engage_write,438179407
14:54:57.838 -> C,engage_lvl,0
14:54:57.838 -> [AVI] Rendering 0 aircraft
14:54:57.976 -> C,ts_engage_write,438322421
14:54:57.976 -> [AVI] Rendering 0 aircraft
14:54:58.118 -> C,ts_engage_write,438465426
14:54:58.118 -> [AVI] Rendering 0 aircraft
14:54:58.258 -> C,ts_engage_write,438608428
14:54:58.258 -> [AVI] Rendering 0 aircraft
14:54:58.396 -> [FACE] heartbeat
14:54:58.396 -> C,mood_str,50
14:54:58.396 -> C,ts_engage_write,438751518
14:54:58.396 -> C,engage_lvl,0
14:54:58.396 -> C,modifier,15
14:54:58.396 -> C,engage_floor,0
14:54:58.396 -> C,loop_us,337
14:54:58.396 -> [AVI] Rendering 0 aircraft
14:54:58.537 -> C,ts_engage_write,438894424
14:54:58.537 -> [AVI] Rendering 0 aircraft
14:54:58.676 -> C,ts_engage_write,439037427
14:54:58.676 -> [AVI] Rendering 0 aircraft
14:54:58.815 -> C,ts_engage_write,439180407
14:54:58.815 -> [AVI] Rendering 0 aircraft
14:54:58.955 -> C,ts_engage_write,439323421
14:54:58.955 -> C,engage_lvl,0
14:54:58.955 -> [AVI] Rendering 0 aircraft
14:54:59.094 -> C,ts_engage_write,439466426
14:54:59.094 -> [AVI] Rendering 0 aircraft
14:54:59.235 -> C,ts_engage_write,439609415
14:54:59.235 -> [AVI] Rendering 0 aircraft
14:54:59.374 -> [FACE] heartbeat
14:54:59.374 -> C,mood_str,50
14:54:59.374 -> C,ts_engage_write,439752638
14:54:59.374 -> C,modifier,15
14:54:59.374 -> C,engage_floor,0
14:54:59.374 -> C,loop_us,399
14:54:59.374 -> [AVI] Rendering 0 aircraft
14:54:59.513 -> C,ts_engage_write,439895424
14:54:59.513 -> C,engage_lvl,0
14:54:59.513 -> [AVI] Rendering 0 aircraft
14:54:59.651 -> C,ts_engage_write,440038427
14:54:59.651 -> [AVI] Rendering 0 aircraft
14:54:59.838 -> C,ts_engage_write,440181408
14:54:59.838 -> [AVI] Rendering 0 aircraft
14:54:59.976 -> C,ts_engage_write,440324421
14:54:59.976 -> [AVI] Rendering 0 aircraft
14:55:00.116 -> C,ts_engage_write,440467427
14:55:00.116 -> C,engage_lvl,0
14:55:00.116 -> [AVI] Rendering 0 aircraft
14:55:00.255 -> C,ts_engage_write,440610413
14:55:00.255 -> [AVI] Rendering 0 aircraft
14:55:00.395 -> [FACE] heartbeat
14:55:00.395 -> C,mood_str,50
14:55:00.395 -> C,ts_engage_write,440753642
14:55:00.395 -> C,modifier,15
14:55:00.395 -> C,engage_floor,0
14:55:00.395 -> C,loop_us,427
14:55:00.395 -> [AVI] Rendering 0 aircraft
14:55:00.533 -> C,ts_engage_write,440896427
14:55:00.533 -> [AVI] Rendering 0 aircraft
14:55:00.672 -> C,ts_engage_write,441039385
14:55:00.672 -> C,engage_lvl,0
14:55:00.672 -> [AVI] Rendering 0 aircraft
14:55:00.811 -> C,ts_engage_write,441182426
14:55:00.811 -> [AVI] Rendering 0 aircraft
14:55:00.950 -> C,ts_engage_write,441325423
14:55:00.950 -> [AVI] Rendering 0 aircraft
14:55:01.089 -> C,ts_engage_write,441468428
14:55:01.089 -> [AVI] Rendering 0 aircraft
14:55:01.228 -> C,ts_engage_write,441611419
14:55:01.228 -> C,engage_lvl,0
14:55:01.228 -> [AVI] Rendering 0 aircraft
14:55:01.369 -> [FACE] heartbeat
14:55:01.369 -> C,mood_str,50
14:55:01.369 -> C,ts_engage_write,441754641
14:55:01.369 -> C,modifier,15
14:55:01.369 -> C,engage_floor,0
14:55:01.369 -> C,loop_us,426
14:55:01.369 -> [AVI] Rendering 0 aircraft
14:55:01.554 -> C,ts_engage_write,441897425
14:55:01.554 -> [AVI] Rendering 0 aircraft
14:55:01.693 -> C,ts_engage_write,442040415
14:55:01.693 -> [AVI] Rendering 0 aircraft
14:55:01.832 -> C,ts_engage_write,442183426
14:55:01.832 -> C,engage_lvl,0
14:55:01.832 -> [AVI] Rendering 0 aircraft
14:55:01.973 -> C,ts_engage_write,442326422
14:55:01.973 -> [AVI] Rendering 0 aircraft
14:55:02.112 -> C,ts_engage_write,442469406
14:55:02.112 -> [AVI] Rendering 0 aircraft
14:55:02.251 -> C,ts_engage_write,442612426
14:55:02.251 -> [AVI] Rendering 0 aircraft
14:55:02.391 -> [FACE] heartbeat
14:55:02.391 -> C,mood_str,50
14:55:02.391 -> C,ts_engage_write,442755641
14:55:02.391 -> C,engage_lvl,0
14:55:02.391 -> C,modifier,15
14:55:02.391 -> C,engage_floor,0
14:55:02.391 -> C,loop_us,431
14:55:02.391 -> [AVI] Rendering 0 aircraft
14:55:02.531 -> C,ts_engage_write,442898426
14:55:02.531 -> [AVI] Rendering 0 aircraft
14:55:02.671 -> C,ts_engage_write,443041384
14:55:02.671 -> [AVI] Rendering 0 aircraft
14:55:02.810 -> C,ts_engage_write,443184426
14:55:02.810 -> [AVI] Rendering 0 aircraft
14:55:02.949 -> C,ts_engage_write,443327428
14:55:02.949 -> C,engage_lvl,0
14:55:02.949 -> [AVI] Rendering 0 aircraft
14:55:03.089 -> C,ts_engage_write,443470405
14:55:03.089 -> [AVI] Rendering 0 aircraft
14:55:03.228 -> C,ts_engage_write,443613426
14:55:03.228 -> [AVI] Rendering 0 aircraft
14:55:03.414 -> [FACE] heartbeat
14:55:03.414 -> C,mood_str,50
14:55:03.414 -> C,ts_engage_write,443756640
14:55:03.414 -> C,modifier,15
14:55:03.414 -> C,engage_floor,0
14:55:03.414 -> C,loop_us,427
14:55:03.414 -> [AVI] Rendering 0 aircraft
14:55:03.554 -> C,ts_engage_write,443899387
14:55:03.554 -> C,engage_lvl,0
14:55:03.554 -> [AVI] Rendering 0 aircraft
14:55:03.693 -> C,ts_engage_write,444042424
14:55:03.693 -> [AVI] Rendering 0 aircraft
14:55:03.832 -> C,ts_engage_write,444185426
14:55:03.832 -> [AVI] Rendering 0 aircraft
14:55:03.972 -> C,ts_engage_write,444328423
14:55:03.972 -> [AVI] Rendering 0 aircraft
14:55:04.112 -> C,ts_engage_write,444471423
14:55:04.112 -> C,engage_lvl,0
14:55:04.112 -> [AVI] Rendering 0 aircraft
14:55:04.252 -> C,ts_engage_write,444614426
14:55:04.252 -> [AVI] Rendering 0 aircraft
14:55:04.391 -> [FACE] heartbeat
14:55:04.391 -> C,mood_str,50
14:55:04.391 -> C,ts_engage_write,444757637
14:55:04.391 -> C,modifier,15
14:55:04.391 -> C,engage_floor,0
14:55:04.391 -> C,loop_us,422
14:55:04.391 -> [AVI] Rendering 0 aircraft
14:55:04.530 -> C,ts_engage_write,444900387
14:55:04.530 -> [AVI] Rendering 0 aircraft
14:55:04.671 -> C,ts_engage_write,445043424
14:55:04.671 -> C,engage_lvl,0
14:55:04.671 -> [AVI] Rendering 0 aircraft
14:55:04.810 -> C,ts_engage_write,445186426
14:55:04.810 -> [AVI] Rendering 0 aircraft
14:55:04.950 -> C,ts_engage_write,445329382
14:55:04.950 -> [AVI] Rendering 0 aircraft
14:55:05.092 -> C,ts_engage_write,445472426
14:55:05.092 -> [AVI] Rendering 0 aircraft
14:55:05.232 -> C,ts_engage_write,445615426
14:55:05.232 -> C,engage_lvl,0
14:55:05.232 -> [AVI] Rendering 0 aircraft
14:55:05.370 -> [FACE] heartbeat
14:55:05.370 -> C,mood_str,50
14:55:05.370 -> C,ts_engage_write,445758630
14:55:05.370 -> C,modifier,15
14:55:05.417 -> C,engage_floor,0
14:55:05.417 -> C,loop_us,416
14:55:05.417 -> [AVI] Rendering 0 aircraft
14:55:05.555 -> C,ts_engage_write,445901421
14:55:05.555 -> [AVI] Rendering 0 aircraft
14:55:05.695 -> C,ts_engage_write,446044426
14:55:05.695 -> [AVI] Rendering 0 aircraft
14:55:05.837 -> C,ts_engage_write,446187427
14:55:05.837 -> C,engage_lvl,0
14:55:05.837 -> [AVI] Rendering 0 aircraft
14:55:05.978 -> C,ts_engage_write,446330382
14:55:05.978 -> [AVI] Rendering 0 aircraft
14:55:06.119 -> C,ts_engage_write,446473426
14:55:06.119 -> [AVI] Rendering 0 aircraft
14:55:06.258 -> C,ts_engage_write,446616428
14:55:06.258 -> [AVI] Rendering 0 aircraft
14:55:06.398 -> [FACE] heartbeat
14:55:06.398 -> C,mood_str,50
14:55:06.398 -> C,ts_engage_write,446759501
14:55:06.398 -> C,engage_lvl,0
14:55:06.398 -> C,modifier,15
14:55:06.398 -> C,engage_floor,0
14:55:06.398 -> C,loop_us,325
14:55:06.398 -> [AVI] Rendering 0 aircraft
14:55:06.538 -> C,ts_engage_write,446902416
14:55:06.538 -> [AVI] Rendering 0 aircraft
14:55:06.678 -> C,ts_engage_write,447045427
14:55:06.678 -> [AVI] Rendering 0 aircraft
14:55:06.818 -> C,ts_engage_write,447188407
14:55:06.818 -> [AVI] Rendering 0 aircraft
14:55:06.957 -> C,ts_engage_write,447331421
14:55:06.957 -> C,engage_lvl,0
14:55:06.957 -> [AVI] Rendering 0 aircraft
14:55:07.096 -> C,ts_engage_write,447474426
14:55:07.096 -> [AVI] Rendering 0 aircraft
14:55:07.236 -> C,ts_engage_write,447617429
14:55:07.236 -> [AVI] Rendering 0 aircraft
14:55:07.376 -> [FACE] heartbeat
14:55:07.376 -> C,mood_str,50
14:55:07.376 -> C,ts_engage_write,447760502
14:55:07.376 -> C,modifier,15
14:55:07.376 -> C,engage_floor,0
14:55:07.376 -> C,loop_us,313
14:55:07.376 -> [AVI] Rendering 0 aircraft
14:55:07.560 -> C,ts_engage_write,447903424
14:55:07.560 -> C,engage_lvl,0
14:55:07.560 -> [AVI] Rendering 0 aircraft
14:55:07.697 -> C,ts_engage_write,448046427
14:55:07.697 -> [AVI] Rendering 0 aircraft
14:55:07.835 -> C,ts_engage_write,448189407
14:55:07.835 -> [AVI] Rendering 0 aircraft
14:55:07.973 -> C,ts_engage_write,448332421
14:55:07.973 -> [AVI] Rendering 0 aircraft
14:55:08.112 -> C,ts_engage_write,448475426
14:55:08.112 -> C,engage_lvl,0
14:55:08.112 -> [AVI] Rendering 0 aircraft
14:55:08.253 -> C,ts_engage_write,448618412
14:55:08.253 -> [AVI] Rendering 0 aircraft
14:55:08.392 -> [FACE] heartbeat
14:55:08.392 -> C,mood_str,50
14:55:08.392 -> C,ts_engage_write,448761636
14:55:08.392 -> C,modifier,15
14:55:08.392 -> C,engage_floor,0
14:55:08.392 -> C,loop_us,418
14:55:08.392 -> [AVI] Rendering 0 aircraft
14:55:08.530 -> C,ts_engage_write,448904424
14:55:08.530 -> [AVI] Rendering 0 aircraft
14:55:08.667 -> C,ts_engage_write,449047426
14:55:08.667 -> C,engage_lvl,0
14:55:08.667 -> [AVI] Rendering 0 aircraft
14:55:08.808 -> C,ts_engage_write,449190408
14:55:08.808 -> [AVI] Rendering 0 aircraft
14:55:08.949 -> C,ts_engage_write,449333421
14:55:08.949 -> [AVI] Rendering 0 aircraft
14:55:09.134 -> C,ts_engage_write,449476427
14:55:09.134 -> [AVI] Rendering 0 aircraft
14:55:09.276 -> C,ts_engage_write,449619426
14:55:09.276 -> C,engage_lvl,0
14:55:09.276 -> [AVI] Rendering 0 aircraft
14:55:09.415 -> [FACE] heartbeat
14:55:09.415 -> C,mood_str,50
14:55:09.415 -> C,ts_engage_write,449762637
14:55:09.415 -> C,modifier,15
14:55:09.415 -> C,engage_floor,0
14:55:09.415 -> C,loop_us,423
14:55:09.415 -> [AVI] Rendering 0 aircraft
14:55:09.556 -> C,ts_engage_write,449905426
14:55:09.556 -> [AVI] Rendering 0 aircraft
14:55:09.694 -> C,ts_engage_write,450048384
14:55:09.694 -> [AVI] Rendering 0 aircraft
14:55:09.834 -> C,ts_engage_write,450191426
14:55:09.834 -> C,engage_lvl,0
14:55:09.834 -> [AVI] Rendering 0 aircraft
14:55:09.928 -> [AVI] Fetching URL: https://opensky-network.org/api/states/all?lamin=22.66&lomin=76.50&lamax=23.86&lomax=78.30
14:55:09.928 -> [450291][V][HTTPClient.cpp:239] beginInternal(): url https://opensky-network.org/api/states/all?lamin=22.66&lomin=76.50&lamax=23.86&lomax=78.30
14:55:09.928 -> [450292][D][HTTPClient.cpp:250] beginInternal(): unexpected protocol: https, expected http
14:55:09.928 -> [450292][V][HTTPClient.cpp:239] beginInternal(): url: https://opensky-network.org/api/states/all?lamin=22.66&lomin=76.50&lamax=23.86&lomax=78.30
14:55:09.928 -> [450293][D][HTTPClient.cpp:290] beginInternal(): protocol: https, host: opensky-network.org port: 443 url: /api/states/all?lamin=22.66&lomin=76.50&lamax=23.86&lomax=78.30
14:55:09.928 -> [450294][D][HTTPClient.cpp:574] sendRequest(): request type: 'GET' redirCount: 0
14:55:09.928 -> 
14:55:09.928 -> [450294][D][NetworkManager.cpp:129] hostByName(): DNS found IPv4 194.209.200.34
14:55:09.928 -> [450295][V][ssl_client.cpp:75] start_ssl_client(): Free internal heap before TLS 101092
14:55:09.928 -> [450296][V][ssl_client.cpp:82] start_ssl_client(): Starting socket (domain 2)
14:55:09.974 -> C,ts_engage_write,450334428
14:55:09.974 -> [AVI] Rendering 0 aircraft
14:55:10.115 -> C,ts_engage_write,450477427
14:55:10.115 -> [AVI] Rendering 0 aircraft
14:55:10.256 -> C,ts_engage_write,450620413
14:55:10.256 -> [AVI] Rendering 0 aircraft
14:55:10.395 -> [FACE] heartbeat
14:55:10.395 -> C,mood_str,50
14:55:10.395 -> C,ts_engage_write,450763643
14:55:10.395 -> C,engage_lvl,0
14:55:10.395 -> C,modifier,15
14:55:10.395 -> C,engage_floor,0
14:55:10.395 -> C,loop_us,446
14:55:10.395 -> [AVI] Rendering 0 aircraft
14:55:10.534 -> C,ts_engage_write,450906426
14:55:10.534 -> [AVI] Rendering 0 aircraft
14:55:10.672 -> C,ts_engage_write,451049381
14:55:10.672 -> [AVI] Rendering 0 aircraft
14:55:10.812 -> C,ts_engage_write,451192426
14:55:10.812 -> [AVI] Rendering 0 aircraft
14:55:10.951 -> C,ts_engage_write,451335424
14:55:10.951 -> C,engage_lvl,0
14:55:10.951 -> [AVI] Rendering 0 aircraft
14:55:11.090 -> C,ts_engage_write,451478406
14:55:11.090 -> [AVI] Rendering 0 aircraft
14:55:11.276 -> C,ts_engage_write,451621427
14:55:11.276 -> [AVI] Rendering 0 aircraft
14:55:11.414 -> [FACE] heartbeat
14:55:11.414 -> C,mood_str,50
14:55:11.414 -> C,ts_engage_write,451764640
14:55:11.414 -> C,modifier,15
14:55:11.414 -> C,engage_floor,0
14:55:11.414 -> C,loop_us,425
14:55:11.414 -> [AVI] Rendering 0 aircraft
14:55:11.552 -> C,ts_engage_write,451907508
14:55:11.552 -> C,engage_lvl,0
14:55:11.552 -> [AVI] Rendering 0 aircraft
14:55:11.693 -> C,ts_engage_write,452051424
14:55:11.693 -> [AVI] Rendering 0 aircraft
14:55:11.832 -> C,ts_engage_write,452194419
14:55:11.832 -> [AVI] Rendering 0 aircraft
14:55:11.972 -> C,ts_engage_write,452337425
14:55:11.972 -> [AVI] Rendering 0 aircraft
14:55:12.111 -> C,ts_engage_write,452480400
14:55:12.111 -> C,engage_lvl,0
14:55:12.111 -> [AVI] Rendering 0 aircraft
14:55:12.250 -> C,ts_engage_write,452623426
14:55:12.250 -> [AVI] Rendering 0 aircraft
14:55:12.389 -> [FACE] heartbeat
14:55:12.389 -> C,mood_str,50
14:55:12.389 -> C,ts_engage_write,452766622
14:55:12.389 -> C,modifier,15
14:55:12.389 -> C,engage_floor,0
14:55:12.389 -> C,loop_us,388
14:55:12.389 -> [AVI] Rendering 0 aircraft
14:55:12.527 -> C,ts_engage_write,452909384
14:55:12.527 -> [AVI] Rendering 0 aircraft
14:55:12.666 -> C,ts_engage_write,453052424
14:55:12.666 -> C,engage_lvl,0
14:55:12.666 -> [AVI] Rendering 0 aircraft
14:55:12.851 -> C,ts_engage_write,453195427
14:55:12.851 -> [AVI] Rendering 0 aircraft
14:55:12.991 -> C,ts_engage_write,453338423
14:55:12.991 -> [AVI] Rendering 0 aircraft
14:55:13.131 -> C,ts_engage_write,453481420
14:55:13.131 -> [AVI] Rendering 0 aircraft
14:55:13.270 -> C,ts_engage_write,453624426
14:55:13.270 -> C,engage_lvl,0
14:55:13.270 -> [AVI] Rendering 0 aircraft
14:55:13.409 -> [FACE] heartbeat
14:55:13.409 -> C,mood_str,50
14:55:13.409 -> C,ts_engage_write,453767642
14:55:13.409 -> C,modifier,15
14:55:13.409 -> C,engage_floor,0
14:55:13.409 -> C,loop_us,426
14:55:13.409 -> [AVI] Rendering 0 aircraft
14:55:13.549 -> C,ts_engage_write,453910388
14:55:13.549 -> [AVI] Rendering 0 aircraft
14:55:13.688 -> C,ts_engage_write,454053424
14:55:13.688 -> [AVI] Rendering 0 aircraft
14:55:13.826 -> C,ts_engage_write,454196427
14:55:13.826 -> C,engage_lvl,0
14:55:13.826 -> [AVI] Rendering 0 aircraft
14:55:13.965 -> C,ts_engage_write,454339380
14:55:13.965 -> [AVI] Rendering 0 aircraft
14:55:14.104 -> C,ts_engage_write,454482426
14:55:14.104 -> [AVI] Rendering 0 aircraft
14:55:14.196 -> [454583][V][ssl_client.cpp:178] start_ssl_client(): Seeding the random number generator
14:55:14.243 -> [454586][V][ssl_client.cpp:187] start_ssl_client(): Setting up the SSL/TLS structure...
14:55:14.243 -> [454586][D][ssl_client.cpp:205] start_ssl_client(): WARNING: Skipping SSL Verification. INSECURE!
14:55:14.243 -> [454587][V][ssl_client.cpp:306] start_ssl_client(): Setting hostname for TLS session...
14:55:14.243 -> [454587][V][ssl_client.cpp:329] ssl_starttls_handshake(): Performing the SSL/TLS handshake...
14:55:14.243 -> C,ts_engage_write,454625424
14:55:14.243 -> [AVI] Rendering 0 aircraft
14:55:14.383 -> [FACE] heartbeat
14:55:14.383 -> C,mood_str,50
14:55:14.383 -> C,ts_engage_write,454768667
14:55:14.383 -> C,engage_lvl,0
14:55:14.383 -> C,modifier,15
14:55:14.383 -> C,engage_floor,0
14:55:14.383 -> C,loop_us,490
14:55:14.383 -> [AVI] Rendering 0 aircraft
14:55:14.570 -> C,ts_engage_write,454912421
14:55:14.570 -> [AVI] Rendering 0 aircraft
14:55:14.710 -> C,ts_engage_write,455055423
14:55:14.710 -> [AVI] Rendering 0 aircraft
14:55:14.849 -> C,ts_engage_write,455198421
14:55:14.849 -> [AVI] Rendering 0 aircraft
14:55:14.988 -> C,ts_engage_write,455341407
14:55:14.988 -> C,engage_lvl,0
14:55:14.988 -> [AVI] Rendering 0 aircraft
14:55:15.127 -> C,ts_engage_write,455484422
14:55:15.127 -> [AVI] Rendering 0 aircraft
14:55:15.268 -> C,ts_engage_write,455627423
14:55:15.268 -> [AVI] Rendering 0 aircraft
14:55:15.407 -> [FACE] heartbeat
14:55:15.407 -> C,mood_str,50
14:55:15.407 -> C,ts_engage_write,455770564
14:55:15.407 -> C,modifier,15
14:55:15.407 -> C,engage_floor,0
14:55:15.407 -> C,loop_us,360
14:55:15.407 -> [AVI] Rendering 0 aircraft
14:55:15.548 -> C,ts_engage_write,455913421
14:55:15.548 -> C,engage_lvl,0
14:55:15.548 -> [AVI] Rendering 0 aircraft
14:55:15.687 -> C,ts_engage_write,456056421
14:55:15.687 -> [AVI] Rendering 0 aircraft
14:55:15.827 -> C,ts_engage_write,456199416
14:55:15.827 -> [AVI] Rendering 0 aircraft
14:55:15.965 -> C,ts_engage_write,456342420
14:55:15.965 -> [AVI] Rendering 0 aircraft
14:55:16.105 -> C,ts_engage_write,456485424
14:55:16.105 -> C,engage_lvl,0
14:55:16.105 -> [AVI] Rendering 0 aircraft
14:55:16.245 -> C,ts_engage_write,456628425
14:55:16.245 -> [AVI] Rendering 0 aircraft
14:55:16.384 -> [FACE] heartbeat
14:55:16.384 -> C,mood_str,50
14:55:16.384 -> C,ts_engage_write,456771576
14:55:16.384 -> C,modifier,15
14:55:16.384 -> C,engage_floor,0
14:55:16.384 -> C,loop_us,371
14:55:16.384 -> [AVI] Rendering 0 aircraft
14:55:16.569 -> C,ts_engage_write,456914422
14:55:16.569 -> [AVI] Rendering 0 aircraft
14:55:16.707 -> C,ts_engage_write,457057423
14:55:16.707 -> C,engage_lvl,0
14:55:16.707 -> [AVI] Rendering 0 aircraft
14:55:16.845 -> C,ts_engage_write,457200423
14:55:16.845 -> [AVI] Rendering 0 aircraft
14:55:16.985 -> C,ts_engage_write,457343420
14:55:16.985 -> [AVI] Rendering 0 aircraft
14:55:17.123 -> C,ts_engage_write,457486421
14:55:17.123 -> [AVI] Rendering 0 aircraft
14:55:17.262 -> C,ts_engage_write,457629416
14:55:17.262 -> C,engage_lvl,0
14:55:17.262 -> [AVI] Rendering 0 aircraft
14:55:17.399 -> [FACE] heartbeat
14:55:17.399 -> C,mood_str,50
14:55:17.399 -> C,ts_engage_write,457772636
14:55:17.399 -> C,modifier,15
14:55:17.399 -> C,engage_floor,0
14:55:17.399 -> C,loop_us,409
14:55:17.399 -> [AVI] Rendering 0 aircraft
14:55:17.540 -> C,ts_engage_write,457915432
14:55:17.540 -> [AVI] Rendering 0 aircraft
14:55:17.677 -> C,ts_engage_write,458059446
14:55:17.677 -> [AVI] Rendering 0 aircraft
14:55:17.817 -> C,ts_engage_write,458203424
14:55:17.817 -> C,engage_lvl,0
14:55:17.817 -> [AVI] Rendering 0 aircraft
14:55:17.960 -> C,ts_engage_write,458346420
14:55:17.960 -> [AVI] Rendering 0 aircraft
14:55:18.146 -> C,ts_engage_write,458489422
14:55:18.146 -> [AVI] Rendering 0 aircraft
14:55:18.285 -> C,ts_engage_write,458632421
14:55:18.285 -> [AVI] Rendering 0 aircraft
14:55:18.426 -> [FACE] heartbeat
14:55:18.426 -> C,mood_str,50
14:55:18.426 -> C,ts_engage_write,458775631
14:55:18.426 -> C,engage_lvl,0
14:55:18.426 -> C,modifier,15
14:55:18.426 -> C,engage_floor,0
14:55:18.426 -> C,loop_us,436
14:55:18.426 -> [AVI] Rendering 0 aircraft
14:55:18.566 -> C,ts_engage_write,458918421
14:55:18.566 -> [AVI] Rendering 0 aircraft
14:55:18.702 -> C,ts_engage_write,459061408
14:55:18.702 -> [AVI] Rendering 0 aircraft
14:55:18.841 -> C,ts_engage_write,459204424
14:55:18.841 -> [AVI] Rendering 0 aircraft
14:55:18.982 -> C,ts_engage_write,459347421
14:55:18.982 -> C,engage_lvl,0
14:55:18.982 -> [AVI] Rendering 0 aircraft
14:55:19.122 -> C,ts_engage_write,459490426
14:55:19.122 -> [AVI] Rendering 0 aircraft
14:55:19.263 -> C,ts_engage_write,459633421
14:55:19.263 -> [AVI] Rendering 0 aircraft
14:55:19.401 -> [FACE] heartbeat
14:55:19.401 -> C,mood_str,50
14:55:19.401 -> C,ts_engage_write,459776640
14:55:19.401 -> C,modifier,15
14:55:19.401 -> C,engage_floor,0
14:55:19.401 -> C,loop_us,417
14:55:19.401 -> [AVI] Rendering 0 aircraft
14:55:19.539 -> C,ts_engage_write,459919423
14:55:19.539 -> C,engage_lvl,0
14:55:19.539 -> [AVI] Rendering 0 aircraft
14:55:19.677 -> C,ts_engage_write,460062407
14:55:19.677 -> [AVI] Rendering 0 aircraft
14:55:19.817 -> C,ts_engage_write,460205422
14:55:19.817 -> [AVI] Rendering 0 aircraft
14:55:20.002 -> C,ts_engage_write,460348422
14:55:20.002 -> [AVI] Rendering 0 aircraft
14:55:20.143 -> C,ts_engage_write,460491415
14:55:20.143 -> C,engage_lvl,0
14:55:20.143 -> [AVI] Rendering 0 aircraft
14:55:20.281 -> C,ts_engage_write,460634422
14:55:20.281 -> [AVI] Rendering 0 aircraft
14:55:20.420 -> [FACE] heartbeat
14:55:20.420 -> C,mood_str,50
14:55:20.420 -> C,ts_engage_write,460777637
14:55:20.420 -> C,modifier,15
14:55:20.420 -> C,engage_floor,0
14:55:20.420 -> C,loop_us,418
14:55:20.420 -> [AVI] Rendering 0 aircraft
14:55:20.560 -> C,ts_engage_write,460920426
14:55:20.560 -> [AVI] Rendering 0 aircraft
14:55:20.560 -> [460924][V][ssl_client.cpp:350] ssl_starttls_handshake(): Verifying peer X.509 certificate...
14:55:20.560 -> [460924][V][ssl_client.cpp:358] ssl_starttls_handshake(): Certificate verified.
14:55:20.560 -> [460925][V][ssl_client.cpp:374] ssl_starttls_handshake(): Free internal heap after TLS 57396
14:55:20.560 -> [460925][D][HTTPClient.cpp:1117] connect():  connected to opensky-network.org:443
14:55:20.700 -> C,ts_engage_write,461064423
14:55:20.700 -> C,engage_lvl,0
14:55:20.700 -> [AVI] Rendering 0 aircraft
14:55:20.839 -> C,ts_engage_write,461207421
14:55:20.839 -> [AVI] Rendering 0 aircraft
14:55:20.978 -> C,ts_engage_write,461350421
14:55:20.978 -> [AVI] Rendering 0 aircraft
14:55:21.119 -> C,ts_engage_write,461493412
14:55:21.119 -> [AVI] Rendering 0 aircraft
14:55:21.258 -> C,ts_engage_write,461636421
14:55:21.258 -> C,engage_lvl,0
14:55:21.258 -> [AVI] Rendering 0 aircraft
14:55:21.396 -> [FACE] heartbeat
14:55:21.396 -> C,mood_str,50
14:55:21.396 -> C,ts_engage_write,461779644
14:55:21.396 -> C,modifier,15
14:55:21.396 -> C,engage_floor,0
14:55:21.396 -> C,loop_us,426
14:55:21.396 -> [AVI] Rendering 0 aircraft
14:55:21.444 -> [461798][V][HTTPClient.cpp:1206] handleHeaderResponse(): RX: 'HTTP/1.1 200'
14:55:21.444 -> [461799][V][HTPClient.cpp:1206] handleHeaderResponse(): RX: 'Date: Wed, 01 Jul 2026 09:25:24 GMT'
14:55:21.444 -> [461800][V][HTTPClient.cpp:1206] handleHeaderResponse(): RX: 'Content-Type: application/json'
14:55:21.444 -> [46180][V][HTTPClient.cpp:1206] handleHeaderResponse(): RX: 'Transfer-Encoding: chunked'
14:55:21.444 -> [461801][V][HTTPClient.cpp:1206] handleHeaderResponse(): RX: 'Connection: keep-alive'
14:55:21.444 -> [461802][V][HTTPClient.cpp:1206] handleHeaderResponse(): RX: 'Vary: Origin'
14:55:21.444 -> [461802][V][HTTPClient.cpp:1206] handleHeaderResponse(): RX: 'Vary: Access-Control-Request-Method'
14:55:21.444 -> [461803][V][HTTPClient.cpp:1206] handleHeaderResponse(): RX: 'Vary: Access-Control-Request-Headers'
14:55:21.444 -> [461804][V][HTTPClient.cpp:1206] handleHeaderResponse(): RX: 'X-Rate-Limit-Remaining: 398'
14:55:21.444 -> [461804][V][HTTPClient.cpp:1206] handleHeaderResponse(): RX: 'X-Content-Type-Options: nosniff'
14:55:21.444 -> [461805][V][HTTPClient.cpp:1206] handleHeaderResponse(): RX: 'X-XSS-Protection: 0'
14:55:21.444 -> [461806][V][HTTPClient.cpp:1206] handleHeaderResponse(): RX: 'Cache-Control: no-cache, no-store, max-age=0, must-revalidate'
14:55:21.444 -> [461807][V][HTTPClient.cpp:1206] handleHeaderResponse(): RX: 'Pragma: no-cache'
14:55:21.444 -> [461807][V][HTTPClient.cpp:1206] handleHeaderResponse(): RX: 'Expires: 0'
14:55:21.444 -> [461808][V][HTTPClient.cpp:1206] handleHeaderResponse(): RX: 'X-Frame-Options: DENY'
14:55:21.444 -> [461808][V][HTTPClient.cpp:1206] handleHeaderResponse(): RX: 'Strict-Transport-Security: max-age=15724800; includeSubDomains'
14:55:21.444 -> [461809][V][HTTPClient.cpp:1206] handleHeaderResponse(): RX: 'Access-Control-Allow-Origin: https://opensky-network.org'
14:55:21.444 -> [461810][V][HTTPClient.cpp:1206] handleHeaderResponse(): RX: ''
14:55:21.444 -> [461810][D][HTTPClient.cpp:1259] handleHeaderResponse(): code: 200
14:55:21.444 -> [461811][D][HTTPClient.cpp:1266] handleHeaderResponse(): Transfer-Encoding: chunked
14:55:21.444 -> [461811][D][HTTPClient.cpp:618] sendRequest(): sendRequest code=200
14:55:21.444 -> 
14:55:21.444 -> [AVI] HTTP Response Code: 200
14:55:21.444 -> [AVI] Credits Remaining: 398
14:55:21.444 -> [AVI] Fetch Complete
14:55:21.444 -> [461812][V][HTTPClient.cpp:902] writeToStream():  read chunk len: 33
14:55:21.444 -> [461812][V][HTTPClient.cpp:1401] writeToStreamDataBlock(): connection closed or file end (written: 33).
14:55:21.444 -> [461814][V][HTTPClient.cpp:902] writeToStream():  read chunk len: 0
14:55:21.444 -> [461814][D][HTTPClient.cpp:370] disconnect(): still data in buffer (2), clean up.
14:55:21.444 -> 
14:55:21.444 -> [461814][D][HTPClient.cpp:375] disconnect(): tcp keep open for reuse
14:55:21.444 -> [461815][D][HTTPClient.cpp:370] disconnect(): still data in buffer (2), clean up.
14:55:21.444 -> 
14:55:21.444 -> [461815][D][HTTPClient.cpp:375] disconnect(): tcp keep open for reuse
14:55:21.444 -> [461816][V][ssl_client.cpp:380] stop_ssl_socket(): Cleaning SSL connection.
14:55:21.444 -> [461817][V][ssl_client.cpp:380] stop_ssl_socket(): Cleaning SSL connection.
14:55:21.444 -> [AVI] Payload size = 33
14:55:21.444 -> [AVI] Parse Complete
14:55:21.444 -> [AVI] No flights found in bounding box.
14:55:21.444 -> [AVI] Parsed 0 aircraft
14:55:21.444 -> [AVI] Stored 0 aircraft
14:55:21.444 -> [EMOTION] IDLE -> THINKING
14:55:21.444 -> EVT:{"type":"timeline","text":"Watching airspace: clear","tag":"flight"}
14:55:21.538 -> C,ts_engage_write,461923447
14:55:21.538 -> [AVI] Rendering 0 aircraft
14:55:21.722 -> C,ts_engage_write,462066426
14:55:21.722 -> [AVI] Rendering 0 aircraft
14:55:21.860 -> C,ts_engage_write,462209427
14:55:21.860 -> C,engage_lvl,0
14:55:21.860 -> [AVI] Rendering 0 aircraft
14:55:21.998 -> C,ts_engage_write,462352427
14:55:21.998 -> [AVI] Rendering 0 aircraft
14:55:22.139 -> C,ts_engage_write,462495404
14:55:22.139 -> [AVI] Rendering 0 aircraft
14:55:22.277 -> C,ts_engage_write,462638426
14:55:22.277 -> [AVI] Rendering 0 aircraft
14:55:22.415 -> [FACE] heartbeat
14:55:22.415 -> C,mood_str,50
14:55:22.415 -> C,ts_engage_write,462781642
14:55:22.415 -> C,engage_lvl,0
14:55:22.415 -> C,modifier,15
14:55:22.415 -> C,engage_floor,0
14:55:22.415 -> C,loop_us,442
14:55:22.415 -> [AVI] Rendering 0 aircraft
14:55:22.554 -> C,ts_engage_write,462924387
14:55:22.554 -> [AVI] Rendering 0 aircraft
14:55:22.693 -> C,ts_engage_write,463067424
14:55:22.693 -> [AVI] Rendering 0 aircraft
14:55:22.831 -> C,ts_engage_write,463210426
14:55:22.831 -> [AVI] Rendering 0 aircraft
14:55:22.970 -> C,ts_engage_write,463353382
14:55:22.970 -> C,engage_lvl,0
14:55:22.970 -> [AVI] Rendering 0 aircraft
14:55:23.110 -> C,ts_engage_write,463496426
14:55:23.110 -> [AVI] Rendering 0 aircraft
14:55:23.295 -> C,ts_engage_write,463639426
14:55:23.295 -> [AVI] Rendering 0 aircraft
14:55:23.434 -> [FACE] heartbeat
14:55:23.434 -> C,mood_str,50
14:55:23.434 -> C,ts_engage_write,463782632
14:55:23.434 -> C,modifier,15
14:55:23.434 -> C,engage_floor,0
14:55:23.434 -> C,loop_us,413
14:55:23.434 -> [AVI] Rendering 0 aircraft
14:55:23.574 -> C,ts_engage_write,463925420
14:55:23.574 -> C,engage_lvl,0
14:55:23.574 -> [AVI] Rendering 0 aircraft
14:55:23.713 -> C,ts_engage_write,464068426
14:55:23.713 -> [AVI] Rendering 0 aircraft
14:55:23.854 -> C,ts_engage_write,464211426
14:55:23.854 -> [AVI] Rendering 0 aircraft
14:55:23.994 -> C,ts_engage_write,464354402
14:55:23.994 -> [AVI] Rendering 0 aircraft
14:55:24.135 -> C,ts_engage_write,464497426
14:55:24.135 -> C,engage_lvl,0
14:55:24.135 -> [AVI] Rendering 0 aircraft
14:55:24.273 -> C,ts_engage_write,464640427
14:55:24.273 -> [AVI] Rendering 0 aircraft
14:55:24.412 -> [FACE] heartbeat
14:55:24.412 -> C,mood_str,50
14:55:24.412 -> C,ts_engage_write,464783519
14:55:24.412 -> C,modifier,15
14:55:24.412 -> C,engage_floor,0
14:55:24.412 -> C,loop_us,312
14:55:24.412 -> [AVI] Rendering 0 aircraft
14:55:24.553 -> C,ts_engage_write,464926421
14:55:24.553 -> [AVI] Rendering 0 aircraft
14:55:24.692 -> C,ts_engage_write,465069426
14:55:24.692 -> C,engage_lvl,0
14:55:24.692 -> [AVI] Rendering 0 aircraft
14:55:24.829 -> C,ts_engage_write,465212407
14:55:24.829 -> [AVI] Rendering 0 aircraft
14:55:24.968 -> C,ts_engage_write,465355421
14:55:24.968 -> [AVI] Rendering 0 aircraft
14:55:25.155 -> C,ts_engage_write,465498426
14:55:25.155 -> [AVI] Rendering 0 aircraft
14:55:25.295 -> C,ts_engage_write,465641427
14:55:25.295 -> C,engage_lvl,0
14:55:25.295 -> [AVI] Rendering 0 aircraft
14:55:25.434 -> [FACE] heartbeat
14:55:25.434 -> C,mood_str,50
14:55:25.434 -> C,ts_engage_write,465784508
14:55:25.434 -> C,modifier,15
14:55:25.434 -> C,engage_floor,0
14:55:25.434 -> C,loop_us,293
14:55:25.434 -> [AVI] Rendering 0 aircraft
14:55:25.574 -> C,ts_engage_write,465927426
14:55:25.574 -> [AVI] Rendering 0 aircraft
14:55:25.714 -> C,ts_engage_write,466070426
14:55:25.714 -> [AVI] Rendering 0 aircraft
14:55:25.853 -> C,ts_engage_write,466213408
14:55:25.853 -> C,engage_lvl,0
14:55:25.853 -> [AVI] Rendering 0 aircraft
14:55:25.993 -> C,ts_engage_write,466356421
14:55:25.993 -> [AVI] Rendering 0 aircraft
14:55:26.133 -> C,ts_engage_write,466499426
14:55:26.133 -> [AVI] Rendering 0 aircraft
14:55:26.273 -> C,ts_engage_write,466642415
14:55:26.273 -> [AVI] Rendering 0 aircraft
14:55:26.413 -> [FACE] heartbeat
14:55:26.413 -> C,mood_str,50
14:55:26.413 -> C,ts_engage_write,466785627
14:55:26.413 -> C,engage_lvl,0
14:55:26.413 -> C,modifier,15
14:55:26.413 -> C,engage_floor,0
14:55:26.413 -> C,loop_us,429
14:55:26.413 -> [AVI] Rendering 0 aircraft
14:55:26.554 -> C,ts_engage_write,466928422
14:55:26.554 -> [AVI] Rendering 0 aircraft
14:55:26.693 -> C,ts_engage_write,467071426
14:55:26.693 -> [AVI] Rendering 0 aircraft
14:55:26.831 -> C,ts_engage_write,467214426
14:55:26.831 -> [AVI] Rendering 0 aircraft
14:55:26.971 -> C,ts_engage_write,467357421
14:55:26.971 -> C,engage_lvl,0
14:55:26.971 -> [AVI] Rendering 0 aircraft
14:55:27.156 -> C,ts_engage_write,467500426
14:55:27.156 -> [AVI] Rendering 0 aircraft
14:55:27.294 -> C,ts_engage_write,467643414
14:55:27.294 -> [AVI] Rendering 0 aircraft
14:55:27.434 -> [FACE] heartbeat
14:55:27.434 -> C,mood_str,50
14:55:27.434 -> C,ts_engage_write,467786617
14:55:27.434 -> C,modifier,15
14:55:27.434 -> C,engage_floor,0
14:55:27.434 -> C,loop_us,399
14:55:27.434 -> [AVI] Rendering 0 aircraft
14:55:27.571 -> C,ts_engage_write,467929424
14:55:27.571 -> C,engage_lvl,0
14:55:27.571 -> [AVI] Rendering 0 aircraft
14:55:27.710 -> C,ts_engage_write,468072384
14:55:27.710 -> [AVI] Rendering 0 aircraft
14:55:27.850 -> C,ts_engage_write,468215426
14:55:27.850 -> [AVI] Rendering 0 aircraft
14:55:27.990 -> C,ts_engage_write,468358421
14:55:27.990 -> [AVI] Rendering 0 aircraft
14:55:28.131 -> C,ts_engage_write,468501429
14:55:28.131 -> C,engage_lvl,0
14:55:28.131 -> [AVI] Rendering 0 aircraft
14:55:28.273 -> C,ts_engage_write,468644416
14:55:28.273 -> [AVI] Rendering 0 aircraft
14:55:28.410 -> [FACE] heartbeat
14:55:28.410 -> C,mood_str,50
14:55:28.410 -> C,ts_engage_write,468787618
14:55:28.410 -> C,modifier,15
14:55:28.410 -> C,engage_floor,0
14:55:28.410 -> C,loop_us,382
14:55:28.410 -> [AVI] Rendering 0 aircraft
14:55:28.550 -> C,ts_engage_write,468930422
14:55:28.550 -> [AVI] Rendering 0 aircraft
14:55:28.688 -> C,ts_engage_write,469073384
14:55:28.688 -> C,engage_lvl,0
14:55:28.688 -> [AVI] Rendering 0 aircraft
14:55:28.828 -> C,ts_engage_write,469216426
14:55:28.874 -> [AVI] Rendering 0 aircraft
14:55:29.011 -> C,ts_engage_write,469359421
14:55:29.011 -> [AVI] Rendering 0 aircraft
14:55:29.150 -> C,ts_engage_write,469502384
14:55:29.150 -> [AVI] Rendering 0 aircraft
14:55:29.291 -> C,ts_engage_write,469645426
14:55:29.291 -> C,engage_lvl,0
14:55:29.291 -> [AVI] Rendering 0 aircraft
14:55:29.432 -> [FACE] heartbeat
14:55:29.432 -> C,mood_str,50
14:55:29.432 -> C,ts_engage_write,469788644
14:55:29.432 -> C,modifier,15
14:55:29.432 -> C,engage_floor,0
14:55:29.432 -> C,loop_us,415
14:55:29.432 -> [AVI] Rendering 0 aircraft
14:55:29.574 -> [PC] Typing stop
14:55:29.574 -> [EMOTION] THINKING -> IDLE (timeout)
14:55:29.574 -> C,ts_engage_write,469931641
14:55:29.574 -> [AVI] Rendering 0 aircraft
14:55:29.711 -> C,ts_engage_write,470074363
14:55:29.711 -> [AVI] Rendering 0 aircraft
14:55:29.851 -> C,ts_engage_write,470217424
14:55:29.851 -> C,engage_lvl,0
14:55:29.851 -> [AVI] Rendering 0 aircraft
14:55:29.991 -> C,ts_engage_write,470360426
14:55:29.991 -> [AVI] Rendering 0 aircraft
14:55:30.129 -> C,ts_engage_write,470503384
14:55:30.129 -> [AVI] Rendering 0 aircraft
14:55:30.268 -> C,ts_engage_write,470646426
14:55:30.268 -> [AVI] Rendering 0 aircraft
14:55:30.406 -> [FACE] heartbeat
14:55:30.406 -> C,mood_str,50
14:55:30.406 -> C,ts_engage_write,470789634
14:55:30.406 -> C,engage_lvl,0
14:55:30.406 -> C,modifier,15
14:55:30.406 -> C,engage_floor,0
14:55:30.406 -> C,loop_us,427
14:55:30.406 -> [AVI] Rendering 0 aircraft
14:55:30.547 -> C,ts_engage_write,470932384
14:55:30.547 -> [AVI] Rendering 0 aircraft
14:55:30.688 -> C,ts_engage_write,471075426
14:55:30.688 -> [AVI] Rendering 0 aircraft
14:55:30.873 -> C,ts_engage_write,471218426
14:55:30.873 -> [AVI] Rendering 0 aircraft
14:55:31.011 -> C,ts_engage_write,471361426
14:55:31.011 -> C,engage_lvl,0
14:55:31.011 -> [AVI] Rendering 0 aircraft
14:55:31.150 -> C,ts_engage_write,471504413
14:55:31.150 -> [AVI] Rendering 0 aircraft
14:55:31.290 -> C,ts_engage_write,471647426
14:55:31.290 -> [AVI] Rendering 0 aircraft
14:55:31.429 -> [FACE] heartbeat
14:55:31.429 -> C,mood_str,50
14:55:31.429 -> C,ts_engage_write,471790634
14:55:31.429 -> C,modifier,15
14:55:31.429 -> C,engage_floor,0
14:55:31.429 -> C,loop_us,423
14:55:31.429 -> [AVI] Rendering 0 aircraft
14:55:31.568 -> C,ts_engage_write,471933387
14:55:31.568 -> C,engage_lvl,0
14:55:31.568 -> [AVI] Rendering 0 aircraft
14:55:31.709 -> C,ts_engage_write,472076424
14:55:31.709 -> [AVI] Rendering 0 aircraft
14:55:31.849 -> C,ts_engage_write,472219427
14:55:31.849 -> [AVI] Rendering 0 aircraft
14:55:31.990 -> C,ts_engage_write,472362402
14:55:31.990 -> [AVI] Rendering 0 aircraft
14:55:32.130 -> C,ts_engage_write,472505426
14:55:32.130 -> C,engage_lvl,0
14:55:32.130 -> [AVI] Rendering 0 aircraft
14:55:32.269 -> C,ts_engage_write,472648427
14:55:32.269 -> [AVI] Rendering 0 aircraft
14:55:32.409 -> [FACE] heartbeat
14:55:32.409 -> C,mood_str,50
14:55:32.409 -> C,ts_engage_write,472791730
14:55:32.409 -> C,modifier,15
14:55:32.409 -> C,engage_floor,0
14:55:32.409 -> C,loop_us,582
14:55:32.409 -> [AVI] Rendering 0 aircraft
14:55:32.548 -> C,ts_engage_write,472935420
14:55:32.548 -> [AVI] Rendering 0 aircraft
14:55:32.735 -> C,ts_engage_write,473078426
14:55:32.735 -> C,engage_lvl,0
14:55:32.735 -> [AVI] Rendering 0 aircraft
14:55:32.874 -> C,ts_engage_write,473221427
14:55:32.874 -> [AVI] Rendering 0 aircraft
14:55:33.014 -> C,ts_engage_write,473364402
14:55:33.014 -> [AVI] Rendering 0 aircraft
14:55:33.153 -> C,ts_engage_write,473507426
14:55:33.153 -> [AVI] Rendering 0 aircraft
14:55:33.292 -> C,ts_engage_write,473650427
14:55:33.292 -> C,engage_lvl,0
14:55:33.292 -> [AVI] Rendering 0 aircraft
14:55:33.431 -> [FACE] heartbeat
14:55:33.431 -> C,mood_str,50
14:55:33.431 -> C,ts_engage_write,473793515
14:55:33.431 -> C,modifier,15
14:55:33.431 -> C,engage_floor,0
14:55:33.431 -> C,loop_us,323
14:55:33.431 -> [AVI] Rendering 0 aircraft
14:55:33.570 -> C,ts_engage_write,473936421
14:55:33.570 -> [AVI] Rendering 0 aircraft
14:55:33.710 -> C,ts_engage_write,474079427
14:55:33.710 -> [AVI] Rendering 0 aircraft
14:55:33.850 -> C,ts_engage_write,474222407
14:55:33.850 -> C,engage_lvl,0
14:55:33.850 -> [AVI] Rendering 0 aircraft
14:55:33.991 -> C,ts_engage_write,474365421
14:55:33.991 -> [AVI] Rendering 0 aircraft
14:55:34.130 -> C,ts_engage_write,474508426
14:55:34.130 -> [AVI] Rendering 0 aircraft
14:55:34.271 -> C,ts_engage_write,474651429
14:55:34.271 -> [AVI] Rendering 0 aircraft
14:55:34.410 -> [FACE] heartbeat
14:55:34.410 -> C,mood_str,50
14:55:34.410 -> C,ts_engage_write,474794517
14:55:34.410 -> C,engage_lvl,0
14:55:34.410 -> C,modifier,15
14:55:34.410 -> C,engage_floor,0
14:55:34.410 -> C,loop_us,342
14:55:34.410 -> [AVI] Rendering 0 aircraft
14:55:34.550 -> C,ts_engage_write,474937424
14:55:34.550 -> [AVI] Rendering 0 aircraft
14:55:34.737 -> C,ts_engage_write,475080427
14:55:34.737 -> [AVI] Rendering 0 aircraft
14:55:34.876 -> C,ts_engage_write,475223407
14:55:34.876 -> [TOUCH] transition raw=1 pressed=1 ms=475223
14:55:34.876 -> [TOUCH] START raw=1 ms=475223
14:55:34.876 -> [AVI] Rendering 0 aircraft
14:55:35.016 -> C,ts_engage_write,475366421
14:55:35.016 -> C,engage_lvl,0
14:55:35.016 -> [AVI] Rendering 0 aircraft
14:55:35.155 -> C,ts_engage_write,475509426
14:55:35.155 -> [AVI] Rendering 0 aircraft
14:55:35.294 -> C,ts_engage_write,475652416
14:55:35.294 -> [AVI] Rendering 0 aircraft
14:55:35.432 -> [FACE] heartbeat
14:55:35.432 -> C,mood_str,50
14:55:35.432 -> C,ts_engage_write,475795639
14:55:35.432 -> C,modifier,15
14:55:35.432 -> C,engage_floor,0
14:55:35.432 -> C,loop_us,415
14:55:35.432 -> [AVI] Rendering 0 aircraft
14:55:35.572 -> C,ts_engage_write,475938427
14:55:35.572 -> C,engage_lvl,0
14:55:35.572 -> [AVI] Rendering 0 aircraft
14:55:35.711 -> C,ts_engage_write,476081426
14:55:35.711 -> [AVI] Rendering 0 aircraft
14:55:35.851 -> C,ts_engage_write,476224425
14:55:35.851 -> [AVI] Rendering 0 aircraft
14:55:35.991 -> C,ts_engage_write,476367421
14:55:35.991 -> [AVI] Rendering 0 aircraft
14:55:36.131 -> C,ts_engage_write,476510427
14:55:36.131 -> C,engage_lvl,0
14:55:36.131 -> [AVI] Rendering 0 aircraft
14:55:36.271 -> C,ts_engage_write,476653416
14:55:36.271 -> [AVI] Rendering 0 aircraft
14:55:36.411 -> [FACE] heartbeat
14:55:36.411 -> C,mood_str,50
14:55:36.411 -> C,ts_engage_write,476796642
14:55:36.411 -> C,modifier,15
14:55:36.411 -> C,engage_floor,0
14:55:36.411 -> C,loop_us,418
14:55:36.411 -> [AVI] Rendering 0 aircraft
14:55:36.550 -> C,ts_engage_write,476939426
14:55:36.597 -> [AVI] Rendering 0 aircraft
14:55:36.737 -> C,ts_engage_write,477082384
14:55:36.737 -> C,engage_lvl,0
14:55:36.737 -> [AVI] Rendering 0 aircraft
14:55:36.879 -> C,ts_engage_write,477225426
14:55:36.879 -> [AVI] Rendering 0 aircraft
14:55:37.019 -> C,ts_engage_write,477368421
14:55:37.019 -> [AVI] Rendering 0 aircraft
14:55:37.159 -> C,ts_engage_write,477511427
14:55:37.159 -> [AVI] Rendering 0 aircraft
14:55:37.296 -> C,ts_engage_write,477654416
14:55:37.296 -> C,engage_lvl,0
14:55:37.296 -> [AVI] Rendering 0 aircraft
14:55:37.436 -> [FACE] heartbeat
14:55:37.436 -> C,mood_str,50
14:55:37.436 -> C,ts_engage_write,477797640
14:55:37.436 -> C,modifier,15
14:55:37.436 -> C,engage_floor,0
14:55:37.436 -> C,loop_us,417
14:55:37.436 -> [TOUCH] transition raw=0 pressed=0 ms=477797
14:55:37.436 -> [TOUCH] RELEASE raw=0 duration=2574 ms=477797
14:55:37.436 -> [TOUCH] LONG_PRESS
14:55:37.436 -> [MODE] Transitioning: 2 -> 0
14:55:37.436 -> [DBG] BEFORE teardown
14:55:37.436 -> [WiFiService] Stop WiFi (owner=connectSTA, mode=1, promisc=0)
14:55:37.436 -> [477806][V][STA.cpp:224] _onStaEvent(): STA Disconnected: SSID: Aryan Gupta, BSSID: b2:a7:33:6e:a6:1f, Reason: 8
14:55:37.436 -> [477807][V][NetworkEvents.cpp:132] _checkForEvent(): Network Event: 113 - STA_DISCONNECTED
14:55:37.436 -> [477807][V][STA.cpp:118] _onStaArduinoEvent(): Arduino STA Event: 113 - STA_DISCONNECTED
14:55:37.436 -> [477808][W][STA.cpp:145] _onStaArduinoEvent(): Reason: 8 - ASSOC_LEAVE
14:55:37.436 -> [WIFI] Disconnect reason=8
14:55:37.483 -> [477825][V][STA.cpp:198] _onStaEvent(): STA Stopped
14:55:37.483 -> [477825][V][NetworkEvents.cpp:132] _checkForEvent(): Network Event: 111 - STA_STOP
14:55:37.483 -> [477825][V][STA.cpp:118] _onStaArduinoEvent(): Arduino STA Event: 111 - STA_STOP
14:55:37.483 -> [477829][V][NetworkEvents.cpp:132] _checkForEvent(): Network Event: 100 - WIFI_OFF
14:55:37.483 -> [477830][V][NetworkInterface.cpp:264] destroyNetif(): Unregistered event handler
14:55:37.483 -> [477844][V][NetworkEvents.cpp:132] _checkForEvent(): Network Event: 101 - WIFI_READY
14:55:37.483 -> [477850][V][AP.cpp:113] _onApEvent(): AP Started
14:55:37.483 -> [477851][V][NetworkEvents.cpp:132] _checkForEvent(): Network Event: 130 - AP_START
14:55:37.483 -> [477851][V][AP.cpp:93] _onApArduinoEvent(): Arduino AP Event: 130 - AP_START
14:55:37.483 -> [477858][V][AP.cpp:117] _onApEvent(): AP Stopped
14:55:37.483 -> [477858][V][NetworkEvents.cpp:132] _checkForEvent(): Network Event: 131 - AP_STOP
14:55:37.483 -> [47785[94]7[7V][8A5P9.]c[pVp]:[1A1P3] ._copnpA:p9E3v]e n_to(n)A:p AArPd uSitnarotEevde
n
14:55:37.483 -> t(): Arduino AP Event: 131 - AP_STOP
14:55:37.483 -> [477859][[V4]7[7A8P5.9c]p[pV:1]1[7N]e t_woonrAkpEEvveenntt(s).:c pApP: 1S3to2p]p e_dc
h
14:55:37.483 -> eckForEvent(): Network Event: 130 - AP_START
14:55:37.483 -> [477860][V][AP.cpp:93] _onApArduinoEvent(): Arduino AP Event: 130 - AP_START
14:55:37.483 -> [477860][V][NetworkEvents.cpp:132] _checkForEvent(): Network Event: 131 - AP_STOP
14:55:37.483 -> [477861][V][AP.cpp:93] _onApArduinoEvent(): Arduino AP Event: 131 - AP_STOP
14:55:37.483 -> [477865][V][NetworkEvents.cpp:132] _checkForEvent(): Network Event: 100 - WIFI_OFF
14:55:37.483 -> [477866][V][NetworkInterface.cpp:264] destroyNetif(): Unregistered event handler
14:55:37.993 -> [WiFiService] WiFi stopped.
14:55:37.993 -> [DBG] AFTER teardown
14:55:37.993 -> [MODE] Teardown of mode 2 complete
14:55:37.993 -> [ATTN] pause (was SOFT_FOCUS)
14:55:37.993 -> [DBG] AFTER pause
14:55:38.645 -> [DBG] AFTER splash
14:55:38.645 -> [DBG] BEFORE setup
14:55:38.645 -> {"ready":1,"mode":"pet"}
14:55:38.691 -> [DBG] AFTER setup
14:55:38.691 -> [MODE] Setup of mode 0 complete
14:55:38.691 -> [ATTN] resume -> SOFT_FOCUS
14:55:38.691 -> [DBG] AFTER resume
14:55:38.785 -> [FACE] heartbeat
14:55:38.785 -> C,mood_str,50
14:55:38.785 -> C,ts_engage_write,479131553
14:55:38.785 -> C,engage_lvl,0
14:55:38.785 -> C,modifier,15
14:55:38.785 -> C,engage_floor,0
14:55:38.785 -> C,loop_us,375
14:55:38.831 -> C,ts_engage_write,479219354
14:55:38.923 -> C,ts_engage_write,479307359
14:55:39.016 -> C,ts_engage_write,479395372
14:55:39.110 -> C,ts_engage_write,479483379
14:55:39.205 -> C,ts_engage_write,479571367
14:55:39.298 -> C,ts_engage_write,479659383
14:55:39.298 -> C,engage_lvl,0
14:55:39.391 -> C,ts_engage_write,479747379
14:55:39.484 -> C,ts_engage_write,479835381
14:55:39.577 -> C,ts_engage_write,479923384
14:55:39.623 -> C,ts_engage_write,480011371
14:55:39.716 -> C,ts_engage_write,480099371
14:55:39.808 -> [FACE] heartbeat
14:55:39.808 -> C,mood_str,50
14:55:39.808 -> C,ts_engage_write,480187518
14:55:39.808 -> C,engage_lvl,0
14:55:39.808 -> C,modifier,15
14:55:39.808 -> C,engage_floor,0
14:55:39.808 -> C,loop_us,320
14:55:39.903 -> C,ts_engage_write,480275371
14:55:39.997 -> C,dom_touch,53
14:55:39.997 -> C,dom_sec,0
14:55:39.997 -> [MEM] tick: records=3 strength=53
14:55:39.997 -> C,rec_count,3
14:55:39.997 -> C,ts_engage_write,480363531
14:55:40.088 -> C,ts_engage_write,480451381
14:55:40.181 -> C,ts_engage_write,480539360
14:55:40.273 -> C,ts_engage_write,480627380
14:55:40.365 -> C,ts_engage_write,480715383
14:55:40.365 -> C,engage_lvl,0
14:55:40.458 -> C,ts_engage_write,480803371
14:55:40.504 -> C,ts_engage_write,480891386
14:55:40.597 -> C,ts_engage_write,480979379
14:55:40.690 -> C,ts_engage_write,481067369
14:55:40.690 -> [TOUCH] transition raw=1 pressed=1 ms=481067
14:55:40.690 -> [TOUCH] START raw=1 ms=481067
14:55:40.783 -> C,ts_engage_write,481155385
14:55:40.875 -> [FACE] heartbeat
14:55:40.875 -> C,mood_str,50
14:55:40.875 -> C,ts_engage_write,481243504
14:55:40.875 -> C,engage_lvl,0
14:55:40.875 -> C,modifier,15
14:55:40.875 -> C,engage_floor,0
14:55:40.875 -> C,loop_us,315
14:55:40.968 -> C,ts_engage_write,481331370
14:55:40.968 -> [TOUCH] transition raw=0 pressed=0 ms=481331
14:55:40.968 -> [TOUCH] RELEASE raw=0 duration=264 ms=481331
14:55:40.968 -> [TOUCH] TAP
14:55:40.968 -> [EMOTION] IDLE -> LOVE
14:55:40.968 -> EVT:{"type":"timeline","text":"User tap interaction","tag":"touch"}
14:55:41.060 -> C,ts_engage_write,481423447
14:55:41.153 -> C,ts_engage_write,481511393
14:55:41.247 -> C,ts_engage_write,481599396
14:55:41.341 -> C,ts_engage_write,481687412
14:55:41.387 -> C,ts_engage_write,481775397
14:55:41.387 -> C,engage_lvl,0
14:55:41.479 -> C,ts_engage_write,481863409
14:55:41.572 -> C,ts_engage_write,481951397
14:55:41.665 -> C,ts_engage_write,482039392
14:55:41.758 -> C,ts_engage_write,482127409
14:55:41.853 -> C,ts_engage_write,482215393
14:55:41.946 -> [FACE] heartbeat
14:55:41.946 -> C,mood_str,50
14:55:41.946 -> C,ts_engage_write,482303531
14:55:41.946 -> C,engage_lvl,0
14:55:41.946 -> C,modifier,15
14:55:41.946 -> C,engage_floor,0
14:55:41.946 -> C,loop_us,339
14:55:42.040 -> C,ts_engage_write,482391410
14:55:42.040 -> [TOUCH] transition raw=1 pressed=1 ms=482391
14:55:42.040 -> [TOUCH] START raw=1 ms=482391
14:55:42.132 -> C,ts_engage_write,482479405
14:55:42.132 -> [TOUCH] transition raw=0 pressed=0 ms=482479
14:55:42.132 -> [TOUCH] RELEASE raw=0 duration=88 ms=482479
14:55:42.132 -> [TOUCH] TAP
14:55:42.132 -> [EMOTION] LOVE -> EXCITED
14:55:42.132 -> EVT:{"type":"timeline","text":"User tap interaction","tag":"touch"}
14:55:42.226 -> C,ts_engage_write,482571442
14:55:42.272 -> C,ts_engage_write,482659399
14:55:42.365 -> C,ts_engage_write,482747411
14:55:42.459 -> C,ts_engage_write,482835400
14:55:42.459 -> C,engage_lvl,0
14:55:42.551 -> C,ts_engage_write,482923412
14:55:42.645 -> C,ts_engage_write,483011396
14:55:42.738 -> C,ts_engage_write,483099393
14:55:42.830 -> C,ts_engage_write,483187403
14:55:42.924 -> C,ts_engage_write,483275406
14:55:43.017 -> [FACE] heartbeat
14:55:43.017 -> C,mood_str,50
14:55:43.017 -> C,ts_engage_write,483363565
14:55:43.017 -> C,engage_lvl,0
14:55:43.017 -> C,modifier,15
14:55:43.017 -> C,engage_floor,0
14:55:43.017 -> C,loop_us,364
14:55:43.017 -> [TOUCH] transition raw=1 pressed=1 ms=483363
14:55:43.017 -> [TOUCH] START raw=1 ms=483363
14:55:43.064 -> C,ts_engage_write,483451403
14:55:43.064 -> [TOUCH] transition raw=0 pressed=0 ms=483451
14:55:43.064 -> [TOUCH] RELEASE raw=0 duration=88 ms=483451
14:55:43.064 -> [TOUCH] TAP
14:55:43.157 -> C,ts_engage_write,483539418
14:55:43.248 -> C,ts_engage_write,483627403
14:55:43.341 -> C,ts_engage_write,483715405
14:55:43.435 -> C,ts_engage_write,483803392
14:55:43.527 -> C,ts_engage_write,483891404
14:55:43.527 -> C,engage_lvl,0
14:55:43.620 -> C,ts_engage_write,483979407
14:55:43.713 -> C,ts_engage_write,484067387
14:55:43.808 -> C,ts_engage_write,484155405
14:55:43.900 -> C,ts_engage_write,484246758
14:55:43.947 -> C,ts_engage_write,484335394
14:55:44.040 -> [FACE] heartbeat
14:55:44.040 -> C,mood_str,50
14:55:44.040 -> C,ts_engage_write,484423566
14:55:44.040 -> C,engage_lvl,0
14:55:44.040 -> C,modifier,15
14:55:44.040 -> C,engage_floor,0
14:55:44.040 -> C,loop_us,370
14:55:44.132 -> C,ts_engage_write,484511376
14:55:44.225 -> C,ts_engage_write,484599382
14:55:44.317 -> C,ts_engage_write,484687407
14:55:44.410 -> C,ts_engage_write,484775388
14:55:44.504 -> C,ts_engage_write,484863404
14:55:44.597 -> C,ts_engage_write,484951389
14:55:44.597 -> C,engage_lvl,0
14:55:44.691 -> C,ts_engage_write,485039384
14:55:44.784 -> C,ts_engage_write,485127401
14:55:44.829 -> C,ts_engage_write,485215392
14:55:44.922 -> C,ts_engage_write,485303380
14:55:45.016 -> C,ts_engage_write,485391407
14:55:45.108 -> [FACE] heartbeat
14:55:45.108 -> C,mood_str,50
14:55:45.108 -> C,ts_engage_write,485479524
14:55:45.108 -> C,engage_lvl,0
14:55:45.108 -> C,modifier,15
14:55:45.108 -> C,engage_floor,0
14:55:45.108 -> C,loop_us,327
14:55:45.201 -> C,ts_engage_write,485567380
14:55:45.293 -> C,ts_engage_write,485655407
14:55:45.386 -> C,ts_engage_write,485743391
14:55:45.480 -> C,ts_engage_write,485831406
14:55:45.574 -> C,ts_engage_write,485919411
14:55:45.620 -> C,ts_engage_write,486007388
14:55:45.620 -> C,engage_lvl,0
14:55:45.713 -> C,ts_engage_write,486095392
14:55:45.806 -> C,ts_engage_write,486183404
14:55:45.898 -> C,ts_engage_write,486271395
14:55:45.993 -> C,ts_engage_write,486359383
14:55:46.086 -> C,ts_engage_write,486447409
14:55:46.179 -> [FACE] heartbeat
14:55:46.179 -> C,mood_str,50
14:55:46.179 -> C,ts_engage_write,486535508
14:55:46.179 -> C,engage_lvl,0
14:55:46.179 -> C,modifier,15
14:55:46.179 -> C,engage_floor,0
14:55:46.179 -> C,loop_us,323
14:55:46.273 -> C,ts_engage_write,486623406
14:55:46.366 -> C,ts_engage_write,486711390
14:55:46.412 -> C,ts_engage_write,486799379
14:55:46.506 -> C,ts_engage_write,486887411
14:55:46.598 -> C,ts_engage_write,486975383
14:55:46.692 -> C,ts_engage_write,487063381
14:55:46.692 -> C,engage_lvl,0
14:55:46.784 -> C,ts_engage_write,487151411
14:55:46.878 -> C,ts_engage_write,487239382
14:55:46.972 -> C,ts_engage_write,487327382
14:55:47.065 -> C,ts_engage_write,487415413
14:55:47.159 -> [EMOTION] EXCITED -> IDLE (timeout)
14:55:47.159 -> C,ts_engage_write,487503477
14:55:47.206 -> [FACE] heartbeat
14:55:47.206 -> C,mood_str,50
14:55:47.206 -> C,ts_engage_write,487591477
14:55:47.206 -> C,engage_lvl,0
14:55:47.206 -> C,modifier,15
14:55:47.206 -> C,engage_floor,0
14:55:47.206 -> C,loop_us,290
14:55:47.298 -> C,ts_engage_write,487679391
14:55:47.391 -> C,ts_engage_write,487767379
14:55:47.485 -> C,ts_engage_write,487855391
14:55:47.578 -> C,ts_engage_write,487943392
14:55:47.671 -> C,ts_engage_write,488031368
14:55:47.765 -> C,ts_engage_write,488119393
14:55:47.765 -> C,engage_lvl,0
14:55:47.859 -> C,ts_engage_write,488207375
14:55:47.954 -> C,ts_engage_write,488295366
14:55:48.000 -> C,ts_engage_write,488383387
14:55:48.095 -> C,ts_engage_write,488471378
14:55:48.189 -> C,ts_engage_write,488559366
14:55:48.281 -> [FACE] heartbeat
14:55:48.281 -> C,mood_str,50
14:55:48.281 -> C,ts_engage_write,488647526
14:55:48.281 -> C,engage_lvl,0
14:55:48.281 -> C,modifier,15
14:55:48.281 -> C,engage_floor,0
14:55:48.281 -> C,loop_us,335
14:55:48.374 -> C,ts_engage_write,488735365
14:55:48.467 -> C,ts_engage_write,488823359
14:55:48.560 -> C,ts_engage_write,488911395
14:55:48.654 -> C,ts_engage_write,488999374
14:55:48.700 -> C,ts_engage_write,489087367
14:55:48.793 -> C,ts_engage_write,489175394
14:55:48.793 -> C,engage_lvl,0
14:55:48.886 -> C,ts_engage_write,489263373
14:55:48.980 -> C,ts_engage_write,489351369
14:55:49.075 -> C,ts_engage_write,489439393
14:55:49.168 -> C,ts_engage_write,489527374
14:55:49.262 -> C,ts_engage_write,489615392
14:55:49.354 -> [FACE] heartbeat
14:55:49.354 -> C,mood_str,50
14:55:49.354 -> C,ts_engage_write,489703496
14:55:49.354 -> C,engage_lvl,0
14:55:49.354 -> C,modifier,15
14:55:49.354 -> C,engage_floor,0
14:55:49.354 -> C,loop_us,300
14:55:49.447 -> C,ts_engage_write,489791367
14:55:49.493 -> C,ts_engage_write,489879399
14:55:49.586 -> C,ts_engage_write,489967374
14:55:49.679 -> C,ts_engage_write,490055367
14:55:49.772 -> C,ts_engage_write,490143399
14:55:49.863 -> C,ts_engage_write,490231373
14:55:49.863 -> C,engage_lvl,0
14:55:49.957 -> C,ts_engage_write,490319367
14:55:50.049 -> C,ts_engage_write,490407398
14:55:50.144 -> C,ts_engage_write,490495372
14:55:50.238 -> C,ts_engage_write,490583368
14:55:50.284 -> C,ts_engage_write,490671397
14:55:50.377 -> [FACE] heartbeat
14:55:50.377 -> C,mood_str,50
14:55:50.377 -> C,ts_engage_write,490759487
14:55:50.377 -> C,engage_lvl,0
14:55:50.377 -> C,modifier,15
14:55:50.377 -> C,engage_floor,0
14:55:50.377 -> C,loop_us,300
14:55:50.470 -> C,ts_engage_write,490847394
14:55:50.562 -> C,ts_engage_write,490935391
14:55:50.657 -> C,ts_engage_write,491023368
14:55:50.750 -> C,ts_engage_write,491111399
14:55:50.843 -> C,ts_engage_write,491199369
14:55:50.936 -> C,ts_engage_write,491287368
14:55:50.936 -> C,engage_lvl,0
14:55:51.029 -> C,ts_engage_write,491375393
14:55:51.075 -> C,ts_engage_write,491463371
14:55:51.168 -> C,ts_engage_write,491551367
14:55:51.263 -> C,ts_engage_write,491639399
14:55:51.356 -> C,ts_engage_write,491727371
14:55:51.450 -> [FACE] heartbeat
14:55:51.450 -> C,mood_str,50
14:55:51.450 -> C,ts_engage_write,491815475
14:55:51.450 -> C,engage_lvl,0
14:55:51.450 -> C,modifier,15
14:55:51.450 -> C,engage_floor,0
14:55:51.450 -> C,loop_us,277
14:55:51.543 -> C,ts_engage_write,491903401
14:55:51.636 -> C,ts_engage_write,491991372
14:55:51.727 -> C,ts_engage_write,492079367
14:55:51.819 -> C,ts_engage_write,492167399
14:55:51.866 -> C,ts_engage_write,492255371
14:55:51.959 -> C,ts_engage_write,492343367
14:55:51.959 -> C,engage_lvl,0
14:55:52.051 -> C,ts_engage_write,492431398
14:55:52.145 -> C,ts_engage_write,492519372
14:55:52.240 -> C,ts_engage_write,492607388
14:55:52.333 -> C,ts_engage_write,492695395
14:55:52.426 -> C,ts_engage_write,492783367
14:55:52.519 -> [FACE] heartbeat
14:55:52.519 -> C,mood_str,50
14:55:52.519 -> C,ts_engage_write,492871532
14:55:52.519 -> C,engage_lvl,0
14:55:52.519 -> C,modifier,15
14:55:52.519 -> C,engage_floor,0
14:55:52.519 -> C,loop_us,347
14:55:52.611 -> C,ts_engage_write,492959366
14:55:52.659 -> C,ts_engage_write,493047362
14:55:52.752 -> C,ts_engage_write,493135392
14:55:52.845 -> C,ts_engage_write,493223374
14:55:52.938 -> C,ts_engage_write,493311367
14:55:53.031 -> C,ts_engage_write,493399397
14:55:53.031 -> C,engage_lvl,0
14:55:53.124 -> C,ts_engage_write,493487373
14:55:53.217 -> C,ts_engage_write,493575368
14:55:53.310 -> C,ts_engage_write,493663396
14:55:53.403 -> C,ts_engage_write,493751376
14:55:53.496 -> C,ts_engage_write,493839395
14:55:53.543 -> [FACE] heartbeat
14:55:53.543 -> C,mood_str,50
14:55:53.543 -> C,ts_engage_write,493927528
14:55:53.543 -> C,engage_lvl,0
14:55:53.543 -> C,modifier,15
14:55:53.543 -> C,engage_floor,0
14:55:53.543 -> C,loop_us,331
14:55:53.634 -> C,ts_engage_write,494015368
14:55:53.728 -> C,ts_engage_write,494103384
14:55:53.822 -> C,ts_engage_write,494191393
14:55:53.916 -> C,ts_engage_write,494279372
14:55:54.010 -> C,ts_engage_write,494367385
14:55:54.101 -> C,ts_engage_write,494455382
14:55:54.101 -> C,engage_lvl,0
14:55:54.194 -> C,ts_engage_write,494543367
14:55:54.286 -> C,ts_engage_write,494631390
14:55:54.332 -> C,ts_engage_write,494719380
14:55:54.424 -> C,ts_engage_write,494807367
14:55:54.518 -> C,ts_engage_write,494895395
14:55:54.611 -> [FACE] heartbeat
14:55:54.611 -> C,mood_str,50
14:55:54.611 -> C,ts_engage_write,494983482
14:55:54.611 -> C,engage_lvl,0
14:55:54.611 -> C,modifier,15
14:55:54.611 -> C,engage_floor,0
14:55:54.611 -> C,loop_us,294
14:55:54.704 -> C,ts_engage_write,495071365
14:55:54.796 -> C,ts_engage_write,495159395
14:55:54.890 -> C,ts_engage_write,495247374
14:55:54.983 -> C,ts_engage_write,495335367
14:55:55.076 -> C,ts_engage_write,495423394
14:55:55.123 -> C,ts_engage_write,495511375
14:55:55.123 -> C,engage_lvl,0
14:55:55.217 -> C,ts_engage_write,495599366
14:55:55.309 -> C,ts_engage_write,495687396
14:55:55.402 -> C,ts_engage_write,495775374
14:55:55.495 -> C,ts_engage_write,495863398
14:55:55.586 -> C,ts_engage_write,495951374
14:55:55.680 -> [FACE] heartbeat
14:55:55.680 -> C,mood_str,50
14:55:55.680 -> C,ts_engage_write,496039469
14:55:55.680 -> C,engage_lvl,0
14:55:55.680 -> C,modifier,15
14:55:55.680 -> C,engage_floor,0
14:55:55.680 -> C,loop_us,269
14:55:55.774 -> C,ts_engage_write,496127394
14:55:55.867 -> C,ts_engage_write,496215375
14:55:55.914 -> C,ts_engage_write,496303367
14:55:56.006 -> C,ts_engage_write,496391396
14:55:56.097 -> C,ts_engage_write,496479374
14:55:56.190 -> C,ts_engage_write,496567368
14:55:56.190 -> C,engage_lvl,0
14:55:56.282 -> C,ts_engage_write,496655394
14:55:56.375 -> C,ts_engage_write,496743375
14:55:56.471 -> C,ts_engage_write,496831396
14:55:56.564 -> C,ts_engage_write,496919390
14:55:56.657 -> C,ts_engage_write,497007368
14:55:56.752 -> [FACE] heartbeat
14:55:56.752 -> C,mood_str,50
14:55:56.752 -> C,ts_engage_write,497095472
14:55:56.752 -> C,engage_lvl,0
14:55:56.752 -> C,modifier,15
14:55:56.752 -> C,engage_floor,0
14:55:56.752 -> C,loop_us,282
14:55:56.798 -> C,ts_engage_write,497183397
14:55:56.891 -> C,ts_engage_write,497271373
14:55:56.985 -> C,ts_engage_write,497359367
14:55:57.077 -> C,ts_engage_write,497447391
14:55:57.169 -> C,ts_engage_write,497535371
14:55:57.262 -> C,ts_engage_write,497623397
14:55:57.262 -> C,engage_lvl,0
14:55:57.355 -> C,ts_engage_write,497711373
14:55:57.447 -> C,ts_engage_write,497799365
14:55:57.540 -> C,ts_engage_write,497887398
14:55:57.586 -> C,ts_engage_write,497975375
14:55:57.679 -> C,ts_engage_write,498063366
14:55:57.771 -> [FACE] heartbeat
14:55:57.771 -> C,mood_str,50
14:55:57.771 -> C,ts_engage_write,498151528
14:55:57.771 -> C,engage_lvl,0
14:55:57.771 -> C,modifier,15
14:55:57.771 -> C,engage_floor,0
14:55:57.771 -> C,loop_us,332
14:55:57.864 -> C,ts_engage_write,498239369
14:55:57.956 -> C,ts_engage_write,498327359
14:55:58.049 -> C,ts_engage_write,498415397
14:55:58.141 -> C,ts_engage_write,498503373
14:55:58.235 -> C,ts_engage_write,498591367
14:55:58.328 -> C,ts_engage_write,498679397
14:55:58.328 -> C,engage_lvl,0
14:55:58.421 -> C,ts_engage_write,498767373
14:55:58.467 -> C,ts_engage_write,498855397
14:55:58.559 -> C,ts_engage_write,498943390
14:55:58.653 -> C,ts_engage_write,499031369
14:55:58.746 -> C,ts_engage_write,499119398
14:55:58.838 -> [FACE] heartbeat
14:55:58.838 -> C,mood_str,50
14:55:58.838 -> C,ts_engage_write,499207478
14:55:58.838 -> C,engage_lvl,0
14:55:58.838 -> C,modifier,15
14:55:58.838 -> C,engage_floor,0
14:55:58.838 -> C,loop_us,279
14:55:58.929 -> C,ts_engage_write,499295367
14:55:59.021 -> C,ts_engage_write,499383394
14:55:59.113 -> C,ts_engage_write,499471372
14:55:59.207 -> C,ts_engage_write,499559368
14:55:59.298 -> C,ts_engage_write,499647397
14:55:59.391 -> C,ts_engage_write,499735373
14:55:59.391 -> C,engage_lvl,0
14:55:59.438 -> C,ts_engage_write,499823367
14:55:59.531 -> C,ts_engage_write,499911400
14:55:59.624 -> C,ts_engage_write,499999373
14:55:59.717 -> C,ts_engage_write,500087368
14:55:59.810 -> C,ts_engage_write,500175397
14:55:59.903 -> [FACE] heartbeat
14:55:59.903 -> C,mood_str,50
14:55:59.903 -> C,ts_engage_write,500263478
14:55:59.903 -> C,engage_lvl,0
14:55:59.903 -> C,modifier,15
14:55:59.903 -> C,engage_floor,0
14:55:59.903 -> C,loop_us,280
14:55:59.996 -> C,ts_engage_write,500351365
14:56:00.089 -> C,ts_engage_write,500439398
14:56:00.182 -> C,ts_engage_write,500527372
14:56:00.229 -> C,ts_engage_write,500615393
14:56:00.324 -> C,ts_engage_write,500703375
14:56:00.416 -> C,ts_engage_write,500791368
14:56:00.416 -> C,engage_lvl,0
14:56:00.508 -> C,ts_engage_write,500879399
14:56:00.601 -> C,ts_engage_write,500967374
14:56:00.695 -> C,ts_engage_write,501055366
14:56:00.787 -> C,ts_engage_write,501143399
14:56:00.879 -> C,ts_engage_write,501231371
14:56:00.973 -> [FACE] heartbeat
14:56:00.973 -> C,mood_str,50
14:56:00.973 -> C,ts_engage_write,501319474
14:56:00.973 -> C,engage_lvl,0
14:56:00.973 -> C,modifier,15
14:56:00.973 -> C,engage_floor,0
14:56:00.973 -> C,loop_us,274
14:56:01.020 -> C,ts_engage_write,501407398
14:56:01.112 -> C,ts_engage_write,501495372
14:56:01.206 -> C,ts_engage_write,501583366
14:56:01.299 -> C,ts_engage_write,501671399
14:56:01.392 -> C,ts_engage_write,501759372
14:56:01.484 -> C,ts_engage_write,501847400
14:56:01.484 -> C,engage_lvl,0
14:56:01.577 -> C,ts_engage_write,501935391
14:56:01.669 -> C,ts_engage_write,502023368
14:56:01.762 -> C,ts_engage_write,502111398
14:56:01.855 -> C,ts_engage_write,502199371
14:56:01.902 -> C,ts_engage_write,502287367
14:56:01.996 -> [FACE] heartbeat
14:56:01.996 -> C,mood_str,50
14:56:01.996 -> C,ts_engage_write,502375527
14:56:01.996 -> C,engage_lvl,0
14:56:01.996 -> C,modifier,15
14:56:01.996 -> C,engage_floor,0
14:56:01.996 -> C,loop_us,333
14:56:02.088 -> C,ts_engage_write,502463362
14:56:02.182 -> C,ts_engage_write,502551361
14:56:02.276 -> C,ts_engage_write,502639396
14:56:02.370 -> C,ts_engage_write,502727372
14:56:02.464 -> C,ts_engage_write,502815366
14:56:02.557 -> C,ts_engage_write,502903401
14:56:02.557 -> C,engage_lvl,0
14:56:02.603 -> C,ts_engage_write,502991372
14:56:02.696 -> C,ts_engage_write,503079368
14:56:02.789 -> C,ts_engage_write,503167396
14:56:02.882 -> C,ts_engage_write,503255373
14:56:02.976 -> C,ts_engage_write,503343366
14:56:03.069 -> [FACE] heartbeat
14:56:03.069 -> C,mood_str,50
14:56:03.069 -> C,ts_engage_write,503431536
14:56:03.069 -> C,engage_lvl,0
14:56:03.069 -> C,modifier,15
14:56:03.069 -> C,engage_floor,0
14:56:03.069 -> C,loop_us,347
14:56:03.163 -> C,ts_engage_write,503519364
14:56:03.257 -> C,ts_engage_write,503607386
14:56:03.352 -> C,ts_engage_write,503695389
14:56:03.397 -> C,ts_engage_write,503783368
14:56:03.490 -> C,ts_engage_write,503871399
14:56:03.581 -> C,ts_engage_write,503959374
14:56:03.581 -> C,engage_lvl,0
14:56:03.674 -> C,ts_engage_write,504047367
14:56:03.767 -> C,ts_engage_write,504135397
14:56:03.859 -> C,ts_engage_write,504223372
14:56:03.953 -> C,ts_engage_write,504311367
14:56:04.045 -> C,ts_engage_write,504399398
14:56:04.138 -> [FACE] heartbeat
14:56:04.138 -> C,mood_str,50
14:56:04.138 -> C,ts_engage_write,504487461
14:56:04.138 -> C,engage_lvl,0
14:56:04.138 -> C,modifier,15
14:56:04.138 -> C,engage_floor,0
14:56:04.138 -> C,loop_us,273
14:56:04.231 -> C,ts_engage_write,504575361
14:56:04.277 -> C,ts_engage_write,504663399
14:56:04.370 -> C,ts_engage_write,504751372
14:56:04.464 -> C,ts_engage_write,504839397
14:56:04.557 -> C,ts_engage_write,504927393
14:56:04.648 -> C,ts_engage_write,505015368
14:56:04.648 -> C,engage_lvl,0
14:56:04.743 -> C,ts_engage_write,505103392
14:56:04.836 -> C,ts_engage_write,505191392
14:56:04.929 -> C,ts_engage_write,505279368
14:56:05.022 -> C,ts_engage_write,505367395
14:56:05.068 -> C,ts_engage_write,505455373
14:56:05.161 -> [FACE] heartbeat
14:56:05.161 -> C,mood_str,50
14:56:05.161 -> C,ts_engage_write,505543478
14:56:05.161 -> C,engage_lvl,0
14:56:05.161 -> C,modifier,15
14:56:05.161 -> C,engage_floor,0
14:56:05.161 -> C,loop_us,278
14:56:05.255 -> C,ts_engage_write,505631392
14:56:05.348 -> C,ts_engage_write,505719375
14:56:05.441 -> C,ts_engage_write,505807366
14:56:05.534 -> C,ts_engage_write,505895401
14:56:05.626 -> C,ts_engage_write,505983372
14:56:05.717 -> C,ts_engage_write,506071367
14:56:05.717 -> C,engage_lvl,0
14:56:05.810 -> C,ts_engage_write,506159398
14:56:05.903 -> C,ts_engage_write,506247372
14:56:05.949 -> C,ts_engage_write,506335366
14:56:06.043 -> C,ts_engage_write,506423399
14:56:06.135 -> C,ts_engage_write,506511371
14:56:06.228 -> [FACE] heartbeat
14:56:06.228 -> C,mood_str,50
14:56:06.228 -> C,ts_engage_write,506599455
14:56:06.228 -> C,engage_lvl,0
14:56:06.228 -> C,modifier,15
14:56:06.228 -> C,engage_floor,0
14:56:06.228 -> C,loop_us,254
14:56:06.323 -> C,ts_engage_write,506687393
14:56:06.415 -> C,ts_engage_write,506775372
14:56:06.509 -> C,ts_engage_write,506863401
14:56:06.602 -> C,ts_engage_write,506951371
14:56:06.695 -> C,ts_engage_write,507039367
14:56:06.741 -> C,ts_engage_write,507127399
14:56:06.741 -> C,engage_lvl,0
14:56:06.833 -> C,ts_engage_write,507215371
14:56:06.926 -> C,ts_engage_write,507303365
14:56:07.018 -> C,ts_engage_write,507391398
14:56:07.110 -> C,ts_engage_write,507479372
14:56:07.203 -> C,ts_engage_write,507567366
14:56:07.295 -> [FACE] heartbeat
14:56:07.295 -> C,mood_str,50
14:56:07.295 -> C,ts_engage_write,507655543
14:56:07.295 -> C,engage_lvl,0
14:56:07.295 -> C,modifier,15
14:56:07.295 -> C,engage_floor,0
14:56:07.295 -> C,loop_us,355
14:56:07.388 -> C,ts_engage_write,507743362
14:56:07.481 -> C,ts_engage_write,507831390
14:56:07.576 -> C,ts_engage_write,507919388
14:56:07.621 -> C,ts_engage_write,508007368
14:56:07.714 -> C,ts_engage_write,508095367
14:56:07.808 -> C,ts_engage_write,508183395
14:56:07.808 -> C,engage_lvl,0
14:56:07.901 -> C,ts_engage_write,508271372
14:56:07.995 -> C,ts_engage_write,508359364
14:56:08.088 -> C,ts_engage_write,508447387
14:56:08.180 -> C,ts_engage_write,508535373
14:56:08.274 -> C,ts_engage_write,508623394
14:56:08.366 -> [FACE] heartbeat
14:56:08.366 -> C,mood_str,50
14:56:08.366 -> C,ts_engage_write,508711483
14:56:08.366 -> C,engage_lvl,0
14:56:08.366 -> C,modifier,15
14:56:08.366 -> C,engage_floor,0
14:56:08.366 -> C,loop_us,284
14:56:08.413 -> C,ts_engage_write,508799367
14:56:08.507 -> C,ts_engage_write,508887399
14:56:08.601 -> C,ts_engage_write,508975374
14:56:08.695 -> C,ts_engage_write,509063367
14:56:08.788 -> C,ts_engage_write,509151391
14:56:08.880 -> C,ts_engage_write,509239378
14:56:08.880 -> C,engage_lvl,0
14:56:08.975 -> C,ts_engage_write,509327367
14:56:09.068 -> C,ts_engage_write,509415397
14:56:09.115 -> C,ts_engage_write,509503373
14:56:09.208 -> C,ts_engage_write,509591368
14:56:09.303 -> C,ts_engage_write,509679396
14:56:09.395 -> [FACE] heartbeat
14:56:09.395 -> C,mood_str,50
14:56:09.395 -> C,ts_engage_write,509767467
14:56:09.395 -> C,engage_lvl,0
14:56:09.395 -> C,modifier,15
14:56:09.395 -> C,engage_floor,0
14:56:09.395 -> C,loop_us,271
14:56:09.486 -> C,ts_engage_write,509855394
14:56:09.578 -> C,ts_engage_write,509943387
14:56:09.670 -> C,ts_engage_write,510031370
14:56:09.763 -> C,ts_engage_write,510119394
14:56:09.856 -> C,ts_engage_write,510207373
14:56:09.949 -> C,ts_engage_write,510295368
14:56:09.949 -> C,engage_lvl,0
14:56:09.994 -> C,ts_engage_write,510383388
14:56:10.087 -> C,ts_engage_write,510471375
14:56:10.181 -> C,ts_engage_write,510559371
14:56:10.275 -> C,ts_engage_write,510647395
14:56:10.368 -> C,ts_engage_write,510735376
14:56:10.460 -> [FACE] heartbeat
14:56:10.460 -> C,mood_str,50
14:56:10.460 -> C,ts_engage_write,510823474
14:56:10.460 -> C,engage_lvl,0
14:56:10.460 -> C,modifier,15
14:56:10.460 -> C,engage_floor,0
14:56:10.460 -> C,loop_us,285
14:56:10.554 -> C,ts_engage_write,510911400
14:56:10.647 -> C,ts_engage_write,510999373
14:56:10.739 -> C,ts_engage_write,511087367
14:56:10.786 -> C,ts_engage_write,511175398
14:56:10.880 -> C,ts_engage_write,511263372
14:56:10.972 -> C,ts_engage_write,511351367
14:56:10.972 -> C,engage_lvl,0
14:56:11.065 -> C,ts_engage_write,511439396
14:56:11.158 -> C,ts_engage_write,511527373
14:56:11.252 -> C,ts_engage_write,511615391
14:56:11.345 -> C,ts_engage_write,511703378
14:56:11.438 -> C,ts_engage_write,511791367
14:56:11.530 -> [FACE] heartbeat
14:56:11.530 -> C,mood_str,50
14:56:11.530 -> C,ts_engage_write,511879537
14:56:11.530 -> C,engage_lvl,0
14:56:11.530 -> C,modifier,15
14:56:11.530 -> C,engage_floor,0
14:56:11.530 -> C,loop_us,344
14:56:11.623 -> C,ts_engage_write,511967369
14:56:11.670 -> C,ts_engage_write,512055360
14:56:11.762 -> C,ts_engage_write,512143394
14:56:11.856 -> C,ts_engage_write,512231374
14:56:11.948 -> C,ts_engage_write,512319367
14:56:12.041 -> C,ts_engage_write,512407396
14:56:12.041 -> C,engage_lvl,0
14:56:12.134 -> C,ts_engage_write,512495374
14:56:12.227 -> C,ts_engage_write,512583368
14:56:12.320 -> C,ts_engage_write,512671394
14:56:12.413 -> C,ts_engage_write,512759375
14:56:12.459 -> C,ts_engage_write,512847396
14:56:12.552 -> [FACE] heartbeat
14:56:12.552 -> C,mood_str,50
14:56:12.552 -> C,ts_engage_write,512935519
14:56:12.552 -> C,engage_lvl,0
14:56:12.552 -> C,modifier,15
14:56:12.552 -> C,engage_floor,0
14:56:12.552 -> C,loop_us,313
14:56:12.645 -> C,ts_engage_write,513023361
14:56:12.738 -> C,ts_engage_write,513111390
14:56:12.831 -> C,ts_engage_write,513199368
14:56:12.924 -> C,ts_engage_write,513287366
14:56:13.016 -> C,ts_engage_write,513375390
14:56:13.109 -> C,ts_engage_write,513463374
14:56:13.109 -> C,engage_lvl,0
14:56:13.201 -> C,ts_engage_write,513551368
14:56:13.294 -> C,ts_engage_write,513639396
14:56:13.342 -> C,ts_engage_write,513727376
14:56:13.434 -> C,ts_engage_write,513815368
14:56:13.527 -> C,ts_engage_write,513903398
14:56:13.620 -> [FACE] heartbeat
14:56:13.620 -> C,mood_str,50
14:56:13.620 -> C,ts_engage_write,513991481
14:56:13.620 -> C,engage_lvl,0
14:56:13.620 -> C,modifier,15
14:56:13.620 -> C,engage_floor,0
14:56:13.620 -> C,loop_us,292
14:56:13.712 -> C,ts_engage_write,514079366
14:56:13.806 -> C,ts_engage_write,514167396
14:56:13.898 -> C,ts_engage_write,514255375
14:56:13.992 -> C,ts_engage_write,514343368
14:56:14.083 -> C,ts_engage_write,514431397
14:56:14.131 -> C,ts_engage_write,514519375
14:56:14.131 -> C,engage_lvl,0
14:56:14.224 -> C,ts_engage_write,514607386
14:56:14.316 -> C,ts_engage_write,514695395
14:56:14.409 -> C,ts_engage_write,514783368
14:56:14.501 -> C,ts_engage_write,514871399
14:56:14.595 -> C,ts_engage_write,514959373
14:56:14.689 -> [FACE] heartbeat
14:56:14.689 -> C,mood_str,50
14:56:14.689 -> C,ts_engage_write,515047476
14:56:14.689 -> C,engage_lvl,0
14:56:14.689 -> C,modifier,15
14:56:14.689 -> C,engage_floor,0
14:56:14.689 -> C,loop_us,274
14:56:14.782 -> C,ts_engage_write,515135396
14:56:14.876 -> C,ts_engage_write,515223373
14:56:14.922 -> C,ts_engage_write,515311366
14:56:15.015 -> C,ts_engage_write,515399398
14:56:15.109 -> C,ts_engage_write,515487372
14:56:15.201 -> C,ts_engage_write,515575367
14:56:15.201 -> C,engage_lvl,0
14:56:15.295 -> C,ts_engage_write,515663396
14:56:15.389 -> C,ts_engage_write,515751373
14:56:15.481 -> C,ts_engage_write,515839397
14:56:15.574 -> C,ts_engage_write,515927393
14:56:15.667 -> C,ts_engage_write,516015367
14:56:15.714 -> [FACE] heartbeat
14:56:15.714 -> C,mood_str,50
14:56:15.714 -> C,ts_engage_write,516103534
14:56:15.714 -> C,engage_lvl,0
14:56:15.714 -> C,modifier,15
14:56:15.714 -> C,engage_floor,0
14:56:15.714 -> C,loop_us,345
14:56:15.806 -> C,ts_engage_write,516191389
14:56:15.899 -> C,ts_engage_write,516279370
14:56:15.993 -> C,ts_engage_write,516367394
14:56:16.085 -> C,ts_engage_write,516455375
14:56:16.178 -> C,ts_engage_write,516543367
14:56:16.271 -> C,ts_engage_write,516631391
14:56:16.271 -> C,engage_lvl,0
14:56:16.363 -> C,ts_engage_write,516719375
14:56:16.455 -> C,ts_engage_write,516807364
14:56:16.548 -> C,ts_engage_write,516895397
14:56:16.594 -> C,ts_engage_write,516983376
14:56:16.687 -> C,ts_engage_write,517071366
14:56:16.780 -> [FACE] heartbeat
14:56:16.780 -> C,mood_str,50
14:56:16.780 -> C,ts_engage_write,517159532
14:56:16.780 -> C,engage_lvl,0
14:56:16.780 -> C,modifier,15
14:56:16.780 -> C,engage_floor,0
14:56:16.780 -> C,loop_us,334
14:56:16.874 -> C,ts_engage_write,517247367
14:56:16.967 -> C,ts_engage_write,517335359
14:56:17.059 -> C,ts_engage_write,517423393
14:56:17.153 -> C,ts_engage_write,517511374
14:56:17.246 -> C,ts_engage_write,517599367
14:56:17.340 -> C,ts_engage_write,517687396
14:56:17.340 -> C,engage_lvl,0
14:56:17.386 -> C,ts_engage_write,517775376
14:56:17.479 -> C,ts_engage_write,517863397
14:56:17.572 -> C,ts_engage_write,517951373
14:56:17.665 -> C,ts_engage_write,518039367
14:56:17.758 -> C,ts_engage_write,518127397
14:56:17.851 -> [FACE] heartbeat
14:56:17.851 -> C,mood_str,50
14:56:17.851 -> C,ts_engage_write,518215487
14:56:17.851 -> C,engage_lvl,0
14:56:17.851 -> C,modifier,15
14:56:17.851 -> C,engage_floor,0
14:56:17.851 -> C,loop_us,291
14:56:17.945 -> C,ts_engage_write,518303365
14:56:18.037 -> C,ts_engage_write,518391396
14:56:18.129 -> C,ts_engage_write,518479374
14:56:18.223 -> C,ts_engage_write,518567368
14:56:18.268 -> C,ts_engage_write,518655394
14:56:18.361 -> C,ts_engage_write,518743375
14:56:18.361 -> C,engage_lvl,0
14:56:18.454 -> C,ts_engage_write,518831396
14:56:18.546 -> C,ts_engage_write,518919392
14:56:18.638 -> C,ts_engage_write,519007368
14:56:18.731 -> C,ts_engage_write,519095368
14:56:18.825 -> C,ts_engage_write,519183398
14:56:18.918 -> [FACE] heartbeat
14:56:18.918 -> C,mood_str,50
14:56:18.918 -> C,ts_engage_write,519271486
14:56:18.918 -> C,engage_lvl,0
14:56:18.918 -> C,modifier,15
14:56:18.918 -> C,engage_floor,0
14:56:18.918 -> C,loop_us,297
14:56:19.010 -> C,ts_engage_write,519359362
14:56:19.057 -> C,ts_engage_write,519447389
14:56:19.150 -> C,ts_engage_write,519535373
14:56:19.243 -> C,ts_engage_write,519623394
14:56:19.336 -> C,ts_engage_write,519711373
14:56:19.429 -> C,ts_engage_write,519799369
14:56:19.429 -> C,engage_lvl,0
14:56:19.521 -> C,ts_engage_write,519887397
14:56:19.615 -> C,ts_engage_write,519975375
14:56:19.709 -> C,ts_engage_write,520063366
14:56:19.801 -> C,ts_engage_write,520151391
14:56:19.894 -> C,ts_engage_write,520239377
14:56:19.941 -> [FACE] heartbeat
14:56:19.941 -> C,mood_str,50
14:56:19.941 -> C,ts_engage_write,520327479
14:56:19.941 -> C,engage_lvl,0
14:56:19.941 -> C,modifier,15
14:56:19.941 -> C,engage_floor,0
14:56:19.941 -> C,loop_us,287
14:56:20.035 -> C,ts_engage_write,520415394
14:56:20.128 -> C,ts_engage_write,520503374
14:56:20.219 -> C,ts_engage_write,520591367
14:56:20.312 -> C,ts_engage_write,520679396
14:56:20.404 -> C,ts_engage_write,520767373
14:56:20.498 -> C,ts_engage_write,520855397
14:56:20.498 -> C,engage_lvl,0
14:56:20.591 -> C,ts_engage_write,520943390
14:56:20.684 -> C,ts_engage_write,521031369
14:56:20.730 -> C,ts_engage_write,521119395
14:56:20.825 -> C,ts_engage_write,521207372
14:56:20.917 -> C,ts_engage_write,521295367
14:56:21.009 -> [FACE] heartbeat
14:56:21.009 -> C,mood_str,50
14:56:21.009 -> C,ts_engage_write,521383532
14:56:21.009 -> C,engage_lvl,0
14:56:21.009 -> C,modifier,15
14:56:21.009 -> C,engage_floor,0
14:56:21.009 -> C,loop_us,346
14:56:21.101 -> C,ts_engage_write,521471363
14:56:21.195 -> C,ts_engage_write,521559360
14:56:21.288 -> C,ts_engage_write,521647394
14:56:21.381 -> C,ts_engage_write,521735375
14:56:21.474 -> C,ts_engage_write,521823366
14:56:21.568 -> C,ts_engage_write,521911399
14:56:21.568 -> C,engage_lvl,0
14:56:21.615 -> C,ts_engage_write,521999373
14:56:21.707 -> C,ts_engage_write,522087368
14:56:21.798 -> C,ts_engage_write,522175397
14:56:21.891 -> C,ts_engage_write,522263374
14:56:21.985 -> C,ts_engage_write,522351366
14:56:22.078 -> [FACE] heartbeat
14:56:22.078 -> C,mood_str,50
14:56:22.078 -> C,ts_engage_write,522439541
14:56:22.078 -> C,engage_lvl,0
14:56:22.078 -> C,modifier,15
14:56:22.078 -> C,engage_floor,0
14:56:22.078 -> C,loop_us,352
14:56:22.170 -> C,ts_engage_write,522527365
14:56:22.264 -> C,ts_engage_write,522615383
14:56:22.356 -> C,ts_engage_write,522703376
14:56:22.401 -> C,ts_engage_write,522791364
14:56:22.494 -> C,ts_engage_write,522879395
14:56:22.588 -> C,ts_engage_write,522967378
14:56:22.588 -> C,engage_lvl,0
14:56:22.681 -> C,ts_engage_write,523055366
14:56:22.775 -> C,ts_engage_write,523143395
14:56:22.868 -> C,ts_engage_write,523231374
14:56:22.961 -> C,ts_engage_write,523319367
14:56:23.055 -> C,ts_engage_write,523407394
14:56:23.147 -> [FACE] heartbeat
14:56:23.147 -> C,mood_str,50
14:56:23.147 -> C,ts_engage_write,523495484
14:56:23.147 -> C,engage_lvl,0
14:56:23.147 -> C,modifier,15
14:56:23.147 -> C,engage_floor,0
14:56:23.147 -> C,loop_us,284
14:56:23.194 -> C,ts_engage_write,523583365
14:56:23.288 -> C,ts_engage_write,523671395
14:56:23.381 -> C,ts_engage_write,523759374
14:56:23.473 -> C,ts_engage_write,523847395
14:56:23.565 -> C,ts_engage_write,523935391
14:56:23.659 -> C,ts_engage_write,524023368
14:56:23.659 -> C,engage_lvl,0
14:56:23.751 -> C,ts_engage_write,524111395
14:56:23.844 -> C,ts_engage_write,524199372
14:56:23.936 -> C,ts_engage_write,524287367
14:56:24.029 -> C,ts_engage_write,524375392
14:56:24.077 -> C,ts_engage_write,524463370
14:56:24.169 -> [FACE] heartbeat
14:56:24.169 -> C,mood_str,50
14:56:24.169 -> C,ts_engage_write,524551481
14:56:24.169 -> C,engage_lvl,0
14:56:24.169 -> C,modifier,15
14:56:24.169 -> C,engage_floor,0
14:56:24.169 -> C,loop_us,292
14:56:24.262 -> C,ts_engage_write,524639395
14:56:24.355 -> C,ts_engage_write,524727373
14:56:24.449 -> C,ts_engage_write,524815366
14:56:24.541 -> C,ts_engage_write,524903400
14:56:24.635 -> C,ts_engage_write,524991372
14:56:24.728 -> C,ts_engage_write,525079368
14:56:24.728 -> C,engage_lvl,0
14:56:24.821 -> C,ts_engage_write,525167395
14:56:24.867 -> C,ts_engage_write,525255373
14:56:24.960 -> C,ts_engage_write,525343366
14:56:25.054 -> C,ts_engage_write,525431396
14:56:25.146 -> C,ts_engage_write,525519372
14:56:25.240 -> [FACE] heartbeat
14:56:25.240 -> C,mood_str,50
14:56:25.240 -> C,ts_engage_write,525607529
14:56:25.240 -> C,engage_lvl,0
14:56:25.240 -> C,modifier,15
14:56:25.240 -> C,engage_floor,0
14:56:25.240 -> C,loop_us,330
14:56:25.333 -> C,ts_engage_write,525695398
14:56:25.426 -> C,ts_engage_write,525783370
14:56:25.518 -> C,ts_engage_write,525871395
14:56:25.612 -> C,ts_engage_write,525959376
14:56:25.659 -> C,ts_engage_write,526047367
14:56:25.752 -> C,ts_engage_write,526135395
14:56:25.752 -> C,engage_lvl,0
14:56:25.845 -> C,ts_engage_write,526223374
14:56:25.938 -> C,ts_engage_write,526311365
14:56:26.029 -> C,ts_engage_write,526399394
14:56:26.122 -> C,ts_engage_write,526487375
14:56:26.214 -> C,ts_engage_write,526575366
14:56:26.307 -> [FACE] heartbeat
14:56:26.307 -> C,mood_str,50
14:56:26.307 -> C,ts_engage_write,526663541
14:56:26.307 -> C,engage_lvl,0
14:56:26.307 -> C,modifier,15
14:56:26.307 -> C,engage_floor,0
14:56:26.307 -> C,loop_us,339
14:56:26.400 -> C,ts_engage_write,526751367
14:56:26.494 -> C,ts_engage_write,526839386
14:56:26.540 -> C,ts_engage_write,526927391
14:56:26.634 -> C,ts_engage_write,527015368
14:56:26.727 -> C,ts_engage_write,527103393
14:56:26.820 -> C,ts_engage_write,527191388
14:56:26.820 -> C,engage_lvl,0
14:56:26.913 -> C,ts_engage_write,527279369
14:56:27.007 -> C,ts_engage_write,527367390
14:56:27.100 -> C,ts_engage_write,527455375
14:56:27.194 -> C,ts_engage_write,527543368
14:56:27.241 -> C,ts_engage_write,527631391
14:56:27.334 -> [FACE] heartbeat
14:56:27.334 -> C,mood_str,50
14:56:27.334 -> C,ts_engage_write,527719496
14:56:27.334 -> C,engage_lvl,0
14:56:27.334 -> C,modifier,15
14:56:27.334 -> C,engage_floor,0
14:56:27.334 -> C,loop_us,299
14:56:27.427 -> C,ts_engage_write,527807365
14:56:27.521 -> C,ts_engage_write,527895400
14:56:27.614 -> C,ts_engage_write,527983374
14:56:27.708 -> C,ts_engage_write,528071367
14:56:27.799 -> C,ts_engage_write,528159396
14:56:27.893 -> C,ts_engage_write,528247374
14:56:27.893 -> C,engage_lvl,0
14:56:27.987 -> C,ts_engage_write,528335366
14:56:28.035 -> C,ts_engage_write,528423398
14:56:28.128 -> C,ts_engage_write,528511373
14:56:28.220 -> C,ts_engage_write,528599367
14:56:28.312 -> C,ts_engage_write,528687396
14:56:28.405 -> [FACE] heartbeat
14:56:28.405 -> C,mood_str,50
14:56:28.405 -> C,ts_engage_write,528775482
14:56:28.405 -> C,engage_lvl,0
14:56:28.405 -> C,modifier,15
14:56:28.405 -> C,engage_floor,0
14:56:28.405 -> C,loop_us,295
14:56:28.496 -> C,ts_engage_write,528863394
14:56:28.589 -> C,ts_engage_write,528951374
14:56:28.681 -> C,ts_engage_write,529039368
14:56:28.774 -> C,ts_engage_write,529127397
14:56:28.867 -> C,ts_engage_write,529215373
14:56:28.914 -> C,ts_engage_write,529303368
14:56:28.914 -> C,engage_lvl,0
14:56:29.007 -> C,ts_engage_write,529391396
14:56:29.100 -> C,ts_engage_write,529479374
14:56:29.194 -> C,ts_engage_write,529567367
14:56:29.286 -> C,ts_engage_write,529655397
14:56:29.380 -> C,ts_engage_write,529743374
14:56:29.474 -> [FACE] heartbeat
14:56:29.474 -> C,mood_str,50
14:56:29.474 -> C,ts_engage_write,529831530
14:56:29.474 -> C,engage_lvl,0
14:56:29.474 -> C,modifier,15
14:56:29.474 -> C,engage_floor,0
14:56:29.474 -> C,loop_us,330
14:56:29.567 -> C,ts_engage_write,529919390
14:56:29.661 -> C,ts_engage_write,530007372
14:56:29.707 -> C,ts_engage_write,530095370
14:56:29.800 -> C,ts_engage_write,530183396
14:56:29.894 -> C,ts_engage_write,530271377
14:56:29.988 -> C,ts_engage_write,530359368
14:56:29.988 -> C,engage_lvl,0
14:56:30.080 -> C,ts_engage_write,530447387
14:56:30.174 -> C,ts_engage_write,530535378
14:56:30.267 -> C,ts_engage_write,530623389
14:56:30.359 -> C,ts_engage_write,530711376
14:56:30.451 -> C,ts_engage_write,530799371
14:56:30.498 -> [FACE] heartbeat
14:56:30.498 -> C,mood_str,50
14:56:30.498 -> C,ts_engage_write,530887526
14:56:30.498 -> C,engage_lvl,0
14:56:30.498 -> C,modifier,15
14:56:30.498 -> C,engage_floor,0
14:56:30.498 -> C,loop_us,328
14:56:30.593 -> C,ts_engage_write,530975367
14:56:30.685 -> C,ts_engage_write,531063361
14:56:30.778 -> C,ts_engage_write,531151390
14:56:30.871 -> C,ts_engage_write,531239376
14:56:30.964 -> C,ts_engage_write,531327370
14:56:31.056 -> C,ts_engage_write,531415392
14:56:31.056 -> C,engage_lvl,0
14:56:31.147 -> C,ts_engage_write,531503377
14:56:31.240 -> C,ts_engage_write,531591368
14:56:31.333 -> C,ts_engage_write,531679391
14:56:31.380 -> C,ts_engage_write,531767378
14:56:31.474 -> C,ts_engage_write,531855396
14:56:31.566 -> [FACE] heartbeat
14:56:31.566 -> C,mood_str,50
14:56:31.566 -> C,ts_engage_write,531943518
14:56:31.566 -> C,engage_lvl,0
14:56:31.566 -> C,modifier,15
14:56:31.566 -> C,engage_floor,0
14:56:31.566 -> C,loop_us,318
14:56:31.659 -> C,ts_engage_write,532031361
14:56:31.752 -> C,ts_engage_write,532119389
14:56:31.844 -> C,ts_engage_write,532207368
14:56:31.937 -> C,ts_engage_write,532295362
14:56:32.030 -> C,ts_engage_write,532383390
14:56:32.122 -> C,ts_engage_write,532471375
14:56:32.122 -> C,engage_lvl,0
14:56:32.169 -> C,ts_engage_write,532559367
14:56:32.261 -> C,ts_engage_write,532647396
14:56:32.354 -> C,ts_engage_write,532735374
14:56:32.446 -> C,ts_engage_write,532823368
14:56:32.539 -> C,ts_engage_write,532911397
14:56:32.631 -> [FACE] heartbeat
14:56:32.631 -> C,mood_str,50
14:56:32.631 -> C,ts_engage_write,532999473
14:56:32.631 -> C,engage_lvl,0
14:56:32.631 -> C,modifier,15
14:56:32.631 -> C,engage_floor,0
14:56:32.631 -> C,loop_us,266
14:56:32.726 -> C,ts_engage_write,533087363
14:56:32.817 -> C,ts_engage_write,533175397
14:56:32.911 -> C,ts_engage_write,533263374
14:56:33.005 -> C,ts_engage_write,533351368
14:56:33.051 -> C,ts_engage_write,533439394
14:56:33.144 -> C,ts_engage_write,533527375
14:56:33.144 -> C,engage_lvl,0
14:56:33.236 -> C,ts_engage_write,533615390
14:56:33.329 -> C,ts_engage_write,533703380
14:56:33.422 -> C,ts_engage_write,533791367
14:56:33.514 -> C,ts_engage_write,533879397
14:56:33.606 -> C,ts_engage_write,533967374
14:56:33.700 -> [FACE] heartbeat
14:56:33.700 -> C,mood_str,50
14:56:33.700 -> C,ts_engage_write,534055473
14:56:33.700 -> C,engage_lvl,0
14:56:33.700 -> C,modifier,15
14:56:33.700 -> C,engage_floor,0
14:56:33.700 -> C,loop_us,281
14:56:33.793 -> C,ts_engage_write,534143395
14:56:33.886 -> C,ts_engage_write,534231376
14:56:33.932 -> C,ts_engage_write,534319366
14:56:34.026 -> C,ts_engage_write,534407399
14:56:34.118 -> C,ts_engage_write,534495374
14:56:34.212 -> C,ts_engage_write,534583367
14:56:34.212 -> C,engage_lvl,0
14:56:34.305 -> C,ts_engage_write,534671395
14:56:34.397 -> C,ts_engage_write,534759374
14:56:34.490 -> C,ts_engage_write,534847396
14:56:34.584 -> C,ts_engage_write,534935393
14:56:34.676 -> C,ts_engage_write,535023367
14:56:34.722 -> [FACE] heartbeat
14:56:34.722 -> C,mood_str,50
14:56:34.722 -> C,ts_engage_write,535111544
14:56:34.722 -> C,engage_lvl,0
14:56:34.722 -> C,modifier,15
14:56:34.722 -> C,engage_floor,0
14:56:34.722 -> C,loop_us,345
14:56:34.814 -> C,ts_engage_write,535199364
14:56:34.906 -> C,ts_engage_write,535287360
14:56:34.999 -> C,ts_engage_write,535375389
14:56:35.091 -> C,ts_engage_write,535463371
14:56:35.184 -> C,ts_engage_write,535551368
14:56:35.278 -> C,ts_engage_write,535639396
14:56:35.278 -> C,engage_lvl,0
14:56:35.369 -> C,ts_engage_write,535727374
14:56:35.462 -> C,ts_engage_write,535815367
14:56:35.557 -> C,ts_engage_write,535903397
14:56:35.604 -> C,ts_engage_write,535991375
14:56:35.696 -> C,ts_engage_write,536079367
14:56:35.788 -> [FACE] heartbeat
14:56:35.788 -> C,mood_str,50
14:56:35.788 -> C,ts_engage_write,536167540
14:56:35.788 -> C,engage_lvl,0
14:56:35.788 -> C,modifier,15
14:56:35.788 -> C,engage_floor,0
14:56:35.788 -> C,loop_us,344
14:56:35.879 -> C,ts_engage_write,536255366
14:56:35.972 -> C,ts_engage_write,536343361
14:56:36.065 -> C,ts_engage_write,536431394
14:56:36.161 -> C,ts_engage_write,536519374
14:56:36.253 -> C,ts_engage_write,536607386
14:56:36.347 -> C,ts_engage_write,536695394
14:56:36.347 -> C,engage_lvl,0
14:56:36.393 -> C,ts_engage_write,536783368
14:56:36.486 -> C,ts_engage_write,536871397
14:56:36.579 -> C,ts_engage_write,536959372
14:56:36.674 -> C,ts_engage_write,537047368
14:56:36.767 -> C,ts_engage_write,537135396
14:56:36.860 -> [FACE] heartbeat
14:56:36.860 -> C,mood_str,50
14:56:36.860 -> C,ts_engage_write,537223483
14:56:36.860 -> C,engage_lvl,0
14:56:36.860 -> C,modifier,15
14:56:36.860 -> C,engage_floor,0
14:56:36.860 -> C,loop_us,285
14:56:36.953 -> C,ts_engage_write,537311365
14:56:37.046 -> C,ts_engage_write,537399397
14:56:37.138 -> C,ts_engage_write,537487373
14:56:37.230 -> C,ts_engage_write,537575368
14:56:37.276 -> C,ts_engage_write,537663396
14:56:37.369 -> C,ts_engage_write,537751376
14:56:37.369 -> C,engage_lvl,0
14:56:37.461 -> C,ts_engage_write,537839395
14:56:37.555 -> C,ts_engage_write,537927393
14:56:37.646 -> C,ts_engage_write,538015368
14:56:37.739 -> C,ts_engage_write,538103392
14:56:37.831 -> C,ts_engage_write,538191391
14:56:37.923 -> [FACE] heartbeat
14:56:37.923 -> C,mood_str,50
14:56:37.923 -> C,ts_engage_write,538279464
14:56:37.923 -> C,engage_lvl,0
14:56:37.923 -> C,modifier,15
14:56:37.923 -> C,engage_floor,0
14:56:37.923 -> C,loop_us,274
14:56:38.015 -> C,ts_engage_write,538367395
14:56:38.109 -> C,ts_engage_write,538455374
14:56:38.156 -> C,ts_engage_write,538543367
14:56:38.248 -> C,ts_engage_write,538631396
14:56:38.341 -> C,ts_engage_write,538719374
14:56:38.434 -> C,ts_engage_write,538807367
14:56:38.434 -> C,engage_lvl,0
14:56:38.528 -> C,ts_engage_write,538895397
14:56:38.622 -> C,ts_engage_write,538983374
14:56:38.713 -> C,ts_engage_write,539071366
14:56:38.806 -> C,ts_engage_write,539159399
14:56:38.898 -> C,ts_engage_write,539247372
14:56:38.945 -> [FACE] heartbeat
14:56:38.945 -> C,mood_str,50
14:56:38.945 -> C,ts_engage_write,539335459
14:56:38.945 -> C,engage_lvl,0
14:56:38.945 -> C,modifier,15
14:56:38.945 -> C,engage_floor,0
14:56:38.945 -> C,loop_us,258
14:56:39.037 -> C,ts_engage_write,539423393
14:56:39.129 -> C,ts_engage_write,539511373
14:56:39.223 -> C,ts_engage_write,539599366
14:56:39.315 -> C,ts_engage_write,539687398
14:56:39.409 -> C,ts_engage_write,539775372
14:56:39.501 -> C,ts_engage_write,539863400
14:56:39.501 -> C,engage_lvl,0
14:56:39.595 -> C,ts_engage_write,539951371
14:56:39.687 -> C,ts_engage_write,540039368
14:56:39.780 -> C,ts_engage_write,540127397
14:56:39.827 -> C,ts_engage_write,540215374
14:56:39.921 -> C,ts_engage_write,540303366
14:56:40.012 -> [FACE] heartbeat
14:56:40.012 -> C,mood_str,50
14:56:40.012 -> C,dom_touch,53
14:56:40.012 -> C,dom_sec,0
14:56:40.012 -> [MEM] tick: records=4 strength=53
14:56:40.012 -> C,rec_count,4
14:56:40.012 -> C,ts_engage_write,540391652
14:56:40.012 -> C,engage_lvl,0
14:56:40.012 -> C,modifier,15
14:56:40.012 -> C,engage_floor,0
14:56:40.012 -> C,loop_us,440
14:56:40.106 -> C,ts_engage_write,540479367
14:56:40.198 -> C,ts_engage_write,540567358
14:56:40.291 -> C,ts_engage_write,540655394
14:56:40.384 -> C,ts_engage_write,540743374
14:56:40.477 -> C,ts_engage_write,540831396
14:56:40.570 -> C,ts_engage_write,540919390
14:56:40.570 -> C,engage_lvl,0
14:56:40.616 -> C,ts_engage_write,541007369
14:56:40.710 -> C,ts_engage_write,541095366
14:56:40.803 -> C,ts_engage_write,541183396
14:56:40.896 -> C,ts_engage_write,541271374
14:56:40.989 -> C,ts_engage_write,541359367
14:56:41.082 -> [FACE] heartbeat
14:56:41.082 -> C,mood_str,50
14:56:41.082 -> C,ts_engage_write,541447499
14:56:41.082 -> C,engage_lvl,0
14:56:41.082 -> C,modifier,15
14:56:41.082 -> C,engage_floor,0
14:56:41.082 -> C,loop_us,306
14:56:41.175 -> C,ts_engage_write,541535368
14:56:41.268 -> C,ts_engage_write,541623393
14:56:41.361 -> C,ts_engage_write,541711372
14:56:41.409 -> C,ts_engage_write,541799369
14:56:41.501 -> C,ts_engage_write,541887394
14:56:41.595 -> C,ts_engage_write,541975376
14:56:41.595 -> C,engage_lvl,0
14:56:41.688 -> C,ts_engage_write,542063367
14:56:41.780 -> C,ts_engage_write,542151397
14:56:41.872 -> C,ts_engage_write,542239374
14:56:41.964 -> C,ts_engage_write,542327368
14:56:42.058 -> C,ts_engage_write,542415393
14:56:42.152 -> [FACE] heartbeat
14:56:42.152 -> C,mood_str,50
14:56:42.152 -> C,ts_engage_write,542503485
14:56:42.152 -> C,engage_lvl,0
14:56:42.152 -> C,modifier,15
14:56:42.152 -> C,engage_floor,0
14:56:42.152 -> C,loop_us,280
14:56:42.245 -> C,ts_engage_write,542591362
14:56:42.291 -> C,ts_engage_write,542679394
14:56:42.384 -> C,ts_engage_write,542767374
14:56:42.477 -> C,ts_engage_write,542855396
14:56:42.571 -> C,ts_engage_write,542943390
14:56:42.663 -> C,ts_engage_write,543031369
14:56:42.663 -> C,engage_lvl,0
14:56:42.756 -> C,ts_engage_write,543119395
14:56:42.848 -> C,ts_engage_write,543207372
14:56:42.943 -> C,ts_engage_write,543295367
14:56:43.035 -> C,ts_engage_write,543383392
14:56:43.082 -> C,ts_engage_write,543471372
14:56:43.174 -> [FACE] heartbeat
14:56:43.174 -> C,mood_str,50
14:56:43.174 -> C,ts_engage_write,543559460
14:56:43.174 -> C,engage_lvl,0
14:56:43.174 -> C,modifier,15
14:56:43.174 -> C,engage_floor,0
14:56:43.174 -> C,loop_us,237
14:56:43.269 -> C,ts_engage_write,543647391
14:56:43.362 -> C,ts_engage_write,543735373
14:56:43.455 -> C,ts_engage_write,543823367
14:56:43.548 -> C,ts_engage_write,543911400
14:56:43.641 -> C,ts_engage_write,543999372
14:56:43.734 -> C,ts_engage_write,544087368
14:56:43.734 -> C,engage_lvl,0
14:56:43.827 -> C,ts_engage_write,544175395
14:56:43.921 -> C,ts_engage_write,544266765
14:56:43.967 -> C,ts_engage_write,544354386
14:56:44.060 -> C,ts_engage_write,544442399
14:56:44.152 -> C,ts_engage_write,544530371
14:56:44.246 -> [FACE] heartbeat
14:56:44.246 -> C,mood_str,50
14:56:44.246 -> C,ts_engage_write,544618554
14:56:44.246 -> C,engage_lvl,0
14:56:44.246 -> C,modifier,15
14:56:44.246 -> C,engage_floor,0
14:56:44.246 -> C,loop_us,356
14:56:44.340 -> C,ts_engage_write,544706370
14:56:44.432 -> C,ts_engage_write,544794363
14:56:44.525 -> C,ts_engage_write,544882393
14:56:44.618 -> C,ts_engage_write,544970378
14:56:44.711 -> C,ts_engage_write,545058367
14:56:44.758 -> C,ts_engage_write,545146393
14:56:44.758 -> C,engage_lvl,0
14:56:44.852 -> C,ts_engage_write,545234375
14:56:44.945 -> C,ts_engage_write,545322369
14:56:45.036 -> C,ts_engage_write,545410392
14:56:45.129 -> C,ts_engage_write,545498376
14:56:45.222 -> C,ts_engage_write,545586370
14:56:45.315 -> [FACE] heartbeat
14:56:45.315 -> C,mood_str,50
14:56:45.315 -> C,ts_engage_write,545674552
14:56:45.315 -> C,engage_lvl,0
14:56:45.315 -> C,modifier,15
14:56:45.315 -> C,engage_floor,0
14:56:45.315 -> C,loop_us,356
14:56:45.408 -> C,ts_engage_write,545762368
14:56:45.500 -> C,ts_engage_write,545850388
14:56:45.593 -> C,ts_engage_write,545938389
14:56:45.639 -> C,ts_engage_write,546026368
14:56:45.734 -> C,ts_engage_write,546114397
14:56:45.826 -> C,ts_engage_write,546202373
14:56:45.826 -> C,engage_lvl,0
14:56:45.918 -> C,ts_engage_write,546290367
14:56:46.012 -> C,ts_engage_write,546378393
14:56:46.105 -> C,ts_engage_write,546466370
14:56:46.198 -> C,ts_engage_write,546554368
14:56:46.291 -> C,ts_engage_write,546642397
14:56:46.384 -> [FACE] heartbeat
14:56:46.384 -> C,mood_str,50
14:56:46.384 -> C,ts_engage_write,546730491
14:56:46.384 -> C,engage_lvl,0
14:56:46.384 -> C,modifier,15
14:56:46.384 -> C,engage_floor,0
14:56:46.384 -> C,loop_us,267
14:56:46.430 -> C,ts_engage_write,546818361
14:56:46.522 -> C,ts_engage_write,546906401
14:56:46.616 -> C,ts_engage_write,546994371
14:56:46.710 -> C,ts_engage_write,547082368
14:56:46.804 -> C,ts_engage_write,547170397
14:56:46.899 -> C,ts_engage_write,547258372
14:56:46.899 -> C,engage_lvl,0
14:56:46.988 -> C,ts_engage_write,547346366
14:56:47.079 -> C,ts_engage_write,547434398
14:56:47.173 -> C,ts_engage_write,547522371
14:56:47.263 -> C,ts_engage_write,547610392
14:56:47.310 -> C,ts_engage_write,547698377
14:56:47.403 -> [FACE] heartbeat
14:56:47.403 -> C,mood_str,50
14:56:47.403 -> C,ts_engage_write,547786480
14:56:47.403 -> C,engage_lvl,0
14:56:47.403 -> C,modifier,15
14:56:47.403 -> C,engage_floor,0
14:56:47.403 -> C,loop_us,269
14:56:47.495 -> C,ts_engage_write,547874399
14:56:47.588 -> C,ts_engage_write,547962375
14:56:47.679 -> C,ts_engage_write,548050366
14:56:47.772 -> C,ts_engage_write,548138398
14:56:47.864 -> C,ts_engage_write,548226371
14:56:47.956 -> C,ts_engage_write,548314368
14:56:47.956 -> C,engage_lvl,0
14:56:48.049 -> C,ts_engage_write,548402397
14:56:48.141 -> C,ts_engage_write,548490373
14:56:48.188 -> C,ts_engage_write,548578367
14:56:48.279 -> C,ts_engage_write,548666398
14:56:48.371 -> C,ts_engage_write,548754371
14:56:48.463 -> [FACE] heartbeat
14:56:48.463 -> C,mood_str,50
14:56:48.463 -> C,ts_engage_write,548842542
14:56:48.463 -> C,engage_lvl,0
14:56:48.463 -> C,modifier,15
14:56:48.463 -> C,engage_floor,0
14:56:48.463 -> C,loop_us,340
14:56:48.557 -> C,ts_engage_write,548930387
14:56:48.651 -> C,ts_engage_write,549018373
14:56:48.745 -> C,ts_engage_write,549106384
14:56:48.839 -> C,ts_engage_write,549194395
14:56:48.930 -> C,ts_engage_write,549282367
14:56:49.024 -> C,ts_engage_write,549370401
14:56:49.024 -> C,engage_lvl,0
14:56:49.070 -> C,ts_engage_write,549458372
14:56:49.164 -> C,ts_engage_write,549546365
14:56:49.256 -> C,ts_engage_write,549634396
14:56:49.348 -> C,ts_engage_write,549722375
14:56:49.440 -> C,ts_engage_write,549810366
14:56:49.534 -> [FACE] heartbeat
14:56:49.534 -> C,mood_str,50
14:56:49.534 -> C,ts_engage_write,549898550
14:56:49.534 -> C,engage_lvl,0
14:56:49.534 -> C,modifier,15
14:56:49.534 -> C,engage_floor,0
14:56:49.534 -> C,loop_us,348
14:56:49.626 -> C,ts_engage_write,549986365
14:56:49.720 -> C,ts_engage_write,550074361
14:56:49.813 -> C,ts_engage_write,550162392
14:56:49.860 -> C,ts_engage_write,550250376
14:56:49.954 -> C,ts_engage_write,550338366
14:56:50.046 -> C,ts_engage_write,550426394
14:56:50.046 -> C,engage_lvl,0
14:56:50.140 -> C,ts_engage_write,550514375
14:56:50.234 -> C,ts_engage_write,550602389
14:56:50.328 -> C,ts_engage_write,550690396
14:56:50.420 -> C,ts_engage_write,550778367
14:56:50.511 -> C,ts_engage_write,550866400
14:56:50.605 -> [FACE] heartbeat
14:56:50.605 -> C,mood_str,50
14:56:50.605 -> C,ts_engage_write,550954491
14:56:50.605 -> C,engage_lvl,0
14:56:50.605 -> C,modifier,15
14:56:50.605 -> C,engage_floor,0
14:56:50.605 -> C,loop_us,291
14:56:50.652 -> C,ts_engage_write,551042366
14:56:50.745 -> C,ts_engage_write,551130399
14:56:50.837 -> C,ts_engage_write,551218371
14:56:50.929 -> C,ts_engage_write,551306367
14:56:51.022 -> C,ts_engage_write,551394398
14:56:51.117 -> C,ts_engage_write,551482372
14:56:51.117 -> C,engage_lvl,0
14:56:51.210 -> C,ts_engage_write,551570366
14:56:51.302 -> C,ts_engage_write,551658399
14:56:51.395 -> C,ts_engage_write,551746371
14:56:51.488 -> C,ts_engage_write,551834397
14:56:51.535 -> C,ts_engage_write,551922394
14:56:51.629 -> [FACE] heartbeat
14:56:51.629 -> C,mood_str,50
14:56:51.629 -> C,ts_engage_write,552010470
14:56:51.629 -> C,engage_lvl,0
14:56:51.629 -> C,modifier,15
14:56:51.629 -> C,engage_floor,0
14:56:51.629 -> C,loop_us,248
14:56:51.723 -> C,ts_engage_write,552098362
14:56:51.815 -> C,ts_engage_write,552186398
14:56:51.909 -> C,ts_engage_write,552274371
14:56:52.000 -> C,ts_engage_write,552362392
14:56:52.094 -> C,ts_engage_write,552450373
14:56:52.186 -> C,ts_engage_write,552538367
14:56:52.186 -> C,engage_lvl,0
14:56:52.279 -> C,ts_engage_write,552626396
14:56:52.325 -> C,ts_engage_write,552714373
14:56:52.418 -> C,ts_engage_write,552802366
14:56:52.510 -> C,ts_engage_write,552890401
14:56:52.601 -> C,ts_engage_write,552978372
14:56:52.695 -> [FACE] heartbeat
14:56:52.695 -> C,mood_str,50
14:56:52.695 -> C,ts_engage_write,553066482
14:56:52.695 -> C,engage_lvl,0
14:56:52.695 -> C,modifier,15
14:56:52.695 -> C,engage_floor,0
14:56:52.695 -> C,loop_us,294
14:56:52.791 -> C,ts_engage_write,553154394
14:56:52.882 -> C,ts_engage_write,553242376
14:56:52.976 -> C,ts_engage_write,553330366
14:56:53.069 -> C,ts_engage_write,553418399
14:56:53.116 -> C,ts_engage_write,553506371
14:56:53.210 -> C,ts_engage_write,553594367
14:56:53.210 -> C,engage_lvl,0
14:56:53.302 -> C,ts_engage_write,553682398
14:56:53.396 -> C,ts_engage_write,553770373
14:56:53.490 -> C,ts_engage_write,553858399
14:56:53.584 -> C,ts_engage_write,553946394
14:56:53.678 -> C,ts_engage_write,554034366
14:56:53.772 -> [FACE] heartbeat
14:56:53.772 -> C,mood_str,50
14:56:53.772 -> C,ts_engage_write,554122545
14:56:53.772 -> C,engage_lvl,0
14:56:53.772 -> C,modifier,15
14:56:53.772 -> C,engage_floor,0
14:56:53.772 -> C,loop_us,340
14:56:53.864 -> C,ts_engage_write,554210365
14:56:53.910 -> C,ts_engage_write,554298362
14:56:54.004 -> C,ts_engage_write,554386389
14:56:54.097 -> C,ts_engage_write,554474374
14:56:54.190 -> C,ts_engage_write,554562367
14:56:54.281 -> C,ts_engage_write,554650397
14:56:54.281 -> C,engage_lvl,0
14:56:54.376 -> C,ts_engage_write,554738373
14:56:54.468 -> C,ts_engage_write,554826368
14:56:54.560 -> C,ts_engage_write,554914399
14:56:54.652 -> C,ts_engage_write,555002374
14:56:54.745 -> C,ts_engage_write,555090367
14:56:54.790 -> [FACE] heartbeat
14:56:54.790 -> C,mood_str,50
14:56:54.790 -> C,ts_engage_write,555178554
14:56:54.790 -> C,engage_lvl,0
14:56:54.790 -> C,modifier,15
14:56:54.790 -> C,engage_floor,0
14:56:54.790 -> C,loop_us,348
14:56:54.884 -> C,ts_engage_write,555266366
14:56:54.976 -> C,ts_engage_write,555354362
14:56:55.069 -> C,ts_engage_write,555442395
14:56:55.162 -> C,ts_engage_write,555530374
14:56:55.254 -> C,ts_engage_write,555618390
14:56:55.346 -> C,ts_engage_write,555706379
14:56:55.346 -> C,engage_lvl,0
14:56:55.438 -> C,ts_engage_write,555794366
14:56:55.530 -> C,ts_engage_write,555882400
14:56:55.623 -> C,ts_engage_write,555970373
14:56:55.668 -> C,ts_engage_write,556058367
14:56:55.760 -> C,ts_engage_write,556146396
14:56:55.853 -> [FACE] heartbeat
14:56:55.853 -> C,mood_str,50
14:56:55.853 -> C,ts_engage_write,556234490
14:56:55.853 -> C,engage_lvl,0
14:56:55.853 -> C,modifier,15
14:56:55.853 -> C,engage_floor,0
14:56:55.853 -> C,loop_us,298
14:56:55.946 -> C,ts_engage_write,556322367
14:56:56.039 -> C,ts_engage_write,556410397
14:56:56.132 -> C,ts_engage_write,556498373
14:56:56.224 -> C,ts_engage_write,556586368
14:56:56.317 -> C,ts_engage_write,556674396
14:56:56.408 -> C,ts_engage_write,556762374
14:56:56.408 -> C,engage_lvl,0
14:56:56.500 -> C,ts_engage_write,556850397
14:56:56.594 -> C,ts_engage_write,556938393
14:56:56.641 -> C,ts_engage_write,557026367
14:56:56.735 -> C,ts_engage_write,557114398
14:56:56.827 -> C,ts_engage_write,557202372
14:56:56.923 -> [FACE] heartbeat
14:56:56.923 -> C,mood_str,50
14:56:56.923 -> C,ts_engage_write,557290481
14:56:56.923 -> C,engage_lvl,0
14:56:56.923 -> C,modifier,15
14:56:56.923 -> C,engage_floor,0
14:56:56.923 -> C,loop_us,282
14:56:57.016 -> C,ts_engage_write,557378394
14:56:57.109 -> C,ts_engage_write,557466377
14:56:57.201 -> C,ts_engage_write,557554366
14:56:57.294 -> C,ts_engage_write,557642397
14:56:57.341 -> C,ts_engage_write,557730377
14:56:57.432 -> C,ts_engage_write,557818367
14:56:57.432 -> C,engage_lvl,0
14:56:57.525 -> C,ts_engage_write,557906401
14:56:57.617 -> C,ts_engage_write,557994372
14:56:57.710 -> C,ts_engage_write,558082367
14:56:57.804 -> C,ts_engage_write,558170399
14:56:57.897 -> C,ts_engage_write,558258371
14:56:57.991 -> [FACE] heartbeat
14:56:57.991 -> C,mood_str,50
14:56:57.991 -> C,ts_engage_write,558346468
14:56:57.991 -> C,engage_lvl,0
14:56:57.991 -> C,modifier,15
14:56:57.991 -> C,engage_floor,0
14:56:57.991 -> C,loop_us,271
14:56:58.084 -> C,ts_engage_write,558434398
14:56:58.175 -> C,ts_engage_write,558522372
14:56:58.221 -> C,ts_engage_write,558610394
14:56:58.314 -> C,ts_engage_write,558698378
14:56:58.407 -> C,ts_engage_write,558786366
14:56:58.499 -> C,ts_engage_write,558874401
14:56:58.499 -> C,engage_lvl,0
14:56:58.594 -> C,ts_engage_write,558962373
14:56:58.687 -> C,ts_engage_write,559050367
14:56:58.781 -> C,ts_engage_write,559138398
14:56:58.874 -> C,ts_engage_write,559226372
14:56:58.966 -> C,ts_engage_write,559314366
14:56:59.013 -> [FACE] heartbeat
14:56:59.013 -> C,mood_str,50
14:56:59.013 -> C,ts_engage_write,559402547
14:56:59.013 -> C,engage_lvl,0
14:56:59.013 -> C,modifier,15
14:56:59.013 -> C,engage_floor,0
14:56:59.013 -> C,loop_us,350
14:56:59.106 -> C,ts_engage_write,559490366
14:56:59.198 -> C,ts_engage_write,559578361
14:56:59.289 -> C,ts_engage_write,559666396
14:56:59.383 -> C,ts_engage_write,559754374
14:56:59.475 -> C,ts_engage_write,559842397
14:56:59.568 -> C,ts_engage_write,559930392
14:56:59.568 -> C,engage_lvl,0
14:56:59.662 -> C,ts_engage_write,560018367
14:56:59.755 -> C,ts_engage_write,560106394
14:56:59.848 -> C,ts_engage_write,560194391
14:56:59.894 -> C,ts_engage_write,560282368
14:56:59.987 -> C,ts_engage_write,560370396
14:57:00.081 -> [FACE] heartbeat
14:57:00.081 -> C,mood_str,50
14:57:00.081 -> C,ts_engage_write,560458477
14:57:00.081 -> C,engage_lvl,0
14:57:00.081 -> C,modifier,15
14:57:00.081 -> C,engage_floor,0
14:57:00.081 -> C,loop_us,290
14:57:00.176 -> C,ts_engage_write,560546365
14:57:00.268 -> C,ts_engage_write,560634392
14:57:00.361 -> C,ts_engage_write,560722373
14:57:00.452 -> C,ts_engage_write,560810368
14:57:00.543 -> C,ts_engage_write,560898399
14:57:00.638 -> C,ts_engage_write,560986374
14:57:00.638 -> C,engage_lvl,0
14:57:00.684 -> C,ts_engage_write,561074366
14:57:00.776 -> C,ts_engage_write,561162398
14:57:00.867 -> C,ts_engage_write,561250371
14:57:00.960 -> C,ts_engage_write,561338368
14:57:01.052 -> C,ts_engage_write,561426397
14:57:01.147 -> [FACE] heartbeat
14:57:01.147 -> C,mood_str,50
14:57:01.147 -> C,ts_engage_write,561514477
14:57:01.147 -> C,engage_lvl,0
14:57:01.147 -> C,modifier,15
14:57:01.147 -> C,engage_floor,0
14:57:01.147 -> C,loop_us,288
14:57:01.240 -> C,ts_engage_write,561602393
14:57:01.333 -> C,ts_engage_write,561690395
14:57:01.426 -> C,ts_engage_write,561778367
14:57:01.519 -> C,ts_engage_write,561866402
14:57:01.566 -> C,ts_engage_write,561954371
14:57:01.659 -> C,ts_engage_write,562042367
14:57:01.659 -> C,engage_lvl,0
14:57:01.754 -> C,ts_engage_write,562130401
14:57:01.847 -> C,ts_engage_write,562218372
14:57:01.940 -> C,ts_engage_write,562306366
14:57:02.033 -> C,ts_engage_write,562394399
14:57:02.129 -> C,ts_engage_write,562482371
14:57:02.222 -> [FACE] heartbeat
14:57:02.222 -> C,mood_str,50
14:57:02.222 -> C,ts_engage_write,562570474
14:57:02.222 -> C,engage_lvl,0
14:57:02.222 -> C,modifier,15
14:57:02.222 -> C,engage_floor,0
14:57:02.222 -> C,loop_us,277
14:57:02.267 -> C,ts_engage_write,562658398
14:57:02.361 -> C,ts_engage_write,562746372
14:57:02.455 -> C,ts_engage_write,562834396
14:57:02.548 -> C,ts_engage_write,562922394
14:57:02.640 -> C,ts_engage_write,563010366
14:57:02.732 -> C,ts_engage_write,563098368
14:57:02.732 -> C,engage_lvl,0
14:57:02.824 -> C,ts_engage_write,563186399
14:57:02.917 -> C,ts_engage_write,563274372
14:57:03.010 -> C,ts_engage_write,563362391
14:57:03.104 -> C,ts_engage_write,563450375
14:57:03.149 -> C,ts_engage_write,563538366
14:57:03.241 -> [FACE] heartbeat
14:57:03.241 -> C,mood_str,50
14:57:03.241 -> C,ts_engage_write,563626545
14:57:03.241 -> C,engage_lvl,0
14:57:03.241 -> C,modifier,15
14:57:03.241 -> C,engage_floor,0
14:57:03.241 -> C,loop_us,359
14:57:03.334 -> C,ts_engage_write,563714366
14:57:03.427 -> C,ts_engage_write,563802361
14:57:03.519 -> C,ts_engage_write,563890396
14:57:03.612 -> C,ts_engage_write,563978376
14:57:03.707 -> C,ts_engage_write,564066366
14:57:03.800 -> C,ts_engage_write,564154390
14:57:03.800 -> C,engage_lvl,0
14:57:03.893 -> C,ts_engage_write,564242379
14:57:03.939 -> C,ts_engage_write,564330368
14:57:04.031 -> C,ts_engage_write,564418393
14:57:04.125 -> C,ts_engage_write,564506376
14:57:04.218 -> C,ts_engage_write,564594367
14:57:04.312 -> [FACE] heartbeat
14:57:04.312 -> C,mood_str,50
14:57:04.312 -> C,ts_engage_write,564682555
14:57:04.312 -> C,engage_lvl,0
14:57:04.312 -> C,modifier,15
14:57:04.312 -> C,engage_floor,0
14:57:04.312 -> C,loop_us,365
14:57:04.406 -> C,ts_engage_write,564770366
14:57:04.498 -> C,ts_engage_write,564858386
14:57:04.591 -> C,ts_engage_write,564946391
14:57:04.684 -> C,ts_engage_write,565034366
14:57:04.731 -> C,ts_engage_write,565122398
14:57:04.825 -> C,ts_engage_write,565210374
14:57:04.825 -> C,engage_lvl,0
14:57:04.919 -> C,ts_engage_write,565298366
14:57:05.011 -> C,ts_engage_write,565386393
14:57:05.106 -> C,ts_engage_write,565474371
14:57:05.197 -> C,ts_engage_write,565562367
14:57:05.290 -> C,ts_engage_write,565650400
14:57:05.383 -> [FACE] heartbeat
14:57:05.383 -> C,mood_str,50
14:57:05.383 -> C,ts_engage_write,565738469
14:57:05.383 -> C,engage_lvl,0
14:57:05.383 -> C,modifier,15
14:57:05.383 -> C,engage_floor,0
14:57:05.383 -> C,loop_us,244
14:57:05.473 -> C,ts_engage_write,565826360
14:57:05.566 -> C,ts_engage_write,565914399
14:57:05.612 -> C,ts_engage_write,566002371
14:57:05.707 -> C,ts_engage_write,566090368
14:57:05.798 -> C,ts_engage_write,566178397
14:57:05.892 -> C,ts_engage_write,566266373
14:57:05.892 -> C,engage_lvl,0
14:57:05.984 -> C,ts_engage_write,566354367
14:57:06.078 -> C,ts_engage_write,566442397
14:57:06.171 -> C,ts_engage_write,566530371
14:57:06.265 -> C,ts_engage_write,566618398
14:57:06.360 -> C,ts_engage_write,566706373
14:57:06.406 -> [FACE] heartbeat
14:57:06.406 -> C,mood_str,50
14:57:06.406 -> C,ts_engage_write,566794471
14:57:06.406 -> C,engage_lvl,0
14:57:06.406 -> C,modifier,15
14:57:06.406 -> C,engage_floor,0
14:57:06.406 -> C,loop_us,269
14:57:06.500 -> C,ts_engage_write,566882399
14:57:06.593 -> C,ts_engage_write,566970373
14:57:06.685 -> C,ts_engage_write,567058366
14:57:06.777 -> C,ts_engage_write,567146400
14:57:06.871 -> C,ts_engage_write,567234371
14:57:06.965 -> C,ts_engage_write,567322367
14:57:06.965 -> C,engage_lvl,0
14:57:07.058 -> C,ts_engage_write,567410398
14:57:07.150 -> C,ts_engage_write,567498372
14:57:07.197 -> C,ts_engage_write,567586366
14:57:07.288 -> C,ts_engage_write,567674400
14:57:07.379 -> C,ts_engage_write,567762372
14:57:07.472 -> [FACE] heartbeat
14:57:07.472 -> C,mood_str,50
14:57:07.472 -> C,ts_engage_write,567850532
14:57:07.472 -> C,engage_lvl,0
14:57:07.472 -> C,modifier,15
14:57:07.472 -> C,engage_floor,0
14:57:07.472 -> C,loop_us,342
14:57:07.565 -> C,ts_engage_write,567938392
14:57:07.659 -> C,ts_engage_write,568026368
14:57:07.752 -> C,ts_engage_write,568114393
14:57:07.845 -> C,ts_engage_write,568202378
14:57:07.937 -> C,ts_engage_write,568290366
14:57:08.031 -> C,ts_engage_write,568378393
14:57:08.031 -> C,engage_lvl,0
14:57:08.077 -> C,ts_engage_write,568466373
14:57:08.170 -> C,ts_engage_write,568554365
14:57:08.264 -> C,ts_engage_write,568642395
14:57:08.357 -> C,ts_engage_write,568730377
14:57:08.449 -> C,ts_engage_write,568818366
14:57:08.543 -> [FACE] heartbeat
14:57:08.543 -> C,mood_str,50
14:57:08.543 -> C,ts_engage_write,568906548
14:57:08.543 -> C,engage_lvl,0
14:57:08.543 -> C,modifier,15
14:57:08.543 -> C,engage_floor,0
14:57:08.543 -> C,loop_us,351
14:57:08.636 -> C,ts_engage_write,568994364
14:57:08.730 -> C,ts_engage_write,569082361
14:57:08.824 -> C,ts_engage_write,569170393
14:57:08.870 -> C,ts_engage_write,569258375
14:57:08.963 -> C,ts_engage_write,569346366
14:57:09.054 -> C,ts_engage_write,569434400
14:57:09.054 -> C,engage_lvl,0
14:57:09.146 -> C,ts_engage_write,569522372
14:57:09.239 -> C,ts_engage_write,569610401
14:57:09.334 -> C,ts_engage_write,569698377
14:57:09.427 -> C,ts_engage_write,569786367
14:57:09.521 -> C,ts_engage_write,569874397
14:57:09.616 -> [FACE] heartbeat
14:57:09.616 -> C,mood_str,50
14:57:09.616 -> C,ts_engage_write,569962488
14:57:09.616 -> C,engage_lvl,0
14:57:09.616 -> C,modifier,15
14:57:09.616 -> C,engage_floor,0
14:57:09.616 -> C,loop_us,289
14:57:09.663 -> C,ts_engage_write,570050366
14:57:09.756 -> C,ts_engage_write,570138398
14:57:09.848 -> C,ts_engage_write,570226373
14:57:09.940 -> C,ts_engage_write,570314368
14:57:10.034 -> C,ts_engage_write,570402396
14:57:10.126 -> C,ts_engage_write,570490374
14:57:10.126 -> C,engage_lvl,0
14:57:10.219 -> C,ts_engage_write,570578367
14:57:10.312 -> C,ts_engage_write,570666398
14:57:10.404 -> C,ts_engage_write,570754374
14:57:10.497 -> C,ts_engage_write,570842397
14:57:10.544 -> C,ts_engage_write,570930391
14:57:10.638 -> [FACE] heartbeat
14:57:10.638 -> C,mood_str,50
14:57:10.638 -> C,ts_engage_write,571018477
14:57:10.638 -> C,engage_lvl,0
14:57:10.638 -> C,modifier,15
14:57:10.638 -> C,engage_floor,0
14:57:10.638 -> C,loop_us,277
14:57:10.730 -> C,ts_engage_write,571106393
14:57:10.824 -> C,ts_engage_write,571194392
14:57:10.917 -> C,ts_engage_write,571282367
14:57:11.010 -> C,ts_engage_write,571370398
14:57:11.103 -> C,ts_engage_write,571458372
14:57:11.196 -> C,ts_engage_write,571546367
14:57:11.196 -> C,engage_lvl,0
14:57:11.289 -> C,ts_engage_write,571634393
14:57:11.336 -> C,ts_engage_write,571722374
14:57:11.430 -> C,ts_engage_write,571810366
14:57:11.523 -> C,ts_engage_write,571898401
14:57:11.616 -> C,ts_engage_write,571986372
14:57:11.710 -> [FACE] heartbeat
14:57:11.710 -> C,mood_str,50
14:57:11.710 -> C,ts_engage_write,572074470
14:57:11.710 -> C,engage_lvl,0
14:57:11.710 -> C,modifier,15
14:57:11.710 -> C,engage_floor,0
14:57:11.710 -> C,loop_us,273
14:57:11.804 -> C,ts_engage_write,572162398
14:57:11.897 -> C,ts_engage_write,572250372
14:57:11.990 -> C,ts_engage_write,572338366
14:57:12.036 -> C,ts_engage_write,572426399
14:57:12.129 -> C,ts_engage_write,572514371
14:57:12.223 -> C,ts_engage_write,572602394
14:57:12.223 -> C,engage_lvl,0
14:57:12.316 -> C,ts_engage_write,572690394
14:57:12.408 -> C,ts_engage_write,572778367
14:57:12.500 -> C,ts_engage_write,572866400
14:57:12.594 -> C,ts_engage_write,572954372
14:57:12.687 -> C,ts_engage_write,573042366
14:57:12.780 -> [FACE] heartbeat
14:57:12.780 -> C,mood_str,50
14:57:12.780 -> C,ts_engage_write,573130546
14:57:12.780 -> C,engage_lvl,0
14:57:12.780 -> C,modifier,15
14:57:12.780 -> C,engage_floor,0
14:57:12.780 -> C,loop_us,356
14:57:12.827 -> C,ts_engage_write,573218365
14:57:12.921 -> C,ts_engage_write,573306359
14:57:13.015 -> C,ts_engage_write,573394394
14:57:13.109 -> C,ts_engage_write,573482373
14:57:13.201 -> C,ts_engage_write,573570367
14:57:13.295 -> C,ts_engage_write,573658398
14:57:13.295 -> C,engage_lvl,0
14:57:13.388 -> C,ts_engage_write,573746374
14:57:13.480 -> C,ts_engage_write,573834396
14:57:13.573 -> C,ts_engage_write,573922392
14:57:13.619 -> C,ts_engage_write,574010368
14:57:13.714 -> C,ts_engage_write,574098368
14:57:13.808 -> [FACE] heartbeat
14:57:13.808 -> C,mood_str,50
14:57:13.808 -> C,ts_engage_write,574186541
14:57:13.808 -> C,engage_lvl,0
14:57:13.808 -> C,modifier,15
14:57:13.808 -> C,engage_floor,0
14:57:13.808 -> C,loop_us,345
14:57:13.900 -> C,ts_engage_write,574274364
14:57:13.994 -> C,ts_engage_write,574362385
14:57:14.088 -> C,ts_engage_write,574450369
14:57:14.181 -> C,ts_engage_write,574538362
14:57:14.273 -> C,ts_engage_write,574626396
14:57:14.365 -> C,ts_engage_write,574714376
14:57:14.365 -> C,engage_lvl,0
14:57:14.412 -> C,ts_engage_write,574802367
14:57:14.505 -> C,ts_engage_write,574890399
14:57:14.596 -> C,ts_engage_write,574978374
14:57:14.689 -> C,ts_engage_write,575066367
14:57:14.784 -> C,ts_engage_write,575154391
14:57:14.877 -> [FACE] heartbeat
14:57:14.877 -> C,mood_str,50
14:57:14.877 -> C,ts_engage_write,575242501
14:57:14.877 -> C,engage_lvl,0
14:57:14.877 -> C,modifier,15
14:57:14.877 -> C,engage_floor,0
14:57:14.877 -> C,loop_us,301
14:57:14.971 -> C,ts_engage_write,575330362
14:57:15.065 -> C,ts_engage_write,575418397
14:57:15.158 -> C,ts_engage_write,575506373
14:57:15.206 -> C,ts_engage_write,575594368
14:57:15.298 -> C,ts_engage_write,575682397
14:57:15.391 -> C,ts_engage_write,575770375
14:57:15.391 -> C,engage_lvl,0
14:57:15.484 -> C,ts_engage_write,575858397
14:57:15.578 -> C,ts_engage_write,575946393
14:57:15.671 -> C,ts_engage_write,576034367
14:57:15.764 -> C,ts_engage_write,576122399
14:57:15.858 -> C,ts_engage_write,576210371
14:57:15.949 -> [FACE] heartbeat
14:57:15.949 -> C,mood_str,50
14:57:15.949 -> C,ts_engage_write,576298477
14:57:15.949 -> C,engage_lvl,0
14:57:15.949 -> C,modifier,15
14:57:15.949 -> C,engage_floor,0
14:57:15.949 -> C,loop_us,278
14:57:15.996 -> C,ts_engage_write,576386395
14:57:16.087 -> C,ts_engage_write,576474372
14:57:16.179 -> C,ts_engage_write,576562366
14:57:16.273 -> C,ts_engage_write,576650400
14:57:16.366 -> C,ts_engage_write,576738372
14:57:16.459 -> C,ts_engage_write,576826367
14:57:16.459 -> C,engage_lvl,0
14:57:16.551 -> C,ts_engage_write,576914401
14:57:16.644 -> C,ts_engage_write,577002372
14:57:16.736 -> C,ts_engage_write,577090367
14:57:16.831 -> C,ts_engage_write,577178399
14:57:16.880 -> C,ts_engage_write,577266371
14:57:16.973 -> [FACE] heartbeat
14:57:16.973 -> C,mood_str,50
14:57:16.973 -> C,ts_engage_write,577354476
14:57:16.973 -> C,engage_lvl,0
14:57:16.973 -> C,modifier,15
14:57:16.973 -> C,engage_floor,0
14:57:16.973 -> C,loop_us,278
14:57:17.066 -> C,ts_engage_write,577442398
14:57:17.159 -> C,ts_engage_write,577530372
14:57:17.252 -> C,ts_engage_write,577618393
14:57:17.345 -> C,ts_engage_write,577706381
14:57:17.439 -> C,ts_engage_write,577794366
14:57:17.531 -> C,ts_engage_write,577882401
14:57:17.531 -> C,engage_lvl,0
14:57:17.626 -> C,ts_engage_write,577970373
14:57:17.672 -> C,ts_engage_write,578058365
14:57:17.763 -> C,ts_engage_write,578146400
14:57:17.856 -> C,ts_engage_write,578234372
14:57:17.949 -> C,ts_engage_write,578322366
14:57:18.041 -> [FACE] heartbeat
14:57:18.041 -> C,mood_str,50
14:57:18.041 -> C,ts_engage_write,578410540
14:57:18.041 -> C,engage_lvl,0
14:57:18.041 -> C,modifier,15
14:57:18.041 -> C,engage_floor,0
14:57:18.041 -> C,loop_us,344
14:57:18.134 -> C,ts_engage_write,578498365
14:57:18.227 -> C,ts_engage_write,578586359
14:57:18.321 -> C,ts_engage_write,578674396
14:57:18.415 -> C,ts_engage_write,578762373
14:57:18.462 -> C,ts_engage_write,578850397
14:57:18.554 -> C,ts_engage_write,578938392
14:57:18.554 -> C,engage_lvl,0
14:57:18.648 -> C,ts_engage_write,579026367
14:57:18.742 -> C,ts_engage_write,579114396
14:57:18.836 -> C,ts_engage_write,579202372
14:57:18.928 -> C,ts_engage_write,579290367
14:57:19.021 -> C,ts_engage_write,579378393
14:57:19.114 -> [FACE] heartbeat
14:57:19.114 -> C,mood_str,50
14:57:19.114 -> C,ts_engage_write,579466475
14:57:19.114 -> C,engage_lvl,0
14:57:19.114 -> C,modifier,15
14:57:19.114 -> C,engage_floor,0
14:57:19.114 -> C,loop_us,279
14:57:19.207 -> C,ts_engage_write,579554364
14:57:19.253 -> C,ts_engage_write,579642399
14:57:19.345 -> C,ts_engage_write,579730373
14:57:19.438 -> C,ts_engage_write,579818368
14:57:19.530 -> C,ts_engage_write,579906400
14:57:19.622 -> C,ts_engage_write,579994373
14:57:19.622 -> C,engage_lvl,0
14:57:19.715 -> C,ts_engage_write,580082367
14:57:19.809 -> C,ts_engage_write,580170398
14:57:19.902 -> C,ts_engage_write,580258371
14:57:19.995 -> C,ts_engage_write,580346368
14:57:20.043 -> C,ts_engage_write,580434397
14:57:20.135 -> [FACE] heartbeat
14:57:20.135 -> C,mood_str,50
14:57:20.135 -> C,ts_engage_write,580522483
14:57:20.135 -> C,engage_lvl,0
14:57:20.135 -> C,modifier,15
14:57:20.135 -> C,engage_floor,0
14:57:20.135 -> C,loop_us,285
14:57:20.228 -> C,ts_engage_write,580610392
14:57:20.322 -> C,ts_engage_write,580698377
14:57:20.414 -> C,ts_engage_write,580786366
14:57:20.510 -> C,ts_engage_write,580874401
14:57:20.604 -> C,ts_engage_write,580962372
14:57:20.696 -> C,ts_engage_write,581050367
14:57:20.696 -> C,engage_lvl,0
14:57:20.789 -> C,ts_engage_write,581138398
14:57:20.836 -> C,ts_engage_write,581226372
14:57:20.928 -> C,ts_engage_write,581314366
14:57:21.021 -> C,ts_engage_write,581402399
14:57:21.112 -> C,ts_engage_write,581490371
14:57:21.205 -> [FACE] heartbeat
14:57:21.205 -> C,mood_str,50
14:57:21.205 -> C,ts_engage_write,581578475
14:57:21.205 -> C,engage_lvl,0
14:57:21.205 -> C,modifier,15
14:57:21.205 -> C,engage_floor,0
14:57:21.205 -> C,loop_us,277
14:57:21.298 -> C,ts_engage_write,581666399
14:57:21.393 -> C,ts_engage_write,581754375
14:57:21.484 -> C,ts_engage_write,581842399
14:57:21.578 -> C,ts_engage_write,581930393
14:57:21.672 -> C,ts_engage_write,582018366
14:57:21.720 -> C,ts_engage_write,582106394
14:57:21.720 -> C,engage_lvl,0
14:57:21.812 -> C,ts_engage_write,582194389
14:57:21.906 -> C,ts_engage_write,582282367
14:57:21.999 -> C,ts_engage_write,582370371
14:57:22.093 -> C,ts_engage_write,582458368
14:57:22.185 -> C,ts_engage_write,582546367
14:57:22.278 -> [FACE] heartbeat
14:57:22.278 -> C,mood_str,50
14:57:22.278 -> C,ts_engage_write,582634537
14:57:22.278 -> C,engage_lvl,0
14:57:22.278 -> C,modifier,15
14:57:22.278 -> C,engage_floor,0
14:57:22.278 -> C,loop_us,340
14:57:22.372 -> C,ts_engage_write,582722369
14:57:22.464 -> C,ts_engage_write,582810359
14:57:22.510 -> C,ts_engage_write,582898396
14:57:22.603 -> C,ts_engage_write,582986372
14:57:22.695 -> C,ts_engage_write,583074363
14:57:22.786 -> C,ts_engage_write,583162392
14:57:22.786 -> C,engage_lvl,0
14:57:22.877 -> C,ts_engage_write,583250373
14:57:22.968 -> C,ts_engage_write,583338367
14:57:23.059 -> C,ts_engage_write,583426366
14:57:23.151 -> C,ts_engage_write,583514366
14:57:23.245 -> C,ts_engage_write,583602387
14:57:23.338 -> [FACE] heartbeat
14:57:23.338 -> C,mood_str,50
14:57:23.338 -> C,ts_engage_write,583690486
14:57:23.338 -> C,engage_lvl,0
14:57:23.338 -> C,modifier,15
14:57:23.338 -> C,engage_floor,0
14:57:23.338 -> C,loop_us,288
14:57:23.431 -> C,ts_engage_write,583778365
14:57:23.478 -> C,ts_engage_write,583866398
14:57:23.572 -> C,ts_engage_write,583954373
14:57:23.665 -> C,ts_engage_write,584042368
14:57:23.759 -> C,ts_engage_write,584130391
14:57:23.851 -> C,ts_engage_write,584218374
14:57:23.851 -> C,engage_lvl,0
14:57:23.945 -> C,ts_engage_write,584306367
14:57:24.038 -> C,ts_engage_write,584394367
14:57:24.131 -> C,ts_engage_write,584482366
14:57:24.178 -> C,ts_engage_write,584570368
14:57:24.269 -> C,ts_engage_write,584658391
14:57:24.362 -> [FACE] heartbeat
14:57:24.362 -> C,mood_str,50
14:57:24.362 -> C,ts_engage_write,584746483
14:57:24.362 -> C,engage_lvl,0
14:57:24.362 -> C,modifier,15
14:57:24.362 -> C,engage_floor,0
14:57:24.362 -> C,loop_us,294
14:57:24.456 -> C,ts_engage_write,584834396
14:57:24.548 -> C,ts_engage_write,584922373
14:57:24.643 -> C,ts_engage_write,585010366
14:57:24.736 -> C,ts_engage_write,585098369
14:57:24.830 -> C,ts_engage_write,585186391
14:57:24.922 -> C,ts_engage_write,585274373
14:57:24.922 -> C,engage_lvl,0
14:57:25.015 -> C,ts_engage_write,585362366
14:57:25.061 -> C,ts_engage_write,585450368
14:57:25.152 -> C,ts_engage_write,585538367
14:57:25.244 -> C,ts_engage_write,585626392
14:57:25.337 -> C,ts_engage_write,585714376
14:57:25.430 -> [FACE] heartbeat
14:57:25.430 -> C,mood_str,50
14:57:25.430 -> C,ts_engage_write,585802476
14:57:25.430 -> C,engage_lvl,0
14:57:25.430 -> C,modifier,15
14:57:25.430 -> C,engage_floor,0
14:57:25.430 -> C,loop_us,277
14:57:25.523 -> C,ts_engage_write,585890395
14:57:25.616 -> C,ts_engage_write,585978374
14:57:25.709 -> C,ts_engage_write,586066366
14:57:25.801 -> C,ts_engage_write,586154396
14:57:25.895 -> C,ts_engage_write,586242373
14:57:25.943 -> C,ts_engage_write,586330368
14:57:25.943 -> C,engage_lvl,0
14:57:26.035 -> C,ts_engage_write,586418366
14:57:26.128 -> C,ts_engage_write,586506367
14:57:26.220 -> C,ts_engage_write,586594367
14:57:26.312 -> C,ts_engage_write,586682394
14:57:26.406 -> C,ts_engage_write,586770373
14:57:26.498 -> [FACE] heartbeat
14:57:26.498 -> C,mood_str,50
14:57:26.498 -> C,ts_engage_write,586858541
14:57:26.498 -> C,engage_lvl,0
14:57:26.498 -> C,modifier,15
14:57:26.498 -> C,engage_floor,0
14:57:26.498 -> C,loop_us,351
14:57:26.591 -> C,ts_engage_write,586946366
14:57:26.685 -> C,ts_engage_write,587034364
14:57:26.731 -> C,ts_engage_write,587122385
14:57:26.825 -> C,ts_engage_write,587210376
14:57:26.919 -> C,ts_engage_write,587298365
14:57:27.011 -> C,ts_engage_write,587386366
14:57:27.011 -> C,engage_lvl,0
14:57:27.105 -> C,ts_engage_write,587474365
14:57:27.198 -> C,ts_engage_write,587562367
14:57:27.290 -> C,ts_engage_write,587650387
14:57:27.384 -> C,ts_engage_write,587738376
14:57:27.477 -> C,ts_engage_write,587826365
14:57:27.524 -> [FACE] heartbeat
14:57:27.524 -> C,mood_str,50
14:57:27.524 -> C,ts_engage_write,587914537
14:57:27.524 -> C,engage_lvl,0
14:57:27.524 -> C,modifier,15
14:57:27.524 -> C,engage_floor,0
14:57:27.524 -> C,loop_us,339
14:57:27.616 -> C,ts_engage_write,588002365
14:57:27.708 -> C,ts_engage_write,588090364
14:57:27.801 -> C,ts_engage_write,588178386
14:57:27.894 -> C,ts_engage_write,588266375
14:57:27.988 -> C,ts_engage_write,588354363
14:57:28.081 -> C,ts_engage_write,588442367
14:57:28.081 -> C,engage_lvl,0
14:57:28.175 -> C,ts_engage_write,588530364
14:57:28.269 -> C,ts_engage_write,588618388
14:57:28.315 -> C,ts_engage_write,588706377
14:57:28.408 -> C,ts_engage_write,588794368
14:57:28.499 -> C,ts_engage_write,588882397
14:57:28.593 -> [FACE] heartbeat
14:57:28.593 -> C,mood_str,50
14:57:28.593 -> C,ts_engage_write,588970475
14:57:28.593 -> C,engage_lvl,0
14:57:28.593 -> C,modifier,15
14:57:28.593 -> C,engage_floor,0
14:57:28.593 -> C,loop_us,286
14:57:28.688 -> C,ts_engage_write,589058365
14:57:28.781 -> C,ts_engage_write,589146392
14:57:28.875 -> C,ts_engage_write,589234373
14:57:28.968 -> C,ts_engage_write,589322368
14:57:29.060 -> C,ts_engage_write,589410366
14:57:29.107 -> C,ts_engage_write,589498367
14:57:29.107 -> C,engage_lvl,0
14:57:29.199 -> C,ts_engage_write,589586367
14:57:29.293 -> C,ts_engage_write,589674392
14:57:29.385 -> C,ts_engage_write,589762375
14:57:29.478 -> C,ts_engage_write,589850398
14:57:29.570 -> C,ts_engage_write,589938372
14:57:29.663 -> [FACE] heartbeat
14:57:29.663 -> C,mood_str,50
14:57:29.663 -> C,ts_engage_write,590026474
14:57:29.663 -> C,engage_lvl,0
14:57:29.663 -> C,modifier,15
14:57:29.663 -> C,engage_floor,0
14:57:29.663 -> C,loop_us,277
14:57:29.754 -> C,ts_engage_write,590114394
14:57:29.847 -> C,ts_engage_write,590202373
14:57:29.940 -> C,ts_engage_write,590290366
14:57:29.988 -> C,ts_engage_write,590378368
14:57:30.080 -> C,ts_engage_write,590466367
14:57:30.173 -> C,ts_engage_write,590554367
14:57:30.173 -> C,engage_lvl,0
14:57:30.266 -> C,ts_engage_write,590642391
14:57:30.359 -> C,ts_engage_write,590730374
14:57:30.453 -> C,ts_engage_write,590818366
14:57:30.545 -> C,ts_engage_write,590906397
14:57:30.638 -> C,ts_engage_write,590994372
14:57:30.731 -> [FACE] heartbeat
14:57:30.731 -> C,mood_str,50
14:57:30.731 -> C,ts_engage_write,591082478
14:57:30.731 -> C,engage_lvl,0
14:57:30.731 -> C,modifier,15
14:57:30.731 -> C,engage_floor,0
14:57:30.731 -> C,loop_us,276
14:57:30.779 -> C,ts_engage_write,591170392
14:57:30.872 -> C,ts_engage_write,591258373
14:57:30.966 -> C,ts_engage_write,591346366
14:57:31.060 -> C,ts_engage_write,591434368
14:57:31.153 -> C,ts_engage_write,591522367
14:57:31.246 -> C,ts_engage_write,591610392
14:57:31.246 -> C,engage_lvl,0
14:57:31.337 -> C,ts_engage_write,591698374
14:57:31.429 -> C,ts_engage_write,591786368
14:57:31.523 -> C,ts_engage_write,591874395
14:57:31.616 -> C,ts_engage_write,591962374
14:57:31.664 -> C,ts_engage_write,592050366
14:57:31.758 -> [FACE] heartbeat
14:57:31.758 -> C,mood_str,50
14:57:31.758 -> C,ts_engage_write,592138534
14:57:31.758 -> C,engage_lvl,0
14:57:31.758 -> C,modifier,15
14:57:31.758 -> C,engage_floor,0
14:57:31.758 -> C,loop_us,335
14:57:31.850 -> C,ts_engage_write,592226366
14:57:31.943 -> C,ts_engage_write,592314361
14:57:32.036 -> C,ts_engage_write,592402361
14:57:32.128 -> C,ts_engage_write,592490361
14:57:32.221 -> C,ts_engage_write,592578361
14:57:32.314 -> C,ts_engage_write,592666384
14:57:32.314 -> C,engage_lvl,0
14:57:32.407 -> C,ts_engage_write,592754370
14:57:32.454 -> C,ts_engage_write,592842393
14:57:32.547 -> C,ts_engage_write,592930369
14:57:32.639 -> C,ts_engage_write,593018363
14:57:32.733 -> C,ts_engage_write,593106392
14:57:32.826 -> [FACE] heartbeat
14:57:32.826 -> C,mood_str,50
14:57:32.826 -> C,ts_engage_write,593194482
14:57:32.826 -> C,engage_lvl,0
14:57:32.826 -> C,modifier,15
14:57:32.826 -> C,engage_floor,0
14:57:32.826 -> C,loop_us,283
14:57:32.918 -> C,ts_engage_write,593282365
14:57:33.011 -> C,ts_engage_write,593370367
14:57:33.105 -> C,ts_engage_write,593458366
14:57:33.199 -> C,ts_engage_write,593546367
14:57:33.245 -> C,ts_engage_write,593634390
14:57:33.336 -> C,ts_engage_write,593722377
14:57:33.336 -> C,engage_lvl,0
14:57:33.430 -> C,ts_engage_write,593810367
14:57:33.523 -> C,ts_engage_write,593898397
14:57:33.615 -> C,ts_engage_write,593986373
14:57:33.712 -> C,ts_engage_write,594074367
14:57:33.804 -> C,ts_engage_write,594162392
14:57:33.897 -> [FACE] heartbeat
14:57:33.897 -> C,mood_str,50
14:57:33.897 -> C,ts_engage_write,594250483
14:57:33.897 -> C,engage_lvl,0
14:57:33.897 -> C,modifier,15
14:57:33.897 -> C,engage_floor,0
14:57:33.897 -> C,loop_us,284
14:57:33.990 -> C,ts_engage_write,594338365
14:57:34.036 -> C,ts_engage_write,594426367
14:57:34.128 -> C,ts_engage_write,594514366
14:57:34.221 -> C,ts_engage_write,594602394
14:57:34.312 -> C,ts_engage_write,594690373
14:57:34.406 -> C,ts_engage_write,594778368
14:57:34.406 -> C,engage_lvl,0
14:57:34.499 -> C,ts_engage_write,594866395
14:57:34.591 -> C,ts_engage_write,594954374
14:57:34.685 -> C,ts_engage_write,595042367
14:57:34.779 -> C,ts_engage_write,595130393
14:57:34.871 -> C,ts_engage_write,595218373
14:57:34.917 -> [FACE] heartbeat
14:57:34.917 -> C,mood_str,50
14:57:34.917 -> C,ts_engage_write,595306468
14:57:34.917 -> C,engage_lvl,0
14:57:34.917 -> C,modifier,15
14:57:34.917 -> C,engage_floor,0
14:57:34.917 -> C,loop_us,278
14:57:35.010 -> C,ts_engage_write,595394365
14:57:35.103 -> C,ts_engage_write,595482367
14:57:35.195 -> C,ts_engage_write,595570367
14:57:35.287 -> C,ts_engage_write,595658392
14:57:35.382 -> C,ts_engage_write,595746373
14:57:35.473 -> C,ts_engage_write,595834397
14:57:35.473 -> C,engage_lvl,0
14:57:35.565 -> C,ts_engage_write,595922373
14:57:35.659 -> C,ts_engage_write,596010367
14:57:35.707 -> C,ts_engage_write,596098367
14:57:35.802 -> C,ts_engage_write,596186393
14:57:35.895 -> C,ts_engage_write,596274372
14:57:35.989 -> [FACE] heartbeat
14:57:35.989 -> C,mood_str,50
14:57:35.989 -> C,ts_engage_write,596362474
14:57:35.989 -> C,engage_lvl,0
14:57:35.989 -> C,modifier,15
14:57:35.989 -> C,engage_floor,0
14:57:35.989 -> C,loop_us,275
14:57:36.082 -> C,ts_engage_write,596450365
14:57:36.174 -> C,ts_engage_write,596538367
14:57:36.268 -> C,ts_engage_write,596626390
14:57:36.361 -> C,ts_engage_write,596714374
14:57:36.454 -> C,ts_engage_write,596802367
14:57:36.500 -> C,ts_engage_write,596890397
14:57:36.500 -> C,engage_lvl,0
14:57:36.594 -> C,ts_engage_write,596978373
14:57:36.686 -> C,ts_engage_write,597066367
14:57:36.778 -> C,ts_engage_write,597154392
14:57:36.872 -> C,ts_engage_write,597242374
14:57:36.966 -> C,ts_engage_write,597330367
14:57:37.060 -> [FACE] heartbeat
14:57:37.060 -> C,mood_str,50
14:57:37.060 -> C,ts_engage_write,597418474
14:57:37.060 -> C,engage_lvl,0
14:57:37.060 -> C,modifier,15
14:57:37.060 -> C,engage_floor,0
14:57:37.060 -> C,loop_us,273
14:57:37.154 -> C,ts_engage_write,597506365
14:57:37.247 -> C,ts_engage_write,597594367
14:57:37.293 -> C,ts_engage_write,597682390
14:57:37.385 -> C,ts_engage_write,597770377
14:57:37.478 -> C,ts_engage_write,597858396
14:57:37.571 -> C,ts_engage_write,597946375
14:57:37.571 -> C,engage_lvl,0
14:57:37.664 -> C,ts_engage_write,598034366
14:57:37.757 -> C,ts_engage_write,598122394
14:57:37.849 -> C,ts_engage_write,598210372
14:57:37.943 -> C,ts_engage_write,598298367
14:57:38.038 -> C,ts_engage_write,598386367
14:57:38.084 -> [FACE] heartbeat
14:57:38.084 -> C,mood_str,50
14:57:38.084 -> C,ts_engage_write,598474485
14:57:38.084 -> C,engage_lvl,0
14:57:38.084 -> C,modifier,15
14:57:38.084 -> C,engage_floor,0
14:57:38.084 -> C,loop_us,279
14:57:38.176 -> C,ts_engage_write,598562365
14:57:38.269 -> C,ts_engage_write,598650395
14:57:38.363 -> C,ts_engage_write,598738373
14:57:38.456 -> C,ts_engage_write,598826367
14:57:38.548 -> C,ts_engage_write,598914396
14:57:38.642 -> C,ts_engage_write,599002374
14:57:38.642 -> C,engage_lvl,0
14:57:38.736 -> C,ts_engage_write,599090366
14:57:38.829 -> C,ts_engage_write,599178394
14:57:38.875 -> C,ts_engage_write,599266373
14:57:38.968 -> C,ts_engage_write,599354367
14:57:39.060 -> C,ts_engage_write,599442366
14:57:39.152 -> [FACE] heartbeat
14:57:39.152 -> C,mood_str,50
14:57:39.152 -> C,ts_engage_write,599530455
14:57:39.152 -> C,engage_lvl,0
14:57:39.152 -> C,modifier,15
14:57:39.152 -> C,engage_floor,0
14:57:39.152 -> C,loop_us,231
14:57:39.245 -> C,ts_engage_write,599618385
14:57:39.336 -> C,ts_engage_write,599706373
14:57:39.429 -> C,ts_engage_write,599794367
14:57:39.522 -> C,ts_engage_write,599882396
14:57:39.614 -> C,ts_engage_write,599970373
14:57:39.708 -> C,ts_engage_write,600058366
14:57:39.708 -> C,engage_lvl,0
14:57:39.800 -> C,ts_engage_write,600146394
14:57:39.848 -> C,ts_engage_write,600234372
14:57:39.942 -> C,ts_engage_write,600322367
14:57:40.037 -> C,dom_touch,53
14:57:40.037 -> C,dom_sec,0
14:57:40.037 -> [MEM] tick: records=4 strength=53
14:57:40.037 -> C,rec_count,4
14:57:40.037 -> C,ts_engage_write,600410523
14:57:40.130 -> C,ts_engage_write,600498369
14:57:40.224 -> [FACE] heartbeat
14:57:40.224 -> C,mood_str,50
14:57:40.224 -> C,ts_engage_write,600586477
14:57:40.224 -> C,engage_lvl,0
14:57:40.224 -> C,modifier,15
14:57:40.224 -> C,engage_floor,0
14:57:40.224 -> C,loop_us,279
14:57:40.318 -> C,ts_engage_write,600674392
14:57:40.413 -> C,ts_engage_write,600762373
14:57:40.460 -> C,ts_engage_write,600850396
14:57:40.551 -> C,ts_engage_write,600938374
14:57:40.645 -> C,ts_engage_write,601026366
14:57:40.739 -> C,ts_engage_write,601114394
14:57:40.739 -> C,engage_lvl,0
14:57:40.832 -> C,ts_engage_write,601202373
14:57:40.926 -> C,ts_engage_write,601290367
14:57:41.018 -> C,ts_engage_write,601378366
14:57:41.113 -> C,ts_engage_write,601466368
14:57:41.205 -> C,ts_engage_write,601554367
14:57:41.251 -> [FACE] heartbeat
14:57:41.251 -> C,mood_str,50
14:57:41.251 -> C,ts_engage_write,601642536
14:57:41.251 -> C,engage_lvl,0
14:57:41.251 -> C,modifier,15
14:57:41.251 -> C,engage_floor,0
14:57:41.251 -> C,loop_us,348
14:57:41.345 -> C,ts_engage_write,601730368
14:57:41.438 -> C,ts_engage_write,601818363
14:57:41.530 -> C,ts_engage_write,601906394
14:57:41.624 -> C,ts_engage_write,601994373
14:57:41.717 -> C,ts_engage_write,602082366
14:57:41.811 -> C,ts_engage_write,602170394
14:57:41.811 -> C,engage_lvl,0
14:57:41.902 -> C,ts_engage_write,602258371
14:57:41.996 -> C,ts_engage_write,602346367
14:57:42.042 -> C,ts_engage_write,602434366
14:57:42.135 -> C,ts_engage_write,602522366
14:57:42.227 -> C,ts_engage_write,602610393
14:57:42.318 -> [FACE] heartbeat
14:57:42.318 -> C,mood_str,50
14:57:42.318 -> C,ts_engage_write,602698487
14:57:42.318 -> C,engage_lvl,0
14:57:42.318 -> C,modifier,15
14:57:42.318 -> C,engage_floor,0
14:57:42.318 -> C,loop_us,288
14:57:42.410 -> C,ts_engage_write,602786365
14:57:42.502 -> C,ts_engage_write,602874398
14:57:42.595 -> C,ts_engage_write,602962373
14:57:42.690 -> C,ts_engage_write,603050367
14:57:42.782 -> C,ts_engage_write,603138391
14:57:42.877 -> C,ts_engage_write,603226374
14:57:42.877 -> C,engage_lvl,0
14:57:42.923 -> C,ts_engage_write,603314367
14:57:43.016 -> C,ts_engage_write,603402367
14:57:43.109 -> C,ts_engage_write,603490366
14:57:43.200 -> C,ts_engage_write,603578368
14:57:43.293 -> C,ts_engage_write,603666391
14:57:43.386 -> [FACE] heartbeat
14:57:43.386 -> C,mood_str,50
14:57:43.386 -> C,ts_engage_write,603754483
14:57:43.386 -> C,engage_lvl,0
14:57:43.386 -> C,modifier,15
14:57:43.386 -> C,engage_floor,0
14:57:43.386 -> C,loop_us,282
14:57:43.480 -> C,ts_engage_write,603842399
14:57:43.574 -> C,ts_engage_write,603930373
14:57:43.668 -> C,ts_engage_write,604018366
14:57:43.714 -> C,ts_engage_write,604106393
14:57:43.807 -> C,ts_engage_write,604194372
14:57:43.901 -> C,ts_engage_write,604285755
14:57:43.901 -> C,engage_lvl,0
14:57:43.994 -> C,ts_engage_write,604373385
14:57:44.088 -> C,ts_engage_write,604461366
14:57:44.181 -> C,ts_engage_write,604549367
14:57:44.274 -> C,ts_engage_write,604637391
14:57:44.369 -> C,ts_engage_write,604725374
14:57:44.464 -> [FACE] heartbeat
14:57:44.464 -> C,mood_str,50
14:57:44.464 -> C,ts_engage_write,604813483
14:57:44.464 -> C,engage_lvl,0
14:57:44.464 -> C,modifier,15
14:57:44.464 -> C,engage_floor,0
14:57:44.464 -> C,loop_us,280
14:57:44.510 -> C,ts_engage_write,604901395
14:57:44.601 -> C,ts_engage_write,604989374
14:57:44.694 -> C,ts_engage_write,605077366
14:57:44.786 -> C,ts_engage_write,605165392
14:57:44.879 -> C,ts_engage_write,605253373
14:57:44.972 -> C,ts_engage_write,605341367
14:57:44.972 -> C,engage_lvl,0
14:57:45.066 -> C,ts_engage_write,605429367
14:57:45.159 -> C,ts_engage_write,605517368
14:57:45.251 -> C,ts_engage_write,605605389
14:57:45.344 -> C,ts_engage_write,605693378
14:57:45.394 -> C,ts_engage_write,605781367
14:57:45.484 -> [FACE] heartbeat
14:57:45.484 -> C,mood_str,50
14:57:45.484 -> C,ts_engage_write,605869537
14:57:45.484 -> C,engage_lvl,0
14:57:45.484 -> C,modifier,15
14:57:45.484 -> C,engage_floor,0
14:57:45.484 -> C,loop_us,339
14:57:45.577 -> C,ts_engage_write,605957370
14:57:45.670 -> C,ts_engage_write,606045363
14:57:45.763 -> C,ts_engage_write,606133391
14:57:45.857 -> C,ts_engage_write,606221374
14:57:45.950 -> C,ts_engage_write,606309365
14:57:46.043 -> C,ts_engage_write,606397366
14:57:46.043 -> C,engage_lvl,0
14:57:46.136 -> C,ts_engage_write,606485365
14:57:46.181 -> C,ts_engage_write,606573367
14:57:46.274 -> C,ts_engage_write,606661389
14:57:46.367 -> C,ts_engage_write,606749374
14:57:46.460 -> C,ts_engage_write,606837392
14:57:46.553 -> [FACE] heartbeat
14:57:46.553 -> C,mood_str,50
14:57:46.553 -> C,ts_engage_write,606925487
14:57:46.553 -> C,engage_lvl,0
14:57:46.553 -> C,modifier,15
14:57:46.553 -> C,engage_floor,0
14:57:46.553 -> C,loop_us,287
14:57:46.646 -> C,ts_engage_write,607013363
14:57:46.740 -> C,ts_engage_write,607101394
14:57:46.831 -> C,ts_engage_write,607189375
14:57:46.926 -> C,ts_engage_write,607277367
14:57:47.018 -> C,ts_engage_write,607365366
14:57:47.064 -> C,ts_engage_write,607453367
14:57:47.064 -> C,engage_lvl,0
14:57:47.156 -> C,ts_engage_write,607541367
14:57:47.248 -> C,ts_engage_write,607629390
14:57:47.341 -> C,ts_engage_write,607717375
14:57:47.433 -> C,ts_engage_write,607805368
14:57:47.526 -> C,ts_engage_write,607893392
14:57:47.618 -> [FACE] heartbeat
14:57:47.618 -> C,mood_str,50
14:57:47.618 -> C,ts_engage_write,607981488
14:57:47.618 -> C,engage_lvl,0
14:57:47.618 -> C,modifier,15
14:57:47.618 -> C,engage_floor,0
14:57:47.618 -> C,loop_us,288
14:57:47.711 -> C,ts_engage_write,608069365
14:57:47.806 -> C,ts_engage_write,608157394
14:57:47.898 -> C,ts_engage_write,608245374
14:57:47.944 -> C,ts_engage_write,608333368
14:57:48.038 -> C,ts_engage_write,608421366
14:57:48.131 -> C,ts_engage_write,608509367
14:57:48.131 -> C,engage_lvl,0
14:57:48.224 -> C,ts_engage_write,608597367
14:57:48.318 -> C,ts_engage_write,608685391
14:57:48.410 -> C,ts_engage_write,608773374
14:57:48.504 -> C,ts_engage_write,608861394
14:57:48.598 -> C,ts_engage_write,608949374
14:57:48.645 -> [FACE] heartbeat
14:57:48.645 -> C,mood_str,50
14:57:48.645 -> C,ts_engage_write,609037477
14:57:48.645 -> C,engage_lvl,0
14:57:48.645 -> C,modifier,15
14:57:48.645 -> C,engage_floor,0
14:57:48.645 -> C,loop_us,280
14:57:48.739 -> C,ts_engage_write,609125392
14:57:48.831 -> C,ts_engage_write,609213375
14:57:48.924 -> C,ts_engage_write,609301366
14:57:49.017 -> C,ts_engage_write,609389368
14:57:49.110 -> C,ts_engage_write,609477367
14:57:49.204 -> C,ts_engage_write,609565367
14:57:49.204 -> C,engage_lvl,0
14:57:49.298 -> C,ts_engage_write,609653393
14:57:49.391 -> C,ts_engage_write,609741377
14:57:49.437 -> C,ts_engage_write,609829366
14:57:49.530 -> C,ts_engage_write,609917389
14:57:49.622 -> C,ts_engage_write,610005373
14:57:49.714 -> [FACE] heartbeat
14:57:49.714 -> C,mood_str,50
14:57:49.714 -> C,ts_engage_write,610093466
14:57:49.714 -> C,engage_lvl,0
14:57:49.714 -> C,modifier,15
14:57:49.714 -> C,engage_floor,0
14:57:49.714 -> C,loop_us,281
14:57:49.806 -> C,ts_engage_write,610181393
14:57:49.899 -> C,ts_engage_write,610269374
14:57:49.991 -> C,ts_engage_write,610357367
14:57:50.084 -> C,ts_engage_write,610445368
14:57:50.177 -> C,ts_engage_write,610533367
14:57:50.270 -> C,ts_engage_write,610621389
14:57:50.270 -> C,engage_lvl,0
14:57:50.363 -> C,ts_engage_write,610709375
14:57:50.410 -> C,ts_engage_write,610797369
14:57:50.504 -> C,ts_engage_write,610885392
14:57:50.598 -> C,ts_engage_write,610973375
14:57:50.690 -> C,ts_engage_write,611061366
14:57:50.783 -> [FACE] heartbeat
14:57:50.783 -> C,mood_str,50
14:57:50.783 -> C,ts_engage_write,611149525
14:57:50.783 -> C,engage_lvl,0
14:57:50.783 -> C,modifier,15
14:57:50.783 -> C,engage_floor,0
14:57:50.783 -> C,loop_us,328
14:57:50.876 -> C,ts_engage_write,611237368
14:57:50.968 -> C,ts_engage_write,611325359
14:57:51.062 -> C,ts_engage_write,611413362
14:57:51.109 -> C,ts_engage_write,611501359
14:57:51.203 -> C,ts_engage_write,611589362
14:57:51.294 -> C,ts_engage_write,611677385
14:57:51.294 -> C,engage_lvl,0
14:57:51.386 -> C,ts_engage_write,611765373
14:57:51.478 -> C,ts_engage_write,611853388
14:57:51.569 -> C,ts_engage_write,611941371
14:57:51.662 -> C,ts_engage_write,612029363
14:57:51.757 -> C,ts_engage_write,612117392
14:57:51.851 -> [FACE] heartbeat
14:57:51.851 -> C,mood_str,50
14:57:51.851 -> C,ts_engage_write,612205465
14:57:51.851 -> C,engage_lvl,0
14:57:51.851 -> C,modifier,15
14:57:51.851 -> C,engage_floor,0
14:57:51.851 -> C,loop_us,275
14:57:51.943 -> C,ts_engage_write,612293362
14:57:51.990 -> C,ts_engage_write,612381367
14:57:52.083 -> C,ts_engage_write,612469366
14:57:52.177 -> C,ts_engage_write,612557367
14:57:52.270 -> C,ts_engage_write,612645389
14:57:52.364 -> C,ts_engage_write,612733376
14:57:52.364 -> C,engage_lvl,0
14:57:52.459 -> C,ts_engage_write,612821367
14:57:52.554 -> C,ts_engage_write,612909393
14:57:52.647 -> C,ts_engage_write,612997374
14:57:52.693 -> C,ts_engage_write,613085367
14:57:52.784 -> C,ts_engage_write,613173393
14:57:52.879 -> [FACE] heartbeat
14:57:52.879 -> C,mood_str,50
14:57:52.879 -> C,ts_engage_write,613261466
14:57:52.879 -> C,engage_lvl,0
14:57:52.879 -> C,modifier,15
14:57:52.879 -> C,engage_floor,0
14:57:52.879 -> C,loop_us,279
14:57:52.971 -> C,ts_engage_write,613349365
14:57:53.065 -> C,ts_engage_write,613437367
14:57:53.158 -> C,ts_engage_write,613525366
14:57:53.251 -> C,ts_engage_write,613613390
14:57:53.344 -> C,ts_engage_write,613701377
14:57:53.436 -> C,ts_engage_write,613789368
14:57:53.436 -> C,engage_lvl,0
14:57:53.529 -> C,ts_engage_write,613877392
14:57:53.575 -> C,ts_engage_write,613965375
14:57:53.668 -> C,ts_engage_write,614053366
14:57:53.762 -> C,ts_engage_write,614141393
14:57:53.856 -> C,ts_engage_write,614229374
14:57:53.947 -> [FACE] heartbeat
14:57:53.947 -> C,mood_str,50
14:57:53.947 -> C,ts_engage_write,614317463
14:57:53.947 -> C,engage_lvl,0
14:57:53.947 -> C,modifier,15
14:57:53.947 -> C,engage_floor,0
14:57:53.947 -> C,loop_us,263
14:57:54.041 -> C,ts_engage_write,614405361
14:57:54.133 -> C,ts_engage_write,614493367
14:57:54.226 -> C,ts_engage_write,614581367
14:57:54.318 -> C,ts_engage_write,614669391
14:57:54.411 -> C,ts_engage_write,614757374
14:57:54.456 -> C,ts_engage_write,614845396
14:57:54.456 -> C,engage_lvl,0
14:57:54.550 -> C,ts_engage_write,614933374
14:57:54.643 -> C,ts_engage_write,615021367
14:57:54.736 -> C,ts_engage_write,615109391
14:57:54.830 -> C,ts_engage_write,615197376
14:57:54.922 -> C,ts_engage_write,615285366
14:57:55.014 -> [FACE] heartbeat
14:57:55.014 -> C,mood_str,50
14:57:55.014 -> C,ts_engage_write,615373462
14:57:55.014 -> C,engage_lvl,0
14:57:55.014 -> C,modifier,15
14:57:55.014 -> C,engage_floor,0
14:57:55.014 -> C,loop_us,262
14:57:55.108 -> C,ts_engage_write,615461362
14:57:55.200 -> C,ts_engage_write,615549367
14:57:55.247 -> C,ts_engage_write,615637389
14:57:55.341 -> C,ts_engage_write,615725376
14:57:55.433 -> C,ts_engage_write,615813367
14:57:55.526 -> C,ts_engage_write,615901395
14:57:55.526 -> C,engage_lvl,0
14:57:55.618 -> C,ts_engage_write,615989374
14:57:55.710 -> C,ts_engage_write,616077367
14:57:55.803 -> C,ts_engage_write,616165391
14:57:55.897 -> C,ts_engage_write,616253375
14:57:55.991 -> C,ts_engage_write,616341367
14:57:56.037 -> [FACE] heartbeat
14:57:56.037 -> C,mood_str,50
14:57:56.037 -> C,ts_engage_write,616429471
14:57:56.037 -> C,engage_lvl,0
14:57:56.037 -> C,modifier,15
14:57:56.037 -> C,engage_floor,0
14:57:56.037 -> C,loop_us,272
14:57:56.130 -> C,ts_engage_write,616517365
14:57:56.223 -> C,ts_engage_write,616605390
14:57:56.316 -> C,ts_engage_write,616693375
14:57:56.409 -> C,ts_engage_write,616781368
14:57:56.501 -> C,ts_engage_write,616869394
14:57:56.595 -> C,ts_engage_write,616957375
14:57:56.595 -> C,engage_lvl,0
14:57:56.689 -> C,ts_engage_write,617045366
14:57:56.782 -> C,ts_engage_write,617133391
14:57:56.828 -> C,ts_engage_write,617221374
14:57:56.923 -> C,ts_engage_write,617309368
14:57:57.016 -> C,ts_engage_write,617397366
14:57:57.110 -> [FACE] heartbeat
14:57:57.110 -> C,mood_str,50
14:57:57.110 -> C,ts_engage_write,617485477
14:57:57.110 -> C,engage_lvl,0
14:57:57.110 -> C,modifier,15
14:57:57.110 -> C,engage_floor,0
14:57:57.110 -> C,loop_us,277
14:57:57.204 -> C,ts_engage_write,617573365
14:57:57.297 -> C,ts_engage_write,617661390
14:57:57.390 -> C,ts_engage_write,617749377
14:57:57.483 -> C,ts_engage_write,617837396
14:57:57.577 -> C,ts_engage_write,617925373
14:57:57.623 -> C,ts_engage_write,618013367
14:57:57.623 -> C,engage_lvl,0
14:57:57.715 -> C,ts_engage_write,618101392
14:57:57.808 -> C,ts_engage_write,618189375
14:57:57.900 -> C,ts_engage_write,618277366
14:57:57.994 -> C,ts_engage_write,618365368
14:57:58.089 -> C,ts_engage_write,618453367
14:57:58.181 -> [FACE] heartbeat
14:57:58.181 -> C,mood_str,50
14:57:58.181 -> C,ts_engage_write,618541466
14:57:58.181 -> C,engage_lvl,0
14:57:58.181 -> C,modifier,15
14:57:58.181 -> C,engage_floor,0
14:57:58.181 -> C,loop_us,268
14:57:58.274 -> C,ts_engage_write,618629389
14:57:58.367 -> C,ts_engage_write,618717374
14:57:58.413 -> C,ts_engage_write,618805366
14:57:58.506 -> C,ts_engage_write,618893396
14:57:58.600 -> C,ts_engage_write,618981373
14:57:58.691 -> C,ts_engage_write,619069367
14:57:58.691 -> C,engage_lvl,0
14:57:58.784 -> C,ts_engage_write,619157390
14:57:58.878 -> C,ts_engage_write,619245374
14:57:58.969 -> C,ts_engage_write,619333366
14:57:59.062 -> C,ts_engage_write,619421368
14:57:59.157 -> C,ts_engage_write,619509367
14:57:59.249 -> [FACE] heartbeat
14:57:59.249 -> C,mood_str,50
14:57:59.249 -> C,ts_engage_write,619597453
14:57:59.249 -> C,engage_lvl,0
14:57:59.249 -> C,modifier,15
14:57:59.249 -> C,engage_floor,0
14:57:59.249 -> C,loop_us,262
14:57:59.294 -> C,ts_engage_write,619685390
14:57:59.387 -> C,ts_engage_write,619773375
14:57:59.479 -> C,ts_engage_write,619861395
14:57:59.571 -> C,ts_engage_write,619949375
14:57:59.664 -> C,ts_engage_write,620037366
14:57:59.757 -> C,ts_engage_write,620125391
14:57:59.757 -> C,engage_lvl,0
14:57:59.849 -> C,ts_engage_write,620213374
14:57:59.943 -> C,ts_engage_write,620301367
14:58:00.036 -> C,ts_engage_write,620389367
14:58:00.129 -> C,ts_engage_write,620477368
14:58:00.177 -> C,ts_engage_write,620565366
14:58:00.270 -> [FACE] heartbeat
14:58:00.270 -> C,mood_str,50
14:58:00.270 -> C,ts_engage_write,620653525
14:58:00.270 -> C,engage_lvl,0
14:58:00.270 -> C,modifier,15
14:58:00.270 -> C,engage_floor,0
14:58:00.270 -> C,loop_us,328
14:58:00.361 -> C,ts_engage_write,620741365
14:58:00.454 -> C,ts_engage_write,620829360
14:58:00.546 -> C,ts_engage_write,620917389
14:58:00.639 -> C,ts_engage_write,621005373
14:58:00.733 -> C,ts_engage_write,621093366
14:58:00.826 -> C,ts_engage_write,621181390
14:58:00.826 -> C,engage_lvl,0
14:58:00.919 -> C,ts_engage_write,621269374
14:58:00.966 -> C,ts_engage_write,621357367
14:58:01.059 -> C,ts_engage_write,621445366
14:58:01.152 -> C,ts_engage_write,621533366
14:58:01.245 -> C,ts_engage_write,621621390
14:58:01.336 -> [FACE] heartbeat
14:58:01.336 -> C,mood_str,50
14:58:01.336 -> C,ts_engage_write,621709463
14:58:01.336 -> C,engage_lvl,0
14:58:01.336 -> C,modifier,15
14:58:01.336 -> C,engage_floor,0
14:58:01.336 -> C,loop_us,275
14:58:01.430 -> C,ts_engage_write,621797365
14:58:01.524 -> C,ts_engage_write,621885396
14:58:01.616 -> C,ts_engage_write,621973374
14:58:01.709 -> C,ts_engage_write,622061367
14:58:01.757 -> C,ts_engage_write,622149390
14:58:01.850 -> C,ts_engage_write,622237375
14:58:01.850 -> C,engage_lvl,0
14:58:01.943 -> C,ts_engage_write,622325367
14:58:02.037 -> C,ts_engage_write,622413367
14:58:02.131 -> C,ts_engage_write,622501366
14:58:02.223 -> C,ts_engage_write,622589368
14:58:02.316 -> C,ts_engage_write,622677389
14:58:02.409 -> [FACE] heartbeat
14:58:02.409 -> C,mood_str,50
14:58:02.409 -> C,ts_engage_write,622765461
14:58:02.409 -> C,engage_lvl,0
14:58:02.409 -> C,modifier,15
14:58:02.409 -> C,engage_floor,0
14:58:02.409 -> C,loop_us,262
14:58:02.500 -> C,ts_engage_write,622853392
14:58:02.594 -> C,ts_engage_write,622941374
14:58:02.641 -> C,ts_engage_write,623029366
14:58:02.733 -> C,ts_engage_write,623117391
14:58:02.827 -> C,ts_engage_write,623205374
14:58:02.919 -> C,ts_engage_write,623293367
14:58:02.919 -> C,engage_lvl,0
14:58:03.011 -> C,ts_engage_write,623381367
14:58:03.103 -> C,ts_engage_write,623469368
14:58:03.196 -> C,ts_engage_write,623557366
14:58:03.289 -> C,ts_engage_write,623645391
14:58:03.381 -> C,ts_engage_write,623733374
14:58:03.429 -> [FACE] heartbeat
14:58:03.429 -> C,mood_str,50
14:58:03.429 -> C,ts_engage_write,623821455
14:58:03.429 -> C,engage_lvl,0
14:58:03.429 -> C,modifier,15
14:58:03.429 -> C,engage_floor,0
14:58:03.429 -> C,loop_us,256
14:58:03.522 -> C,ts_engage_write,623909391
14:58:03.614 -> C,ts_engage_write,623997374
14:58:03.707 -> C,ts_engage_write,624085366
14:58:03.800 -> C,ts_engage_write,624173392
14:58:03.893 -> C,ts_engage_write,624261373
14:58:03.984 -> C,ts_engage_write,624349367
14:58:03.984 -> C,engage_lvl,0
14:58:04.079 -> C,ts_engage_write,624437367
14:58:04.171 -> C,ts_engage_write,624525368
14:58:04.264 -> C,ts_engage_write,624613389
14:58:04.310 -> C,ts_engage_write,624701376
14:58:04.402 -> C,ts_engage_write,624789367
14:58:04.496 -> [FACE] heartbeat
14:58:04.496 -> C,mood_str,50
14:58:04.496 -> C,ts_engage_write,624877515
14:58:04.496 -> C,engage_lvl,0
14:58:04.496 -> C,modifier,15
14:58:04.496 -> C,engage_floor,0
14:58:04.496 -> C,loop_us,333
14:58:04.589 -> C,ts_engage_write,624965366
14:58:04.682 -> C,ts_engage_write,625053365
14:58:04.776 -> C,ts_engage_write,625141387
14:58:04.868 -> C,ts_engage_write,625229378
14:58:04.960 -> C,ts_engage_write,625317368
14:58:05.054 -> C,ts_engage_write,625405367
14:58:05.054 -> C,engage_lvl,0
14:58:05.100 -> C,ts_engage_write,625493366
14:58:05.194 -> C,ts_engage_write,625581368
14:58:05.289 -> C,ts_engage_write,625669391
14:58:05.381 -> C,ts_engage_write,625757377
14:58:05.474 -> C,ts_engage_write,625845395
14:58:05.567 -> [FACE] heartbeat
14:58:05.567 -> C,mood_str,50
14:58:05.567 -> C,ts_engage_write,625933473
14:58:05.567 -> C,engage_lvl,0
14:58:05.567 -> C,modifier,15
14:58:05.567 -> C,engage_floor,0
14:58:05.567 -> C,loop_us,268
14:58:05.659 -> C,ts_engage_write,626021360
14:58:05.750 -> C,ts_engage_write,626109390
14:58:05.843 -> C,ts_engage_write,626197375
14:58:05.935 -> C,ts_engage_write,626285368
14:58:05.981 -> C,ts_engage_write,626373366
14:58:06.074 -> C,ts_engage_write,626461367
14:58:06.074 -> C,engage_lvl,0
14:58:06.167 -> C,ts_engage_write,626549367
14:58:06.260 -> C,ts_engage_write,626637391
14:58:06.354 -> C,ts_engage_write,626725374
14:58:06.447 -> C,ts_engage_write,626813367
14:58:06.540 -> C,ts_engage_write,626901395
14:58:06.632 -> [FACE] heartbeat
14:58:06.632 -> C,mood_str,50
14:58:06.632 -> C,ts_engage_write,626989481
14:58:06.632 -> C,engage_lvl,0
14:58:06.632 -> C,modifier,15
14:58:06.632 -> C,engage_floor,0
14:58:06.632 -> C,loop_us,274
14:58:06.726 -> C,ts_engage_write,627077360
14:58:06.772 -> C,ts_engage_write,627165391
14:58:06.864 -> C,ts_engage_write,627253374
14:58:06.956 -> C,ts_engage_write,627341368
14:58:07.050 -> C,ts_engage_write,627429366
14:58:07.144 -> C,ts_engage_write,627517367
14:58:07.144 -> C,engage_lvl,0
14:58:07.237 -> C,ts_engage_write,627605390
14:58:07.329 -> C,ts_engage_write,627693375
14:58:07.422 -> C,ts_engage_write,627781366
14:58:07.515 -> C,ts_engage_write,627869396
14:58:07.609 -> C,ts_engage_write,627957373
14:58:07.656 -> [FACE] heartbeat
14:58:07.656 -> C,mood_str,50
14:58:07.656 -> C,ts_engage_write,628045478
14:58:07.656 -> C,engage_lvl,0
14:58:07.656 -> C,modifier,15
14:58:07.656 -> C,engage_floor,0
14:58:07.656 -> C,loop_us,253
14:58:07.748 -> C,ts_engage_write,628133385
14:58:07.842 -> C,ts_engage_write,628221374
14:58:07.935 -> C,ts_engage_write,628309366
14:58:08.029 -> C,ts_engage_write,628397368
14:58:08.121 -> C,ts_engage_write,628485367
14:58:08.213 -> C,ts_engage_write,628573367
14:58:08.213 -> C,engage_lvl,0
14:58:08.306 -> C,ts_engage_write,628661390
14:58:08.397 -> C,ts_engage_write,628749375
14:58:08.444 -> C,ts_engage_write,628837395
14:58:08.536 -> C,ts_engage_write,628925374
14:58:08.630 -> C,ts_engage_write,629013366
14:58:08.722 -> [FACE] heartbeat
14:58:08.722 -> C,mood_str,50
14:58:08.722 -> C,ts_engage_write,629101525
14:58:08.722 -> C,engage_lvl,0
14:58:08.722 -> C,modifier,15
14:58:08.722 -> C,engage_floor,0
14:58:08.722 -> C,loop_us,322
14:58:08.815 -> C,ts_engage_write,629189365
14:58:08.908 -> C,ts_engage_write,629277365
14:58:09.001 -> C,ts_engage_write,629365364
14:58:09.095 -> C,ts_engage_write,629453368
14:58:09.187 -> C,ts_engage_write,629541362
14:58:09.279 -> C,ts_engage_write,629629392
14:58:09.279 -> C,engage_lvl,0
14:58:09.326 -> C,ts_engage_write,629717373
14:58:09.419 -> C,ts_engage_write,629805367
14:58:09.512 -> C,ts_engage_write,629893388
14:58:09.605 -> C,ts_engage_write,629981375
14:58:09.699 -> C,ts_engage_write,630069366
14:58:09.791 -> [FACE] heartbeat
14:58:09.791 -> C,mood_str,50
14:58:09.791 -> C,ts_engage_write,630157516
14:58:09.791 -> C,engage_lvl,0
14:58:09.791 -> C,modifier,15
14:58:09.791 -> C,engage_floor,0
14:58:09.791 -> C,loop_us,295
14:58:09.885 -> C,ts_engage_write,630245368
14:58:09.978 -> C,ts_engage_write,630333364
14:58:10.071 -> C,ts_engage_write,630421363
14:58:10.117 -> C,ts_engage_write,630509364
14:58:10.210 -> C,ts_engage_write,630597362
14:58:10.304 -> C,ts_engage_write,630685388
14:58:10.304 -> C,engage_lvl,0
14:58:10.396 -> C,ts_engage_write,630773370
14:58:10.490 -> C,ts_engage_write,630861364
14:58:10.585 -> C,ts_engage_write,630949363
14:58:10.677 -> C,ts_engage_write,631037364
14:58:10.768 -> C,ts_engage_write,631125389
14:58:10.861 -> [FACE] heartbeat
14:58:10.861 -> C,mood_str,50
14:58:10.861 -> C,ts_engage_write,631213484
14:58:10.861 -> C,engage_lvl,0
14:58:10.861 -> C,modifier,15
14:58:10.861 -> C,engage_floor,0
14:58:10.861 -> C,loop_us,272
14:58:10.954 -> C,ts_engage_write,631301365
14:58:11.000 -> C,ts_engage_write,631389367
14:58:11.093 -> C,ts_engage_write,631477366
14:58:11.185 -> C,ts_engage_write,631565367
14:58:11.278 -> C,ts_engage_write,631653389
14:58:11.371 -> C,ts_engage_write,631741376
14:58:11.371 -> C,engage_lvl,0
14:58:11.463 -> C,ts_engage_write,631829367
14:58:11.559 -> C,ts_engage_write,631917367
14:58:11.653 -> C,ts_engage_write,632005366
14:58:11.745 -> C,ts_engage_write,632093368
14:58:11.792 -> C,ts_engage_write,632181390
14:58:11.885 -> [FACE] heartbeat
14:58:11.885 -> C,mood_str,50
14:58:11.885 -> C,ts_engage_write,632269482
14:58:11.885 -> C,engage_lvl,0
14:58:11.885 -> C,modifier,15
14:58:11.885 -> C,engage_floor,0
14:58:11.885 -> C,loop_us,273
14:58:11.978 -> C,ts_engage_write,632357365
14:58:12.074 -> C,ts_engage_write,632445367
14:58:12.165 -> C,ts_engage_write,632533366
14:58:12.258 -> C,ts_engage_write,632621390
14:58:12.350 -> C,ts_engage_write,632709375
14:58:12.443 -> C,ts_engage_write,632797368
14:58:12.443 -> C,engage_lvl,0
14:58:12.537 -> C,ts_engage_write,632885366
14:58:12.583 -> C,ts_engage_write,632973367
14:58:12.675 -> C,ts_engage_write,633061367
14:58:12.769 -> C,ts_engage_write,633149392
14:58:12.862 -> C,ts_engage_write,633237373
14:58:12.955 -> [FACE] heartbeat
14:58:12.955 -> C,mood_str,50
14:58:12.955 -> C,ts_engage_write,633325474
14:58:12.955 -> C,engage_lvl,0
14:58:12.955 -> C,modifier,15
14:58:12.955 -> C,engage_floor,0
14:58:12.955 -> C,loop_us,274
14:58:13.048 -> C,ts_engage_write,633413365
14:58:13.142 -> C,ts_engage_write,633501367
14:58:13.235 -> C,ts_engage_write,633589366
14:58:13.328 -> C,ts_engage_write,633677390
14:58:13.375 -> C,ts_engage_write,633765378
14:58:13.468 -> C,ts_engage_write,633853368
14:58:13.468 -> C,engage_lvl,0
14:58:13.562 -> C,ts_engage_write,633941366
14:58:13.655 -> C,ts_engage_write,634029367
14:58:13.749 -> C,ts_engage_write,634117391
14:58:13.841 -> C,ts_engage_write,634205375
14:58:13.936 -> C,ts_engage_write,634293366
14:58:14.028 -> [FACE] heartbeat
14:58:14.028 -> C,mood_str,50
14:58:14.028 -> C,ts_engage_write,634381468
14:58:14.028 -> C,engage_lvl,0
14:58:14.028 -> C,modifier,15
14:58:14.028 -> C,engage_floor,0
14:58:14.028 -> C,loop_us,264
14:58:14.121 -> C,ts_engage_write,634469362
14:58:14.168 -> C,ts_engage_write,634557367
14:58:14.262 -> C,ts_engage_write,634645389
14:58:14.355 -> C,ts_engage_write,634733376
14:58:14.448 -> C,ts_engage_write,634821367
14:58:14.542 -> C,ts_engage_write,634909367
14:58:14.542 -> C,engage_lvl,0
14:58:14.635 -> C,ts_engage_write,634997366
14:58:14.727 -> C,ts_engage_write,635085368
14:58:14.819 -> C,ts_engage_write,635173390
14:58:14.913 -> C,ts_engage_write,635261374
14:58:14.959 -> C,ts_engage_write,635349366
14:58:15.055 -> [FACE] heartbeat
14:58:15.055 -> C,mood_str,50
14:58:15.055 -> C,ts_engage_write,635437476
14:58:15.055 -> C,engage_lvl,0
14:58:15.055 -> C,modifier,15
14:58:15.055 -> C,engage_floor,0
14:58:15.055 -> C,loop_us,274
14:58:15.147 -> C,ts_engage_write,635525365
14:58:15.240 -> C,ts_engage_write,635613390
14:58:15.334 -> C,ts_engage_write,635701375
14:58:15.426 -> C,ts_engage_write,635789368
14:58:15.520 -> C,ts_engage_write,635877366
14:58:15.612 -> C,ts_engage_write,635965367
14:58:15.612 -> C,engage_lvl,0
14:58:15.706 -> C,ts_engage_write,636053367
14:58:15.752 -> C,ts_engage_write,636141392
14:58:15.845 -> C,ts_engage_write,636229373
14:58:15.939 -> C,ts_engage_write,636317367
14:58:16.030 -> C,ts_engage_write,636405367
14:58:16.123 -> [FACE] heartbeat
14:58:16.123 -> C,mood_str,50
14:58:16.123 -> C,ts_engage_write,636493476
14:58:16.123 -> C,engage_lvl,0
14:58:16.123 -> C,modifier,15
14:58:16.123 -> C,engage_floor,0
14:58:16.123 -> C,loop_us,271
14:58:16.216 -> C,ts_engage_write,636581360
14:58:16.310 -> C,ts_engage_write,636669391
14:58:16.404 -> C,ts_engage_write,636757375
14:58:16.497 -> C,ts_engage_write,636845367
14:58:16.544 -> C,ts_engage_write,636933366
14:58:16.637 -> C,ts_engage_write,637021368
14:58:16.637 -> C,engage_lvl,0
14:58:16.731 -> C,ts_engage_write,637109389
14:58:16.824 -> C,ts_engage_write,637197375
14:58:16.918 -> C,ts_engage_write,637285366
14:58:17.012 -> C,ts_engage_write,637373368
14:58:17.105 -> C,ts_engage_write,637461367
14:58:17.198 -> [FACE] heartbeat
14:58:17.198 -> C,mood_str,50
14:58:17.198 -> C,ts_engage_write,637549468
14:58:17.198 -> C,engage_lvl,0
14:58:17.198 -> C,modifier,15
14:58:17.198 -> C,engage_floor,0
14:58:17.198 -> C,loop_us,267
14:58:17.245 -> C,ts_engage_write,637637389
14:58:17.338 -> C,ts_engage_write,637725376
14:58:17.430 -> C,ts_engage_write,637813367
14:58:17.522 -> C,ts_engage_write,637901368
14:58:17.615 -> C,ts_engage_write,637989367
14:58:17.709 -> C,ts_engage_write,638077367
14:58:17.709 -> C,engage_lvl,0
14:58:17.801 -> C,ts_engage_write,638165392
14:58:17.894 -> C,ts_engage_write,638253374
14:58:17.987 -> C,ts_engage_write,638341366
14:58:18.080 -> C,ts_engage_write,638429368
14:58:18.127 -> C,ts_engage_write,638517367
14:58:18.221 -> [FACE] heartbeat
14:58:18.221 -> C,mood_str,50
14:58:18.221 -> C,ts_engage_write,638605532
14:58:18.221 -> C,engage_lvl,0
14:58:18.221 -> C,modifier,15
14:58:18.221 -> C,engage_floor,0
14:58:18.221 -> C,loop_us,335
14:58:18.315 -> C,ts_engage_write,638693367
14:58:18.409 -> C,ts_engage_write,638781360
14:58:18.503 -> C,ts_engage_write,638869360
14:58:18.597 -> C,ts_engage_write,638957360
14:58:18.691 -> C,ts_engage_write,639045358
14:58:18.785 -> C,ts_engage_write,639133386
14:58:18.785 -> C,engage_lvl,0
14:58:18.832 -> C,ts_engage_write,639221366
14:58:18.925 -> C,ts_engage_write,639309362
14:58:19.018 -> C,ts_engage_write,639397358
14:58:19.111 -> C,ts_engage_write,639485362
14:58:19.204 -> C,ts_engage_write,639573359
14:58:19.297 -> [FACE] heartbeat
14:58:19.297 -> C,mood_str,50
14:58:19.297 -> C,ts_engage_write,639661520
14:58:19.297 -> C,engage_lvl,0
14:58:19.297 -> C,modifier,15
14:58:19.297 -> C,engage_floor,0
14:58:19.297 -> C,loop_us,322
14:58:19.389 -> C,ts_engage_write,639749366
14:58:19.482 -> C,ts_engage_write,639837364
14:58:19.574 -> C,ts_engage_write,639925361
14:58:19.623 -> C,ts_engage_write,640013364
14:58:19.716 -> C,ts_engage_write,640101384
14:58:19.808 -> C,ts_engage_write,640189377
14:58:19.808 -> C,engage_lvl,0
14:58:19.901 -> C,ts_engage_write,640277367
14:58:19.994 -> C,ts_engage_write,640365367
14:58:20.088 -> C,ts_engage_write,640453366
14:58:20.182 -> C,ts_engage_write,640541368
14:58:20.277 -> C,ts_engage_write,640629390
14:58:20.369 -> [FACE] heartbeat
14:58:20.369 -> C,mood_str,50
14:58:20.369 -> C,ts_engage_write,640717484
14:58:20.369 -> C,engage_lvl,0
14:58:20.369 -> C,modifier,15
14:58:20.369 -> C,engage_floor,0
14:58:20.369 -> C,loop_us,285
14:58:20.415 -> C,ts_engage_write,640805365
14:58:20.508 -> C,ts_engage_write,640893367
14:58:20.600 -> C,ts_engage_write,640981366
14:58:20.693 -> C,ts_engage_write,641069367
14:58:20.787 -> C,ts_engage_write,641157390
14:58:20.880 -> C,ts_engage_write,641245375
14:58:20.880 -> C,engage_lvl,0
14:58:20.972 -> C,ts_engage_write,641333367
14:58:21.065 -> C,ts_engage_write,641421368
14:58:21.157 -> C,ts_engage_write,641509366
14:58:21.204 -> C,ts_engage_write,641597368
14:58:21.297 -> C,ts_engage_write,641685390
14:58:21.389 -> [FACE] heartbeat
14:58:21.389 -> C,mood_str,50
14:58:21.389 -> C,ts_engage_write,641773490
14:58:21.389 -> C,engage_lvl,0
14:58:21.389 -> C,modifier,15
14:58:21.389 -> C,engage_floor,0
14:58:21.389 -> C,loop_us,289
14:58:21.481 -> C,ts_engage_write,641861365
14:58:21.574 -> C,ts_engage_write,641949367
14:58:21.668 -> C,ts_engage_write,642037366
14:58:21.762 -> C,ts_engage_write,642125390
14:58:21.855 -> C,ts_engage_write,642213375
14:58:21.947 -> C,ts_engage_write,642301368
14:58:21.947 -> C,engage_lvl,0
14:58:22.041 -> C,ts_engage_write,642389366
14:58:22.089 -> C,ts_engage_write,642477367
14:58:22.181 -> C,ts_engage_write,642565367
14:58:22.274 -> C,ts_engage_write,642653391
14:58:22.368 -> C,ts_engage_write,642741374
14:58:22.460 -> [FACE] heartbeat
14:58:22.460 -> C,mood_str,50
14:58:22.460 -> C,ts_engage_write,642829468
14:58:22.460 -> C,engage_lvl,0
14:58:22.460 -> C,modifier,15
14:58:22.460 -> C,engage_floor,0
14:58:22.460 -> C,loop_us,277
14:58:22.552 -> C,ts_engage_write,642917365
14:58:22.647 -> C,ts_engage_write,643005367
14:58:22.739 -> C,ts_engage_write,643093366
14:58:22.832 -> C,ts_engage_write,643181391
14:58:22.878 -> C,ts_engage_write,643269374
14:58:22.972 -> C,ts_engage_write,643357368
14:58:22.972 -> C,engage_lvl,0
14:58:23.065 -> C,ts_engage_write,643445366
14:58:23.158 -> C,ts_engage_write,643533367
14:58:23.250 -> C,ts_engage_write,643621390
14:58:23.343 -> C,ts_engage_write,643709375
14:58:23.434 -> C,ts_engage_write,643797366
14:58:23.528 -> [FACE] heartbeat
14:58:23.528 -> C,mood_str,50
14:58:23.528 -> C,ts_engage_write,643885476
14:58:23.528 -> C,engage_lvl,0
14:58:23.528 -> C,modifier,15
14:58:23.528 -> C,engage_floor,0
14:58:23.528 -> C,loop_us,276
14:58:23.621 -> C,ts_engage_write,643973365
14:58:23.713 -> C,ts_engage_write,644061367
14:58:23.759 -> C,ts_engage_write,644149390
14:58:23.851 -> C,ts_engage_write,644237375
14:58:23.944 -> C,ts_engage_write,644325367
14:58:24.039 -> C,ts_engage_write,644413367
14:58:24.039 -> C,engage_lvl,0
14:58:24.132 -> C,ts_engage_write,644501366
14:58:24.225 -> C,ts_engage_write,644589368
14:58:24.317 -> C,ts_engage_write,644677390
14:58:24.413 -> C,ts_engage_write,644765375
14:58:24.505 -> C,ts_engage_write,644853366
14:58:24.551 -> [FACE] heartbeat
14:58:24.551 -> C,mood_str,50
14:58:24.551 -> C,ts_engage_write,644941476
14:58:24.551 -> C,engage_lvl,0
14:58:24.551 -> C,modifier,15
14:58:24.551 -> C,engage_floor,0
14:58:24.551 -> C,loop_us,276
14:58:24.646 -> C,ts_engage_write,645029365
14:58:24.740 -> C,ts_engage_write,645117392
14:58:24.834 -> C,ts_engage_write,645205375
14:58:24.926 -> C,ts_engage_write,645293368
14:58:25.019 -> C,ts_engage_write,645381366
14:58:25.112 -> C,ts_engage_write,645469367
14:58:25.112 -> C,engage_lvl,0
14:58:25.206 -> C,ts_engage_write,645557367
14:58:25.252 -> C,ts_engage_write,645645391
14:58:25.345 -> C,ts_engage_write,645733376
14:58:25.438 -> C,ts_engage_write,645821367
14:58:25.532 -> C,ts_engage_write,645909367
14:58:25.624 -> [FACE] heartbeat
14:58:25.624 -> C,mood_str,50
14:58:25.624 -> C,ts_engage_write,645997476
14:58:25.624 -> C,engage_lvl,0
14:58:25.624 -> C,modifier,15
14:58:25.624 -> C,engage_floor,0
14:58:25.624 -> C,loop_us,277
14:58:25.717 -> C,ts_engage_write,646085365
14:58:25.811 -> C,ts_engage_write,646173392
14:58:25.903 -> C,ts_engage_write,646261374
14:58:25.995 -> C,ts_engage_write,646349367
14:58:26.088 -> C,ts_engage_write,646437366
14:58:26.135 -> C,ts_engage_write,646525368
14:58:26.135 -> C,engage_lvl,0
14:58:26.228 -> C,ts_engage_write,646613390
14:58:26.321 -> C,ts_engage_write,646701375
14:58:26.412 -> C,ts_engage_write,646789366
14:58:26.505 -> C,ts_engage_write,646877368
14:58:26.598 -> C,ts_engage_write,646965367
14:58:26.691 -> [FACE] heartbeat
14:58:26.691 -> C,mood_str,50
14:58:26.691 -> C,ts_engage_write,647053478
14:58:26.691 -> C,engage_lvl,0
14:58:26.691 -> C,modifier,15
14:58:26.691 -> C,engage_floor,0
14:58:26.691 -> C,loop_us,288
14:58:26.783 -> C,ts_engage_write,647141389
14:58:26.876 -> C,ts_engage_write,647229374
14:58:26.969 -> C,ts_engage_write,647317366
14:58:27.015 -> C,ts_engage_write,647405368
14:58:27.108 -> C,ts_engage_write,647493367
14:58:27.200 -> C,ts_engage_write,647581367
14:58:27.200 -> C,engage_lvl,0
14:58:27.292 -> C,ts_engage_write,647669390
14:58:27.384 -> C,ts_engage_write,647757375
14:58:27.478 -> C,ts_engage_write,647845366
14:58:27.569 -> C,ts_engage_write,647933368
14:58:27.662 -> C,ts_engage_write,648021367
14:58:27.753 -> [FACE] heartbeat
14:58:27.753 -> C,mood_str,50
14:58:27.753 -> C,ts_engage_write,648109524
14:58:27.753 -> C,engage_lvl,0
14:58:27.753 -> C,modifier,15
14:58:27.753 -> C,engage_floor,0
14:58:27.753 -> C,loop_us,335
14:58:27.845 -> C,ts_engage_write,648197367
14:58:27.892 -> C,ts_engage_write,648285362
14:58:27.984 -> C,ts_engage_write,648373360
14:58:28.078 -> C,ts_engage_write,648461362
