13:10:45.205 -> [    51][V][esp32-hal-periman.c:248] perimanSetBusDeinit(): Dein=========== Before Setup Start ===========
13:10:45.205 -> Chip Info:
13:10:45.205 -> ------------------------------------------
13:10:45.205 ->   Model             : ESP32-S3
13:10:45.205 ->   Package           : 0
13:10:45.205 ->   Revision          : 0.02
13:10:45.205 ->   Cores             : 2
13:10:45.205 ->   CPU Frequency     : 240 MHz
13:10:45.205 ->   XTAL Frequency    : 4 Bitfield : 0x00000012
13:10:45.205 ->   Embedded Flash    : No
13:10:45.205 ->   Embedded PSRAM    : No
13:10:45.205 ->   2.4GHz WiFi       : Yes
13:10:45.205 ->   Classic BT        : No
13:10:45.205 ->   BT Low Energy     : Yes
13:10:45.205 ->   IEEE 802.15.4     : No
13:10:45.205 -> ------------------------------------------
13:10:45.205 -> INTERNAL Memory Info:
13:10:45.205 -> ------------------------------------------
13:10:45.205 ->   Total Size        :   334016 B ( 326.2 KB)
13:10:45.205 ->   Free Bytes        :   294648 B ( 287.7 KB)
13:10:45.205 ->   Allocated Bytes   :    33752 B (  33.0 KB)
13:10:45.205 ->   Minimum Free Bytes:   289380 B ( 282.6 KB)
13:10:45.205 ->   Largest Free Block:   237556 B ( 232.0 KB)
13:10:45.205 -> ------------------------------------------
13:10:45.205 -> Flash Info:
13:10:45.205 -> ------------------------------------------
13:10:45.205 ->   Chip Size         :  8388608B (8 MB)
13:10:45.205 ->   Block Size        :    65536B (  64.0 KB)
13:10:45.205 ->   Sector Size       :     4096B (   4.0 KB)
13:10:45.205 ->   Page Size         :      256B (   0.2 KB)
13:10:45.205 ->   Bus Speed         : 80 MHz
13:10:45.205 ->   Flash Frequency   : 80 MHz (source: 80 MHz, divider: 1)
13:10:45.205 ->   Bus Mode          : QIO
13:10:45.205 -> ------------------------------------------
13:10:45.205 -> Partitions Info:
13:10:45.205 -> ------------------------------------------
13:10:45.205 ->                 nvs : addr: 0x00009000, size:    20.0 KB, type: DATA, subtype: NVS
13:10:45.205 ->             otadata : addr: 0x0000E000, size:     8.0 KB, type: DATA, subtype: OTA
13:10:45.205 ->                app0 : addr: 0x00010000, size:  3264.0 KB, type:  APP, subtype: OTA_0
13:10:45.205 ->                app1 : addr: 0x00340000, size:  3264.0 KB, type:  APP, subtype: OTA_1
13:10:45.205 ->              spiffs : addr: 0x00670000, size:  1536.0 KB, type: DATA, subtype: SPIFFS
13:10:45.205 ->            coredump : addr: 0x007F0000, size:    64.0 KB, type: DATA, subtype: COREDUMP
13:10:45.205 -> ------------------------------------------
13:10:45.205 -> Software Info:
13:10:45.205 -> ------------------------------------------
13:10:45.205 ->   Compile Date/Time : Jul  1 2026 12:16:53
13:10:45.205 ->   Compile Host OS   : windows
13:10:45.205 ->   ESP-IDF Version   : v5.5.4
13:10:45.205 ->   Arduino Version   : 3.3.10
13:10:45.205 -> ------------------------------------------
13:10:45.205 -> Board Info:
13:10:45.205 -> ------------------------------------------
13:10:45.205 ->   Arduino Board     : XIAO_ESP32S3
13:10:45.205 ->   Arduino Variant   : XIAO_ESP32S3
13:10:45.205 ->   Arduino FQBN      : esp32:esp32:XIAO_ESP32S3:JTAGAdapter=default,PSRAM=disabled,FlashMode=qio,FlashSize=8M,LoopCore=1,EventsCore=1,USBMode=hwcdc,CDCOnBoot=default,MSCOnBoot=default,DFUOnBoot=default,UploadMode=default,PartitionScheme=default_8MB,CPUFreq=240,UploadSpeed=115200,DebugLevel=verbose,EraseFlash=none
13:10:45.205 -> ============ Before Setup End ============
13:10:45.205 -> [  1843][V][esp32-hal-uart.c:807] uartSetPins(): UART0: Driver not yet installed, storing pins for later attachment (RX:44, TX:43)
13:10:45.205 -> [  1844][I][esp32-hal-periman.c:151] perimanSetPinBus(): Pin 19 already has type USB_DM (45) with bus 0x3fca2364
13:10:45.205 -> [  1844][I][esp32-hal-periman.c:151] perimanSetPinBus(): Pin 20 already has type USB_DP (46) with bus 0x3fca2364
13:10:45.205 -> 
13:10:45.205 -> [AeroSniffer] Booting...
13:10:45.205 -> C,boot,fw=local-dev git=unknown board=DeskBuddy2
13:10:45.205 -> [HW] DeskBuddy 2.0 — XIAO ESP32S3 + ST7789 240x240
13:10:45.205 -> [  1845][V][esp32-hal-periman.c:248] perimanSetBusDeinit(): Deinit function for type GPIO (1) successfully set to 0x420cfacc
13:10:45.205 -> [  1846][V][esp32-hal-periman.c:173] perimanSetPinBus(): Pin 3 successfully set to type GPIO (1) with bus 0x4
13:10:45.205 -> [  1846][V][esp32-hal-periman.c:248] perimanSetBusDeinit(): Deinit function for type GPIO (1) successfully set to 0x420cfacc
13:10:45.205 -> [  1847][V][esp32-hal-periman.c:173] perimanSetPinBus(): Pin 4 successfully set to type GPIO (1) with bus 0x5
13:10:45.205 -> [  1848][V][esp32-hal-periman.c:248] perimanSetBusDeinit(): Deinit function for type SPI_MASTER_SCK (34) successfully set to 0x4202a0ac
13:10:45.205 -> [  1848][V][esp32-hal-periman.c:248] perimanSetBusDeinit(): Deinit function for type SPI_MASTER_MISO (35) successfully set to 0x42029fd4
13:10:45.205 -> [  1849][V][esp32-hal-periman.c:248] perimanSetBusDeinit(): Deinit function for type SPI_MASTER_MOSI (36) successfully set to 0x42029ef4
13:10:45.205 -> [  1850][V][esp32-hal-periman.c:248] perimanSetBusDeinit(): Deinit function for type SPI_MASTER_SS (37) successfully set to 0x42029ddc
13:10:45.205 -> [  1850][V][esp32-hal-periman.c:248] perimanSetBusDeinit(): Deinit function for type GPIO (1) successfully set to 0x420cfacc
13:10:45.205 -> [  1851][V][esp32-hal-periman.c:173] perimanSetPinBus(): Pin 7 successfully set to type GPIO (1) with bus 0x8
13:10:45.205 -> [  1852][V][esp32-hal-periman.c:173] perimanSetPinBus(): Pin 7 successfully set to type SPI_MASTER_SCK (34) with bus 0x2
13:10:45.205 -> [  1852][V][esp32-hal-periman.c:248] perimanSetBusDeinit(): Deinit function for type GPIO (1) successfully set to 0x420cfacc
13:10:45.205 -> [  1853][V][esp32-hal-periman.c:173] perimanSetPinBus(): Pin 9 successfully set to type GPIO (1) with bus 0xa
13:10:45.205 -> [  1853][V][esp32-hal-periman.c:173] perimanSetPinBus(): Pin 9 successfully set to type SPI_MASTER_MOSI (36) with bus 0x2
13:10:45.859 -> [EMOTION] Boot -> IDLE
13:10:45.859 -> EVT:{"type":"timeline","text":"Creature Awakened","tag":"system"}
13:10:45.859 -> [MOOD] begin -> RELAXED
13:10:45.859 -> [PERSIST] Boot 57 | touches=54 | runtime=1037 min | playful=9 | anxious=0
13:10:45.859 -> [  2481][V][Preferences.cpp:423] getUInt(): nvs_get_u32 fail: boot_count NOT_FOUND
13:10:45.859 -> [MEM] begin -> 0 records (boot=0)
13:10:45.859 -> [ATTN] begin -> SOFT_FOCUS
13:10:45.859 -> [EVENTBUS] WARN: exceeded MAX_SUBSCRIBERS (32)
13:10:45.859 -> [EVENTBUS] WARN: exceeded MAX_SUBSCRIBERS (32)
13:10:45.859 -> [EVENTBUS] WARN: exceeded MAX_SUBSCRIBERS (32)
13:10:45.859 -> [EVENTBUS] WARN: exceeded MAX_SUBSCRIBERS (32)
13:10:45.859 -> [EVENTBUS] WARN: exceeded MAX_SUBSCRIBERS (32)
13:10:45.859 -> [EVENTBUS] WARN: exceeded MAX_SUBSCRIBERS (32)
13:10:45.859 -> [  2484][V][Preferences.cpp:399] getUShort(): nvs_get_u16 fail: c_col NOT_FOUND
13:10:45.859 -> [  2485][V][Preferences.cpp:399] getUShort(): nvs_get_u16 fail: w_col NOT_FOUND
13:10:45.859 -> [  2485][E][Preferences.cpp:506] getString(): nvs_get_str len fail: dev_name NOT_FOUND
13:10:45.859 -> [  2486][E][Preferences.cpp:506] getString(): nvs_get_str len fail: ap_ssid NOT_FOUND
13:10:45.859 -> [  2486][E][Preferences.cpp:506] getString(): nvs_get_str len fail: ap_pass NOT_FOUND
13:10:45.859 -> [  2487][V][Preferences.cpp:375] getUChar(): nvs_get_u8 fail: hg_enable NOT_FOUND
13:10:45.859 -> [BOOT] Aviation Enabled preference: true
13:10:45.859 -> [  2488][V][esp32-hal-periman.c:248] perimanSetBusDeinit(): Deinit function for type GPIO (1) successfully set to 0x420cfacc
13:10:45.859 -> [  2489][V][esp32-hal-periman.c:173] perimanSetPinBus(): Pin 43 successfully set to type GPIO (1) with bus 0x2c
13:10:45.859 -> [INPUT] Capacitive touch on GPIO 43
13:10:45.859 -> [INPUT] Short tap = interact | Long press = mode switch
13:10:48.754 -> {"ready":1,"mode":"pet"}
13:10:48.800 -> [FACE] heartbeat
13:10:48.800 -> C,mood_str,50
13:10:48.800 -> C,ts_engage_write,5417489
13:10:48.800 -> C,engage_lvl,992
13:10:48.800 -> C,modifier,0
13:10:48.800 -> C,engage_floor,0
13:10:48.800 -> C,loop_us,384
13:10:48.800 -> [TOUCH] boot raw=0 pressed=0 active=0 ms=5417
13:10:48.800 -> =========== After Setup Start ============
13:10:48.800 -> INTERNAL Memory Info:
13:10:48.800 -> ------------------------------------------
13:10:48.800 ->   Total Size        :   334016 B ( 326.2 KB)
13:10:48.800 ->   Free Bytes        :   150896 B ( 147.4 KB)
13:10:48.800 ->   Allocated Bytes   :   177280 B ( 173.1 KB)
13:10:48.800 ->   Minimum Free Bytes:   150896 B ( 147.4 KB)
13:10:48.800 ->   Largest Free Block:   104436 B ( 102.0 KB)
13:10:48.800 -> ------------------------------------------
13:10:48.800 -> GPIO Info:
13:10:48.800 -> ------------------------------------------
13:10:48.800 ->   GPIO : BUS_TYPE[bus/unit][chan]
13:10:48.800 ->   --------------------------------------  
13:10:48.800 ->      3 : GPIO
13:10:48.800 ->      4 : GPIO
13:10:48.800 ->      7 : SPI_MASTER_SCK[1]
13:10:48.800 ->      9 : SPI_MASTER_MOSI[1]
13:10:48.800 ->     19 : USB_DM
13:10:48.800 ->     20 : USB_DP
13:10:48.800 ->     43 : GPIO
13:10:48.800 -> ============ After Setup End =============
13:10:48.894 -> C,ts_engage_write,5505416
13:10:48.941 -> C,ts_engage_write,5593360
13:10:49.034 -> C,ts_engage_write,5681369
13:10:49.034 -> [TOUCH] boot raw=0 pressed=0 active=0 ms=5681
13:10:49.126 -> C,ts_engage_write,5769364
13:10:49.220 -> C,ts_engage_write,5857369
13:10:49.313 -> C,ts_engage_write,5945359
13:10:49.313 -> C,engage_lvl,990
13:10:49.313 -> [TOUCH] boot raw=0 pressed=0 active=0 ms=5945
13:10:49.407 -> C,ts_engage_write,6033374
13:10:49.500 -> C,ts_engage_write,6121359
13:10:49.594 -> C,ts_engage_write,6209369
13:10:49.594 -> [TOUCH] boot raw=0 pressed=0 active=0 ms=6209
13:10:49.689 -> C,ts_engage_write,6297364
13:10:49.736 -> C,ts_engage_write,6385368
13:10:49.828 -> [FACE] heartbeat
13:10:49.828 -> C,mood_str,50
13:10:49.828 -> C,ts_engage_write,6473481
13:10:49.828 -> C,engage_lvl,989
13:10:49.828 -> C,modifier,0
13:10:49.828 -> C,engage_floor,0
13:10:49.828 -> C,loop_us,274
13:10:49.828 -> [TOUCH] boot raw=0 pressed=0 active=0 ms=6473
13:10:49.921 -> C,ts_engage_write,6561373
13:10:50.015 -> C,ts_engage_write,6649360
13:10:50.108 -> C,ts_engage_write,6737369
13:10:50.108 -> [TOUCH] boot raw=0 pressed=0 active=0 ms=6737
13:10:50.200 -> C,ts_engage_write,6825366
13:10:50.293 -> C,ts_engage_write,6913369
13:10:50.388 -> C,ts_engage_write,7001360
13:10:50.388 -> C,engage_lvl,987
13:10:50.388 -> [TOUCH] boot raw=0 pressed=0 active=0 ms=7001
13:10:50.479 -> C,ts_engage_write,7089374
13:10:50.526 -> C,ts_engage_write,7177360
13:10:50.618 -> C,ts_engage_write,7265369
13:10:50.618 -> [TOUCH] boot raw=0 pressed=0 active=0 ms=7265
13:10:50.712 -> C,ts_engage_write,7353366
13:10:50.807 -> C,ts_engage_write,7441368
13:10:50.900 -> [FACE] heartbeat
13:10:50.900 -> C,mood_str,50
13:10:50.900 -> C,ts_engage_write,7529471
13:10:50.900 -> C,engage_lvl,986
13:10:50.900 -> C,modifier,0
13:10:50.900 -> C,engage_floor,0
13:10:50.900 -> C,loop_us,260
13:10:50.900 -> [TOUCH] boot raw=0 pressed=0 active=0 ms=7529
13:10:50.993 -> C,ts_engage_write,7617374
13:10:51.086 -> C,ts_engage_write,7705360
13:10:51.180 -> C,ts_engage_write,7793368
13:10:51.180 -> [TOUCH] boot raw=0 pressed=0 active=0 ms=7793
13:10:51.272 -> C,ts_engage_write,7881366
13:10:51.318 -> C,ts_engage_write,7969369
13:10:51.412 -> C,ts_engage_write,8057361
13:10:51.412 -> C,engage_lvl,985
13:10:51.412 -> [TOUCH] boot raw=0 pressed=0 active=0 ms=8057
13:10:51.505 -> C,ts_engage_write,8145374
13:10:51.598 -> C,ts_engage_write,8233361
13:10:51.690 -> C,ts_engage_write,8321369
13:10:51.690 -> [TOUCH] boot raw=0 pressed=0 active=0 ms=8321
13:10:51.783 -> C,ts_engage_write,8409365
13:10:51.876 -> C,ts_engage_write,8497378
13:10:51.970 -> [FACE] heartbeat
13:10:51.970 -> C,mood_str,50
13:10:51.970 -> C,ts_engage_write,8585466
13:10:51.970 -> C,engage_lvl,983
13:10:51.970 -> C,modifier,0
13:10:51.970 -> C,engage_floor,0
13:10:51.970 -> C,loop_us,257
13:10:51.970 -> [TOUCH] boot raw=0 pressed=0 active=0 ms=8585
13:10:52.064 -> C,ts_engage_write,8673374
13:10:52.111 -> C,ts_engage_write,8761361
13:10:52.204 -> C,ts_engage_write,8849369
13:10:52.204 -> [TOUCH] boot raw=0 pressed=0 active=0 ms=8849
13:10:52.296 -> C,ts_engage_write,8937366
13:10:52.389 -> C,ts_engage_write,9025369
13:10:52.482 -> C,ts_engage_write,9113361
13:10:52.482 -> C,engage_lvl,982
13:10:52.482 -> [TOUCH] boot raw=0 pressed=0 active=0 ms=9113
13:10:52.576 -> C,ts_engage_write,9201374
13:10:52.669 -> C,ts_engage_write,9289361
13:10:52.762 -> C,ts_engage_write,9377369
13:10:52.762 -> [TOUCH] boot raw=0 pressed=0 active=0 ms=9377
13:10:52.855 -> C,ts_engage_write,9465365
13:10:52.902 -> C,ts_engage_write,9553371
13:10:52.995 -> [FACE] heartbeat
13:10:52.995 -> C,mood_str,50
13:10:52.995 -> C,ts_engage_write,9641472
13:10:52.995 -> C,engage_lvl,980
13:10:52.995 -> C,modifier,0
13:10:52.995 -> C,engage_floor,0
13:10:52.995 -> C,loop_us,265
13:10:52.995 -> [TOUCH] boot raw=0 pressed=0 active=0 ms=9641
13:10:53.088 -> C,ts_engage_write,9729373
13:10:53.181 -> C,ts_engage_write,9817361
13:10:53.274 -> C,ts_engage_write,9905369
13:10:53.274 -> [TOUCH] boot raw=0 pressed=0 active=0 ms=9905
13:10:53.369 -> C,ts_engage_write,9993366
13:10:53.462 -> C,ts_engage_write,10081369
13:10:53.556 -> C,ts_engage_write,10169361
13:10:53.556 -> C,engage_lvl,979
13:10:53.556 -> [TOUCH] boot raw=0 pressed=0 active=0 ms=10169
13:10:53.603 -> C,ts_engage_write,10257374
13:10:53.695 -> C,ts_engage_write,10345361
13:10:53.790 -> C,ts_engage_write,10433367
13:10:53.884 -> C,ts_engage_write,10521362
13:10:53.977 -> C,ts_engage_write,10609369
13:10:54.070 -> [FACE] heartbeat
13:10:54.070 -> C,mood_str,50
13:10:54.070 -> C,ts_engage_write,10697473
13:10:54.070 -> C,engage_lvl,978
13:10:54.070 -> C,modifier,0
13:10:54.070 -> C,engage_floor,0
13:10:54.070 -> C,loop_us,266
13:10:54.164 -> C,ts_engage_write,10785367
13:10:54.256 -> C,ts_engage_write,10873361
13:10:54.348 -> C,ts_engage_write,10961369
13:10:54.395 -> C,ts_engage_write,11049360
13:10:54.488 -> C,ts_engage_write,11137369
13:10:54.580 -> C,ts_engage_write,11225360
13:10:54.580 -> C,engage_lvl,976
13:10:54.670 -> C,ts_engage_write,11313369
13:10:54.763 -> C,ts_engage_write,11401359
13:10:54.855 -> C,ts_engage_write,11489371
13:10:54.948 -> C,ts_engage_write,11577360
13:10:55.042 -> C,ts_engage_write,11665371
13:10:55.135 -> [FACE] heartbeat
13:10:55.135 -> C,mood_str,50
13:10:55.135 -> C,ts_engage_write,11753465
13:10:55.135 -> C,engage_lvl,975
13:10:55.135 -> C,modifier,0
13:10:55.135 -> C,engage_floor,0
13:10:55.135 -> C,loop_us,257
13:10:55.229 -> C,ts_engage_write,11841369
13:10:55.277 -> C,ts_engage_write,11929360
13:10:55.371 -> C,ts_engage_write,12017369
13:10:55.463 -> C,ts_engage_write,12105360
13:10:55.556 -> C,ts_engage_write,12193368
13:10:55.648 -> C,ts_engage_write,12281367
13:10:55.648 -> C,engage_lvl,973
13:10:55.743 -> C,ts_engage_write,12369370
13:10:55.836 -> C,ts_engage_write,12457359
13:10:55.929 -> C,ts_engage_write,12545371
13:10:56.021 -> C,ts_engage_write,12633360
13:10:56.068 -> C,ts_engage_write,12721369
13:10:56.068 -> [TOUCH] transition raw=1 pressed=1 ms=12721
13:10:56.068 -> [TOUCH] START raw=1 ms=12721
13:10:56.162 -> [FACE] heartbeat
13:10:56.162 -> C,mood_str,50
13:10:56.162 -> C,ts_engage_write,12809476
13:10:56.162 -> C,engage_lvl,972
13:10:56.162 -> C,modifier,0
13:10:56.162 -> C,engage_floor,0
13:10:56.162 -> C,loop_us,266
13:10:56.254 -> C,ts_engage_write,12897368
13:10:56.254 -> [TOUCH] transition raw=0 pressed=0 ms=12897
13:10:56.254 -> [TOUCH] RELEASE raw=0 duration=176 ms=12897
13:10:56.254 -> [TOUCH] TAP
13:10:56.254 -> [EMOTION] IDLE -> HAPPY
13:10:56.254 -> EVT:{"type":"timeline","text":"User tap interaction","tag":"touch"}
13:10:56.345 -> C,ts_engage_write,12989441
13:10:56.437 -> C,ts_engage_write,13078384
13:10:56.530 -> C,ts_engage_write,13166384
13:10:56.625 -> C,ts_engage_write,13254387
13:10:56.719 -> C,ts_engage_write,13342384
13:10:56.719 -> C,engage_lvl,971
13:10:56.812 -> C,ts_engage_write,13430383
13:10:56.905 -> C,ts_engage_write,13518386
13:10:56.952 -> C,ts_engage_write,13606382
13:10:57.045 -> C,ts_engage_write,13694384
13:10:57.139 -> C,ts_engage_write,13782384
13:10:57.231 -> [FACE] heartbeat
13:10:57.231 -> C,mood_str,50
13:10:57.231 -> C,ts_engage_write,13870513
13:10:57.231 -> C,engage_lvl,969
13:10:57.231 -> C,modifier,0
13:10:57.231 -> C,engage_floor,0
13:10:57.231 -> C,loop_us,311
13:10:57.326 -> C,ts_engage_write,13959381
13:10:57.420 -> C,ts_engage_write,14047386
13:10:57.514 -> C,ts_engage_write,14135384
13:10:57.606 -> C,ts_engage_write,14223384
13:10:57.606 -> [TOUCH] transition raw=1 pressed=1 ms=14223
13:10:57.606 -> [TOUCH] START raw=1 ms=14223
13:10:57.698 -> C,ts_engage_write,14312388
13:10:57.791 -> C,ts_engage_write,14400382
13:10:57.791 -> C,engage_lvl,968
13:10:57.837 -> C,ts_engage_write,14488384
13:10:57.837 -> [TOUCH] transition raw=0 pressed=0 ms=14488
13:10:57.837 -> [TOUCH] RELEASE raw=0 duration=265 ms=14488
13:10:57.837 -> [TOUCH] TAP
13:10:57.837 -> [EMOTION] HAPPY -> EXCITED
13:10:57.837 -> EVT:{"type":"timeline","text":"User tap interaction","tag":"touch"}
13:10:57.931 -> C,ts_engage_write,14580444
13:10:58.026 -> C,ts_engage_write,14668395
13:10:58.119 -> C,ts_engage_write,14756393
13:10:58.213 -> C,ts_engage_write,14844394
13:10:58.306 -> [FACE] heartbeat
13:10:58.306 -> C,mood_str,50
13:10:58.306 -> C,ts_engage_write,14932528
13:10:58.306 -> C,engage_lvl,966
13:10:58.306 -> C,modifier,15
13:10:58.306 -> C,engage_floor,0
13:10:58.306 -> C,loop_us,323
13:10:58.399 -> C,ts_engage_write,15020391
13:10:58.493 -> C,ts_engage_write,15108394
13:10:58.586 -> C,ts_engage_write,15196392
13:10:58.633 -> C,ts_engage_write,15284392
13:10:58.726 -> C,ts_engage_write,15372394
13:10:58.817 -> C,ts_engage_write,15460390
13:10:58.817 -> C,engage_lvl,965
13:10:58.817 -> [TOUCH] transition raw=1 pressed=1 ms=15460
13:10:58.817 -> [TOUCH] START raw=1 ms=15460
13:10:58.910 -> C,ts_engage_write,15548394
13:10:59.003 -> C,ts_engage_write,15636398
13:10:59.096 -> C,ts_engage_write,15724392
13:10:59.096 -> [TOUCH] transition raw=0 pressed=0 ms=15724
13:10:59.096 -> [TOUCH] RELEASE raw=0 duration=264 ms=15724
13:10:59.096 -> [TOUCH] TAP
13:10:59.096 -> EVT:{"type":"timeline","text":"User tap interaction","tag":"touch"}
13:10:59.189 -> C,ts_engage_write,15816443
13:10:59.283 -> C,ts_engage_write,15904392
13:10:59.376 -> [FACE] heartbeat
13:10:59.376 -> C,mood_str,50
13:10:59.376 -> C,ts_engage_write,15992533
13:10:59.376 -> C,engage_lvl,964
13:10:59.376 -> C,modifier,15
13:10:59.376 -> C,engage_floor,0
13:10:59.376 -> C,loop_us,333
13:10:59.468 -> C,ts_engage_write,16080390
13:10:59.514 -> C,ts_engage_write,16168391
13:10:59.608 -> C,ts_engage_write,16256391
13:10:59.701 -> C,ts_engage_write,16344391
13:10:59.795 -> C,ts_engage_write,16432389
13:10:59.888 -> C,ts_engage_write,16520393
13:10:59.888 -> C,engage_lvl,962
13:10:59.981 -> C,ts_engage_write,16608391
13:11:00.074 -> C,ts_engage_write,16696393
13:11:00.167 -> C,ts_engage_write,16784396
13:11:00.260 -> C,ts_engage_write,16872391
13:11:00.307 -> C,ts_engage_write,16960393
13:11:00.399 -> [FACE] heartbeat
13:11:00.399 -> C,mood_str,50
13:11:00.399 -> C,ts_engage_write,17048514
13:11:00.399 -> C,engage_lvl,961
13:11:00.399 -> C,modifier,15
13:11:00.399 -> C,engage_floor,0
13:11:00.399 -> C,loop_us,328
13:11:00.494 -> C,ts_engage_write,17136388
13:11:00.586 -> C,ts_engage_write,17224391
13:11:00.679 -> C,ts_engage_write,17312391
13:11:00.772 -> C,ts_engage_write,17400390
13:11:00.865 -> C,ts_engage_write,17488393
13:11:00.958 -> C,ts_engage_write,17576377
13:11:00.958 -> C,engage_lvl,959
13:11:01.053 -> C,ts_engage_write,17664379
13:11:01.100 -> C,ts_engage_write,17752377
13:11:01.193 -> C,ts_engage_write,17840377
13:11:01.288 -> C,ts_engage_write,17928379
13:11:01.382 -> C,ts_engage_write,18016377
13:11:01.477 -> [FACE] heartbeat
13:11:01.477 -> C,mood_str,50
13:11:01.477 -> C,ts_engage_write,18104485
13:11:01.477 -> C,engage_lvl,958
13:11:01.477 -> C,modifier,15
13:11:01.477 -> C,engage_floor,0
13:11:01.477 -> C,loop_us,299
13:11:01.571 -> C,ts_engage_write,18192379
13:11:01.664 -> C,ts_engage_write,18280376
13:11:01.756 -> C,ts_engage_write,18368379
13:11:01.804 -> C,ts_engage_write,18456373
13:11:01.898 -> C,ts_engage_write,18544380
13:11:01.991 -> C,ts_engage_write,18632377
13:11:01.991 -> C,engage_lvl,956
13:11:02.084 -> C,ts_engage_write,18720382
13:11:02.177 -> C,ts_engage_write,18808377
13:11:02.269 -> C,ts_engage_write,18896379
13:11:02.364 -> C,ts_engage_write,18984377
13:11:02.457 -> C,ts_engage_write,19072379
13:11:02.550 -> [FACE] heartbeat
13:11:02.550 -> C,mood_str,50
13:11:02.550 -> C,ts_engage_write,19160479
13:11:02.550 -> C,engage_lvl,955
13:11:02.550 -> C,modifier,15
13:11:02.550 -> C,engage_floor,0
13:11:02.550 -> C,loop_us,283
13:11:02.597 -> C,ts_engage_write,19248376
13:11:02.691 -> C,ts_engage_write,19336377
13:11:02.785 -> C,ts_engage_write,19424374
13:11:02.879 -> C,ts_engage_write,19512380
13:11:02.971 -> C,ts_engage_write,19600379
13:11:03.066 -> C,ts_engage_write,19688377
13:11:03.066 -> C,engage_lvl,954
13:11:03.160 -> C,ts_engage_write,19776379
13:11:03.253 -> C,ts_engage_write,19864377
13:11:03.300 -> C,ts_engage_write,19952378
13:11:03.392 -> C,ts_engage_write,20040375
13:11:03.486 -> C,ts_engage_write,20128379
13:11:03.580 -> [FACE] heartbeat
13:11:03.580 -> C,mood_str,50
13:11:03.580 -> C,ts_engage_write,20216475
13:11:03.580 -> C,engage_lvl,952
13:11:03.580 -> C,modifier,15
13:11:03.580 -> C,engage_floor,0
13:11:03.580 -> C,loop_us,286
13:11:03.674 -> C,ts_engage_write,20304378
13:11:03.767 -> C,ts_engage_write,20392375
13:11:03.860 -> C,ts_engage_write,20480382
13:11:03.954 -> C,ts_engage_write,20568377
13:11:04.046 -> C,ts_engage_write,20656379
13:11:04.095 -> [EMOTION] EXCITED -> IDLE (timeout)
13:11:04.095 -> C,ts_engage_write,20744471
13:11:04.095 -> C,engage_lvl,951
13:11:04.188 -> C,ts_engage_write,20832377
13:11:04.280 -> C,ts_engage_write,20920369
13:11:04.374 -> C,ts_engage_write,21008374
13:11:04.468 -> C,ts_engage_write,21096367
13:11:04.561 -> C,ts_engage_write,21184369
13:11:04.655 -> [FACE] heartbeat
13:11:04.655 -> C,mood_str,50
13:11:04.655 -> C,ts_engage_write,21272464
13:11:04.655 -> C,engage_lvl,949
13:11:04.655 -> C,modifier,15
13:11:04.655 -> C,engage_floor,0
13:11:04.655 -> C,loop_us,263
13:11:04.747 -> C,ts_engage_write,21360363
13:11:04.794 -> C,ts_engage_write,21448367
13:11:04.887 -> C,ts_engage_write,21536372
13:11:04.979 -> C,ts_engage_write,21624367
13:11:05.072 -> C,ts_engage_write,21712369
13:11:05.165 -> C,ts_engage_write,21800367
13:11:05.165 -> C,engage_lvl,948
13:11:05.259 -> C,ts_engage_write,21888368
13:11:05.353 -> C,ts_engage_write,21976368
13:11:05.445 -> C,ts_engage_write,22064368
13:11:05.539 -> C,ts_engage_write,22152367
13:11:05.585 -> C,ts_engage_write,22240369
13:11:05.678 -> [FACE] heartbeat
13:11:05.678 -> C,mood_str,50
13:11:05.678 -> C,ts_engage_write,22328462
13:11:05.678 -> C,engage_lvl,947
13:11:05.678 -> C,modifier,15
13:11:05.678 -> C,engage_floor,0
13:11:05.678 -> C,loop_us,250
13:11:05.772 -> C,ts_engage_write,22416362
13:11:05.865 -> C,ts_engage_write,22504370
13:11:05.959 -> C,ts_engage_write,22592368
13:11:06.053 -> C,ts_engage_write,22680367
13:11:06.147 -> C,ts_engage_write,22768369
13:11:06.241 -> C,ts_engage_write,22856367
13:11:06.241 -> C,engage_lvl,945
13:11:06.334 -> C,ts_engage_write,22944368
13:11:06.379 -> C,ts_engage_write,23032368
13:11:06.474 -> C,ts_engage_write,23120368
13:11:06.566 -> C,ts_engage_write,23208367
13:11:06.659 -> C,ts_engage_write,23296369
13:11:06.753 -> [FACE] heartbeat
13:11:06.753 -> C,mood_str,50
13:11:06.753 -> C,ts_engage_write,23384475
13:11:06.753 -> C,engage_lvl,944
13:11:06.753 -> C,modifier,15
13:11:06.753 -> C,engage_floor,0
13:11:06.753 -> C,loop_us,275
13:11:06.846 -> C,ts_engage_write,23472368
13:11:06.939 -> C,ts_engage_write,23560368
13:11:07.033 -> C,ts_engage_write,23648368
13:11:07.126 -> C,ts_engage_write,23736367
13:11:07.173 -> C,ts_engage_write,23824369
13:11:07.267 -> C,ts_engage_write,23912367
13:11:07.267 -> C,engage_lvl,942
13:11:07.360 -> C,ts_engage_write,24000368
13:11:07.452 -> C,ts_engage_write,24088368
13:11:07.546 -> C,ts_engage_write,24176368
13:11:07.637 -> C,ts_engage_write,24264367
13:11:07.730 -> C,ts_engage_write,24352369
13:11:07.825 -> [FACE] heartbeat
13:11:07.825 -> C,mood_str,50
13:11:07.825 -> C,ts_engage_write,24440467
13:11:07.825 -> C,engage_lvl,941
13:11:07.825 -> C,modifier,15
13:11:07.825 -> C,engage_floor,0
13:11:07.825 -> C,loop_us,265
13:11:07.918 -> C,ts_engage_write,24528369
13:11:07.964 -> C,ts_engage_write,24616368
13:11:08.057 -> C,ts_engage_write,24704368
13:11:08.149 -> C,ts_engage_write,24792367
13:11:08.241 -> C,ts_engage_write,24880369
13:11:08.333 -> C,ts_engage_write,24968367
13:11:08.333 -> C,engage_lvl,940
13:11:08.426 -> C,ts_engage_write,25056368
13:11:08.519 -> C,ts_engage_write,25144368
13:11:08.612 -> C,ts_engage_write,25232368
13:11:08.706 -> C,ts_engage_write,25320367
13:11:08.754 -> C,ts_engage_write,25408367
13:11:08.847 -> [FACE] heartbeat
13:11:08.847 -> C,mood_str,50
13:11:08.847 -> C,ts_engage_write,25496480
13:11:08.847 -> C,engage_lvl,938
13:11:08.847 -> C,modifier,15
13:11:08.847 -> C,engage_floor,0
13:11:08.847 -> C,loop_us,291
13:11:08.939 -> C,ts_engage_write,25584369
13:11:09.030 -> C,ts_engage_write,25672368
13:11:09.124 -> C,ts_engage_write,25760368
13:11:09.217 -> C,ts_engage_write,25848367
13:11:09.309 -> C,ts_engage_write,25936369
13:11:09.403 -> C,ts_engage_write,26024367
13:11:09.403 -> C,engage_lvl,937
13:11:09.496 -> C,ts_engage_write,26112368
13:11:09.588 -> C,ts_engage_write,26200368
13:11:09.635 -> C,ts_engage_write,26288368
13:11:09.728 -> C,ts_engage_write,26376367
13:11:09.821 -> C,ts_engage_write,26464367
13:11:09.915 -> [FACE] heartbeat
13:11:09.915 -> C,mood_str,50
13:11:09.915 -> C,ts_engage_write,26552455
13:11:09.915 -> C,engage_lvl,935
13:11:09.915 -> C,modifier,15
13:11:09.915 -> C,engage_floor,0
13:11:09.915 -> C,loop_us,259
13:11:10.008 -> C,ts_engage_write,26640369
13:11:10.102 -> C,ts_engage_write,26728368
13:11:10.196 -> C,ts_engage_write,26816368
13:11:10.288 -> C,ts_engage_write,26904367
13:11:10.382 -> C,ts_engage_write,26992369
13:11:10.429 -> C,ts_engage_write,27080367
13:11:10.429 -> C,engage_lvl,934
13:11:10.522 -> C,ts_engage_write,27168368
13:11:10.615 -> C,ts_engage_write,27256368
13:11:10.709 -> C,ts_engage_write,27344368
13:11:10.802 -> C,ts_engage_write,27432366
13:11:10.895 -> C,ts_engage_write,27520370
13:11:10.987 -> [FACE] heartbeat
13:11:10.987 -> C,mood_str,50
13:11:10.987 -> C,ts_engage_write,27608455
13:11:10.987 -> C,engage_lvl,933
13:11:10.987 -> C,modifier,15
13:11:10.987 -> C,engage_floor,0
13:11:10.987 -> C,loop_us,260
13:11:11.079 -> C,ts_engage_write,27696365
13:11:11.172 -> C,ts_engage_write,27784368
13:11:11.218 -> C,ts_engage_write,27872368
13:11:11.311 -> C,ts_engage_write,27960367
13:11:11.405 -> C,ts_engage_write,28048369
13:11:11.499 -> C,ts_engage_write,28136367
13:11:11.499 -> C,engage_lvl,931
13:11:11.593 -> C,ts_engage_write,28224368
13:11:11.685 -> C,ts_engage_write,28312368
13:11:11.777 -> C,ts_engage_write,28400366
13:11:11.869 -> C,ts_engage_write,28488369
13:11:11.963 -> C,ts_engage_write,28576369
13:11:12.011 -> [FACE] heartbeat
13:11:12.011 -> C,mood_str,50
13:11:12.011 -> C,ts_engage_write,28664455
13:11:12.011 -> C,engage_lvl,930
13:11:12.011 -> C,modifier,15
13:11:12.011 -> C,engage_floor,0
13:11:12.011 -> C,loop_us,260
13:11:12.104 -> C,ts_engage_write,28752365
13:11:12.196 -> C,ts_engage_write,28840368
13:11:12.289 -> C,ts_engage_write,28928368
13:11:12.383 -> C,ts_engage_write,29016367
13:11:12.475 -> C,ts_engage_write,29104369
13:11:12.568 -> C,ts_engage_write,29192367
13:11:12.568 -> C,engage_lvl,928
13:11:12.662 -> C,ts_engage_write,29280368
13:11:12.755 -> C,ts_engage_write,29368368
13:11:12.802 -> C,ts_engage_write,29456366
13:11:12.895 -> C,ts_engage_write,29544376
13:11:12.988 -> C,ts_engage_write,29632370
13:11:13.081 -> [FACE] heartbeat
13:11:13.081 -> C,mood_str,50
13:11:13.081 -> C,ts_engage_write,29720469
13:11:13.081 -> C,engage_lvl,927
13:11:13.081 -> C,modifier,15
13:11:13.081 -> C,engage_floor,0
13:11:13.081 -> C,loop_us,257
13:11:13.173 -> C,ts_engage_write,29808362
13:11:13.267 -> C,ts_engage_write,29896368
13:11:13.360 -> C,ts_engage_write,29984368
13:11:13.454 -> C,ts_engage_write,30072367
13:11:13.547 -> C,ts_engage_write,30160369
13:11:13.594 -> C,ts_engage_write,30248367
13:11:13.594 -> C,engage_lvl,926
13:11:13.688 -> C,ts_engage_write,30336368
13:11:13.780 -> C,ts_engage_write,30424367
13:11:13.872 -> C,ts_engage_write,30512369
13:11:13.966 -> C,ts_engage_write,30600367
13:11:14.058 -> C,ts_engage_write,30688369
13:11:14.150 -> [FACE] heartbeat
13:11:14.150 -> C,mood_str,50
13:11:14.150 -> C,ts_engage_write,30776466
13:11:14.150 -> C,engage_lvl,924
13:11:14.150 -> C,modifier,15
13:11:14.150 -> C,engage_floor,0
13:11:14.150 -> C,loop_us,257
13:11:14.245 -> C,ts_engage_write,30864362
13:11:14.338 -> C,ts_engage_write,30952368
13:11:14.385 -> C,ts_engage_write,31040368
13:11:14.478 -> C,ts_engage_write,31128367
13:11:14.571 -> C,ts_engage_write,31216369
13:11:14.665 -> C,ts_engage_write,31304367
13:11:14.665 -> C,engage_lvl,923
13:11:14.758 -> C,ts_engage_write,31392366
13:11:14.850 -> C,ts_engage_write,31480370
13:11:14.945 -> C,ts_engage_write,31568368
13:11:15.038 -> C,ts_engage_write,31656367
13:11:15.131 -> C,ts_engage_write,31744369
13:11:15.178 -> [FACE] heartbeat
13:11:15.178 -> C,mood_str,50
13:11:15.178 -> C,ts_engage_write,31832483
13:11:15.178 -> C,engage_lvl,921
13:11:15.178 -> C,modifier,15
13:11:15.178 -> C,engage_floor,0
13:11:15.178 -> C,loop_us,272
13:11:15.269 -> C,ts_engage_write,31920359
13:11:15.362 -> C,ts_engage_write,32008366
13:11:15.455 -> C,ts_engage_write,32096365
13:11:15.549 -> C,ts_engage_write,32184365
13:11:15.643 -> C,ts_engage_write,32272367
13:11:15.736 -> C,ts_engage_write,32360365
13:11:15.736 -> C,engage_lvl,920
13:11:15.831 -> C,ts_engage_write,32448363
13:11:15.924 -> C,ts_engage_write,32536368
13:11:15.969 -> C,ts_engage_write,32624366
13:11:16.062 -> C,ts_engage_write,32712365
13:11:16.154 -> C,ts_engage_write,32800367
13:11:16.248 -> [FACE] heartbeat
13:11:16.248 -> C,mood_str,50
13:11:16.248 -> C,ts_engage_write,32888464
13:11:16.248 -> C,engage_lvl,918
13:11:16.248 -> C,modifier,15
13:11:16.248 -> C,engage_floor,0
13:11:16.248 -> C,loop_us,248
13:11:16.341 -> C,ts_engage_write,32976362
13:11:16.434 -> C,ts_engage_write,33064366
13:11:16.527 -> C,ts_engage_write,33152365
13:11:16.620 -> C,ts_engage_write,33240365
13:11:16.714 -> C,ts_engage_write,33328367
13:11:16.806 -> C,ts_engage_write,33416364
13:11:16.806 -> C,engage_lvl,917
13:11:16.855 -> C,ts_engage_write,33504367
13:11:16.948 -> C,ts_engage_write,33592366
13:11:17.041 -> C,ts_engage_write,33680366
13:11:17.133 -> C,ts_engage_write,33768365
13:11:17.225 -> C,ts_engage_write,33856367
13:11:17.318 -> [FACE] heartbeat
13:11:17.318 -> C,mood_str,50
13:11:17.318 -> C,ts_engage_write,33944464
13:11:17.318 -> C,engage_lvl,916
13:11:17.318 -> C,modifier,15
13:11:17.318 -> C,engage_floor,0
13:11:17.318 -> C,loop_us,247
13:11:17.410 -> C,ts_engage_write,34032370
13:11:17.503 -> C,ts_engage_write,34120368
13:11:17.595 -> C,ts_engage_write,34208368
13:11:17.641 -> C,ts_engage_write,34296367
13:11:17.734 -> C,ts_engage_write,34384367
13:11:17.828 -> C,ts_engage_write,34472369
13:11:17.828 -> C,engage_lvl,914
13:11:17.921 -> C,ts_engage_write,34560368
13:11:18.015 -> C,ts_engage_write,34648368
13:11:18.108 -> C,ts_engage_write,34736368
13:11:18.200 -> C,ts_engage_write,34824368
13:11:18.292 -> C,ts_engage_write,34912369
13:11:18.386 -> [FACE] heartbeat
13:11:18.386 -> C,mood_str,50
13:11:18.386 -> C,ts_engage_write,35000468
13:11:18.386 -> C,engage_lvl,913
13:11:18.386 -> C,modifier,15
13:11:18.386 -> C,engage_floor,0
13:11:18.386 -> C,loop_us,257
13:11:18.479 -> C,ts_engage_write,35088368
13:11:18.526 -> C,ts_engage_write,35176368
13:11:18.620 -> C,ts_engage_write,35264368
13:11:18.712 -> C,ts_engage_write,35352367
13:11:18.805 -> C,ts_engage_write,35440367
13:11:18.898 -> C,ts_engage_write,35528369
13:11:18.898 -> C,engage_lvl,911
13:11:18.992 -> C,ts_engage_write,35616368
13:11:19.085 -> C,ts_engage_write,35704368
13:11:19.177 -> C,ts_engage_write,35792368
13:11:19.269 -> C,ts_engage_write,35880367
13:11:19.316 -> C,ts_engage_write,35968369
13:11:19.409 -> [FACE] heartbeat
13:11:19.409 -> C,mood_str,50
13:11:19.409 -> C,ts_engage_write,36056474
13:11:19.409 -> C,engage_lvl,910
13:11:19.409 -> C,modifier,15
13:11:19.409 -> C,engage_floor,0
13:11:19.409 -> C,loop_us,262
13:11:19.502 -> C,ts_engage_write,36144365
13:11:19.595 -> C,ts_engage_write,36232368
13:11:19.688 -> C,ts_engage_write,36320368
13:11:19.780 -> C,ts_engage_write,36408366
13:11:19.872 -> C,ts_engage_write,36496370
13:11:19.965 -> C,ts_engage_write,36584367
13:11:19.965 -> C,engage_lvl,909
13:11:20.059 -> C,ts_engage_write,36672368
13:11:20.105 -> C,ts_engage_write,36760368
13:11:20.197 -> C,ts_engage_write,36848368
13:11:20.291 -> C,ts_engage_write,36936367
13:11:20.385 -> C,ts_engage_write,37024369
13:11:20.478 -> [FACE] heartbeat
13:11:20.478 -> C,mood_str,50
13:11:20.478 -> C,ts_engage_write,37112474
13:11:20.478 -> C,engage_lvl,907
13:11:20.478 -> C,modifier,15
13:11:20.478 -> C,engage_floor,0
13:11:20.478 -> C,loop_us,263
13:11:20.572 -> C,ts_engage_write,37200365
13:11:20.665 -> C,ts_engage_write,37288368
13:11:20.757 -> C,ts_engage_write,37376368
13:11:20.851 -> C,ts_engage_write,37464366
13:11:20.898 -> C,ts_engage_write,37552370
13:11:20.992 -> C,ts_engage_write,37640367
13:11:20.992 -> C,engage_lvl,906
13:11:21.084 -> C,ts_engage_write,37728368
13:11:21.176 -> C,ts_engage_write,37816368
13:11:21.268 -> C,ts_engage_write,37904368
13:11:21.362 -> C,ts_engage_write,37992367
13:11:21.456 -> C,ts_engage_write,38080376
13:11:21.548 -> [FACE] heartbeat
13:11:21.548 -> C,mood_str,50
13:11:21.548 -> C,ts_engage_write,38168475
13:11:21.548 -> C,engage_lvl,904
13:11:21.548 -> C,modifier,15
13:11:21.548 -> C,engage_floor,0
13:11:21.548 -> C,loop_us,272
13:11:21.643 -> C,ts_engage_write,38256366
13:11:21.689 -> C,ts_engage_write,38344365
13:11:21.783 -> C,ts_engage_write,38432365
13:11:21.876 -> C,ts_engage_write,38520366
13:11:21.968 -> C,ts_engage_write,38608368
13:11:22.062 -> C,ts_engage_write,38696364
13:11:22.062 -> C,engage_lvl,903
13:11:22.154 -> C,ts_engage_write,38784367
13:11:22.248 -> C,ts_engage_write,38872365
13:11:22.342 -> C,ts_engage_write,38960367
13:11:22.434 -> C,ts_engage_write,39048364
13:11:22.481 -> C,ts_engage_write,39136368
13:11:22.573 -> [FACE] heartbeat
13:11:22.573 -> C,mood_str,50
13:11:22.573 -> C,ts_engage_write,39224470
13:11:22.573 -> C,engage_lvl,902
13:11:22.573 -> C,modifier,15
13:11:22.573 -> C,engage_floor,0
13:11:22.573 -> C,loop_us,257
13:11:22.665 -> C,ts_engage_write,39312362
13:11:22.757 -> C,ts_engage_write,39400364
13:11:22.851 -> C,ts_engage_write,39488368
13:11:22.943 -> C,ts_engage_write,39576364
13:11:23.036 -> C,ts_engage_write,39664368
13:11:23.129 -> C,ts_engage_write,39752364
13:11:23.129 -> C,engage_lvl,900
13:11:23.222 -> C,ts_engage_write,39840367
13:11:23.314 -> C,ts_engage_write,39928365
13:11:23.360 -> C,ts_engage_write,40016367
13:11:23.452 -> C,ts_engage_write,40104364
13:11:23.545 -> C,ts_engage_write,40192368
13:11:23.637 -> [FACE] heartbeat
13:11:23.637 -> C,mood_str,50
13:11:23.637 -> C,ts_engage_write,40280473
13:11:23.637 -> C,engage_lvl,899
13:11:23.637 -> C,modifier,15
13:11:23.637 -> C,engage_floor,0
13:11:23.637 -> C,loop_us,273
13:11:23.729 -> C,ts_engage_write,40368362
13:11:23.823 -> C,ts_engage_write,40456364
13:11:23.915 -> C,ts_engage_write,40544368
13:11:24.008 -> C,ts_engage_write,40632364
13:11:24.102 -> C,ts_engage_write,40720368
13:11:24.193 -> C,ts_engage_write,40808364
13:11:24.193 -> C,engage_lvl,897
13:11:24.286 -> C,ts_engage_write,40896367
13:11:24.332 -> C,ts_engage_write,40984365
13:11:24.424 -> C,ts_engage_write,41072367
13:11:24.517 -> C,ts_engage_write,41160364
13:11:24.611 -> C,ts_engage_write,41248368
13:11:24.705 -> [FACE] heartbeat
13:11:24.705 -> C,mood_str,50
13:11:24.705 -> C,ts_engage_write,41336465
13:11:24.705 -> C,engage_lvl,896
13:11:24.705 -> C,modifier,15
13:11:24.705 -> C,engage_floor,0
13:11:24.705 -> C,loop_us,261
13:11:24.798 -> C,ts_engage_write,41424365
13:11:24.891 -> C,ts_engage_write,41512367
13:11:24.985 -> C,ts_engage_write,41600366
13:11:25.078 -> C,ts_engage_write,41688364
13:11:25.125 -> C,ts_engage_write,41776368
13:11:25.218 -> C,ts_engage_write,41864364
13:11:25.218 -> C,engage_lvl,895
13:11:25.311 -> C,ts_engage_write,41952367
13:11:25.403 -> C,ts_engage_write,42040365
13:11:25.497 -> C,ts_engage_write,42128367
13:11:25.590 -> C,ts_engage_write,42216364
13:11:25.683 -> C,ts_engage_write,42304375
13:11:25.776 -> [FACE] heartbeat
13:11:25.776 -> C,mood_str,50
13:11:25.776 -> C,ts_engage_write,42392477
13:11:25.776 -> C,engage_lvl,893
13:11:25.776 -> C,modifier,15
13:11:25.776 -> C,engage_floor,0
13:11:25.776 -> C,loop_us,277
13:11:25.869 -> C,ts_engage_write,42480366
13:11:25.916 -> C,ts_engage_write,42568368
13:11:26.008 -> C,ts_engage_write,42656368
13:11:26.102 -> C,ts_engage_write,42744367
13:11:26.195 -> C,ts_engage_write,42832369
13:11:26.288 -> C,ts_engage_write,42920367
13:11:26.288 -> C,engage_lvl,892
13:11:26.381 -> C,ts_engage_write,43008368
13:11:26.473 -> C,ts_engage_write,43096368
13:11:26.565 -> C,ts_engage_write,43184368
13:11:26.658 -> C,ts_engage_write,43272367
13:11:26.751 -> C,ts_engage_write,43360369
13:11:26.798 -> [FACE] heartbeat
13:11:26.798 -> C,mood_str,50
13:11:26.798 -> C,ts_engage_write,43448468
13:11:26.798 -> C,engage_lvl,890
13:11:26.798 -> C,modifier,15
13:11:26.798 -> C,engage_floor,0
13:11:26.798 -> C,loop_us,266
13:11:26.891 -> C,ts_engage_write,43536369
13:11:26.985 -> C,ts_engage_write,43624368
13:11:27.079 -> C,ts_engage_write,43712368
13:11:27.171 -> C,ts_engage_write,43800367
13:11:27.265 -> C,ts_engage_write,43888369
13:11:27.358 -> C,ts_engage_write,43976367
13:11:27.358 -> C,engage_lvl,889
13:11:27.451 -> C,ts_engage_write,44064368
13:11:27.498 -> C,ts_engage_write,44152368
13:11:27.591 -> C,ts_engage_write,44240368
13:11:27.683 -> C,ts_engage_write,44328367
13:11:27.776 -> C,ts_engage_write,44416367
13:11:27.869 -> [FACE] heartbeat
13:11:27.869 -> C,mood_str,50
13:11:27.869 -> C,ts_engage_write,44504474
13:11:27.869 -> C,engage_lvl,888
13:11:27.869 -> C,modifier,15
13:11:27.869 -> C,engage_floor,0
13:11:27.869 -> C,loop_us,274
13:11:27.962 -> C,ts_engage_write,44592365
13:11:28.056 -> C,ts_engage_write,44680368
13:11:28.150 -> C,ts_engage_write,44768368
13:11:28.244 -> C,ts_engage_write,44856367
13:11:28.291 -> C,ts_engage_write,44944369
13:11:28.385 -> C,ts_engage_write,45032367
13:11:28.385 -> C,engage_lvl,886
13:11:28.479 -> C,ts_engage_write,45120368
13:11:28.572 -> C,ts_engage_write,45208368
13:11:28.665 -> C,ts_engage_write,45296369
13:11:28.757 -> C,ts_engage_write,45384366
13:11:28.852 -> C,ts_engage_write,45472370
13:11:28.945 -> [FACE] heartbeat
13:11:28.945 -> C,mood_str,50
13:11:28.945 -> C,ts_engage_write,45560475
13:11:28.945 -> C,engage_lvl,885
13:11:28.945 -> C,modifier,15
13:11:28.945 -> C,engage_floor,0
13:11:28.945 -> C,loop_us,274
13:11:29.038 -> C,ts_engage_write,45648366
13:11:29.085 -> C,ts_engage_write,45736368
13:11:29.178 -> C,ts_engage_write,45824374
13:11:29.271 -> C,ts_engage_write,45912367
13:11:29.363 -> C,ts_engage_write,46000369
13:11:29.456 -> C,ts_engage_write,46088367
13:11:29.456 -> C,engage_lvl,883
13:11:29.549 -> C,ts_engage_write,46176368
13:11:29.644 -> C,ts_engage_write,46264368
13:11:29.739 -> C,ts_engage_write,46352368
13:11:29.785 -> C,ts_engage_write,46440366
13:11:29.877 -> C,ts_engage_write,46528370
13:11:29.970 -> [FACE] heartbeat
13:11:29.970 -> C,mood_str,50
13:11:29.970 -> C,ts_engage_write,46616468
13:11:29.970 -> C,engage_lvl,882
13:11:29.970 -> C,modifier,15
13:11:29.970 -> C,engage_floor,0
13:11:29.970 -> C,loop_us,277
13:11:30.065 -> C,ts_engage_write,46704368
13:11:30.159 -> C,ts_engage_write,46792368
13:11:30.253 -> C,ts_engage_write,46880368
13:11:30.345 -> C,ts_engage_write,46968367
13:11:30.436 -> C,ts_engage_write,47056369
13:11:30.529 -> C,ts_engage_write,47144367
13:11:30.529 -> C,engage_lvl,881
13:11:30.622 -> C,ts_engage_write,47232368
13:11:30.669 -> C,ts_engage_write,47320368
13:11:30.762 -> C,ts_engage_write,47408366
13:11:30.855 -> C,ts_engage_write,47496369
13:11:30.949 -> C,ts_engage_write,47584369
13:11:31.042 -> [FACE] heartbeat
13:11:31.042 -> C,mood_str,50
13:11:31.042 -> C,ts_engage_write,47672474
13:11:31.042 -> C,engage_lvl,879
13:11:31.042 -> C,modifier,15
13:11:31.042 -> C,engage_floor,0
13:11:31.042 -> C,loop_us,275
13:11:31.134 -> C,ts_engage_write,47760365
13:11:31.228 -> C,ts_engage_write,47848368
13:11:31.322 -> C,ts_engage_write,47936368
13:11:31.368 -> C,ts_engage_write,48024367
13:11:31.460 -> C,ts_engage_write,48112369
13:11:31.553 -> C,ts_engage_write,48200367
13:11:31.553 -> C,engage_lvl,878
13:11:31.646 -> C,ts_engage_write,48288368
13:11:31.741 -> C,ts_engage_write,48376368
13:11:31.833 -> C,ts_engage_write,48464366
13:11:31.925 -> C,ts_engage_write,48552369
13:11:32.019 -> C,ts_engage_write,48640369
13:11:32.111 -> [FACE] heartbeat
13:11:32.111 -> C,mood_str,50
13:11:32.111 -> C,ts_engage_write,48728475
13:11:32.111 -> C,engage_lvl,876
13:11:32.111 -> C,modifier,15
13:11:32.111 -> C,engage_floor,0
13:11:32.111 -> C,loop_us,276
13:11:32.205 -> C,ts_engage_write,48816365
13:11:32.251 -> C,ts_engage_write,48904368
13:11:32.343 -> C,ts_engage_write,48992368
13:11:32.436 -> C,ts_engage_write,49080367
13:11:32.528 -> C,ts_engage_write,49168369
13:11:32.620 -> C,ts_engage_write,49256367
13:11:32.620 -> C,engage_lvl,875
13:11:32.713 -> C,ts_engage_write,49344368
13:11:32.805 -> C,ts_engage_write,49432367
13:11:32.898 -> C,ts_engage_write,49520369
13:11:32.994 -> C,ts_engage_write,49608367
13:11:33.086 -> C,ts_engage_write,49696369
13:11:33.132 -> [FACE] heartbeat
13:11:33.132 -> C,mood_str,50
13:11:33.132 -> C,ts_engage_write,49784472
13:11:33.132 -> C,engage_lvl,873
13:11:33.132 -> C,modifier,15
13:11:33.132 -> C,engage_floor,0
13:11:33.132 -> C,loop_us,258
13:11:33.224 -> C,ts_engage_write,49872362
13:11:33.319 -> C,ts_engage_write,49960368
13:11:33.412 -> C,ts_engage_write,50048368
13:11:33.504 -> C,ts_engage_write,50136367
13:11:33.597 -> C,ts_engage_write,50224376
13:11:33.689 -> C,ts_engage_write,50312367
13:11:33.689 -> C,engage_lvl,872
13:11:33.784 -> C,ts_engage_write,50400366
13:11:33.877 -> C,ts_engage_write,50488370
13:11:33.923 -> C,ts_engage_write,50576368
13:11:34.016 -> C,ts_engage_write,50664367
13:11:34.110 -> C,ts_engage_write,50752369
13:11:34.202 -> [FACE] heartbeat
13:11:34.202 -> C,mood_str,50
13:11:34.202 -> C,ts_engage_write,50840473
13:11:34.202 -> C,engage_lvl,871
13:11:34.202 -> C,modifier,15
13:11:34.202 -> C,engage_floor,0
13:11:34.202 -> C,loop_us,274
13:11:34.293 -> C,ts_engage_write,50928365
13:11:34.386 -> C,ts_engage_write,51016368
13:11:34.479 -> C,ts_engage_write,51104368
13:11:34.572 -> C,ts_engage_write,51192367
13:11:34.666 -> C,ts_engage_write,51280369
13:11:34.712 -> C,ts_engage_write,51368367
13:11:34.758 -> C,engage_lvl,869
13:11:34.806 -> C,ts_engage_write,51456366
13:11:34.898 -> C,ts_engage_write,51544370
13:11:34.990 -> C,ts_engage_write,51632368
13:11:35.083 -> C,ts_engage_write,51720367
13:11:35.176 -> C,ts_engage_write,51808369
13:11:35.268 -> [FACE] heartbeat
13:11:35.268 -> C,mood_str,50
13:11:35.268 -> C,ts_engage_write,51896456
13:11:35.268 -> C,engage_lvl,868
13:11:35.268 -> C,modifier,15
13:11:35.268 -> C,engage_floor,0
13:11:35.268 -> C,loop_us,267
13:11:35.362 -> C,ts_engage_write,51984368
13:11:35.455 -> C,ts_engage_write,52072368
13:11:35.547 -> C,ts_engage_write,52160368
13:11:35.593 -> C,ts_engage_write,52248367
13:11:35.686 -> C,ts_engage_write,52336369
13:11:35.778 -> C,ts_engage_write,52424366
13:11:35.778 -> C,engage_lvl,866
13:11:35.870 -> C,ts_engage_write,52512369
13:11:35.962 -> C,ts_engage_write,52600368
13:11:36.058 -> C,ts_engage_write,52688368
13:11:36.152 -> C,ts_engage_write,52776367
13:11:36.246 -> C,ts_engage_write,52864369
13:11:36.342 -> [FACE] heartbeat
13:11:36.342 -> C,mood_str,50
13:11:36.342 -> C,ts_engage_write,52952477
13:11:36.342 -> C,engage_lvl,865
13:11:36.342 -> C,modifier,15
13:11:36.342 -> C,engage_floor,0
13:11:36.342 -> C,loop_us,276
13:11:36.388 -> C,ts_engage_write,53040365
13:11:36.480 -> C,ts_engage_write,53128368
13:11:36.571 -> C,ts_engage_write,53216368
13:11:36.665 -> C,ts_engage_write,53304367
13:11:36.757 -> C,ts_engage_write,53392367
13:11:36.851 -> C,ts_engage_write,53480369
13:11:36.851 -> C,engage_lvl,864
13:11:36.943 -> C,ts_engage_write,53568368
13:11:37.037 -> C,ts_engage_write,53656368
13:11:37.129 -> C,ts_engage_write,53744368
13:11:37.221 -> C,ts_engage_write,53832367
13:11:37.267 -> C,ts_engage_write,53920369
13:11:37.359 -> [FACE] heartbeat
13:11:37.359 -> C,mood_str,50
13:11:37.359 -> C,ts_engage_write,54008489
13:11:37.359 -> C,engage_lvl,862
13:11:37.359 -> C,modifier,15
13:11:37.359 -> C,engage_floor,0
13:11:37.359 -> C,loop_us,287
13:11:37.452 -> C,ts_engage_write,54096366
13:11:37.544 -> C,ts_engage_write,54184368
13:11:37.638 -> C,ts_engage_write,54272368
13:11:37.731 -> C,ts_engage_write,54360367
13:11:37.824 -> C,ts_engage_write,54448367
13:11:37.916 -> C,ts_engage_write,54536369
13:11:37.916 -> C,engage_lvl,861
13:11:38.010 -> C,ts_engage_write,54624368
13:11:38.057 -> C,ts_engage_write,54712368
13:11:38.150 -> C,ts_engage_write,54800368
13:11:38.243 -> C,ts_engage_write,54888367
13:11:38.336 -> C,ts_engage_write,54976369
13:11:38.429 -> [FACE] heartbeat
13:11:38.429 -> C,mood_str,50
13:11:38.429 -> C,ts_engage_write,55064476
13:11:38.429 -> C,engage_lvl,859
13:11:38.429 -> C,modifier,15
13:11:38.429 -> C,engage_floor,0
13:11:38.429 -> C,loop_us,285
13:11:38.521 -> C,ts_engage_write,55152365
13:11:38.615 -> C,ts_engage_write,55240368
13:11:38.706 -> C,ts_engage_write,55328368
13:11:38.799 -> C,ts_engage_write,55416366
13:11:38.893 -> C,ts_engage_write,55504370
13:11:38.938 -> C,ts_engage_write,55592367
13:11:38.938 -> C,engage_lvl,858
13:11:39.033 -> C,ts_engage_write,55680368
13:11:39.125 -> C,ts_engage_write,55768368
13:11:39.217 -> C,ts_engage_write,55856368
13:11:39.310 -> C,ts_engage_write,55944367
13:11:39.403 -> C,ts_engage_write,56032369
13:11:39.495 -> [FACE] heartbeat
13:11:39.495 -> C,mood_str,50
13:11:39.495 -> C,ts_engage_write,56120468
13:11:39.495 -> C,engage_lvl,857
13:11:39.495 -> C,modifier,15
13:11:39.495 -> C,engage_floor,0
13:11:39.495 -> C,loop_us,276
13:11:39.588 -> C,ts_engage_write,56208368
13:11:39.682 -> C,ts_engage_write,56296368
13:11:39.729 -> C,ts_engage_write,56384367
13:11:39.825 -> C,ts_engage_write,56472369
13:11:39.917 -> C,ts_engage_write,56560369
13:11:40.010 -> C,ts_engage_write,56648367
13:11:40.010 -> C,engage_lvl,855
13:11:40.103 -> C,ts_engage_write,56736368
13:11:40.195 -> C,ts_engage_write,56824368
13:11:40.288 -> C,ts_engage_write,56912368
13:11:40.381 -> C,ts_engage_write,57000367
13:11:40.474 -> C,ts_engage_write,57088370
13:11:40.521 -> [FACE] heartbeat
13:11:40.521 -> C,mood_str,50
13:11:40.521 -> C,ts_engage_write,57176477
13:11:40.521 -> C,engage_lvl,854
13:11:40.521 -> C,modifier,15
13:11:40.521 -> C,engage_floor,0
13:11:40.521 -> C,loop_us,277
13:11:40.615 -> C,ts_engage_write,57264366
13:11:40.710 -> C,ts_engage_write,57352368
13:11:40.804 -> C,ts_engage_write,57440367
13:11:40.896 -> C,ts_engage_write,57528369
13:11:40.989 -> C,ts_engage_write,57616369
13:11:41.081 -> C,ts_engage_write,57704367
13:11:41.081 -> C,engage_lvl,852
13:11:41.174 -> C,ts_engage_write,57792368
13:11:41.268 -> C,ts_engage_write,57880368
13:11:41.315 -> C,ts_engage_write,57968368
13:11:41.407 -> C,ts_engage_write,58056374
13:11:41.500 -> C,ts_engage_write,58144370
13:11:41.593 -> [FACE] heartbeat
13:11:41.593 -> C,mood_str,50
13:11:41.593 -> C,ts_engage_write,58232476
13:11:41.593 -> C,engage_lvl,851
13:11:41.593 -> C,modifier,15
13:11:41.593 -> C,engage_floor,0
13:11:41.593 -> C,loop_us,276
13:11:41.685 -> C,ts_engage_write,58320366
13:11:41.778 -> C,ts_engage_write,58408367
13:11:41.871 -> C,ts_engage_write,58496369
13:11:41.963 -> C,ts_engage_write,58584367
13:11:42.058 -> C,ts_engage_write,58672369
13:11:42.105 -> C,ts_engage_write,58760367
13:11:42.105 -> C,engage_lvl,850
13:11:42.196 -> C,ts_engage_write,58848368
13:11:42.290 -> C,ts_engage_write,58936368
13:11:42.384 -> C,ts_engage_write,59024368
13:11:42.477 -> C,ts_engage_write,59112367
13:11:42.569 -> C,ts_engage_write,59200369
13:11:42.662 -> [FACE] heartbeat
13:11:42.662 -> C,mood_str,50
13:11:42.662 -> C,ts_engage_write,59288467
13:11:42.662 -> C,engage_lvl,848
13:11:42.662 -> C,modifier,15
13:11:42.662 -> C,engage_floor,0
13:11:42.662 -> C,loop_us,276
13:11:42.756 -> C,ts_engage_write,59376368
13:11:42.849 -> C,ts_engage_write,59464367
13:11:42.943 -> C,ts_engage_write,59552369
13:11:42.990 -> C,ts_engage_write,59640367
13:11:43.083 -> C,ts_engage_write,59728369
13:11:43.176 -> C,ts_engage_write,59816367
13:11:43.176 -> C,engage_lvl,847
13:11:43.268 -> C,ts_engage_write,59904368
13:11:43.361 -> C,ts_engage_write,59992368
13:11:43.455 -> C,dom_touch,44
13:11:43.455 -> C,dom_sec,0
13:11:43.455 -> [MEM] tick: records=1 strength=44
13:11:43.455 -> C,rec_count,1
13:11:43.455 -> C,ts_engage_write,60080522
13:11:43.548 -> C,ts_engage_write,60168376
13:11:43.643 -> C,ts_engage_write,60256368
13:11:43.689 -> [FACE] heartbeat
13:11:43.689 -> C,mood_str,50
13:11:43.689 -> C,ts_engage_write,60344477
13:11:43.689 -> C,engage_lvl,845
13:11:43.689 -> C,modifier,15
13:11:43.689 -> C,engage_floor,0
13:11:43.689 -> C,loop_us,277
13:11:43.782 -> C,ts_engage_write,60432363
13:11:43.875 -> C,ts_engage_write,60520370
13:11:43.968 -> C,ts_engage_write,60608368
13:11:44.062 -> C,ts_engage_write,60696367
13:11:44.155 -> C,ts_engage_write,60784369
13:11:44.248 -> C,ts_engage_write,60872367
13:11:44.248 -> C,engage_lvl,844
13:11:44.342 -> C,ts_engage_write,60960368
13:11:44.435 -> C,ts_engage_write,61048368
13:11:44.481 -> C,ts_engage_write,61136368
13:11:44.574 -> C,ts_engage_write,61224367
13:11:44.667 -> C,ts_engage_write,61312369
13:11:44.761 -> [FACE] heartbeat
13:11:44.761 -> C,mood_str,50
13:11:44.761 -> C,ts_engage_write,61400468
13:11:44.761 -> C,engage_lvl,843
13:11:44.761 -> C,modifier,15
13:11:44.761 -> C,engage_floor,0
13:11:44.761 -> C,loop_us,260
13:11:44.854 -> C,ts_engage_write,61488366
13:11:44.948 -> C,ts_engage_write,61576368
13:11:45.041 -> C,ts_engage_write,61664368
13:11:45.135 -> C,ts_engage_write,61752367
13:11:45.228 -> C,ts_engage_write,61840369
13:11:45.274 -> C,ts_engage_write,61928367
13:11:45.274 -> C,engage_lvl,841
13:11:45.366 -> C,ts_engage_write,62016368
13:11:45.460 -> C,ts_engage_write,62104368
13:11:45.555 -> C,ts_engage_write,62192368
13:11:45.649 -> C,ts_engage_write,62280367
13:11:45.743 -> C,ts_engage_write,62368369
13:11:45.835 -> [FACE] heartbeat
13:11:45.835 -> C,mood_str,50
13:11:45.835 -> C,ts_engage_write,62456489
13:11:45.835 -> C,engage_lvl,840
13:11:45.835 -> C,modifier,15
13:11:45.835 -> C,engage_floor,0
13:11:45.835 -> C,loop_us,289
13:11:45.929 -> C,ts_engage_write,62547731
13:11:46.024 -> C,ts_engage_write,62635401
13:11:46.071 -> C,ts_engage_write,62723371
13:11:46.164 -> C,ts_engage_write,62811371
13:11:46.257 -> C,ts_engage_write,62899371
13:11:46.351 -> C,ts_engage_write,62987371
13:11:46.351 -> C,engage_lvl,838
13:11:46.444 -> C,ts_engage_write,63075371
13:11:46.538 -> C,ts_engage_write,63163371
13:11:46.631 -> C,ts_engage_write,63251371
13:11:46.723 -> C,ts_engage_write,63339371
13:11:46.815 -> C,ts_engage_write,63427369
13:11:46.862 -> [FACE] heartbeat
13:11:46.862 -> C,mood_str,50
13:11:46.862 -> C,ts_engage_write,63515480
13:11:46.862 -> C,engage_lvl,837
13:11:46.862 -> C,modifier,15
13:11:46.862 -> C,engage_floor,0
13:11:46.862 -> C,loop_us,291
13:11:46.955 -> C,ts_engage_write,63603368
13:11:47.048 -> C,ts_engage_write,63691371
13:11:47.141 -> C,ts_engage_write,63779371
13:11:47.232 -> C,ts_engage_write,63867371
13:11:47.326 -> C,ts_engage_write,63955371
13:11:47.420 -> C,ts_engage_write,64043371
13:11:47.420 -> C,engage_lvl,835
13:11:47.512 -> C,ts_engage_write,64131371
13:11:47.605 -> C,ts_engage_write,64219371
13:11:47.652 -> C,ts_engage_write,64307371
13:11:47.747 -> C,ts_engage_write,64395369
13:11:47.840 -> C,ts_engage_write,64483372
13:11:47.933 -> [FACE] heartbeat
13:11:47.933 -> C,mood_str,50
13:11:47.933 -> C,ts_engage_write,64571482
13:11:47.933 -> C,engage_lvl,834
13:11:47.933 -> C,modifier,15
13:11:47.933 -> C,engage_floor,0
13:11:47.933 -> C,loop_us,282
13:11:48.025 -> C,ts_engage_write,64659368
13:11:48.119 -> C,ts_engage_write,64747371
13:11:48.211 -> C,ts_engage_write,64835371
13:11:48.306 -> C,ts_engage_write,64923371
13:11:48.399 -> C,ts_engage_write,65011371
13:11:48.445 -> C,ts_engage_write,65099371
13:11:48.445 -> C,engage_lvl,833
13:11:48.539 -> C,ts_engage_write,65187371
13:11:48.631 -> C,ts_engage_write,65275371
13:11:48.725 -> C,ts_engage_write,65363372
13:11:48.819 -> C,ts_engage_write,65451369
13:11:48.913 -> C,ts_engage_write,65539372
13:11:49.006 -> [FACE] heartbeat
13:11:49.006 -> C,mood_str,50
13:11:49.006 -> C,ts_engage_write,65627480
13:11:49.006 -> C,engage_lvl,831
13:11:49.006 -> C,modifier,15
13:11:49.006 -> C,engage_floor,0
13:11:49.006 -> C,loop_us,280
13:11:49.099 -> C,ts_engage_write,65715369
13:11:49.191 -> C,ts_engage_write,65803371
13:11:49.238 -> C,ts_engage_write,65891371
13:11:49.331 -> C,ts_engage_write,65979371
13:11:49.423 -> C,ts_engage_write,66067371
13:11:49.514 -> C,ts_engage_write,66155371
13:11:49.514 -> C,engage_lvl,830
13:11:49.608 -> C,ts_engage_write,66243371
13:11:49.700 -> C,ts_engage_write,66331371
13:11:49.795 -> C,ts_engage_write,66419369
13:11:49.887 -> C,ts_engage_write,66507372
13:11:49.978 -> C,ts_engage_write,66595371
13:11:50.073 -> [FACE] heartbeat
13:11:50.073 -> C,mood_str,50
13:11:50.073 -> C,ts_engage_write,66683480
13:11:50.073 -> C,engage_lvl,828
13:11:50.073 -> C,modifier,15
13:11:50.073 -> C,engage_floor,0
13:11:50.073 -> C,loop_us,291
13:11:50.121 -> C,ts_engage_write,66771368
13:11:50.214 -> C,ts_engage_write,66859371
13:11:50.307 -> C,ts_engage_write,66947376
13:11:50.400 -> C,ts_engage_write,67035372
13:11:50.493 -> C,ts_engage_write,67123371
13:11:50.587 -> C,ts_engage_write,67211371
13:11:50.587 -> C,engage_lvl,827
13:11:50.680 -> C,ts_engage_write,67299371
13:11:50.772 -> C,ts_engage_write,67387369
13:11:50.819 -> C,ts_engage_write,67475372
13:11:50.912 -> C,ts_engage_write,67563371
13:11:51.005 -> C,ts_engage_write,67651371
13:11:51.098 -> [FACE] heartbeat
13:11:51.098 -> C,mood_str,50
13:11:51.098 -> C,ts_engage_write,67739457
13:11:51.098 -> C,engage_lvl,826
13:11:51.098 -> C,modifier,15
13:11:51.098 -> C,engage_floor,0
13:11:51.098 -> C,loop_us,265
13:11:51.191 -> C,ts_engage_write,67827371
13:11:51.285 -> C,ts_engage_write,67915371
13:11:51.378 -> C,ts_engage_write,68003371
13:11:51.471 -> C,ts_engage_write,68091371
13:11:51.563 -> C,ts_engage_write,68179371
13:11:51.611 -> C,ts_engage_write,68267371
13:11:51.611 -> C,engage_lvl,824
13:11:51.703 -> C,ts_engage_write,68355371
13:11:51.797 -> C,ts_engage_write,68443369
13:11:51.889 -> C,ts_engage_write,68531372
13:11:51.982 -> C,ts_engage_write,68619371
13:11:52.076 -> C,ts_engage_write,68707371
13:11:52.168 -> [FACE] heartbeat
13:11:52.168 -> C,mood_str,50
13:11:52.168 -> C,ts_engage_write,68795480
13:11:52.168 -> C,engage_lvl,823
13:11:52.168 -> C,modifier,15
13:11:52.168 -> C,engage_floor,0
13:11:52.168 -> C,loop_us,283
13:11:52.262 -> C,ts_engage_write,68883368
13:11:52.356 -> C,ts_engage_write,68971371
13:11:52.449 -> C,ts_engage_write,69059371
13:11:52.496 -> C,ts_engage_write,69147371
13:11:52.588 -> C,ts_engage_write,69235371
13:11:52.682 -> C,ts_engage_write,69323371
13:11:52.682 -> C,engage_lvl,821
13:11:52.775 -> C,ts_engage_write,69411369
13:11:52.868 -> C,ts_engage_write,69499372
13:11:52.961 -> C,ts_engage_write,69587371
13:11:53.054 -> C,ts_engage_write,69675371
13:11:53.146 -> C,ts_engage_write,69763371
13:11:53.239 -> [FACE] heartbeat
13:11:53.239 -> C,mood_str,50
13:11:53.239 -> C,ts_engage_write,69851480
13:11:53.239 -> C,engage_lvl,820
13:11:53.239 -> C,modifier,15
13:11:53.239 -> C,engage_floor,0
13:11:53.239 -> C,loop_us,283
13:11:53.286 -> C,ts_engage_write,69939368
13:11:53.286 -> [TOUCH] transition raw=1 pressed=1 ms=69939
13:11:53.286 -> [TOUCH] START raw=1 ms=69939
13:11:53.379 -> C,ts_engage_write,70027378
13:11:53.472 -> C,ts_engage_write,70115372
13:11:53.472 -> [TOUCH] transition raw=0 pressed=0 ms=70115
13:11:53.472 -> [TOUCH] RELEASE raw=0 duration=176 ms=70115
13:11:53.472 -> [TOUCH] TAP
13:11:53.472 -> [EMOTION] IDLE -> EXCITED
13:11:53.472 -> EVT:{"type":"timeline","text":"User tap interaction","tag":"touch"}
13:11:53.566 -> C,ts_engage_write,70207442
13:11:53.658 -> C,ts_engage_write,70295390
13:11:53.751 -> C,ts_engage_write,70383402
13:11:53.751 -> C,engage_lvl,819
13:11:53.845 -> C,ts_engage_write,70471392
13:11:53.939 -> C,ts_engage_write,70559402
13:11:54.033 -> C,ts_engage_write,70647389
13:11:54.079 -> C,ts_engage_write,70735403
13:11:54.171 -> C,ts_engage_write,70823389
13:11:54.265 -> [FACE] heartbeat
13:11:54.265 -> C,mood_str,50
13:11:54.265 -> C,ts_engage_write,70911547
13:11:54.265 -> C,engage_lvl,817
13:11:54.265 -> C,modifier,15
13:11:54.265 -> C,engage_floor,0
13:11:54.265 -> C,loop_us,360
13:11:54.360 -> C,ts_engage_write,70999390
13:11:54.453 -> C,ts_engage_write,71087399
13:11:54.453 -> [TOUCH] transition raw=1 pressed=1 ms=71087
13:11:54.453 -> [TOUCH] START raw=1 ms=71087
13:11:54.545 -> C,ts_engage_write,71175397
13:11:54.639 -> C,ts_engage_write,71263403
13:11:54.639 -> [TOUCH] transition raw=0 pressed=0 ms=71263
13:11:54.639 -> [TOUCH] RELEASE raw=0 duration=176 ms=71263
13:11:54.639 -> [TOUCH] TAP
13:11:54.639 -> [EMOTION] EXCITED -> HAPPY
13:11:54.639 -> EVT:{"type":"timeline","text":"User tap interaction","tag":"touch"}
13:11:54.732 -> C,ts_engage_write,71355444
13:11:54.824 -> C,ts_engage_write,71444393
13:11:54.824 -> C,engage_lvl,816
13:11:54.917 -> C,ts_engage_write,71533398
13:11:55.012 -> C,ts_engage_write,71622389
13:11:55.058 -> C,ts_engage_write,71711395
13:11:55.152 -> C,ts_engage_write,71800387
13:11:55.245 -> C,ts_engage_write,71889397
13:11:55.339 -> [FACE] heartbeat
13:11:55.339 -> C,mood_str,50
13:11:55.339 -> C,ts_engage_write,71978521
13:11:55.339 -> C,engage_lvl,814
13:11:55.339 -> C,modifier,15
13:11:55.339 -> C,engage_floor,0
13:11:55.339 -> C,loop_us,317
13:11:55.432 -> C,ts_engage_write,72067396
13:11:55.526 -> C,ts_engage_write,72156391
13:11:55.619 -> C,ts_engage_write,72245395
13:11:55.714 -> C,ts_engage_write,72334390
13:11:55.807 -> C,ts_engage_write,72423395
13:11:55.900 -> C,ts_engage_write,72512390
13:11:55.900 -> C,engage_lvl,813
13:11:55.947 -> C,ts_engage_write,72601397
13:11:56.040 -> C,ts_engage_write,72690391
13:11:56.132 -> C,ts_engage_write,72779395
13:11:56.227 -> C,ts_engage_write,72868391
13:11:56.227 -> [TOUCH] transition raw=1 pressed=1 ms=72868
13:11:56.227 -> [TOUCH] START raw=1 ms=72868
13:11:56.321 -> C,ts_engage_write,72957395
13:11:56.321 -> [TOUCH] transition raw=0 pressed=0 ms=72957
13:11:56.321 -> [TOUCH] RELEASE raw=0 duration=89 ms=72957
13:11:56.321 -> [TOUCH] TAP
13:11:56.321 -> EVT:{"type":"timeline","text":"User tap interaction","tag":"touch"}
13:11:56.415 -> [FACE] heartbeat
13:11:56.415 -> C,mood_str,50
13:11:56.415 -> C,ts_engage_write,73049601
13:11:56.415 -> C,engage_lvl,811
13:11:56.415 -> C,modifier,15
13:11:56.415 -> C,engage_floor,0
13:11:56.415 -> C,loop_us,412
13:11:56.507 -> C,ts_engage_write,73138386
13:11:56.601 -> C,ts_engage_write,73227388
13:11:56.693 -> C,ts_engage_write,73315392
13:11:56.787 -> C,ts_engage_write,73404388
13:11:56.881 -> C,ts_engage_write,73492388
13:11:56.927 -> C,ts_engage_write,73581391
13:11:56.927 -> C,engage_lvl,810
13:11:57.020 -> C,ts_engage_write,73670388
13:11:57.111 -> C,ts_engage_write,73759387
13:11:57.204 -> C,ts_engage_write,73847391
13:11:57.298 -> C,ts_engage_write,73936389
13:11:57.392 -> C,ts_engage_write,74024387
13:11:57.486 -> [FACE] heartbeat
13:11:57.486 -> C,mood_str,50
13:11:57.486 -> C,ts_engage_write,74112512
13:11:57.486 -> C,engage_lvl,809
13:11:57.486 -> C,modifier,15
13:11:57.486 -> C,engage_floor,0
13:11:57.486 -> C,loop_us,309
13:11:57.579 -> C,ts_engage_write,74201384
13:11:57.673 -> C,ts_engage_write,74289389
13:11:57.765 -> C,ts_engage_write,74378390
13:11:57.765 -> [TOUCH] transition raw=1 pressed=1 ms=74378
13:11:57.765 -> [TOUCH] START raw=1 ms=74378
13:11:57.812 -> C,ts_engage_write,74467395
13:11:57.905 -> C,ts_engage_write,74556389
13:11:57.905 -> [TOUCH] transition raw=0 pressed=0 ms=74556
13:11:57.905 -> [TOUCH] RELEASE raw=0 duration=178 ms=74556
13:11:57.905 -> [TOUCH] TAP
13:11:57.905 -> [EMOTION] HAPPY -> LOVE
13:11:57.905 -> EVT:{"type":"timeline","text":"User tap interaction","tag":"touch"}
13:11:57.999 -> C,ts_engage_write,74648444
13:11:57.999 -> C,engage_lvl,807
13:11:58.091 -> C,ts_engage_write,74736399
13:11:58.183 -> C,ts_engage_write,74824399
13:11:58.276 -> C,ts_engage_write,74912399
13:11:58.369 -> C,ts_engage_write,75000396
13:11:58.462 -> C,ts_engage_write,75088399
13:11:58.556 -> [FACE] heartbeat
13:11:58.556 -> C,mood_str,50
13:11:58.556 -> C,ts_engage_write,75176535
13:11:58.556 -> C,engage_lvl,806
13:11:58.556 -> C,modifier,15
13:11:58.556 -> C,engage_floor,0
13:11:58.556 -> C,loop_us,349
13:11:58.648 -> C,ts_engage_write,75264396
13:11:58.741 -> C,ts_engage_write,75352399
13:11:58.787 -> C,ts_engage_write,75440391
13:11:58.881 -> C,ts_engage_write,75528400
13:11:58.974 -> C,ts_engage_write,75616395
13:11:59.066 -> C,ts_engage_write,75704399
13:11:59.066 -> C,engage_lvl,804
13:11:59.159 -> C,ts_engage_write,75792398
13:11:59.251 -> C,ts_engage_write,75880396
13:11:59.345 -> C,ts_engage_write,75968395
13:11:59.440 -> C,ts_engage_write,76056396
13:11:59.533 -> C,ts_engage_write,76144395
13:11:59.580 -> [FACE] heartbeat
13:11:59.580 -> C,mood_str,50
13:11:59.580 -> C,ts_engage_write,76232526
13:11:59.580 -> C,engage_lvl,803
13:11:59.580 -> C,modifier,15
13:11:59.580 -> C,engage_floor,0
13:11:59.580 -> C,loop_us,324
13:11:59.673 -> C,ts_engage_write,76320396
13:11:59.763 -> C,ts_engage_write,76408393
13:11:59.856 -> C,ts_engage_write,76496402
13:11:59.949 -> C,ts_engage_write,76584394
13:12:00.043 -> C,ts_engage_write,76672397
13:12:00.135 -> C,ts_engage_write,76760394
13:12:00.135 -> C,engage_lvl,802
13:12:00.228 -> C,ts_engage_write,76848397
13:12:00.320 -> C,ts_engage_write,76936399
13:12:00.411 -> C,ts_engage_write,77024392
13:12:00.457 -> C,ts_engage_write,77112401
13:12:00.550 -> C,ts_engage_write,77200393
13:12:00.644 -> [FACE] heartbeat
13:12:00.644 -> C,mood_str,50
13:12:00.644 -> C,ts_engage_write,77288523
13:12:00.644 -> C,engage_lvl,800
13:12:00.644 -> C,modifier,15
13:12:00.644 -> C,engage_floor,0
13:12:00.644 -> C,loop_us,335
13:12:00.739 -> C,ts_engage_write,77376396
13:12:00.831 -> C,ts_engage_write,77464395
13:12:00.923 -> C,ts_engage_write,77552395
13:12:01.014 -> C,ts_engage_write,77640399
13:12:01.106 -> C,ts_engage_write,77728392
13:12:01.199 -> C,ts_engage_write,77816399
13:12:01.199 -> C,engage_lvl,799
13:12:01.291 -> C,ts_engage_write,77904397
13:12:01.339 -> C,ts_engage_write,77992394
13:12:01.431 -> C,ts_engage_write,78080397
13:12:01.525 -> C,ts_engage_write,78168394
13:12:01.618 -> C,ts_engage_write,78256397
13:12:01.710 -> [FACE] heartbeat
13:12:01.710 -> C,mood_str,50
13:12:01.710 -> C,ts_engage_write,78344523
13:12:01.710 -> C,engage_lvl,797
13:12:01.710 -> C,modifier,15
13:12:01.710 -> C,engage_floor,0
13:12:01.710 -> C,loop_us,323
13:12:01.803 -> C,ts_engage_write,78432394
13:12:01.895 -> C,ts_engage_write,78520398
13:12:01.988 -> C,ts_engage_write,78608399
13:12:02.082 -> C,ts_engage_write,78696394
13:12:02.129 -> C,ts_engage_write,78784397
13:12:02.223 -> C,ts_engage_write,78872394
13:12:02.223 -> C,engage_lvl,796
13:12:02.315 -> C,ts_engage_write,78960397
13:12:02.408 -> C,ts_engage_write,79048395
13:12:02.500 -> C,ts_engage_write,79136395
13:12:02.593 -> C,ts_engage_write,79224396
13:12:02.685 -> C,ts_engage_write,79312398
13:12:02.778 -> [FACE] heartbeat
13:12:02.778 -> C,mood_str,50
13:12:02.778 -> C,ts_engage_write,79400524
13:12:02.778 -> C,engage_lvl,795
13:12:02.778 -> C,modifier,15
13:12:02.778 -> C,engage_floor,0
13:12:02.778 -> C,loop_us,334
13:12:02.873 -> C,ts_engage_write,79488400
13:12:02.920 -> [EMOTION] LOVE -> IDLE (timeout)
13:12:02.920 -> C,ts_engage_write,79576488
13:12:03.014 -> C,ts_engage_write,79664380
13:12:03.108 -> C,ts_engage_write,79752381
13:12:03.201 -> C,ts_engage_write,79840378
13:12:03.295 -> C,ts_engage_write,79928376
13:12:03.295 -> C,engage_lvl,793
13:12:03.388 -> C,ts_engage_write,80016381
13:12:03.478 -> C,ts_engage_write,80104376
13:12:03.568 -> C,ts_engage_write,80192378
13:12:03.660 -> C,ts_engage_write,80280380
13:12:03.752 -> C,ts_engage_write,80368378
13:12:03.843 -> [FACE] heartbeat
13:12:03.843 -> C,mood_str,50
13:12:03.843 -> C,ts_engage_write,80456493
13:12:03.843 -> C,engage_lvl,792
13:12:03.843 -> C,modifier,15
13:12:03.843 -> C,engage_floor,0
13:12:03.843 -> C,loop_us,290
13:12:03.888 -> C,ts_engage_write,80544381
13:12:03.979 -> C,ts_engage_write,80632378
13:12:04.069 -> C,ts_engage_write,80720377
13:12:04.160 -> C,ts_engage_write,80808379
13:12:04.252 -> C,ts_engage_write,80896379
13:12:04.344 -> C,ts_engage_write,80984376
13:12:04.344 -> C,engage_lvl,790
13:12:04.436 -> C,ts_engage_write,81072380
13:12:04.527 -> C,ts_engage_write,81160368
13:12:04.616 -> C,ts_engage_write,81248368
13:12:04.707 -> C,ts_engage_write,81336367
13:12:04.799 -> C,ts_engage_write,81424367
13:12:04.891 -> [FACE] heartbeat
13:12:04.891 -> C,mood_str,50
13:12:04.891 -> C,ts_engage_write,81512471
13:12:04.891 -> C,engage_lvl,789
13:12:04.891 -> C,modifier,15
13:12:04.891 -> C,engage_floor,0
13:12:04.891 -> C,loop_us,270
13:12:04.981 -> C,ts_engage_write,81600365
13:12:05.072 -> C,ts_engage_write,81688368
13:12:05.163 -> C,ts_engage_write,81776368
13:12:05.208 -> C,ts_engage_write,81864367
13:12:05.301 -> C,ts_engage_write,81952369
13:12:05.395 -> C,ts_engage_write,82040367
13:12:05.395 -> C,engage_lvl,788
13:12:05.488 -> C,ts_engage_write,82128368
13:12:05.581 -> C,ts_engage_write,82216368
13:12:05.674 -> C,ts_engage_write,82304368
13:12:05.767 -> C,ts_engage_write,82392366
13:12:05.860 -> C,ts_engage_write,82480370
13:12:05.954 -> [FACE] heartbeat
13:12:05.954 -> C,mood_str,50
13:12:05.954 -> C,ts_engage_write,82568470
13:12:05.954 -> C,engage_lvl,786
13:12:05.954 -> C,modifier,15
13:12:05.954 -> C,engage_floor,0
13:12:05.954 -> C,loop_us,270
13:12:06.001 -> C,ts_engage_write,82656365
13:12:06.095 -> C,ts_engage_write,82744368
13:12:06.190 -> C,ts_engage_write,82832368
13:12:06.282 -> C,ts_engage_write,82920367
13:12:06.373 -> C,ts_engage_write,83008369
13:12:06.467 -> C,ts_engage_write,83096367
13:12:06.467 -> C,engage_lvl,785
13:12:06.561 -> C,ts_engage_write,83184368
13:12:06.654 -> C,ts_engage_write,83272368
13:12:06.747 -> C,ts_engage_write,83360368
13:12:06.795 -> C,ts_engage_write,83448367
13:12:06.890 -> C,ts_engage_write,83536375
13:12:06.984 -> [FACE] heartbeat
13:12:06.984 -> C,mood_str,50
13:12:06.984 -> C,ts_engage_write,83624481
13:12:06.984 -> C,engage_lvl,783
13:12:06.984 -> C,modifier,15
13:12:06.984 -> C,engage_floor,0
13:12:06.984 -> C,loop_us,277
13:12:07.078 -> C,ts_engage_write,83712362
13:12:07.171 -> C,ts_engage_write,83800366
13:12:07.265 -> C,ts_engage_write,83888365
13:12:07.356 -> C,ts_engage_write,83976365
13:12:07.449 -> C,ts_engage_write,84064367
13:12:07.496 -> C,ts_engage_write,84152365
13:12:07.496 -> C,engage_lvl,782
13:12:07.589 -> C,ts_engage_write,84240366
13:12:07.681 -> C,ts_engage_write,84328366
13:12:07.774 -> C,ts_engage_write,84416363
13:12:07.867 -> C,ts_engage_write,84504367
13:12:07.959 -> C,ts_engage_write,84592367
13:12:08.053 -> [FACE] heartbeat
13:12:08.053 -> C,mood_str,50
13:12:08.053 -> C,ts_engage_write,84680463
13:12:08.053 -> C,engage_lvl,781
13:12:08.053 -> C,modifier,15
13:12:08.053 -> C,engage_floor,0
13:12:08.053 -> C,loop_us,262
13:12:08.145 -> C,ts_engage_write,84768365
13:12:08.238 -> C,ts_engage_write,84856366
13:12:08.331 -> C,ts_engage_write,84944365
13:12:08.377 -> C,ts_engage_write,85032365
13:12:08.469 -> C,ts_engage_write,85120367
13:12:08.562 -> C,ts_engage_write,85208365
13:12:08.562 -> C,engage_lvl,779
13:12:08.655 -> C,ts_engage_write,85296366
13:12:08.748 -> C,ts_engage_write,85384365
13:12:08.841 -> C,ts_engage_write,85472367
13:12:08.934 -> C,ts_engage_write,85560365
13:12:09.026 -> C,ts_engage_write,85648367
13:12:09.118 -> [FACE] heartbeat
13:12:09.118 -> C,mood_str,50
13:12:09.118 -> C,ts_engage_write,85736465
13:12:09.118 -> C,engage_lvl,778
13:12:09.118 -> C,modifier,15
13:12:09.118 -> C,engage_floor,0
13:12:09.118 -> C,loop_us,260
13:12:09.199 -> C,ts_engage_write,85824362
13:12:09.294 -> C,ts_engage_write,85912366
13:12:09.386 -> C,ts_engage_write,86000366
13:12:09.432 -> C,ts_engage_write,86088365
13:12:09.524 -> C,ts_engage_write,86176367
13:12:09.617 -> C,ts_engage_write,86264365
13:12:09.617 -> C,engage_lvl,776
13:12:09.709 -> C,ts_engage_write,86352366
13:12:09.803 -> C,ts_engage_write,86440366
13:12:09.898 -> C,ts_engage_write,86528366
13:12:09.991 -> C,ts_engage_write,86616365
13:12:10.083 -> C,ts_engage_write,86704367
13:12:10.175 -> [FACE] heartbeat
13:12:10.175 -> C,mood_str,50
13:12:10.175 -> C,ts_engage_write,86792465
13:12:10.175 -> C,engage_lvl,775
13:12:10.175 -> C,modifier,15
13:12:10.175 -> C,engage_floor,0
13:12:10.175 -> C,loop_us,270
13:12:10.268 -> C,ts_engage_write,86880365
13:12:10.314 -> C,ts_engage_write,86968366
13:12:10.406 -> C,ts_engage_write,87056365
13:12:10.498 -> C,ts_engage_write,87144371
13:12:10.591 -> C,ts_engage_write,87232368
13:12:10.684 -> C,ts_engage_write,87320365
13:12:10.684 -> C,engage_lvl,773
13:12:10.778 -> C,ts_engage_write,87408363
13:12:10.870 -> C,ts_engage_write,87496368
13:12:10.964 -> C,ts_engage_write,87584366
13:12:11.056 -> C,ts_engage_write,87672365
13:12:11.104 -> C,ts_engage_write,87760367
13:12:11.197 -> [FACE] heartbeat
13:12:11.197 -> C,mood_str,50
13:12:11.197 -> C,ts_engage_write,87848464
13:12:11.197 -> C,engage_lvl,772
13:12:11.197 -> C,modifier,15
13:12:11.197 -> C,engage_floor,0
13:12:11.197 -> C,loop_us,272
13:12:11.292 -> C,ts_engage_write,87936365
13:12:11.385 -> C,ts_engage_write,88024366
13:12:11.477 -> C,ts_engage_write,88112365
13:12:11.571 -> C,ts_engage_write,88200365
13:12:11.662 -> C,ts_engage_write,88288367
13:12:11.755 -> C,ts_engage_write,88376365
13:12:11.755 -> C,engage_lvl,771
13:12:11.848 -> C,ts_engage_write,88464365
13:12:11.895 -> C,ts_engage_write,88552366
13:12:11.988 -> C,ts_engage_write,88640366
13:12:12.082 -> C,ts_engage_write,88728365
13:12:12.175 -> C,ts_engage_write,88816367
13:12:12.268 -> [FACE] heartbeat
13:12:12.268 -> C,mood_str,50
13:12:12.268 -> C,ts_engage_write,88904471
13:12:12.268 -> C,engage_lvl,769
13:12:12.268 -> C,modifier,15
13:12:12.268 -> C,engage_floor,0
13:12:12.268 -> C,loop_us,271
13:12:12.361 -> C,ts_engage_write,88992361
13:12:12.455 -> C,ts_engage_write,89080366
13:12:12.548 -> C,ts_engage_write,89168365
13:12:12.640 -> C,ts_engage_write,89256365
13:12:12.687 -> C,ts_engage_write,89344367
13:12:12.780 -> C,ts_engage_write,89432364
13:12:12.780 -> C,engage_lvl,768
13:12:12.873 -> C,ts_engage_write,89520367
13:12:12.966 -> C,ts_engage_write,89608366
13:12:13.060 -> C,ts_engage_write,89696366
13:12:13.154 -> C,ts_engage_write,89784365
13:12:13.247 -> C,ts_engage_write,89872367
13:12:13.339 -> [FACE] heartbeat
13:12:13.339 -> C,mood_str,50
13:12:13.339 -> C,ts_engage_write,89960466
13:12:13.339 -> C,engage_lvl,766
13:12:13.339 -> C,modifier,15
13:12:13.339 -> C,engage_floor,0
13:12:13.339 -> C,loop_us,274
13:12:13.433 -> C,ts_engage_write,90048362
13:12:13.479 -> C,ts_engage_write,90136366
13:12:13.573 -> C,ts_engage_write,90224365
13:12:13.667 -> C,ts_engage_write,90312365
13:12:13.759 -> C,ts_engage_write,90400364
13:12:13.852 -> C,ts_engage_write,90488367
13:12:13.852 -> C,engage_lvl,765
13:12:13.947 -> C,ts_engage_write,90576366
13:12:14.041 -> C,ts_engage_write,90664366
13:12:14.135 -> C,ts_engage_write,90752366
13:12:14.230 -> C,ts_engage_write,90840365
13:12:14.277 -> C,ts_engage_write,90928367
13:12:14.372 -> [FACE] heartbeat
13:12:14.372 -> C,mood_str,50
13:12:14.372 -> C,ts_engage_write,91016466
13:12:14.372 -> C,engage_lvl,764
13:12:14.372 -> C,modifier,15
13:12:14.372 -> C,engage_floor,0
13:12:14.372 -> C,loop_us,270
13:12:14.465 -> C,ts_engage_write,91104365
13:12:14.558 -> C,ts_engage_write,91192366
13:12:14.651 -> C,ts_engage_write,91280365
13:12:14.744 -> C,ts_engage_write,91368365
13:12:14.837 -> C,ts_engage_write,91456366
13:12:14.929 -> C,ts_engage_write,91544371
13:12:14.929 -> C,engage_lvl,762
13:12:14.976 -> C,ts_engage_write,91632367
13:12:15.068 -> C,ts_engage_write,91720366
13:12:15.159 -> C,ts_engage_write,91808366
13:12:15.251 -> C,ts_engage_write,91896365
13:12:15.345 -> C,ts_engage_write,91984367
13:12:15.437 -> [FACE] heartbeat
13:12:15.437 -> C,mood_str,50
13:12:15.437 -> C,ts_engage_write,92072465
13:12:15.437 -> C,engage_lvl,761
13:12:15.437 -> C,modifier,15
13:12:15.437 -> C,engage_floor,0
13:12:15.437 -> C,loop_us,260
13:12:15.529 -> C,ts_engage_write,92160365
13:12:15.621 -> C,ts_engage_write,92248366
13:12:15.715 -> C,ts_engage_write,92336365
13:12:15.808 -> C,ts_engage_write,92424364
13:12:15.901 -> C,ts_engage_write,92512368
13:12:15.948 -> C,ts_engage_write,92600365
13:12:15.948 -> C,engage_lvl,759
13:12:16.041 -> C,ts_engage_write,92688366
13:12:16.134 -> C,ts_engage_write,92776366
13:12:16.227 -> C,ts_engage_write,92864366
13:12:16.320 -> C,ts_engage_write,92952365
13:12:16.414 -> C,ts_engage_write,93040367
13:12:16.508 -> [FACE] heartbeat
13:12:16.508 -> C,mood_str,50
13:12:16.508 -> C,ts_engage_write,93128471
13:12:16.508 -> C,engage_lvl,758
13:12:16.508 -> C,modifier,15
13:12:16.508 -> C,engage_floor,0
13:12:16.508 -> C,loop_us,270
13:12:16.601 -> C,ts_engage_write,93216365
13:12:16.647 -> C,ts_engage_write,93304366
13:12:16.740 -> C,ts_engage_write,93392364
13:12:16.834 -> C,ts_engage_write,93480367
13:12:16.927 -> C,ts_engage_write,93568367
13:12:17.021 -> C,ts_engage_write,93656365
13:12:17.021 -> C,engage_lvl,757
13:12:17.113 -> C,ts_engage_write,93744366
13:12:17.207 -> C,ts_engage_write,93832366
13:12:17.300 -> C,ts_engage_write,93920369
13:12:17.393 -> C,ts_engage_write,94008367
13:12:17.439 -> C,ts_engage_write,94096369
13:12:17.531 -> [FACE] heartbeat
13:12:17.531 -> C,mood_str,50
13:12:17.531 -> C,ts_engage_write,94184467
13:12:17.531 -> C,engage_lvl,755
13:12:17.531 -> C,modifier,15
13:12:17.531 -> C,engage_floor,0
13:12:17.531 -> C,loop_us,268
13:12:17.625 -> C,ts_engage_write,94272364
13:12:17.717 -> C,ts_engage_write,94360368
13:12:17.810 -> C,ts_engage_write,94448368
13:12:17.904 -> C,ts_engage_write,94536367
13:12:17.996 -> C,ts_engage_write,94624369
13:12:18.091 -> C,ts_engage_write,94712367
13:12:18.091 -> C,engage_lvl,754
13:12:18.184 -> C,ts_engage_write,94800368
13:12:18.278 -> C,ts_engage_write,94888368
13:12:18.323 -> C,ts_engage_write,94976368
13:12:18.415 -> C,ts_engage_write,95064367
13:12:18.510 -> C,ts_engage_write,95152369
13:12:18.604 -> [FACE] heartbeat
13:12:18.604 -> C,mood_str,50
13:12:18.604 -> C,ts_engage_write,95240474
13:12:18.604 -> C,engage_lvl,752
13:12:18.604 -> C,modifier,15
13:12:18.604 -> C,engage_floor,0
13:12:18.604 -> C,loop_us,274
13:12:18.696 -> C,ts_engage_write,95328365
13:12:18.789 -> C,ts_engage_write,95416367
13:12:18.883 -> C,ts_engage_write,95504375
13:12:18.976 -> C,ts_engage_write,95592368
13:12:19.068 -> C,ts_engage_write,95680369
13:12:19.115 -> C,ts_engage_write,95768367
13:12:19.115 -> C,engage_lvl,751
13:12:19.207 -> C,ts_engage_write,95856368
13:12:19.300 -> C,ts_engage_write,95944368
13:12:19.394 -> C,ts_engage_write,96032368
13:12:19.488 -> C,ts_engage_write,96120367
13:12:19.580 -> C,ts_engage_write,96208369
13:12:19.674 -> [FACE] heartbeat
13:12:19.674 -> C,mood_str,50
13:12:19.674 -> C,ts_engage_write,96296457
13:12:19.674 -> C,engage_lvl,750
13:12:19.674 -> C,modifier,15
13:12:19.674 -> C,engage_floor,0
13:12:19.674 -> C,loop_us,270
13:12:19.767 -> C,ts_engage_write,96384366
13:12:19.859 -> C,ts_engage_write,96472370
13:12:19.905 -> C,ts_engage_write,96560368
13:12:19.998 -> C,ts_engage_write,96648367
13:12:20.091 -> C,ts_engage_write,96736369
13:12:20.183 -> C,ts_engage_write,96824367
13:12:20.183 -> C,engage_lvl,748
13:12:20.275 -> C,ts_engage_write,96912368
13:12:20.368 -> C,ts_engage_write,97000368
13:12:20.462 -> C,ts_engage_write,97088368
13:12:20.555 -> C,ts_engage_write,97176367
13:12:20.648 -> C,ts_engage_write,97264369
13:12:20.695 -> [FACE] heartbeat
13:12:20.695 -> C,mood_str,50
13:12:20.695 -> C,ts_engage_write,97352457
13:12:20.695 -> C,engage_lvl,747
13:12:20.695 -> C,modifier,15
13:12:20.695 -> C,engage_floor,0
13:12:20.695 -> C,loop_us,267
13:12:20.788 -> C,ts_engage_write,97440367
13:12:20.880 -> C,ts_engage_write,97528368
13:12:20.974 -> C,ts_engage_write,97616368
13:12:21.067 -> C,ts_engage_write,97704367
13:12:21.159 -> C,ts_engage_write,97792369
13:12:21.254 -> C,ts_engage_write,97880367
13:12:21.254 -> C,engage_lvl,745
13:12:21.346 -> C,ts_engage_write,97968368
13:12:21.439 -> C,ts_engage_write,98056368
13:12:21.533 -> C,ts_engage_write,98144368
13:12:21.579 -> C,ts_engage_write,98232367
13:12:21.672 -> C,ts_engage_write,98320369
13:12:21.765 -> [FACE] heartbeat
13:12:21.765 -> C,mood_str,50
13:12:21.765 -> C,ts_engage_write,98408457
13:12:21.765 -> C,engage_lvl,744
13:12:21.765 -> C,modifier,15
13:12:21.765 -> C,engage_floor,0
13:12:21.765 -> C,loop_us,231
13:12:21.858 -> C,ts_engage_write,98496363
13:12:21.951 -> C,ts_engage_write,98584368
13:12:22.043 -> C,ts_engage_write,98672368
13:12:22.137 -> C,ts_engage_write,98760367
13:12:22.231 -> C,ts_engage_write,98848369
13:12:22.324 -> C,ts_engage_write,98936367
13:12:22.324 -> C,engage_lvl,743
13:12:22.370 -> C,ts_engage_write,99024368
13:12:22.466 -> C,ts_engage_write,99112368
13:12:22.558 -> C,ts_engage_write,99200374
13:12:22.650 -> C,ts_engage_write,99288368
13:12:22.744 -> C,ts_engage_write,99376369
13:12:22.837 -> [FACE] heartbeat
13:12:22.837 -> C,mood_str,50
13:12:22.837 -> C,ts_engage_write,99464461
13:12:22.837 -> C,engage_lvl,741
13:12:22.837 -> C,modifier,15
13:12:22.837 -> C,engage_floor,0
13:12:22.837 -> C,loop_us,259
13:12:22.930 -> C,ts_engage_write,99552362
13:12:23.026 -> C,ts_engage_write,99640368
13:12:23.072 -> C,ts_engage_write,99728368
13:12:23.165 -> C,ts_engage_write,99816367
13:12:23.256 -> C,ts_engage_write,99904369
13:12:23.348 -> C,ts_engage_write,99992367
13:12:23.348 -> C,engage_lvl,740
13:12:23.441 -> C,ts_engage_write,100080368
13:12:23.533 -> C,ts_engage_write,100168368
13:12:23.627 -> C,ts_engage_write,100256368
13:12:23.720 -> C,ts_engage_write,100344367
13:12:23.814 -> C,ts_engage_write,100432367
13:12:23.907 -> [FACE] heartbeat
13:12:23.907 -> C,mood_str,50
13:12:23.907 -> C,ts_engage_write,100520464
13:12:23.907 -> C,engage_lvl,738
13:12:23.907 -> C,modifier,15
13:12:23.907 -> C,engage_floor,0
13:12:23.907 -> C,loop_us,254
13:12:23.954 -> C,ts_engage_write,100608362
13:12:24.047 -> C,ts_engage_write,100696368
13:12:24.141 -> C,ts_engage_write,100784368
13:12:24.234 -> C,ts_engage_write,100872367
13:12:24.326 -> C,ts_engage_write,100960369
13:12:24.418 -> C,ts_engage_write,101048367
13:12:24.418 -> C,engage_lvl,737
13:12:24.511 -> C,ts_engage_write,101136368
13:12:24.604 -> C,ts_engage_write,101224368
13:12:24.696 -> C,ts_engage_write,101312368
13:12:24.789 -> C,ts_engage_write,101400366
13:12:24.836 -> C,ts_engage_write,101488370
13:12:24.930 -> [FACE] heartbeat
13:12:24.930 -> C,mood_str,50
13:12:24.930 -> C,ts_engage_write,101576473
13:12:24.930 -> C,engage_lvl,735
13:12:24.930 -> C,modifier,15
13:12:24.930 -> C,engage_floor,0
13:12:24.930 -> C,loop_us,272
13:12:25.022 -> C,ts_engage_write,101664365
13:12:25.115 -> C,ts_engage_write,101752368
13:12:25.209 -> C,ts_engage_write,101840368
13:12:25.303 -> C,ts_engage_write,101928367
13:12:25.395 -> C,ts_engage_write,102016369
13:12:25.488 -> C,ts_engage_write,102104367
13:12:25.488 -> C,engage_lvl,734
13:12:25.534 -> C,ts_engage_write,102192368
13:12:25.629 -> C,ts_engage_write,102280368
13:12:25.721 -> C,ts_engage_write,102368368
13:12:25.814 -> C,ts_engage_write,102456367
13:12:25.908 -> C,ts_engage_write,102544369
13:12:26.000 -> [FACE] heartbeat
13:12:26.000 -> C,mood_str,50
13:12:26.000 -> C,ts_engage_write,102632468
13:12:26.000 -> C,engage_lvl,733
13:12:26.000 -> C,modifier,15
13:12:26.000 -> C,engage_floor,0
13:12:26.000 -> C,loop_us,265
13:12:26.093 -> C,ts_engage_write,102720365
13:12:26.185 -> C,ts_engage_write,102808368
13:12:26.278 -> C,ts_engage_write,102896368
13:12:26.371 -> C,ts_engage_write,102984367
13:12:26.417 -> C,ts_engage_write,103072370
13:12:26.510 -> C,ts_engage_write,103160367
13:12:26.510 -> C,engage_lvl,731
13:12:26.602 -> C,ts_engage_write,103248368
13:12:26.695 -> C,ts_engage_write,103336368
13:12:26.789 -> C,ts_engage_write,103424366
13:12:26.881 -> C,ts_engage_write,103512369
13:12:26.975 -> C,ts_engage_write,103600369
13:12:27.068 -> [FACE] heartbeat
13:12:27.068 -> C,mood_str,50
13:12:27.068 -> C,ts_engage_write,103688479
13:12:27.068 -> C,engage_lvl,730
13:12:27.068 -> C,modifier,15
13:12:27.068 -> C,engage_floor,0
13:12:27.068 -> C,loop_us,278
13:12:27.160 -> C,ts_engage_write,103776370
13:12:27.208 -> C,ts_engage_write,103864368
13:12:27.300 -> C,ts_engage_write,103952368
13:12:27.394 -> C,ts_engage_write,104040367
13:12:27.487 -> C,ts_engage_write,104128369
13:12:27.579 -> C,ts_engage_write,104216367
13:12:27.579 -> C,engage_lvl,728
13:12:27.674 -> C,ts_engage_write,104304368
13:12:27.767 -> C,ts_engage_write,104392367
13:12:27.860 -> C,ts_engage_write,104480369
13:12:27.954 -> C,ts_engage_write,104568367
13:12:27.999 -> C,ts_engage_write,104656369
13:12:28.093 -> [FACE] heartbeat
13:12:28.093 -> C,mood_str,50
13:12:28.093 -> C,ts_engage_write,104744454
13:12:28.093 -> C,engage_lvl,727
13:12:28.093 -> C,modifier,15
13:12:28.093 -> C,engage_floor,0
13:12:28.093 -> C,loop_us,259
13:12:28.185 -> C,ts_engage_write,104832368
13:12:28.279 -> C,ts_engage_write,104920368
13:12:28.373 -> C,ts_engage_write,105008368
13:12:28.465 -> C,ts_engage_write,105096367
13:12:28.558 -> C,ts_engage_write,105184369
13:12:28.650 -> C,ts_engage_write,105272367
13:12:28.650 -> C,engage_lvl,726
13:12:28.742 -> C,ts_engage_write,105360368
13:12:28.835 -> C,ts_engage_write,105448368
13:12:28.881 -> C,ts_engage_write,105536368
13:12:28.974 -> C,ts_engage_write,105624367
13:12:29.067 -> C,ts_engage_write,105712369
13:12:29.160 -> [FACE] heartbeat
13:12:29.160 -> C,mood_str,50
13:12:29.160 -> C,ts_engage_write,105800454
13:12:29.160 -> C,engage_lvl,724
13:12:29.160 -> C,modifier,15
13:12:29.160 -> C,engage_floor,0
13:12:29.160 -> C,loop_us,258
13:12:29.252 -> C,ts_engage_write,105888365
13:12:29.345 -> C,ts_engage_write,105976368
13:12:29.437 -> C,ts_engage_write,106064368
13:12:29.529 -> C,ts_engage_write,106152367
13:12:29.623 -> C,ts_engage_write,106240369
13:12:29.716 -> C,ts_engage_write,106328367
13:12:29.716 -> C,engage_lvl,723
13:12:29.762 -> C,ts_engage_write,106416366
13:12:29.855 -> C,ts_engage_write,106504370
13:12:29.949 -> C,ts_engage_write,106592368
13:12:30.041 -> C,ts_engage_write,106680367
13:12:30.134 -> C,ts_engage_write,106768369
13:12:30.228 -> [FACE] heartbeat
13:12:30.228 -> C,mood_str,50
13:12:30.228 -> C,ts_engage_write,106856453
13:12:30.228 -> C,engage_lvl,721
13:12:30.228 -> C,modifier,15
13:12:30.228 -> C,engage_floor,0
13:12:30.228 -> C,loop_us,251
13:12:30.322 -> C,ts_engage_write,106944365
13:12:30.414 -> C,ts_engage_write,107032368
13:12:30.508 -> C,ts_engage_write,107120368
13:12:30.554 -> C,ts_engage_write,107208367
13:12:30.648 -> C,ts_engage_write,107296369
13:12:30.741 -> C,ts_engage_write,107384372
13:12:30.741 -> C,engage_lvl,720
13:12:30.834 -> C,ts_engage_write,107472370
13:12:30.926 -> C,ts_engage_write,107560368
13:12:31.018 -> C,ts_engage_write,107648368
13:12:31.110 -> C,ts_engage_write,107736367
13:12:31.205 -> C,ts_engage_write,107824369
13:12:31.298 -> [FACE] heartbeat
13:12:31.298 -> C,mood_str,50
13:12:31.298 -> C,ts_engage_write,107912454
13:12:31.298 -> C,engage_lvl,719
13:12:31.298 -> C,modifier,15
13:12:31.298 -> C,engage_floor,0
13:12:31.298 -> C,loop_us,253
13:12:31.344 -> C,ts_engage_write,108000365
13:12:31.438 -> C,ts_engage_write,108088368
13:12:31.531 -> C,ts_engage_write,108176368
13:12:31.624 -> C,ts_engage_write,108264367
13:12:31.716 -> C,ts_engage_write,108352369
13:12:31.810 -> C,ts_engage_write,108440367
13:12:31.810 -> C,engage_lvl,717
13:12:31.904 -> C,ts_engage_write,108528368
13:12:31.997 -> C,ts_engage_write,108616368
13:12:32.091 -> C,ts_engage_write,108704368
13:12:32.136 -> C,ts_engage_write,108792367
13:12:32.230 -> C,ts_engage_write,108880369
13:12:32.325 -> [FACE] heartbeat
13:12:32.325 -> C,mood_str,50
13:12:32.325 -> C,ts_engage_write,108968454
13:12:32.325 -> C,engage_lvl,716
13:12:32.325 -> C,modifier,15
13:12:32.325 -> C,engage_floor,0
13:12:32.325 -> C,loop_us,253
13:12:32.417 -> C,ts_engage_write,109056365
13:12:32.509 -> C,ts_engage_write,109144368
13:12:32.601 -> C,ts_engage_write,109232368
13:12:32.695 -> C,ts_engage_write,109320367
13:12:32.788 -> C,ts_engage_write,109408367
13:12:32.880 -> C,ts_engage_write,109496369
13:12:32.880 -> C,engage_lvl,714
13:12:32.927 -> C,ts_engage_write,109584368
13:12:33.019 -> C,ts_engage_write,109672368
13:12:33.111 -> C,ts_engage_write,109760368
13:12:33.205 -> C,ts_engage_write,109848367
13:12:33.298 -> C,ts_engage_write,109936369
13:12:33.392 -> [FACE] heartbeat
13:12:33.392 -> C,mood_str,50
13:12:33.392 -> C,ts_engage_write,110024466
13:12:33.392 -> C,engage_lvl,713
13:12:33.392 -> C,modifier,15
13:12:33.392 -> C,engage_floor,0
13:12:33.392 -> C,loop_us,256
13:12:33.483 -> C,ts_engage_write,110112362
13:12:33.576 -> C,ts_engage_write,110200368
13:12:33.669 -> C,ts_engage_write,110288368
13:12:33.763 -> C,ts_engage_write,110376367
13:12:33.809 -> C,ts_engage_write,110464368
13:12:33.902 -> C,ts_engage_write,110552367
13:12:33.902 -> C,engage_lvl,712
13:12:33.995 -> C,ts_engage_write,110640368
13:12:34.088 -> C,ts_engage_write,110728368
13:12:34.181 -> C,ts_engage_write,110816368
13:12:34.272 -> C,ts_engage_write,110904367
13:12:34.366 -> C,ts_engage_write,110992369
13:12:34.460 -> [FACE] heartbeat
13:12:34.460 -> C,mood_str,50
13:12:34.460 -> C,ts_engage_write,111080474
13:12:34.460 -> C,engage_lvl,710
13:12:34.460 -> C,modifier,15
13:12:34.460 -> C,engage_floor,0
13:12:34.460 -> C,loop_us,269
13:12:34.554 -> C,ts_engage_write,111168364
13:12:34.601 -> C,ts_engage_write,111256368
13:12:34.695 -> C,ts_engage_write,111344368
13:12:34.786 -> C,ts_engage_write,111432366
13:12:34.879 -> C,ts_engage_write,111520370
13:12:34.973 -> C,ts_engage_write,111608367
13:12:34.973 -> C,engage_lvl,709
13:12:35.066 -> C,ts_engage_write,111696374
13:12:35.160 -> C,ts_engage_write,111784369
13:12:35.254 -> C,ts_engage_write,111872368
13:12:35.347 -> C,ts_engage_write,111960367
13:12:35.394 -> C,ts_engage_write,112048369
13:12:35.487 -> [FACE] heartbeat
13:12:35.487 -> C,mood_str,50
13:12:35.487 -> C,ts_engage_write,112136465
13:12:35.487 -> C,engage_lvl,707
13:12:35.487 -> C,modifier,15
13:12:35.487 -> C,engage_floor,0
13:12:35.487 -> C,loop_us,252
13:12:35.579 -> C,ts_engage_write,112224363
13:12:35.673 -> C,ts_engage_write,112312368
13:12:35.766 -> C,ts_engage_write,112400367
13:12:35.860 -> C,ts_engage_write,112488369
13:12:35.954 -> C,ts_engage_write,112576369
13:12:36.046 -> C,ts_engage_write,112664367
13:12:36.046 -> C,engage_lvl,706
13:12:36.140 -> C,ts_engage_write,112752368
13:12:36.186 -> C,ts_engage_write,112840368
13:12:36.279 -> C,ts_engage_write,112928368
13:12:36.372 -> C,ts_engage_write,113016367
13:12:36.466 -> C,ts_engage_write,113104369
13:12:36.558 -> [FACE] heartbeat
13:12:36.558 -> C,mood_str,50
13:12:36.558 -> C,ts_engage_write,113192474
13:12:36.558 -> C,engage_lvl,705
13:12:36.558 -> C,modifier,15
13:12:36.558 -> C,engage_floor,0
13:12:36.558 -> C,loop_us,252
13:12:36.651 -> C,ts_engage_write,113280361
13:12:36.745 -> C,ts_engage_write,113368368
13:12:36.839 -> C,ts_engage_write,113456368
13:12:36.931 -> C,ts_engage_write,113544367
13:12:36.978 -> C,ts_engage_write,113632369
13:12:37.070 -> C,ts_engage_write,113720367
13:12:37.070 -> C,engage_lvl,703
13:12:37.164 -> C,ts_engage_write,113808368
13:12:37.257 -> C,ts_engage_write,113896368
13:12:37.349 -> C,ts_engage_write,113984368
13:12:37.442 -> C,ts_engage_write,114072367
13:12:37.536 -> C,ts_engage_write,114160369
13:12:37.628 -> [FACE] heartbeat
13:12:37.628 -> C,mood_str,50
13:12:37.628 -> C,ts_engage_write,114248472
13:12:37.628 -> C,engage_lvl,702
13:12:37.628 -> C,modifier,15
13:12:37.628 -> C,engage_floor,0
13:12:37.628 -> C,loop_us,263
13:12:37.722 -> C,ts_engage_write,114336365
13:12:37.768 -> C,ts_engage_write,114424367
13:12:37.861 -> C,ts_engage_write,114512369
13:12:37.955 -> C,ts_engage_write,114600367
13:12:38.048 -> C,ts_engage_write,114688369
13:12:38.141 -> C,ts_engage_write,114776367
13:12:38.141 -> C,engage_lvl,700
13:12:38.235 -> C,ts_engage_write,114864368
13:12:38.328 -> C,ts_engage_write,114952368
13:12:38.421 -> C,ts_engage_write,115040368
13:12:38.513 -> C,ts_engage_write,115128367
13:12:38.560 -> C,ts_engage_write,115216369
13:12:38.655 -> [FACE] heartbeat
13:12:38.655 -> C,mood_str,50
13:12:38.655 -> C,ts_engage_write,115304479
13:12:38.655 -> C,engage_lvl,699
13:12:38.655 -> C,modifier,15
13:12:38.655 -> C,engage_floor,0
13:12:38.655 -> C,loop_us,268
13:12:38.747 -> C,ts_engage_write,115392369
13:12:38.839 -> C,ts_engage_write,115480370
13:12:38.931 -> C,ts_engage_write,115568368
13:12:39.024 -> C,ts_engage_write,115656367
13:12:39.119 -> C,ts_engage_write,115744369
13:12:39.211 -> C,ts_engage_write,115832367
13:12:39.211 -> C,engage_lvl,698
13:12:39.305 -> C,ts_engage_write,115920368
13:12:39.352 -> C,ts_engage_write,116008368
13:12:39.446 -> C,ts_engage_write,116096368
13:12:39.539 -> C,ts_engage_write,116184367
13:12:39.632 -> C,ts_engage_write,116272369
13:12:39.727 -> [FACE] heartbeat
13:12:39.727 -> C,mood_str,50
13:12:39.727 -> C,ts_engage_write,116360466
13:12:39.727 -> C,engage_lvl,696
13:12:39.727 -> C,modifier,15
13:12:39.727 -> C,engage_floor,0
13:12:39.727 -> C,loop_us,265
13:12:39.819 -> C,ts_engage_write,116448368
13:12:39.912 -> C,ts_engage_write,116536368
13:12:40.005 -> C,ts_engage_write,116624368
13:12:40.098 -> C,ts_engage_write,116712367
13:12:40.144 -> C,ts_engage_write,116800369
13:12:40.238 -> C,ts_engage_write,116888367
13:12:40.238 -> C,engage_lvl,695
13:12:40.330 -> C,ts_engage_write,116976368
13:12:40.424 -> C,ts_engage_write,117064368
13:12:40.517 -> C,ts_engage_write,117152368
13:12:40.610 -> C,ts_engage_write,117240367
13:12:40.704 -> C,ts_engage_write,117328369
13:12:40.797 -> [FACE] heartbeat
13:12:40.797 -> C,mood_str,50
13:12:40.797 -> C,ts_engage_write,117416475
13:12:40.797 -> C,engage_lvl,693
13:12:40.797 -> C,modifier,15
13:12:40.797 -> C,engage_floor,0
13:12:40.797 -> C,loop_us,261
13:12:40.889 -> C,ts_engage_write,117504365
13:12:40.935 -> C,ts_engage_write,117592368
13:12:41.030 -> C,ts_engage_write,117680368
13:12:41.123 -> C,ts_engage_write,117768367
13:12:41.216 -> C,ts_engage_write,117856369
13:12:41.308 -> C,ts_engage_write,117944367
13:12:41.308 -> C,engage_lvl,692
13:12:41.400 -> C,ts_engage_write,118032368
13:12:41.493 -> C,ts_engage_write,118120368
13:12:41.585 -> C,ts_engage_write,118208368
13:12:41.679 -> C,ts_engage_write,118296367
13:12:41.772 -> C,ts_engage_write,118384367
13:12:41.819 -> [FACE] heartbeat
13:12:41.819 -> C,mood_str,50
13:12:41.819 -> C,ts_engage_write,118472456
13:12:41.819 -> C,engage_lvl,690
13:12:41.819 -> C,modifier,15
13:12:41.819 -> C,engage_floor,0
13:12:41.819 -> C,loop_us,232
13:12:41.912 -> C,ts_engage_write,118560366
13:12:42.005 -> C,ts_engage_write,118648367
13:12:42.098 -> C,ts_engage_write,118736368
13:12:42.191 -> C,ts_engage_write,118824368
13:12:42.283 -> C,ts_engage_write,118912368
13:12:42.374 -> C,ts_engage_write,119000367
13:12:42.374 -> C,engage_lvl,689
13:12:42.468 -> C,ts_engage_write,119088369
13:12:42.560 -> C,ts_engage_write,119176367
13:12:42.653 -> C,ts_engage_write,119264368
13:12:42.700 -> C,ts_engage_write,119352368
13:12:42.793 -> C,ts_engage_write,119440367
13:12:42.886 -> [FACE] heartbeat
13:12:42.886 -> C,mood_str,50
13:12:42.886 -> C,ts_engage_write,119528476
13:12:42.886 -> C,engage_lvl,688
13:12:42.886 -> C,modifier,15
13:12:42.886 -> C,engage_floor,0
13:12:42.886 -> C,loop_us,278
13:12:42.979 -> C,ts_engage_write,119616366
13:12:43.073 -> C,ts_engage_write,119704368
13:12:43.166 -> C,ts_engage_write,119792373
13:12:43.259 -> C,ts_engage_write,119880368
13:12:43.352 -> C,ts_engage_write,119968369
13:12:43.399 -> C,ts_engage_write,120056367
13:12:43.399 -> C,engage_lvl,686
13:12:43.491 -> C,dom_touch,84
13:12:43.491 -> C,dom_sec,0
13:12:43.491 -> [MEM] tick: records=1 strength=84
13:12:43.491 -> C,rec_count,1
13:12:43.491 -> C,ts_engage_write,120144523
13:12:43.586 -> C,ts_engage_write,120232374
13:12:43.678 -> C,ts_engage_write,120320367
13:12:43.770 -> C,ts_engage_write,120408367
13:12:43.864 -> C,ts_engage_write,120496370
13:12:43.957 -> [FACE] heartbeat
13:12:43.957 -> C,mood_str,50
13:12:43.957 -> C,ts_engage_write,120584467
13:12:43.957 -> C,engage_lvl,685
13:12:43.957 -> C,modifier,15
13:12:43.957 -> C,engage_floor,0
13:12:43.957 -> C,loop_us,264
13:12:44.051 -> C,ts_engage_write,120672368
13:12:44.144 -> C,ts_engage_write,120760368
13:12:44.192 -> C,ts_engage_write,120848368
13:12:44.284 -> C,ts_engage_write,120936367
13:12:44.377 -> C,ts_engage_write,121024369
13:12:44.470 -> C,ts_engage_write,121112367
13:12:44.470 -> C,engage_lvl,683
13:12:44.561 -> C,ts_engage_write,121200368
13:12:44.655 -> C,ts_engage_write,121288368
13:12:44.748 -> C,ts_engage_write,121376368
13:12:44.842 -> C,ts_engage_write,121464367
13:12:44.935 -> C,ts_engage_write,121552369
13:12:45.028 -> [FACE] heartbeat
13:12:45.028 -> C,mood_str,50
13:12:45.028 -> C,ts_engage_write,121640475
13:12:45.028 -> C,engage_lvl,682
13:12:45.028 -> C,modifier,15
13:12:45.028 -> C,engage_floor,0
13:12:45.028 -> C,loop_us,284
13:12:45.076 -> C,ts_engage_write,121728365
13:12:45.170 -> C,ts_engage_write,121816368
13:12:45.263 -> C,ts_engage_write,121904368
13:12:45.356 -> C,ts_engage_write,121992367
13:12:45.449 -> C,ts_engage_write,122080369
13:12:45.541 -> C,ts_engage_write,122168367
13:12:45.541 -> C,engage_lvl,681
13:12:45.635 -> C,ts_engage_write,122256368
13:12:45.728 -> C,ts_engage_write,122344368
13:12:45.776 -> C,ts_engage_write,122432366
13:12:45.867 -> C,ts_engage_write,122520370
13:12:45.960 -> C,ts_engage_write,122611737
13:12:46.054 -> [FACE] heartbeat
13:12:46.054 -> C,mood_str,50
13:12:46.054 -> C,ts_engage_write,122699520
13:12:46.054 -> C,engage_lvl,679
13:12:46.054 -> C,modifier,15
13:12:46.054 -> C,engage_floor,0
13:12:46.054 -> C,loop_us,323
13:12:46.147 -> C,ts_engage_write,122787367
13:12:46.241 -> C,ts_engage_write,122875371
13:12:46.334 -> C,ts_engage_write,122963370
13:12:46.428 -> C,ts_engage_write,123051371
13:12:46.522 -> C,ts_engage_write,123139370
13:12:46.613 -> C,ts_engage_write,123227371
13:12:46.613 -> C,engage_lvl,678
13:12:46.660 -> C,ts_engage_write,123315370
13:12:46.754 -> C,ts_engage_write,123403370
13:12:46.846 -> C,ts_engage_write,123491374
13:12:46.939 -> C,ts_engage_write,123579372
13:12:47.031 -> C,ts_engage_write,123667370
13:12:47.125 -> [FACE] heartbeat
13:12:47.125 -> C,mood_str,50
13:12:47.125 -> C,ts_engage_write,123755481
13:12:47.125 -> C,engage_lvl,676
13:12:47.125 -> C,modifier,15
13:12:47.125 -> C,engage_floor,0
13:12:47.125 -> C,loop_us,283
13:12:47.220 -> C,ts_engage_write,123843367
13:12:47.313 -> C,ts_engage_write,123931371
13:12:47.406 -> C,ts_engage_write,124019369
13:12:47.454 -> C,ts_engage_write,124107371
13:12:47.548 -> C,ts_engage_write,124195370
13:12:47.641 -> C,ts_engage_write,124283371
13:12:47.641 -> C,engage_lvl,675
13:12:47.734 -> C,ts_engage_write,124371370
13:12:47.827 -> C,ts_engage_write,124459370
13:12:47.919 -> C,ts_engage_write,124547370
13:12:48.012 -> C,ts_engage_write,124635371
13:12:48.105 -> C,ts_engage_write,124723370
13:12:48.153 -> [FACE] heartbeat
13:12:48.153 -> C,mood_str,50
13:12:48.153 -> C,ts_engage_write,124811481
13:12:48.199 -> C,engage_lvl,674
13:12:48.199 -> C,modifier,15
13:12:48.199 -> C,engage_floor,0
13:12:48.199 -> C,loop_us,284
13:12:48.246 -> C,ts_engage_write,124899368
13:12:48.340 -> C,ts_engage_write,124987371
13:12:48.433 -> C,ts_engage_write,125075369
13:12:48.527 -> C,ts_engage_write,125163371
13:12:48.620 -> C,ts_engage_write,125251370
13:12:48.714 -> C,ts_engage_write,125339371
13:12:48.714 -> C,engage_lvl,672
13:12:48.807 -> C,ts_engage_write,125427369
13:12:48.900 -> C,ts_engage_write,125515371
13:12:48.946 -> C,ts_engage_write,125603370
13:12:49.040 -> C,ts_engage_write,125691371
13:12:49.134 -> C,ts_engage_write,125779370
13:12:49.227 -> [FACE] heartbeat
13:12:49.227 -> C,mood_str,50
13:12:49.227 -> C,ts_engage_write,125867472
13:12:49.227 -> C,engage_lvl,671
13:12:49.227 -> C,modifier,15
13:12:49.227 -> C,engage_floor,0
13:12:49.227 -> C,loop_us,285
13:12:49.319 -> C,ts_engage_write,125955368
13:12:49.411 -> C,ts_engage_write,126043371
13:12:49.506 -> C,ts_engage_write,126131369
13:12:49.599 -> C,ts_engage_write,126219371
13:12:49.691 -> C,ts_engage_write,126307370
13:12:49.738 -> C,ts_engage_write,126395370
13:12:49.738 -> C,engage_lvl,669
13:12:49.831 -> C,ts_engage_write,126483370
13:12:49.923 -> C,ts_engage_write,126571371
13:12:50.016 -> C,ts_engage_write,126659370
13:12:50.109 -> C,ts_engage_write,126747371
13:12:50.201 -> C,ts_engage_write,126835370
13:12:50.294 -> [FACE] heartbeat
13:12:50.294 -> C,mood_str,50
13:12:50.294 -> C,ts_engage_write,126923476
13:12:50.294 -> C,engage_lvl,668
13:12:50.294 -> C,modifier,15
13:12:50.294 -> C,engage_floor,0
13:12:50.294 -> C,loop_us,275
13:12:50.388 -> C,ts_engage_write,127011363
13:12:50.480 -> C,ts_engage_write,127099371
13:12:50.573 -> C,ts_engage_write,127187370
13:12:50.619 -> C,ts_engage_write,127275377
13:12:50.713 -> C,ts_engage_write,127363372
13:12:50.807 -> C,ts_engage_write,127451370
13:12:50.807 -> C,engage_lvl,667
13:12:50.900 -> C,ts_engage_write,127539370
13:12:50.994 -> C,ts_engage_write,127627371
13:12:51.088 -> C,ts_engage_write,127715370
13:12:51.181 -> C,ts_engage_write,127803371
13:12:51.272 -> C,ts_engage_write,127891370
13:12:51.364 -> [FACE] heartbeat
13:12:51.364 -> C,mood_str,50
13:12:51.364 -> C,ts_engage_write,127979472
13:12:51.364 -> C,engage_lvl,665
13:12:51.364 -> C,modifier,15
13:12:51.364 -> C,engage_floor,0
13:12:51.364 -> C,loop_us,273
13:12:51.410 -> C,ts_engage_write,128067369
13:12:51.504 -> C,ts_engage_write,128155371
13:12:51.596 -> C,ts_engage_write,128243369
13:12:51.689 -> C,ts_engage_write,128331371
13:12:51.784 -> C,ts_engage_write,128419369
13:12:51.878 -> C,ts_engage_write,128507371
13:12:51.878 -> C,engage_lvl,664
13:12:51.972 -> C,ts_engage_write,128595370
13:12:52.065 -> C,ts_engage_write,128683371
13:12:52.112 -> C,ts_engage_write,128771370
13:12:52.206 -> C,ts_engage_write,128859371
13:12:52.299 -> C,ts_engage_write,128947370
13:12:52.392 -> [FACE] heartbeat
13:12:52.392 -> C,mood_str,50
13:12:52.392 -> C,ts_engage_write,129035459
13:12:52.392 -> C,engage_lvl,662
13:12:52.392 -> C,modifier,15
13:12:52.392 -> C,engage_floor,0
13:12:52.392 -> C,loop_us,236
13:12:52.485 -> C,ts_engage_write,129123366
13:12:52.581 -> C,ts_engage_write,129211371
13:12:52.673 -> C,ts_engage_write,129299370
13:12:52.767 -> C,ts_engage_write,129387370
13:12:52.860 -> C,ts_engage_write,129475370
13:12:52.907 -> C,ts_engage_write,129563371
13:12:52.907 -> C,engage_lvl,661
13:12:52.999 -> C,ts_engage_write,129651370
13:12:53.094 -> C,ts_engage_write,129739371
13:12:53.188 -> C,ts_engage_write,129827370
13:12:53.280 -> C,ts_engage_write,129915372
13:12:53.373 -> C,ts_engage_write,130003370
13:12:53.466 -> [FACE] heartbeat
13:12:53.466 -> C,mood_str,50
13:12:53.466 -> C,ts_engage_write,130091474
13:12:53.466 -> C,engage_lvl,660
13:12:53.466 -> C,modifier,15
13:12:53.466 -> C,engage_floor,0
13:12:53.466 -> C,loop_us,278
13:12:53.559 -> C,ts_engage_write,130179369
13:12:53.653 -> C,ts_engage_write,130267371
13:12:53.699 -> C,ts_engage_write,130355369
13:12:53.793 -> C,ts_engage_write,130443370
13:12:53.887 -> C,ts_engage_write,130531370
13:12:53.981 -> C,ts_engage_write,130619371
13:12:53.981 -> C,engage_lvl,658
13:12:54.073 -> C,ts_engage_write,130707370
13:12:54.166 -> C,ts_engage_write,130795371
13:12:54.260 -> C,ts_engage_write,130883370
13:12:54.353 -> C,ts_engage_write,130971371
13:12:54.446 -> C,ts_engage_write,131059370
13:12:54.493 -> [FACE] heartbeat
13:12:54.493 -> C,mood_str,50
13:12:54.493 -> C,ts_engage_write,131147472
13:12:54.493 -> C,engage_lvl,657
13:12:54.493 -> C,modifier,15
13:12:54.493 -> C,engage_floor,0
13:12:54.493 -> C,loop_us,268
13:12:54.586 -> C,ts_engage_write,131235366
13:12:54.680 -> C,ts_engage_write,131323371
13:12:54.772 -> C,ts_engage_write,131411369
13:12:54.864 -> C,ts_engage_write,131499371
13:12:54.957 -> C,ts_engage_write,131587370
13:12:55.051 -> C,ts_engage_write,131675377
13:12:55.051 -> C,engage_lvl,655
13:12:55.145 -> C,ts_engage_write,131763372
13:12:55.238 -> C,ts_engage_write,131851371
13:12:55.285 -> C,ts_engage_write,131939370
13:12:55.378 -> C,ts_engage_write,132027371
13:12:55.472 -> C,ts_engage_write,132115370
13:12:55.564 -> [FACE] heartbeat
13:12:55.564 -> C,mood_str,50
13:12:55.564 -> C,ts_engage_write,132203481
13:12:55.564 -> C,engage_lvl,654
13:12:55.564 -> C,modifier,15
13:12:55.564 -> C,engage_floor,0
13:12:55.564 -> C,loop_us,285
13:12:55.657 -> C,ts_engage_write,132291367
13:12:55.750 -> C,ts_engage_write,132379370
13:12:55.845 -> C,ts_engage_write,132467369
13:12:55.938 -> C,ts_engage_write,132555371
13:12:56.029 -> C,ts_engage_write,132643370
13:12:56.077 -> C,ts_engage_write,132731371
13:12:56.077 -> C,engage_lvl,652
13:12:56.170 -> C,ts_engage_write,132819370
13:12:56.263 -> C,ts_engage_write,132907371
13:12:56.356 -> C,ts_engage_write,132995370
13:12:56.449 -> C,ts_engage_write,133083371
13:12:56.541 -> C,ts_engage_write,133171370
13:12:56.634 -> [FACE] heartbeat
13:12:56.634 -> C,mood_str,50
13:12:56.634 -> C,ts_engage_write,133259458
13:12:56.634 -> C,engage_lvl,651
13:12:56.634 -> C,modifier,15
13:12:56.634 -> C,engage_floor,0
13:12:56.634 -> C,loop_us,278
13:12:56.726 -> C,ts_engage_write,133347370
13:12:56.820 -> C,ts_engage_write,133435370
13:12:56.865 -> C,ts_engage_write,133523370
13:12:56.958 -> C,ts_engage_write,133611371
13:12:57.050 -> C,ts_engage_write,133699370
13:12:57.144 -> C,ts_engage_write,133787371
13:12:57.144 -> C,engage_lvl,650
13:12:57.238 -> C,ts_engage_write,133875370
13:12:57.329 -> C,ts_engage_write,133963371
13:12:57.425 -> C,ts_engage_write,134051370
13:12:57.518 -> C,ts_engage_write,134139371
13:12:57.611 -> C,ts_engage_write,134227370
13:12:57.658 -> [FACE] heartbeat
13:12:57.658 -> C,mood_str,50
13:12:57.658 -> C,ts_engage_write,134315479
13:12:57.658 -> C,engage_lvl,648
13:12:57.658 -> C,modifier,15
13:12:57.658 -> C,engage_floor,0
13:12:57.658 -> C,loop_us,283
13:12:57.750 -> C,ts_engage_write,134403367
13:12:57.845 -> C,ts_engage_write,134491371
13:12:57.938 -> C,ts_engage_write,134579369
13:12:58.031 -> C,ts_engage_write,134667371
13:12:58.125 -> C,ts_engage_write,134755370
13:12:58.219 -> C,ts_engage_write,134843371
13:12:58.219 -> C,engage_lvl,647
13:12:58.312 -> C,ts_engage_write,134931370
13:12:58.404 -> C,ts_engage_write,135019371
13:12:58.450 -> C,ts_engage_write,135107370
13:12:58.543 -> C,ts_engage_write,135195371
13:12:58.638 -> C,ts_engage_write,135283370
13:12:58.732 -> [FACE] heartbeat
13:12:58.732 -> C,mood_str,50
13:12:58.732 -> C,ts_engage_write,135371477
13:12:58.732 -> C,engage_lvl,645
13:12:58.732 -> C,modifier,15
13:12:58.732 -> C,engage_floor,0
13:12:58.732 -> C,loop_us,279
13:12:58.826 -> C,ts_engage_write,135459364
13:12:58.921 -> C,ts_engage_write,135547377
13:12:59.013 -> C,ts_engage_write,135635372
13:12:59.105 -> C,ts_engage_write,135723371
13:12:59.199 -> C,ts_engage_write,135811370
13:12:59.245 -> C,ts_engage_write,135899371
13:12:59.245 -> C,engage_lvl,644
13:12:59.339 -> C,ts_engage_write,135987370
13:12:59.430 -> C,ts_engage_write,136075371
13:12:59.522 -> C,ts_engage_write,136163370
13:12:59.616 -> C,ts_engage_write,136251371
13:12:59.710 -> C,ts_engage_write,136339370
13:12:59.803 -> [FACE] heartbeat
13:12:59.803 -> C,mood_str,50
13:12:59.803 -> C,ts_engage_write,136427480
13:12:59.803 -> C,engage_lvl,643
13:12:59.803 -> C,modifier,15
13:12:59.803 -> C,engage_floor,0
13:12:59.803 -> C,loop_us,283
13:12:59.895 -> C,ts_engage_write,136515367
13:12:59.989 -> C,ts_engage_write,136603371
13:13:00.035 -> C,ts_engage_write,136691369
13:13:00.128 -> C,ts_engage_write,136779371
13:13:00.221 -> C,ts_engage_write,136867370
13:13:00.314 -> C,ts_engage_write,136955371
13:13:00.314 -> C,engage_lvl,641
13:13:00.406 -> C,ts_engage_write,137043370
13:13:00.499 -> C,ts_engage_write,137131371
13:13:00.592 -> C,ts_engage_write,137219370
13:13:00.685 -> C,ts_engage_write,137307371
13:13:00.778 -> C,ts_engage_write,137395369
13:13:00.824 -> [FACE] heartbeat
13:13:00.824 -> C,mood_str,50
13:13:00.871 -> C,ts_engage_write,137483480
13:13:00.871 -> C,engage_lvl,640
13:13:00.871 -> C,modifier,15
13:13:00.871 -> C,engage_floor,0
13:13:00.871 -> C,loop_us,283
13:13:00.917 -> C,ts_engage_write,137571369
13:13:01.010 -> C,ts_engage_write,137659371
13:13:01.104 -> C,ts_engage_write,137747369
13:13:01.197 -> C,ts_engage_write,137835371
13:13:01.290 -> C,ts_engage_write,137923370
13:13:01.383 -> C,ts_engage_write,138011371
13:13:01.383 -> C,engage_lvl,638
13:13:01.477 -> C,ts_engage_write,138099370
13:13:01.569 -> C,ts_engage_write,138187371
13:13:01.661 -> C,ts_engage_write,138275370
13:13:01.708 -> C,ts_engage_write,138363371
13:13:01.802 -> C,ts_engage_write,138451369
13:13:01.896 -> [FACE] heartbeat
13:13:01.896 -> C,mood_str,50
13:13:01.896 -> C,ts_engage_write,138539472
13:13:01.896 -> C,engage_lvl,637
13:13:01.896 -> C,modifier,15
13:13:01.896 -> C,engage_floor,0
13:13:01.896 -> C,loop_us,287
13:13:01.988 -> C,ts_engage_write,138627369
13:13:02.082 -> C,ts_engage_write,138715371
13:13:02.174 -> C,ts_engage_write,138803369
13:13:02.270 -> C,ts_engage_write,138891371
13:13:02.364 -> C,ts_engage_write,138979370
13:13:02.411 -> C,ts_engage_write,139067371
13:13:02.411 -> C,engage_lvl,636
13:13:02.503 -> C,ts_engage_write,139155370
13:13:02.595 -> C,ts_engage_write,139243377
13:13:02.688 -> C,ts_engage_write,139331372
13:13:02.780 -> C,ts_engage_write,139419370
13:13:02.871 -> C,ts_engage_write,139507370
13:13:02.961 -> [FACE] heartbeat
13:13:02.961 -> C,mood_str,50
13:13:02.961 -> C,ts_engage_write,139595479
13:13:02.961 -> C,engage_lvl,634
13:13:02.961 -> C,modifier,15
13:13:02.961 -> C,engage_floor,0
13:13:02.961 -> C,loop_us,290
13:13:03.055 -> C,ts_engage_write,139683367
13:13:03.147 -> C,ts_engage_write,139771371
13:13:03.238 -> C,ts_engage_write,139859369
13:13:03.331 -> C,ts_engage_write,139947372
13:13:03.422 -> C,ts_engage_write,140035370
13:13:03.467 -> C,ts_engage_write,140123371
13:13:03.467 -> C,engage_lvl,633
13:13:03.560 -> C,ts_engage_write,140211370
13:13:03.653 -> C,ts_engage_write,140299371
13:13:03.747 -> C,ts_engage_write,140387369
13:13:03.838 -> C,ts_engage_write,140475371
13:13:03.930 -> C,ts_engage_write,140563370
13:13:04.023 -> [FACE] heartbeat
13:13:04.023 -> C,mood_str,50
13:13:04.023 -> C,ts_engage_write,140651473
13:13:04.023 -> C,engage_lvl,631
13:13:04.023 -> C,modifier,15
13:13:04.023 -> C,engage_floor,0
13:13:04.023 -> C,loop_us,284
13:13:04.116 -> C,ts_engage_write,140739366
13:13:04.207 -> C,ts_engage_write,140827371
13:13:04.300 -> C,ts_engage_write,140915369
13:13:04.346 -> C,ts_engage_write,141003371
13:13:04.439 -> C,ts_engage_write,141091370
13:13:04.531 -> C,ts_engage_write,141179371
13:13:04.531 -> C,engage_lvl,630
13:13:04.626 -> C,ts_engage_write,141267370
13:13:04.720 -> C,ts_engage_write,141355371
13:13:04.814 -> C,ts_engage_write,141443369
13:13:04.908 -> C,ts_engage_write,141531371
13:13:05.000 -> C,ts_engage_write,141619370
13:13:05.093 -> [FACE] heartbeat
13:13:05.093 -> C,mood_str,50
13:13:05.093 -> C,ts_engage_write,141707460
13:13:05.093 -> C,engage_lvl,629
13:13:05.093 -> C,modifier,15
13:13:05.093 -> C,engage_floor,0
13:13:05.093 -> C,loop_us,276
13:13:05.140 -> C,ts_engage_write,141795370
13:13:05.233 -> C,ts_engage_write,141883371
13:13:05.327 -> C,ts_engage_write,141971370
13:13:05.420 -> C,ts_engage_write,142059371
13:13:05.514 -> C,ts_engage_write,142147370
13:13:05.607 -> C,ts_engage_write,142235371
13:13:05.607 -> C,engage_lvl,627
13:13:05.698 -> C,ts_engage_write,142323370
13:13:05.791 -> C,ts_engage_write,142411370
13:13:05.884 -> C,ts_engage_write,142499370
13:13:05.930 -> C,ts_engage_write,142587371
13:13:06.023 -> C,ts_engage_write,142675370
13:13:06.116 -> [FACE] heartbeat
13:13:06.116 -> C,mood_str,50
13:13:06.116 -> C,ts_engage_write,142763480
13:13:06.116 -> C,engage_lvl,626
13:13:06.116 -> C,modifier,15
13:13:06.116 -> C,engage_floor,0
13:13:06.116 -> C,loop_us,284
13:13:06.210 -> C,ts_engage_write,142851367
13:13:06.304 -> C,ts_engage_write,142939371
13:13:06.397 -> C,ts_engage_write,143027369
13:13:06.490 -> C,ts_engage_write,143115371
13:13:06.584 -> C,ts_engage_write,143203370
13:13:06.677 -> C,ts_engage_write,143291371
13:13:06.677 -> C,engage_lvl,624
13:13:06.724 -> C,ts_engage_write,143379369
13:13:06.818 -> C,ts_engage_write,143467371
13:13:06.910 -> C,ts_engage_write,143555370
13:13:07.005 -> C,ts_engage_write,143643377
13:13:07.095 -> C,ts_engage_write,143731372
13:13:07.190 -> [FACE] heartbeat
13:13:07.190 -> C,mood_str,50
13:13:07.190 -> C,ts_engage_write,143819480
13:13:07.190 -> C,engage_lvl,623
13:13:07.190 -> C,modifier,15
13:13:07.190 -> C,engage_floor,0
13:13:07.190 -> C,loop_us,279
13:13:07.282 -> C,ts_engage_write,143907367
13:13:07.377 -> C,ts_engage_write,143995371
13:13:07.470 -> C,ts_engage_write,144083369
13:13:07.517 -> C,ts_engage_write,144171371
13:13:07.610 -> C,ts_engage_write,144259370
13:13:07.703 -> C,ts_engage_write,144347371
13:13:07.703 -> C,engage_lvl,622
13:13:07.798 -> C,ts_engage_write,144435369
13:13:07.891 -> C,ts_engage_write,144523371
13:13:07.984 -> C,ts_engage_write,144611370
13:13:08.077 -> C,ts_engage_write,144699371
13:13:08.170 -> C,ts_engage_write,144787370
13:13:08.262 -> [FACE] heartbeat
13:13:08.262 -> C,mood_str,50
13:13:08.262 -> C,ts_engage_write,144875473
13:13:08.262 -> C,engage_lvl,620
13:13:08.262 -> C,modifier,15
13:13:08.262 -> C,engage_floor,0
13:13:08.262 -> C,loop_us,287
13:13:08.308 -> C,ts_engage_write,144963369
13:13:08.401 -> C,ts_engage_write,145051371
13:13:08.495 -> C,ts_engage_write,145139369
13:13:08.588 -> C,ts_engage_write,145227371
13:13:08.681 -> C,ts_engage_write,145315370
13:13:08.774 -> C,ts_engage_write,145403370
13:13:08.774 -> C,engage_lvl,619
13:13:08.869 -> C,ts_engage_write,145491370
13:13:08.963 -> C,ts_engage_write,145579371
13:13:09.009 -> C,ts_engage_write,145667370
13:13:09.101 -> C,ts_engage_write,145755371
13:13:09.194 -> C,ts_engage_write,145843370
13:13:09.287 -> [FACE] heartbeat
13:13:09.287 -> C,mood_str,50
13:13:09.287 -> C,ts_engage_write,145931458
13:13:09.287 -> C,engage_lvl,617
13:13:09.287 -> C,modifier,15
13:13:09.287 -> C,engage_floor,0
13:13:09.287 -> C,loop_us,269
13:13:09.380 -> C,ts_engage_write,146019366
13:13:09.474 -> C,ts_engage_write,146107371
13:13:09.567 -> C,ts_engage_write,146195370
13:13:09.662 -> C,ts_engage_write,146283371
13:13:09.755 -> C,ts_engage_write,146371370
13:13:09.801 -> C,ts_engage_write,146459370
13:13:09.801 -> C,engage_lvl,616
13:13:09.894 -> C,ts_engage_write,146547370
13:13:09.988 -> C,ts_engage_write,146635371
13:13:10.079 -> C,ts_engage_write,146723370
13:13:10.173 -> C,ts_engage_write,146811371
13:13:10.267 -> C,ts_engage_write,146899370
13:13:10.361 -> [FACE] heartbeat
13:13:10.361 -> C,mood_str,50
13:13:10.361 -> C,ts_engage_write,146987478
13:13:10.361 -> C,engage_lvl,615
13:13:10.361 -> C,modifier,15
13:13:10.361 -> C,engage_floor,0
13:13:10.361 -> C,loop_us,282
13:13:10.453 -> C,ts_engage_write,147075367
13:13:10.546 -> C,ts_engage_write,147163371
13:13:10.593 -> C,ts_engage_write,147251369
13:13:10.686 -> C,ts_engage_write,147339371
13:13:10.778 -> C,ts_engage_write,147427369
13:13:10.871 -> C,ts_engage_write,147515377
13:13:10.871 -> C,engage_lvl,613
13:13:10.965 -> C,ts_engage_write,147603372
13:13:11.058 -> C,ts_engage_write,147691371
13:13:11.151 -> C,ts_engage_write,147779370
13:13:11.245 -> C,ts_engage_write,147867371
13:13:11.339 -> C,ts_engage_write,147955370
13:13:11.385 -> [FACE] heartbeat
13:13:11.385 -> C,mood_str,50
13:13:11.385 -> C,ts_engage_write,148043481
13:13:11.385 -> C,engage_lvl,612
13:13:11.385 -> C,modifier,15
13:13:11.385 -> C,engage_floor,0
13:13:11.385 -> C,loop_us,282
13:13:11.477 -> C,ts_engage_write,148131367
13:13:11.571 -> C,ts_engage_write,148219371
13:13:11.663 -> C,ts_engage_write,148307369
13:13:11.756 -> C,ts_engage_write,148395370
13:13:11.850 -> C,ts_engage_write,148483370
13:13:11.943 -> C,ts_engage_write,148571371
13:13:11.943 -> C,engage_lvl,610
13:13:12.035 -> C,ts_engage_write,148659370
13:13:12.130 -> C,ts_engage_write,148747371
13:13:12.177 -> C,ts_engage_write,148835370
13:13:12.272 -> C,ts_engage_write,148923371
13:13:12.365 -> C,ts_engage_write,149011370
13:13:12.458 -> [FACE] heartbeat
13:13:12.458 -> C,mood_str,50
13:13:12.458 -> C,ts_engage_write,149099480
13:13:12.458 -> C,engage_lvl,609
13:13:12.458 -> C,modifier,15
13:13:12.458 -> C,engage_floor,0
13:13:12.458 -> C,loop_us,284
13:13:12.551 -> C,ts_engage_write,149187368
13:13:12.646 -> C,ts_engage_write,149275371
13:13:12.738 -> C,ts_engage_write,149363369
13:13:12.832 -> C,ts_engage_write,149451370
13:13:12.924 -> C,ts_engage_write,149539370
13:13:12.972 -> C,ts_engage_write,149627371
13:13:12.972 -> C,engage_lvl,607
13:13:13.066 -> C,ts_engage_write,149715370
13:13:13.160 -> C,ts_engage_write,149803371
13:13:13.253 -> C,ts_engage_write,149891370
13:13:13.346 -> C,ts_engage_write,149979371
13:13:13.439 -> C,ts_engage_write,150067370
13:13:13.532 -> [FACE] heartbeat
13:13:13.532 -> C,mood_str,50
13:13:13.532 -> C,ts_engage_write,150155479
13:13:13.532 -> C,engage_lvl,606
13:13:13.532 -> C,modifier,15
13:13:13.532 -> C,engage_floor,0
13:13:13.532 -> C,loop_us,283
13:13:13.624 -> C,ts_engage_write,150243369
13:13:13.717 -> C,ts_engage_write,150331371
13:13:13.764 -> C,ts_engage_write,150419369
13:13:13.857 -> C,ts_engage_write,150507371
13:13:13.950 -> C,ts_engage_write,150595370
13:13:14.044 -> C,ts_engage_write,150683371
13:13:14.044 -> C,engage_lvl,605
13:13:14.138 -> C,ts_engage_write,150771370
13:13:14.230 -> C,ts_engage_write,150859371
13:13:14.323 -> C,ts_engage_write,150947370
13:13:14.417 -> C,ts_engage_write,151035371
13:13:14.509 -> C,ts_engage_write,151123370
13:13:14.556 -> [FACE] heartbeat
13:13:14.556 -> C,mood_str,50
13:13:14.556 -> C,ts_engage_write,151211472
13:13:14.556 -> C,engage_lvl,603
13:13:14.556 -> C,modifier,15
13:13:14.556 -> C,engage_floor,0
13:13:14.556 -> C,loop_us,283
13:13:14.648 -> C,ts_engage_write,151299369
13:13:14.742 -> C,ts_engage_write,151387370
13:13:14.836 -> C,ts_engage_write,151475369
13:13:14.929 -> C,ts_engage_write,151563371
13:13:15.022 -> C,ts_engage_write,151651370
13:13:15.115 -> C,ts_engage_write,151739371
13:13:15.115 -> C,engage_lvl,602
13:13:15.208 -> C,ts_engage_write,151827370
13:13:15.300 -> C,ts_engage_write,151915377
13:13:15.348 -> C,ts_engage_write,152003372
13:13:15.441 -> C,ts_engage_write,152091371
13:13:15.534 -> C,ts_engage_write,152179370
13:13:15.626 -> [FACE] heartbeat
13:13:15.626 -> C,mood_str,50
13:13:15.626 -> C,ts_engage_write,152267479
13:13:15.626 -> C,engage_lvl,600
13:13:15.626 -> C,modifier,15
13:13:15.626 -> C,engage_floor,0
13:13:15.626 -> C,loop_us,281
13:13:15.719 -> C,ts_engage_write,152355367
13:13:15.813 -> C,ts_engage_write,152443370
13:13:15.906 -> C,ts_engage_write,152531369
13:13:15.998 -> C,ts_engage_write,152619371
13:13:16.093 -> C,ts_engage_write,152707370
13:13:16.140 -> C,ts_engage_write,152795371
13:13:16.140 -> C,engage_lvl,599
13:13:16.233 -> C,ts_engage_write,152883370
13:13:16.325 -> C,ts_engage_write,152971371
13:13:16.418 -> C,ts_engage_write,153059370
13:13:16.510 -> C,ts_engage_write,153147371
13:13:16.603 -> C,ts_engage_write,153235370
13:13:16.696 -> [FACE] heartbeat
13:13:16.696 -> C,mood_str,50
13:13:16.696 -> C,ts_engage_write,153323478
13:13:16.696 -> C,engage_lvl,598
13:13:16.696 -> C,modifier,15
13:13:16.696 -> C,engage_floor,0
13:13:16.696 -> C,loop_us,278
13:13:16.790 -> C,ts_engage_write,153411368
13:13:16.883 -> C,ts_engage_write,153499371
13:13:16.929 -> C,ts_engage_write,153587369
13:13:17.024 -> C,ts_engage_write,153675371
13:13:17.117 -> C,ts_engage_write,153763370
13:13:17.209 -> C,ts_engage_write,153851371
13:13:17.209 -> C,engage_lvl,596
13:13:17.303 -> C,ts_engage_write,153939370
13:13:17.398 -> C,ts_engage_write,154027371
13:13:17.491 -> C,ts_engage_write,154115370
13:13:17.584 -> C,ts_engage_write,154203371
13:13:17.676 -> C,ts_engage_write,154291370
13:13:17.723 -> [FACE] heartbeat
13:13:17.723 -> C,mood_str,50
13:13:17.723 -> C,ts_engage_write,154379482
13:13:17.723 -> C,engage_lvl,595
13:13:17.723 -> C,modifier,15
13:13:17.723 -> C,engage_floor,0
13:13:17.723 -> C,loop_us,286
13:13:17.815 -> C,ts_engage_write,154467368
13:13:17.909 -> C,ts_engage_write,154555371
13:13:18.001 -> C,ts_engage_write,154643369
13:13:18.094 -> C,ts_engage_write,154731371
13:13:18.187 -> C,ts_engage_write,154819370
13:13:18.279 -> C,ts_engage_write,154907371
13:13:18.279 -> C,engage_lvl,593
13:13:18.373 -> C,ts_engage_write,154995370
13:13:18.466 -> C,ts_engage_write,155083371
13:13:18.512 -> C,ts_engage_write,155171370
13:13:18.606 -> C,ts_engage_write,155259371
13:13:18.700 -> C,ts_engage_write,155347370
13:13:18.793 -> [FACE] heartbeat
13:13:18.793 -> C,mood_str,50
13:13:18.793 -> C,ts_engage_write,155435481
13:13:18.793 -> C,engage_lvl,592
13:13:18.793 -> C,modifier,15
13:13:18.793 -> C,engage_floor,0
13:13:18.793 -> C,loop_us,293
13:13:18.793 -> [TOUCH] transition raw=1 pressed=1 ms=155435
13:13:18.793 -> [TOUCH] START raw=1 ms=155435
13:13:18.885 -> C,ts_engage_write,155523374
13:13:18.978 -> C,ts_engage_write,155611372
13:13:19.072 -> C,ts_engage_write,155699369
13:13:19.164 -> C,ts_engage_write,155787371
13:13:19.258 -> C,ts_engage_write,155875370
13:13:19.305 -> C,ts_engage_write,155963371
13:13:19.305 -> C,engage_lvl,591
13:13:19.398 -> C,ts_engage_write,156051370
13:13:19.491 -> C,ts_engage_write,156139371
13:13:19.585 -> C,ts_engage_write,156227370
13:13:19.677 -> C,ts_engage_write,156315371
13:13:19.771 -> C,ts_engage_write,156403374
13:13:19.863 -> [FACE] heartbeat
13:13:19.863 -> C,mood_str,50
13:13:19.863 -> C,ts_engage_write,156491475
13:13:19.863 -> C,engage_lvl,589
13:13:19.863 -> C,modifier,15
13:13:19.863 -> C,engage_floor,0
13:13:19.863 -> C,loop_us,276
13:13:19.957 -> C,ts_engage_write,156579370
13:13:20.049 -> C,ts_engage_write,156667371
13:13:20.096 -> C,ts_engage_write,156755370
13:13:20.190 -> C,ts_engage_write,156843371
13:13:20.284 -> C,ts_engage_write,156931370
13:13:20.377 -> C,ts_engage_write,157019371
13:13:20.377 -> C,engage_lvl,588
13:13:20.472 -> C,ts_engage_write,157107370
13:13:20.563 -> C,ts_engage_write,157195371
13:13:20.656 -> C,ts_engage_write,157283370
13:13:20.748 -> C,ts_engage_write,157371371
13:13:20.842 -> C,ts_engage_write,157459369
13:13:20.934 -> [FACE] heartbeat
13:13:20.934 -> C,mood_str,50
13:13:20.934 -> C,ts_engage_write,157547480
13:13:20.934 -> C,engage_lvl,586
13:13:20.934 -> C,modifier,15
13:13:20.934 -> C,engage_floor,0
13:13:20.934 -> C,loop_us,281
13:13:20.981 -> C,ts_engage_write,157635367
13:13:20.981 -> [TOUCH] transition raw=0 pressed=0 ms=157635
13:13:20.981 -> [TOUCH] RELEASE raw=0 duration=2200 ms=157635
13:13:20.981 -> [TOUCH] LONG_PRESS
13:13:20.981 -> [MODE] Transitioning: 0 -> 1
13:13:21.028 -> [DBG] BEFORE teardown
13:13:21.028 -> [WiFiService] Stop WiFi (owner=none, mode=0, promisc=0)
13:13:21.028 -> [157640][E][STA.cpp:540] disconnect(): STA disconnect failed! 0x3001: ESP_ERR_WIFI_NOT_INIT
13:13:21.028 -> [157656][V][NetworkEvents.cpp:132] _checkForEvent(): Network Event: 101 - WIFI_READY
13:13:21.076 -> [157692][V][AP.cpp:113] _onApEvent(): AP Started
13:13:21.076 -> [157692][V][NetworkEvents.cpp:132] _checkForEvent(): Network Event: 130 - AP_START
13:13:21.076 -> [157693][V][AP.cpp:93] _onApArduinoEvent(): Arduino AP Event: 130 - AP_START
13:13:21.076 -> 157699][V][AP.cpp:117] _onApEvent(): AP Stopped
13:13:21.076 -> [157699][V][NetworkEvents.cpp:132] _checkForEvent(): Network Event: 131 - AP_STOP
13:13:21.076 -> [1577[0105]7[7V0]0[]AP[.Vc][ApPp.:c1p1p3:] 9_3o]n A_poEnvAepnAtr()d:u iAnPo ESvteanrtt(ed)
:
13:13:21.076 ->  Arduino AP Event: 131 - AP_STOP
13:13:21.076 -> [157701][[V1]5[AP7.7c0p1p]:[1V1]7[] _NoentAwpoErvkeEnvte()n:t sA.Pc pSpt:o1p3pe2d]
 
13:13:21.076 -> _checkForEvent(): Network Event: 130 - AP_START
13:13:21.076 -> [157701][V][AP.cpp:93] _onApArduinoEvent(): Arduino AP Event: 130 - AP_START
13:13:21.076 -> [157702][V][NetworkEvents.cpp:132] _checkForEvent(): Network Event: 131 - AP_STOP
13:13:21.076 -> [157702][V][AP.cpp:93] _onApArduinoEvent(): Arduino AP Event: 131 - AP_STOP
13:13:21.076 -> [157706][V][NetworkEvents.cpp:132] _checkForEvent(): Network Event: 100 - WIFI_OFF
13:13:21.076 -> [157707][V][NetworkInterface.cpp:264] destroyNetif(): Unregistered event handler
13:13:21.588 -> [WiFiService] WiFi stopped.
13:13:21.588 -> [DBG] AFTER teardown
13:13:21.588 -> [MODE] Teardown of mode 0 complete
13:13:21.588 -> [ATTN] pause (was SOFT_FOCUS)
13:13:21.588 -> [DBG] AFTER pause
13:13:22.192 -> [DBG] AFTER splash
13:13:22.192 -> [DBG] BEFORE setup
13:13:22.192 -> [SEC] === security_setup START (PORTAL v2) ===
13:13:22.192 -> [WiFiService] Start AP: 'AeroSniffer-Test' (owner=startAP, mode=0)
13:13:22.238 -> [158859][V][NetworkEvents.cpp:132] _checkForEvent(): Network Event: 101 - WIFI_READY
13:13:22.238 -> [158862][V][AP.cpp:113] _onApEvent(): AP Started
13:13:22.238 -> [158863][V][NetworkEvents.cpp:132] _checkForEvent(): Network Event: 130 - AP_START
13:13:22.238 -> [158863][V][AP.cpp:93] _onApArduinoEvent(): Arduino AP Event: 130 - AP_START
13:13:22.425 -> [159075][V][AP.cpp:117] _onApEvent(): AP Stopped
13:13:22.425 -> [159075][V][NetworkEvents.cpp:132] _checkForEvent(): Network Event: 131 - AP_STOP
13:13:22.425 -> [159076][V][AP.cpp:93] _onApArduinoEvent(): Arduino AP Event: 131 - AP_STOP
13:13:22.564 -> [WiFiService] AP started. mode=2 softAPIP=192.168.4.1
13:13:22.564 -> [SEC] AP config: channel=1 auth=3 max_conn=4
13:13:22.564 -> [PORTAL] Starting WebServer...
13:13:22.564 -> [159193[]1[5V]9[1A9P3.]c[pVp]:[1N1e3t] w_oornkASpeErvveenrt.(h):: 4A1P]  SNteatrtweodr
k
13:13:22.564 -> Server():[159193][V][NetworkEvents.cpp:132] _checkForEvent(): Network Event: 130 - AP_START
13:13:22.564 -> [159194][V][AP.cpp:93] _onApArduinoEvent(): Arduino AP Event: 130 - AP_START
13:13:22.564 ->  NetworkServer::NetworkServer(port=80, ...)
13:13:22.564 -> [159194][V][WebServer.cpp:49] WebServer(): WebServer::Webserver(port=80)
13:13:22.564 -> [PORTAL] WebServer on port 80
13:13:22.564 -> [PORTAL] Open http://192.168.4.1
13:13:22.564 -> [SEC] === security_setup DONE ===
13:13:22.610 -> [DBG] AFTER setup
13:13:22.610 -> [MODE] Setup of mode 1 complete
13:13:22.610 -> [ATTN] resume -> SOFT_FOCUS
13:13:22.610 -> [DBG] AFTER resume
13:13:22.610 -> [WiFiService] setChannel(2) mode=2 (owner=setPromiscuous)
13:13:22.610 -> [WiFiService] setPromiscuous(true) mode=2 (owner=setPromiscuous)
13:13:22.701 -> [WiFiService] Sniffing active
13:13:22.701 -> [FACE] heartbeat
13:13:22.701 -> C,mood_str,50
13:13:22.701 -> C,ts_engage_write,159342585
13:13:22.701 -> C,engage_lvl,582
13:13:22.701 -> C,modifier,15
13:13:22.701 -> C,engage_floor,0
13:13:22.701 -> C,loop_us,391
13:13:22.795 -> [WiFiService] setChannel(3) mode=2 (owner=setPromiscuous)
13:13:22.795 -> C,ts_engage_write,159449423
13:13:22.936 -> C,ts_engage_write,159555421
13:13:22.983 -> [WiFiService] setChannel(4) mode=2 (owner=setPromiscuous)
13:13:23.030 -> C,ts_engage_write,159662421
13:13:23.123 -> C,ts_engage_write,159768423
13:13:23.123 -> [WiFiService] setChannel(5) mode=2 (owner=setPromiscuous)
13:13:23.169 -> [EMOTION] IDLE -> ALERT
13:13:23.169 -> EVT:{"type":"timeline","text":"Discovered AP","tag":"network"}
13:13:23.262 -> C,ts_engage_write,159875421
13:13:23.262 -> C,engage_lvl,580
13:13:23.309 -> [WiFiService] setChannel(6) mode=2 (owner=setPromiscuous)
13:13:23.355 -> C,ts_engage_write,159982422
13:13:23.448 -> C,ts_engage_write,160088421
13:13:23.494 -> [WiFiService] setChannel(7) mode=2 (owner=setPromiscuous)
13:13:23.543 -> C,ts_engage_write,160195421
13:13:23.681 -> C,ts_engage_write,160301421
13:13:23.681 -> [WiFiService] setChannel(8) mode=2 (owner=setPromiscuous)
13:13:23.773 -> [FACE] heartbeat
13:13:23.773 -> C,mood_str,50
13:13:23.773 -> C,ts_engage_write,160407637
13:13:23.773 -> C,engage_lvl,579
13:13:23.773 -> C,modifier,15
13:13:23.773 -> C,engage_floor,0
13:13:23.773 -> C,loop_us,425
13:13:23.865 -> [WiFiService] setChannel(9) mode=2 (owner=setPromiscuous)
13:13:23.865 -> C,ts_engage_write,160514427
13:13:24.003 -> C,ts_engage_write,160620421
13:13:24.050 -> [WiFiService] setChannel(10) mode=2 (owner=setPromiscuous)
13:13:24.097 -> C,ts_engage_write,160726423
13:13:24.190 -> C,ts_engage_write,160832421
13:13:24.236 -> [WiFiService] setChannel(11) mode=2 (owner=setPromiscuous)
13:13:24.283 -> C,ts_engage_write,160939423
13:13:24.283 -> C,engage_lvl,577
13:13:24.422 -> [WiFiService] setChannel(12) mode=2 (owner=setPromiscuous)
13:13:24.422 -> C,ts_engage_write,161046429
13:13:24.515 -> C,ts_engage_write,161152427
13:13:24.562 -> [WiFiService] setChannel(13) mode=2 (owner=setPromiscuous)
13:13:24.608 -> C,ts_engage_write,161259423
13:13:24.748 -> C,ts_engage_write,161366423
13:13:24.748 -> [WiFiService] setChannel(1) mode=2 (owner=setPromiscuous)
13:13:24.842 -> [FACE] heartbeat
13:13:24.842 -> C,mood_str,50
13:13:24.842 -> C,ts_engage_write,161473646
13:13:24.842 -> C,engage_lvl,576
13:13:24.842 -> C,modifier,15
13:13:24.842 -> C,engage_floor,0
13:13:24.842 -> C,loop_us,442
13:13:24.935 -> [WiFiService] setChannel(2) mode=2 (owner=setPromiscuous)
13:13:24.935 -> C,ts_engage_write,161580426
13:13:25.029 -> C,ts_engage_write,161686423
13:13:25.124 -> [WiFiService] setChannel(3) mode=2 (owner=setPromiscuous)
13:13:25.170 -> C,ts_engage_write,161793422
13:13:25.265 -> C,ts_engage_write,161899423
13:13:25.312 -> [WiFiService] setChannel(4) mode=2 (owner=setPromiscuous)
13:13:25.358 -> C,ts_engage_write,162006423
13:13:25.358 -> C,engage_lvl,575
13:13:25.498 -> C,ts_engage_write,162113424
13:13:25.498 -> [WiFiService] setChannel(5) mode=2 (owner=setPromiscuous)
13:13:25.592 -> C,ts_engage_write,162221422
13:13:25.638 -> [WiFiService] setChannel(6) mode=2 (owner=setPromiscuous)
13:13:25.685 -> C,ts_engage_write,162327424
13:13:25.778 -> C,ts_engage_write,162433421
13:13:25.825 -> [WiFiService] setChannel(7) mode=2 (owner=setPromiscuous)
13:13:25.919 -> [FACE] heartbeat
13:13:25.919 -> C,mood_str,50
13:13:25.919 -> C,ts_engage_write,162540600
13:13:25.919 -> C,engage_lvl,573
13:13:25.919 -> C,modifier,15
13:13:25.919 -> C,engage_floor,0
13:13:25.919 -> C,loop_us,404
13:13:26.012 -> C,ts_engage_write,162647421
13:13:26.012 -> [WiFiService] setChannel(8) mode=2 (owner=setPromiscuous)
13:13:26.104 -> C,ts_engage_write,162754421
13:13:26.197 -> [WiFiService] setChannel(9) mode=2 (owner=setPromiscuous)
13:13:26.244 -> C,ts_engage_write,162860424
13:13:26.337 -> C,ts_engage_write,162966421
13:13:26.383 -> [WiFiService] setChannel(10) mode=2 (owner=setPromiscuous)
13:13:26.431 -> C,ts_engage_write,163073423
13:13:26.431 -> C,engage_lvl,572
13:13:26.524 -> C,ts_engage_write,163179421
13:13:26.569 -> [WiFiService] setChannel(11) mode=2 (owner=setPromiscuous)
13:13:26.662 -> C,ts_engage_write,163285424
13:13:26.755 -> [WiFiService] setChannel(12) mode=2 (owner=setPromiscuous)
13:13:26.755 -> C,ts_engage_write,163391421
13:13:26.848 -> C,ts_engage_write,163497421
13:13:26.942 -> [WiFiService] setChannel(13) mode=2 (owner=setPromiscuous)
13:13:26.989 -> [FACE] heartbeat
13:13:26.989 -> C,mood_str,50
13:13:26.989 -> C,ts_engage_write,163604611
13:13:26.989 -> C,engage_lvl,570
13:13:26.989 -> C,modifier,15
13:13:26.989 -> C,engage_floor,0
13:13:26.989 -> C,loop_us,416
13:13:27.082 -> C,ts_engage_write,163711424
13:13:27.082 -> [WiFiService] setChannel(1) mode=2 (owner=setPromiscuous)
13:13:27.177 -> C,ts_engage_write,163818424
13:13:27.270 -> [WiFiService] setChannel(2) mode=2 (owner=setPromiscuous)
13:13:27.270 -> C,ts_engage_write,163925426
13:13:27.408 -> C,ts_engage_write,164031423
13:13:27.455 -> [WiFiService] setChannel(3) mode=2 (owner=setPromiscuous)
13:13:27.501 -> C,ts_engage_write,164138423
13:13:27.501 -> C,engage_lvl,569
13:13:27.595 -> C,ts_engage_write,164245425
13:13:27.641 -> [WiFiService] setChannel(4) mode=2 (owner=setPromiscuous)
13:13:27.734 -> C,ts_engage_write,164352423
13:13:27.827 -> [WiFiService] setChannel(5) mode=2 (owner=setPromiscuous)
13:13:27.827 -> C,ts_engage_write,164459427
13:13:27.921 -> C,ts_engage_write,164565423
13:13:28.015 -> [WiFiService] setChannel(6) mode=2 (owner=setPromiscuous)
13:13:28.015 -> [FACE] heartbeat
13:13:28.015 -> C,mood_str,50
13:13:28.015 -> C,ts_engage_write,164672629
13:13:28.015 -> C,engage_lvl,567
13:13:28.015 -> C,modifier,15
13:13:28.015 -> C,engage_floor,0
13:13:28.015 -> C,loop_us,436
13:13:28.015 -> [TOUCH] transition raw=1 pressed=1 ms=164672
13:13:28.015 -> [TOUCH] START raw=1 ms=164672
13:13:28.154 -> C,ts_engage_write,164779421
13:13:28.154 -> [TOUCH] transition raw=0 pressed=0 ms=164779
13:13:28.154 -> [TOUCH] RELEASE raw=0 duration=107 ms=164779
13:13:28.154 -> [TOUCH] TAP
13:13:28.154 -> [SEC] Touch tap detected, sec_hud_mode=0
13:13:28.154 -> [EMOTION] ALERT -> THINKING
13:13:28.200 -> [WiFiService] setChannel(7) mode=2 (owner=setPromiscuous)
13:13:28.246 -> [PC] Typing stop
13:13:28.246 -> [EMOTION] THINKING -> IDLE (timeout)
13:13:28.246 -> C,ts_engage_write,164887642
13:13:28.246 -> [TOUCH] transition raw=1 pressed=1 ms=164887
13:13:28.246 -> [TOUCH] START raw=1 ms=164887
13:13:28.338 -> C,ts_engage_write,164994419
13:13:28.338 -> [WiFiService] setChannel(8) mode=2 (owner=setPromiscuous)
13:13:28.477 -> C,ts_engage_write,165101421
13:13:28.477 -> [TOUCH] transition raw=0 pressed=0 ms=165101
13:13:28.477 -> [TOUCH] RELEASE raw=0 duration=214 ms=165101
13:13:28.477 -> [TOUCH] TAP
13:13:28.477 -> [SEC] Touch tap detected, sec_hud_mode=1
13:13:28.524 -> [WiFiService] setChannel(9) mode=2 (owner=setPromiscuous)
13:13:28.571 -> C,ts_engage_write,165208425
13:13:28.571 -> C,engage_lvl,566
13:13:28.664 -> C,ts_engage_write,165314421
13:13:28.711 -> [WiFiService] setChannel(10) mode=2 (owner=setPromiscuous)
13:13:28.806 -> C,ts_engage_write,165421422
13:13:28.806 -> [TOUCH] transition raw=1 pressed=1 ms=165421
13:13:28.806 -> [TOUCH] START raw=1 ms=165421
13:13:28.898 -> C,ts_engage_write,165528421
13:13:28.898 -> [WiFiService] setChannel(11) mode=2 (owner=setPromiscuous)
13:13:28.992 -> C,ts_engage_write,165635421
13:13:29.085 -> [WiFiService] setChannel(12) mode=2 (owner=setPromiscuous)
13:13:29.085 -> [FACE] heartbeat
13:13:29.085 -> C,mood_str,50
13:13:29.085 -> C,ts_engage_write,165742486
13:13:29.085 -> C,engage_lvl,565
13:13:29.085 -> C,modifier,15
13:13:29.085 -> C,engage_floor,0
13:13:29.085 -> C,loop_us,295
13:13:29.085 -> [TOUCH] transition raw=0 pressed=0 ms=165742
13:13:29.085 -> [TOUCH] RELEASE raw=0 duration=321 ms=165742
13:13:29.085 -> [TOUCH] TAP
13:13:29.085 -> [SEC] Touch tap detected, sec_hud_mode=0
13:13:29.224 -> C,ts_engage_write,165849419
13:13:29.224 -> [EMOTION] IDLE -> THINKING
13:13:29.271 -> [WiFiService] setChannel(13) mode=2 (owner=setPromiscuous)
13:13:29.318 -> C,ts_engage_write,165956422
13:13:29.411 -> C,ts_engage_write,166063424
13:13:29.458 -> [WiFiService] setChannel(1) mode=2 (owner=setPromiscuous)
13:13:29.552 -> C,ts_engage_write,166170428
13:13:29.598 -> [WiFiService] setChannel(2) mode=2 (owner=setPromiscuous)
13:13:29.644 -> C,ts_engage_write,166277424
13:13:29.644 -> C,engage_lvl,563
13:13:29.737 -> C,ts_engage_write,166384425
13:13:29.737 -> [TOUCH] transition raw=1 pressed=1 ms=166384
13:13:29.737 -> [TOUCH] START raw=1 ms=166384
13:13:29.783 -> [WiFiService] setChannel(3) mode=2 (owner=setPromiscuous)
13:13:29.877 -> C,ts_engage_write,166491423
13:13:29.970 -> C,ts_engage_write,166598424
13:13:29.970 -> [WiFiService] setChannel(4) mode=2 (owner=setPromiscuous)
13:13:30.065 -> C,ts_engage_write,166705423
13:13:30.158 -> [WiFiService] setChannel(5) mode=2 (owner=setPromiscuous)
13:13:30.158 -> [FACE] heartbeat
13:13:30.158 -> C,mood_str,50
13:13:30.158 -> C,ts_engage_write,166812584
13:13:30.158 -> C,engage_lvl,562
13:13:30.158 -> C,modifier,15
13:13:30.158 -> C,engage_floor,0
13:13:30.158 -> C,loop_us,404
13:13:30.158 -> [TOUCH] transition raw=0 pressed=0 ms=166812
13:13:30.158 -> [TOUCH] RELEASE raw=0 duration=428 ms=166812
13:13:30.158 -> [TOUCH] TAP
13:13:30.158 -> [SEC] Touch tap detected, sec_hud_mode=1
13:13:30.297 -> C,ts_engage_write,166919423
13:13:30.344 -> [WiFiService] setChannel(6) mode=2 (owner=setPromiscuous)
13:13:30.392 -> C,ts_engage_write,167026422
13:13:30.485 -> C,ts_engage_write,167132423
13:13:30.532 -> [WiFiService] setChannel(7) mode=2 (owner=setPromiscuous)
13:13:30.626 -> C,ts_engage_write,167239421
13:13:30.718 -> [WiFiService] setChannel(8) mode=2 (owner=setPromiscuous)
13:13:30.718 -> C,ts_engage_write,167345430
13:13:30.718 -> C,engage_lvl,560
13:13:30.811 -> C,ts_engage_write,167452421
13:13:30.858 -> [WiFiService] setChannel(9) mode=2 (owner=setPromiscuous)
13:13:30.905 -> C,ts_engage_write,167559423
13:13:31.045 -> C,ts_engage_write,167665421
13:13:31.045 -> [WiFiService] setChannel(10) mode=2 (owner=setPromiscuous)
13:13:31.138 -> C,ts_engage_write,167771423
13:13:31.229 -> [WiFiService] setChannel(11) mode=2 (owner=setPromiscuous)
13:13:31.229 -> [FACE] heartbeat
13:13:31.229 -> C,mood_str,50
13:13:31.229 -> C,ts_engage_write,167877576
13:13:31.229 -> C,engage_lvl,559
13:13:31.229 -> C,modifier,15
13:13:31.229 -> C,engage_floor,0
13:13:31.229 -> C,loop_us,401
13:13:31.369 -> C,ts_engage_write,167984421
13:13:31.415 -> [WiFiService] setChannel(12) mode=2 (owner=setPromiscuous)
13:13:31.461 -> C,ts_engage_write,168090420
13:13:31.556 -> C,ts_engage_write,168196421
13:13:31.602 -> [WiFiService] setChannel(13) mode=2 (owner=setPromiscuous)
13:13:31.649 -> C,ts_engage_write,168302422
13:13:31.788 -> C,ts_engage_write,168408421
13:13:31.788 -> C,engage_lvl,557
13:13:31.788 -> [WiFiService] setChannel(1) mode=2 (owner=setPromiscuous)
13:13:31.880 -> C,ts_engage_write,168515427
13:13:31.974 -> [WiFiService] setChannel(2) mode=2 (owner=setPromiscuous)
13:13:31.974 -> C,ts_engage_write,168622424
13:13:32.112 -> C,ts_engage_write,168729427
13:13:32.158 -> [WiFiService] setChannel(3) mode=2 (owner=setPromiscuous)
13:13:32.205 -> C,ts_engage_write,168836424
13:13:32.298 -> [FACE] heartbeat
13:13:32.298 -> C,mood_str,50
13:13:32.298 -> C,ts_engage_write,168943647
13:13:32.298 -> C,engage_lvl,556
13:13:32.298 -> C,modifier,15
13:13:32.298 -> C,engage_floor,0
13:13:32.298 -> C,loop_us,454
13:13:32.298 -> [WiFiService] setChannel(4) mode=2 (owner=setPromiscuous)
13:13:32.392 -> C,ts_engage_write,169050425
13:13:32.485 -> [WiFiService] setChannel(5) mode=2 (owner=setPromiscuous)
13:13:32.533 -> C,ts_engage_write,169157422
13:13:32.626 -> C,ts_engage_write,169263423
13:13:32.673 -> [WiFiService] setChannel(6) mode=2 (owner=setPromiscuous)
13:13:32.719 -> C,ts_engage_write,169370423
13:13:32.858 -> C,ts_engage_write,169477423
13:13:32.858 -> C,engage_lvl,555
13:13:32.858 -> [WiFiService] setChannel(7) mode=2 (owner=setPromiscuous)
13:13:32.951 -> C,ts_engage_write,169584423
13:13:33.045 -> [WiFiService] setChannel(8) mode=2 (owner=setPromiscuous)
13:13:33.045 -> C,ts_engage_write,169691426
13:13:33.045 -> [TOUCH] transition raw=1 pressed=1 ms=169691
13:13:33.045 -> [TOUCH] START raw=1 ms=169691
13:13:33.185 -> C,ts_engage_write,169798421
13:13:33.231 -> [WiFiService] setChannel(9) mode=2 (owner=setPromiscuous)
13:13:33.278 -> C,ts_engage_write,169904423
13:13:33.370 -> [FACE] heartbeat
13:13:33.370 -> C,mood_str,50
13:13:33.370 -> C,ts_engage_write,170010640
13:13:33.370 -> C,engage_lvl,553
13:13:33.370 -> C,modifier,15
13:13:33.370 -> C,engage_floor,0
13:13:33.370 -> C,loop_us,445
13:13:33.417 -> [WiFiService] setChannel(10) mode=2 (owner=setPromiscuous)
13:13:33.464 -> C,ts_engage_write,170117421
13:13:33.602 -> [WiFiService] setChannel(11) mode=2 (owner=setPromiscuous)
13:13:33.602 -> C,ts_engage_write,170223429
13:13:33.696 -> C,ts_engage_write,170329421
13:13:33.743 -> [WiFiService] setChannel(12) mode=2 (owner=setPromiscuous)
13:13:33.790 -> C,ts_engage_write,170435420
13:13:33.790 -> [TOUCH] transition raw=0 pressed=0 ms=170435
13:13:33.790 -> [TOUCH] RELEASE raw=0 duration=744 ms=170435
13:13:33.790 -> [TOUCH] TAP
13:13:33.790 -> [SEC] Touch tap detected, sec_hud_mode=0
13:13:33.929 -> C,ts_engage_write,170542421
13:13:33.929 -> C,engage_lvl,552
13:13:33.929 -> [WiFiService] setChannel(13) mode=2 (owner=setPromiscuous)
13:13:34.023 -> C,ts_engage_write,170649423
13:13:34.116 -> C,ts_engage_write,170755421
13:13:34.116 -> [TOUCH] transition raw=1 pressed=1 ms=170755
13:13:34.116 -> [TOUCH] START raw=1 ms=170755
13:13:34.116 -> [WiFiService] setChannel(1) mode=2 (owner=setPromiscuous)
13:13:34.209 -> C,ts_engage_write,170862421
13:13:34.301 -> [WiFiService] setChannel(2) mode=2 (owner=setPromiscuous)
13:13:34.348 -> C,ts_engage_write,170969427
13:13:34.348 -> [TOUCH] transition raw=0 pressed=0 ms=170969
13:13:34.348 -> [TOUCH] RELEASE raw=0 duration=214 ms=170969
13:13:34.348 -> [TOUCH] TAP
13:13:34.348 -> [SEC] Touch tap detected, sec_hud_mode=1
13:13:34.442 -> [FACE] heartbeat
13:13:34.442 -> C,mood_str,50
13:13:34.442 -> C,ts_engage_write,171076646
13:13:34.442 -> C,engage_lvl,550
13:13:34.442 -> C,modifier,15
13:13:34.442 -> C,engage_floor,0
13:13:34.442 -> C,loop_us,453
13:13:34.488 -> [WiFiService] setChannel(3) mode=2 (owner=setPromiscuous)
13:13:34.535 -> C,ts_engage_write,171183424
13:13:34.674 -> C,ts_engage_write,171290426
13:13:34.674 -> [WiFiService] setChannel(4) mode=2 (owner=setPromiscuous)
13:13:34.768 -> C,ts_engage_write,171397424
13:13:34.860 -> [WiFiService] setChannel(5) mode=2 (owner=setPromiscuous)
13:13:34.860 -> C,ts_engage_write,171504424
13:13:34.954 -> C,ts_engage_write,171611426
13:13:34.954 -> C,engage_lvl,549
13:13:35.000 -> [WiFiService] setChannel(6) mode=2 (owner=setPromiscuous)
13:13:35.094 -> C,ts_engage_write,171718423
13:13:35.187 -> C,ts_engage_write,171825422
13:13:35.187 -> [WiFiService] setChannel(7) mode=2 (owner=setPromiscuous)
13:13:35.279 -> C,ts_engage_write,171932423
13:13:35.371 -> [WiFiService] setChannel(8) mode=2 (owner=setPromiscuous)
13:13:35.418 -> C,ts_engage_write,172039423
13:13:35.512 -> [FACE] heartbeat
13:13:35.512 -> C,mood_str,50
13:13:35.512 -> C,ts_engage_write,172145648
13:13:35.512 -> C,engage_lvl,547
13:13:35.512 -> C,modifier,15
13:13:35.512 -> C,engage_floor,0
13:13:35.512 -> C,loop_us,452
13:13:35.558 -> [WiFiService] setChannel(9) mode=2 (owner=setPromiscuous)
13:13:35.605 -> C,ts_engage_write,172252421
13:13:35.605 -> [TOUCH] transition raw=1 pressed=1 ms=172252
13:13:35.605 -> [TOUCH] START raw=1 ms=172252
13:13:35.745 -> C,ts_engage_write,172359421
13:13:35.745 -> [WiFiService] setChannel(10) mode=2 (owner=setPromiscuous)
13:13:35.838 -> C,ts_engage_write,172466421
13:13:35.931 -> [WiFiService] setChannel(11) mode=2 (owner=setPromiscuous)
13:13:35.931 -> C,ts_engage_write,172572427
13:13:36.025 -> C,ts_engage_write,172678421
13:13:36.025 -> C,engage_lvl,546
13:13:36.118 -> [WiFiService] setChannel(12) mode=2 (owner=setPromiscuous)
13:13:36.164 -> C,ts_engage_write,172785421
13:13:36.258 -> C,ts_engage_write,172891423
13:13:36.258 -> [WiFiService] setChannel(13) mode=2 (owner=setPromiscuous)
13:13:36.351 -> C,ts_engage_write,172998421
13:13:36.444 -> [WiFiService] setChannel(1) mode=2 (owner=setPromiscuous)
13:13:36.491 -> C,ts_engage_write,173104429
13:13:36.491 -> [TOUCH] transition raw=0 pressed=0 ms=173104
13:13:36.491 -> [TOUCH] RELEASE raw=0 duration=852 ms=173104
13:13:36.491 -> [TOUCH] TAP
13:13:36.491 -> [SEC] Touch tap detected, sec_hud_mode=0
13:13:36.584 -> [FACE] heartbeat
13:13:36.584 -> C,mood_str,50
13:13:36.584 -> C,ts_engage_write,173211644
13:13:36.584 -> C,engage_lvl,545
13:13:36.584 -> C,modifier,15
13:13:36.584 -> C,engage_floor,0
13:13:36.584 -> C,loop_us,440
13:13:36.629 -> [WiFiService] setChannel(2) mode=2 (owner=setPromiscuous)
13:13:36.676 -> C,ts_engage_write,173318423
13:13:36.768 -> C,ts_engage_write,173424421
13:13:36.814 -> [WiFiService] setChannel(3) mode=2 (owner=setPromiscuous)
13:13:36.906 -> C,ts_engage_write,173532427
13:13:36.906 -> [TOUCH] transition raw=1 pressed=1 ms=173532
13:13:36.906 -> [TOUCH] START raw=1 ms=173532
13:13:37.001 -> [WiFiService] setChannel(4) mode=2 (owner=setPromiscuous)
13:13:37.001 -> C,ts_engage_write,173639429
13:13:37.001 -> [TOUCH] transition raw=0 pressed=0 ms=173639
13:13:37.001 -> [TOUCH] RELEASE raw=0 duration=107 ms=173639
13:13:37.001 -> [TOUCH] TAP
13:13:37.001 -> [SEC] Touch tap detected, sec_hud_mode=1
13:13:37.095 -> C,ts_engage_write,173746425
13:13:37.095 -> C,engage_lvl,543
13:13:37.188 -> [WiFiService] setChannel(5) mode=2 (owner=setPromiscuous)
13:13:37.234 -> C,ts_engage_write,173853427
13:13:37.327 -> C,ts_engage_write,173960424
13:13:37.373 -> [WiFiService] setChannel(6) mode=2 (owner=setPromiscuous)
13:13:37.419 -> C,ts_engage_write,174067423
13:13:37.559 -> C,ts_engage_write,174174424
13:13:37.559 -> [WiFiService] setChannel(7) mode=2 (owner=setPromiscuous)
13:13:37.652 -> [FACE] heartbeat
13:13:37.652 -> C,mood_str,50
13:13:37.652 -> C,ts_engage_write,174281643
13:13:37.652 -> C,engage_lvl,542
13:13:37.652 -> C,modifier,15
13:13:37.652 -> C,engage_floor,0
13:13:37.652 -> C,loop_us,451
13:13:37.698 -> [WiFiService] setChannel(8) mode=2 (owner=setPromiscuous)
13:13:37.744 -> C,ts_engage_write,174388424
13:13:37.838 -> C,ts_engage_write,174494425
13:13:37.885 -> [WiFiService] setChannel(9) mode=2 (owner=setPromiscuous)
13:13:37.978 -> C,ts_engage_write,174601423
13:13:38.072 -> C,ts_engage_write,174708423
13:13:38.072 -> [WiFiService] setChannel(10) mode=2 (owner=setPromiscuous)
13:13:38.165 -> C,ts_engage_write,174815421
13:13:38.165 -> C,engage_lvl,540
13:13:38.258 -> [WiFiService] setChannel(11) mode=2 (owner=setPromiscuous)
13:13:38.304 -> C,ts_engage_write,174922425
13:13:38.397 -> C,ts_engage_write,175028421
13:13:38.444 -> [WiFiService] setChannel(12) mode=2 (owner=setPromiscuous)
13:13:38.490 -> C,ts_engage_write,175134421
13:13:38.583 -> C,ts_engage_write,175240421
13:13:38.629 -> [WiFiService] setChannel(13) mode=2 (owner=setPromiscuous)
13:13:38.723 -> [FACE] heartbeat
13:13:38.723 -> C,mood_str,50
13:13:38.723 -> C,ts_engage_write,175346622
13:13:38.723 -> C,engage_lvl,539
13:13:38.723 -> C,modifier,15
13:13:38.723 -> C,engage_floor,0
13:13:38.723 -> C,loop_us,433
13:13:38.815 -> [WiFiService] setChannel(1) mode=2 (owner=setPromiscuous)
13:13:38.815 -> C,ts_engage_write,175453428
13:13:38.908 -> C,ts_engage_write,175559421
13:13:38.908 -> [TOUCH] transition raw=1 pressed=1 ms=175559
13:13:38.908 -> [TOUCH] START raw=1 ms=175559
13:13:39.001 -> [WiFiService] setChannel(2) mode=2 (owner=setPromiscuous)
13:13:39.048 -> C,ts_engage_write,175666423
13:13:39.141 -> C,ts_engage_write,175772421
13:13:39.141 -> [WiFiService] setChannel(3) mode=2 (owner=setPromiscuous)
13:13:39.237 -> C,ts_engage_write,175879423
13:13:39.237 -> C,engage_lvl,538
13:13:39.329 -> [WiFiService] setChannel(4) mode=2 (owner=setPromiscuous)
13:13:39.329 -> C,ts_engage_write,175986470
13:13:39.468 -> C,ts_engage_write,176093426
13:13:39.514 -> [WiFiService] setChannel(5) mode=2 (owner=setPromiscuous)
13:13:39.559 -> C,ts_engage_write,176200423
13:13:39.652 -> C,ts_engage_write,176307426
13:13:39.700 -> [WiFiService] setChannel(6) mode=2 (owner=setPromiscuous)
13:13:39.793 -> [FACE] heartbeat
13:13:39.793 -> C,mood_str,50
13:13:39.793 -> C,ts_engage_write,176414647
13:13:39.793 -> C,engage_lvl,536
13:13:39.793 -> C,modifier,15
13:13:39.793 -> C,engage_floor,0
13:13:39.793 -> C,loop_us,453
13:13:39.886 -> [WiFiService] setChannel(7) mode=2 (owner=setPromiscuous)
13:13:39.886 -> C,ts_engage_write,176521428
13:13:39.979 -> C,ts_engage_write,176627423
13:13:40.071 -> [WiFiService] setChannel(8) mode=2 (owner=setPromiscuous)
13:13:40.118 -> C,ts_engage_write,176734424
13:13:40.212 -> C,ts_engage_write,176841422
13:13:40.258 -> [WiFiService] setChannel(9) mode=2 (owner=setPromiscuous)
13:13:40.306 -> C,ts_engage_write,176948423
13:13:40.306 -> C,engage_lvl,535
13:13:40.398 -> C,ts_engage_write,177055423
13:13:40.398 -> [WiFiService] setChannel(10) mode=2 (owner=setPromiscuous)
13:13:40.537 -> C,ts_engage_write,177162423
13:13:40.584 -> [WiFiService] setChannel(11) mode=2 (owner=setPromiscuous)
13:13:40.631 -> C,ts_engage_write,177268424
13:13:40.723 -> C,ts_engage_write,177374423
13:13:40.769 -> [WiFiService] setChannel(12) mode=2 (owner=setPromiscuous)
13:13:40.862 -> [FACE] heartbeat
13:13:40.862 -> C,mood_str,50
13:13:40.862 -> C,ts_engage_write,177481619
13:13:40.862 -> C,engage_lvl,533
13:13:40.862 -> C,modifier,15
13:13:40.862 -> C,engage_floor,0
13:13:40.862 -> C,loop_us,425
13:13:40.954 -> C,ts_engage_write,177588424
13:13:40.954 -> [WiFiService] setChannel(13) mode=2 (owner=setPromiscuous)
13:13:41.047 -> C,ts_engage_write,177695420
13:13:41.139 -> [WiFiService] setChannel(1) mode=2 (owner=setPromiscuous)
13:13:41.187 -> C,ts_engage_write,177801425
13:13:41.280 -> C,ts_engage_write,177907421
13:13:41.326 -> [WiFiService] setChannel(2) mode=2 (owner=setPromiscuous)
13:13:41.372 -> C,ts_engage_write,178014421
13:13:41.372 -> C,engage_lvl,532
13:13:41.465 -> C,ts_engage_write,178120421
13:13:41.465 -> [TOUCH] transition raw=0 pressed=0 ms=178120
13:13:41.465 -> [TOUCH] RELEASE raw=0 duration=2561 ms=178120
13:13:41.465 -> [TOUCH] LONG_PRESS
13:13:41.465 -> [MODE] Transitioning: 1 -> 2
13:13:41.465 -> [DBG] BEFORE teardown
13:13:41.465 -> [WiFiService] setPromiscuous(false) mode=2 (owner=setPromiscuous)
13:13:41.465 -> [WiFiService] Sniffing stopped
13:13:41.465 -> [WiFiService] Stop WiFi (owner=setPromiscuous, mode=2, promisc=0)
13:13:41.511 -> [178125][E][STA.cpp:540] disconnect(): STA disconnect failed! 0xffffffff: ESP_FAIL
13:13:41.511 -> [178133][V][AP.cpp:117] _onApEvent(): AP Stopped
13:13:41.511 -> [178134][V][NetworkEvents.cpp:132] _checkForEvent(): Network Event: 131 - AP_STOP
13:13:41.511 -> [178134][V][AP.cpp:93] _onApArduinoEvent(): Arduino AP Event: 131 - AP_STOP
13:13:41.511 -> [178140][V][AP.cpp:113] _onApEvent(): AP Started
13:13:41.511 -> [178141][V][NetworkEve[1n7t8s1.4c1p]p[:V1][3A2P]. c_pcph:e1c17k]F o_roEnvAepnEtv(e)n:t (N)e:t wAoPr kS tEovpepnetd:
 
13:13:41.511 -> 130 - AP_START
13:13:41.511 -> [178141][V][AP.cpp:93] _onApArduinoEvent(): Arduino AP Event: 130 - AP_START
13:13:41.511 -> [178142][V][NetworkEvents.cpp:132] _checkForEvent(): Network Event: 131 - AP_STOP
13:13:41.511 -> [178142][V][AP.cpp:93] _onApArduinoEvent(): Arduino AP Event: 131 - AP_STOP
13:13:41.511 -> [178146][V][NetworkEvents.cpp:132] _checkForEvent(): Network Event: 100 - WIFI_OFF
13:13:41.511 -> [178147][V][NetworkInterface.cpp:264] destroyNetif(): Unregistered event handler
13:13:42.026 -> [WiFiService] WiFi stopped.
13:13:42.026 -> [DBG] AFTER teardown
13:13:42.026 -> [MODE] Teardown of mode 1 complete
13:13:42.026 -> [ATTN] pause (was SOFT_FOCUS)
13:13:42.026 -> [DBG] AFTER pause
13:13:42.629 -> [DBG] AFTER splash
13:13:42.629 -> [DBG] BEFORE setup
13:13:42.629 -> [AVI] Box: 22.66 76.50 23.86 78.30
13:13:42.676 -> [DBG] AFTER setup
13:13:42.676 -> [MODE] Setup of mode 2 complete
13:13:42.676 -> [ATTN] resume -> SOFT_FOCUS
13:13:42.676 -> [DBG] AFTER resume
13:13:42.676 -> [AVI] Rendering 0 aircraft
13:13:42.816 -> [FACE] heartbeat
13:13:42.816 -> C,mood_str,50
13:13:42.816 -> C,ts_engage_write,179467536
13:13:42.816 -> C,engage_lvl,528
13:13:42.816 -> C,modifier,15
13:13:42.816 -> C,engage_floor,0
13:13:42.816 -> C,loop_us,348
13:13:42.816 -> [TOUCH] transition raw=1 pressed=1 ms=179467
13:13:42.816 -> [TOUCH] START raw=1 ms=179467
13:13:42.816 -> [AVI] Rendering 0 aircraft
13:13:42.956 -> C,ts_engage_write,179610360
13:13:42.956 -> [AVI] Rendering 0 aircraft
13:13:43.096 -> C,ts_engage_write,179753390
13:13:43.096 -> [AVI] Rendering 0 aircraft
13:13:43.283 -> C,ts_engage_write,179896379
13:13:43.283 -> [AVI] Rendering 0 aircraft
13:13:43.423 -> C,ts_engage_write,180039390
13:13:43.423 -> C,engage_lvl,526
13:13:43.423 -> [AVI] Rendering 0 aircraft
13:13:43.562 -> C,dom_touch,84
13:13:43.562 -> C,dom_sec,0
13:13:43.562 -> [MEM] tick: records=1 strength=84
13:13:43.562 -> C,rec_count,1
13:13:43.562 -> C,ts_engage_write,180182569
13:13:43.562 -> [AVI] Rendering 0 aircraft
13:13:43.701 -> C,ts_engage_write,180325387
13:13:43.701 -> [AVI] Rendering 0 aircraft
13:13:43.841 -> [FACE] heartbeat
13:13:43.841 -> C,mood_str,50
13:13:43.841 -> C,ts_engage_write,180468506
13:13:43.841 -> C,modifier,15
13:13:43.841 -> C,engage_floor,0
13:13:43.841 -> C,loop_us,298
13:13:43.841 -> [AVI] Rendering 0 aircraft
13:13:43.981 -> C,ts_engage_write,180611381
13:13:43.981 -> C,engage_lvl,525
13:13:43.981 -> [AVI] Rendering 0 aircraft
13:13:44.121 -> C,ts_engage_write,180754384
13:13:44.121 -> [AVI] Rendering 0 aircraft
13:13:44.261 -> C,ts_engage_write,180897395
13:13:44.261 -> [AVI] Rendering 0 aircraft
13:13:44.400 -> C,ts_engage_write,181040386
13:13:44.400 -> [AVI] Rendering 0 aircraft
13:13:44.540 -> C,ts_engage_write,181183390
13:13:44.540 -> C,engage_lvl,523
13:13:44.540 -> [AVI] Rendering 0 aircraft
13:13:44.680 -> C,ts_engage_write,181326389
13:13:44.680 -> [AVI] Rendering 0 aircraft
13:13:44.820 -> [FACE] heartbeat
13:13:44.820 -> C,mood_str,50
13:13:44.820 -> C,ts_engage_write,181469502
13:13:44.820 -> C,modifier,15
13:13:44.820 -> C,engage_floor,0
13:13:44.820 -> C,loop_us,309
13:13:44.820 -> [AVI] Rendering 0 aircraft
13:13:44.959 -> C,ts_engage_write,181612382
13:13:44.959 -> [AVI] Rendering 0 aircraft
13:13:45.098 -> C,ts_engage_write,181755390
13:13:45.098 -> C,engage_lvl,522
13:13:45.098 -> [AVI] Rendering 0 aircraft
13:13:45.284 -> C,ts_engage_write,181898393
13:13:45.284 -> [AVI] Rendering 0 aircraft
13:13:45.421 -> C,ts_engage_write,182041389
13:13:45.421 -> [AVI] Rendering 0 aircraft
13:13:45.560 -> C,ts_engage_write,182184387
13:13:45.560 -> [AVI] Rendering 0 aircraft
13:13:45.700 -> [WiFiService] STA Connect -> 'Aryan Gupta' (owner=connectSTA)
13:13:45.700 -> [WiFiService] WiFi mode before: 0 status: 254
13:13:45.700 -> [182325][E][STA.cpp:540] disconnect(): STA disconnect failed! 0x3001: ESP_ERR_WIFI_NOT_INIT
13:13:45.700 -> C,ts_engage_write,182327567
13:13:45.700 -> C,engage_lvl,520
13:13:45.700 -> [AVI] Rendering 0 aircraft
13:13:45.700 -> [182339][V][NetworkEvents.cpp:132] _checkForEvent(): Network Event: 101 - WIFI_READY
13:13:45.700 -> [182344][V][STA.cpp:194] _onStaEvent(): STA Started
13:13:45.700 -> [182345][V][NetworkEvents.cpp:132] _checkForEvent(): Network Event: 110 - STA_START
13:13:45.700 -> [182345][V][STA.cpp:118] _onStaArduinoEvent(): Arduino STA Event: 110 - STA_START
13:13:45.841 -> [FACE] heartbeat
13:13:45.841 -> C,mood_str,50
13:13:45.841 -> C,ts_engage_write,182479611
13:13:45.841 -> C,modifier,15
13:13:45.841 -> C,engage_floor,0
13:13:45.841 -> C,loop_us,399
13:13:45.841 -> [AVI] Rendering 0 aircraft
13:13:45.980 -> C,ts_engage_write,182625761
13:13:45.980 -> [AVI] Rendering 0 aircraft
13:13:46.118 -> C,ts_engage_write,182769410
13:13:46.118 -> [AVI] Rendering 0 aircraft
13:13:46.257 -> C,ts_engage_write,182912422
13:13:46.257 -> C,engage_lvl,519
13:13:46.257 -> [AVI] Rendering 0 aircraft
13:13:46.397 -> C,ts_engage_write,183055451
13:13:46.397 -> [AVI] Rendering 0 aircraft
13:13:46.583 -> C,ts_engage_write,183199447
13:13:46.583 -> [AVI] Rendering 0 aircraft
13:13:46.721 -> C,ts_engage_write,183343444
13:13:46.721 -> [AVI] Rendering 0 aircraft
13:13:46.860 -> [FACE] heartbeat
13:13:46.860 -> C,mood_str,50
13:13:46.860 -> C,ts_engage_write,183487717
13:13:46.860 -> C,engage_lvl,517
13:13:46.860 -> C,modifier,15
13:13:46.860 -> C,engage_floor,0
13:13:46.860 -> C,loop_us,542
13:13:46.860 -> [AVI] Rendering 0 aircraft
13:13:47.000 -> C,ts_engage_write,183631428
13:13:47.000 -> [AVI] Rendering 0 aircraft
13:13:47.139 -> C,ts_engage_write,183774722
13:13:47.139 -> [AVI] Rendering 0 aircraft
13:13:47.139 -> [183776][V][STA.cpp:214] _onStaEvent(): STA Connected: SSID: Aryan Gupta, BSSID: b2:a7:33:6e:a6:1f, Channel: 5, Auth: WPA3_PSK
13:13:47.139 -> [183777][V][NetworkEvents.cpp:132] _checkForEvent(): Network Event: 112 - STA_CONNECTED
13:13:47.139 -> [183777][V][STA.cpp:118] _onStaArduinoEvent(): Arduino STA Event: 112 - STA_CONNECTED
13:13:47.139 -> [WIFI] Connected to AP
13:13:47.279 -> C,ts_engage_write,183920428
13:13:47.279 -> [AVI] Rendering 0 aircraft
13:13:47.419 -> C,ts_engage_write,184063428
13:13:47.419 -> C,engage_lvl,516
13:13:47.419 -> [AVI] Rendering 0 aircraft
13:13:47.558 -> C,ts_engage_write,184206398
13:13:47.558 -> [AVI] Rendering 0 aircraft
13:13:47.698 -> C,ts_engage_write,184349429
13:13:47.698 -> [AVI] Rendering 0 aircraft
13:13:47.836 -> [FACE] heartbeat
13:13:47.836 -> C,mood_str,50
13:13:47.836 -> C,ts_engage_write,184492631
13:13:47.836 -> C,modifier,15
13:13:47.836 -> C,engage_floor,0
13:13:47.836 -> C,loop_us,410
13:13:47.836 -> [AVI] Rendering 0 aircraft
13:13:48.019 -> C,ts_engage_write,184635351
13:13:48.019 -> C,engage_lvl,514
13:13:48.019 -> [AVI] Rendering 0 aircraft
13:13:48.159 -> C,ts_engage_write,184778424
13:13:48.159 -> [AVI] Rendering 0 aircraft
13:13:48.205 -> [184848][V][NetworkInterface.cpp:79] _onIpEvent(): sta Got New IP: 10.117.38.118 MASK: 255.255.255.0 GW: 10.117.38.155
13:13:48.205 -> [184848][V][NetworkEvents.cpp:132] _checkForEvent(): Network Event: 115 - STA_GOT_IP
13:13:48.205 -> [184849][V][STA.cpp:118] _onStaArduinoEvent(): Arduino STA Event: 115 - STA_GOT_IP
13:13:48.205 -> [184849][V][STA.cpp:179] _onStaArduinoEvent(): STA IP: 10.117.38.118, MASK: 255.255.255.0, GW: 10.117.38.155
13:13:48.205 -> [WIFI] IP=10.117.38.118
13:13:48.297 -> C,ts_engage_write,184921426
13:13:48.297 -> [AVI] Rendering 0 aircraft
13:13:48.343 -> [WiFiService] Connected! IP: 10.117.38.118 (owner=connectSTA)
13:13:48.343 -> EVT:{"type":"timeline","text":"WiFi Connected","tag":"system"}
13:13:48.343 -> [AVI] Status final=3  ok=1
13:13:48.343 -> [AVI] Fetching URL: https://opensky-network.org/api/states/all?lamin=22.66&lomin=76.50&lamax=23.86&lomax=78.30
13:13:48.343 -> [184977][V][HTTPClient.cpp:239] beginInternal(): url: https://opensky-network.org/api/states/all?lamin=22.66&lomin=76.50&lamax=23.86&lomax=78.30
13:13:48.343 -> [184978][D][HTTPClient.cpp:250] beginInternal(): unexpected protocol: https, expected http
13:13:48.343 -> 184978][V][HTTPClient.cpp:239] beginInternal(): url: https://opensky-network.org/api/states/all?lamin=22.66&lomin=76.50&lamax=23.86&lomax=78.30
13:13:48.343 -> [184979][D][HTTPClient.cpp:290] beginInternal(): protocol: https, host: opensky-network.org port: 443 url: /api/states/all?lamin=22.66&lomin=76.50&lamax=23.86&lomax=78.30
13:13:48.343 -> [184980][D][HTTPClient.cpp:574] sendRequest(): request type: 'GET' redirCount: 0
13:13:48.343 -> 
13:13:48.343 -> [184980][D][NetworkManager.cpp:85] hostByName(): Clearing DNS cache
13:13:48.438 -> C,ts_engage_write,185064427
13:13:48.438 -> [AVI] Rendering 0 aircraft
13:13:48.577 -> C,ts_engage_write,185207428
13:13:48.577 -> C,engage_lvl,513
13:13:48.577 -> [AVI] Rendering 0 aircraft
13:13:48.717 -> C,ts_engage_write,185350427
13:13:48.717 -> [AVI] Rendering 0 aircraft
13:13:48.857 -> [FACE] heartbeat
13:13:48.857 -> C,mood_str,50
13:13:48.857 -> C,ts_engage_write,185493627
13:13:48.857 -> C,modifier,15
13:13:48.857 -> C,engage_floor,0
13:13:48.857 -> C,loop_us,424
13:13:48.857 -> [AVI] Rendering 0 aircraft
13:13:48.994 -> C,ts_engage_write,185636415
13:13:48.994 -> [AVI] Rendering 0 aircraft
13:13:49.134 -> C,ts_engage_write,185779428
13:13:49.134 -> C,engage_lvl,511
13:13:49.134 -> [AVI] Rendering 0 aircraft
13:13:49.276 -> C,ts_engage_write,185922425
13:13:49.276 -> [AVI] Rendering 0 aircraft
13:13:49.415 -> C,ts_engage_write,186065428
13:13:49.415 -> [AVI] Rendering 0 aircraft
13:13:49.553 -> C,ts_engage_write,186208427
13:13:49.553 -> [AVI] Rendering 0 aircraft
13:13:49.694 -> C,ts_engage_write,186351428
13:13:49.694 -> C,engage_lvl,510
13:13:49.694 -> [AVI] Rendering 0 aircraft
13:13:49.879 -> [FACE] heartbeat
13:13:49.879 -> C,mood_str,50
13:13:49.879 -> C,ts_engage_write,186494648
13:13:49.879 -> C,modifier,15
13:13:49.879 -> C,engage_floor,0
13:13:49.879 -> C,loop_us,426
13:13:49.879 -> [AVI] Rendering 0 aircraft
13:13:50.019 -> C,ts_engage_write,186637422
13:13:50.019 -> [AVI] Rendering 0 aircraft
13:13:50.160 -> C,ts_engage_write,186780427
13:13:50.160 -> [AVI] Rendering 0 aircraft
13:13:50.300 -> C,ts_engage_write,186923427
13:13:50.300 -> C,engage_lvl,508
13:13:50.300 -> [AVI] Rendering 0 aircraft
13:13:50.439 -> C,ts_engage_write,187066427
13:13:50.439 -> [AVI] Rendering 0 aircraft
13:13:50.579 -> C,ts_engage_write,187209427
13:13:50.579 -> [AVI] Rendering 0 aircraft
13:13:50.721 -> C,ts_engage_write,187352427
13:13:50.721 -> [AVI] Rendering 0 aircraft
13:13:50.859 -> [FACE] heartbeat
13:13:50.859 -> C,mood_str,50
13:13:50.859 -> C,ts_engage_write,187495506
13:13:50.859 -> C,engage_lvl,507
13:13:50.859 -> C,modifier,15
13:13:50.859 -> C,engage_floor,0
13:13:50.859 -> C,loop_us,316
13:13:50.859 -> [AVI] Rendering 0 aircraft
13:13:50.998 -> C,ts_engage_write,187638427
13:13:50.998 -> [AVI] Rendering 0 aircraft
13:13:51.137 -> C,ts_engage_write,187781428
13:13:51.137 -> [AVI] Rendering 0 aircraft
13:13:51.274 -> C,ts_engage_write,187924381
13:13:51.274 -> [AVI] Rendering 0 aircraft
13:13:51.414 -> C,ts_engage_write,188067427
13:13:51.414 -> C,engage_lvl,505
13:13:51.414 -> [AVI] Rendering 0 aircraft
13:13:51.553 -> C,ts_engage_write,188210427
13:13:51.553 -> [AVI] Rendering 0 aircraft
13:13:51.740 -> C,ts_engage_write,188353381
13:13:51.740 -> [AVI] Rendering 0 aircraft
13:13:51.879 -> [FACE] heartbeat
13:13:51.879 -> C,mood_str,50
13:13:51.879 -> C,ts_engage_write,188496641
13:13:51.879 -> C,modifier,15
13:13:51.879 -> C,engage_floor,0
13:13:51.879 -> C,loop_us,420
13:13:51.879 -> [AVI] Rendering 0 aircraft
13:13:52.020 -> C,ts_engage_write,188639427
13:13:52.020 -> C,engage_lvl,504
13:13:52.020 -> [AVI] Rendering 0 aircraft
13:13:52.161 -> C,ts_engage_write,188782429
13:13:52.161 -> [AVI] Rendering 0 aircraft
13:13:52.301 -> C,ts_engage_write,188925381
13:13:52.301 -> [AVI] Rendering 0 aircraft
13:13:52.441 -> C,ts_engage_write,189068428
13:13:52.441 -> [AVI] Rendering 0 aircraft
13:13:52.581 -> C,ts_engage_write,189211428
13:13:52.581 -> C,engage_lvl,502
13:13:52.581 -> [AVI] Rendering 0 aircraft
13:13:52.721 -> C,ts_engage_write,189354381
13:13:52.721 -> [AVI] Rendering 0 aircraft
13:13:52.859 -> [FACE] heartbeat
13:13:52.859 -> C,mood_str,50
13:13:52.859 -> C,ts_engage_write,189497650
13:13:52.859 -> C,modifier,15
13:13:52.859 -> C,engage_floor,0
13:13:52.859 -> C,loop_us,420
13:13:52.859 -> [AVI] Rendering 0 aircraft
13:13:52.999 -> C,ts_engage_write,189640423
13:13:52.999 -> [AVI] Rendering 0 aircraft
13:13:53.140 -> C,ts_engage_write,189783404
13:13:53.140 -> C,engage_lvl,501
13:13:53.140 -> [AVI] Rendering 0 aircraft
13:13:53.278 -> C,ts_engage_write,189926423
13:13:53.278 -> [AVI] Rendering 0 aircraft
13:13:53.420 -> C,ts_engage_write,190069425
13:13:53.420 -> [AVI] Rendering 0 aircraft
13:13:53.560 -> C,ts_engage_write,190212425
13:13:53.560 -> [AVI] Rendering 0 aircraft
13:13:53.700 -> C,ts_engage_write,190355379
13:13:53.700 -> C,engage_lvl,499
13:13:53.700 -> [AVI] Rendering 0 aircraft
13:13:53.841 -> [FACE] heartbeat
13:13:53.841 -> C,mood_str,50
13:13:53.841 -> C,ts_engage_write,190498640
13:13:53.841 -> C,modifier,15
13:13:53.841 -> C,engage_floor,0
13:13:53.841 -> C,loop_us,419
13:13:53.841 -> [AVI] Rendering 0 aircraft
13:13:53.982 -> C,ts_engage_write,190641428
13:13:53.982 -> [AVI] Rendering 0 aircraft
13:13:54.169 -> C,ts_engage_write,190784405
13:13:54.169 -> [AVI] Rendering 0 aircraft
13:13:54.308 -> C,ts_engage_write,190927421
13:13:54.308 -> C,engage_lvl,497
13:13:54.308 -> [AVI] Rendering 0 aircraft
13:13:54.447 -> C,ts_engage_write,191070427
13:13:54.447 -> [AVI] Rendering 0 aircraft
13:13:54.586 -> C,ts_engage_write,191213399
13:13:54.586 -> [AVI] Rendering 0 aircraft
13:13:54.726 -> C,ts_engage_write,191356425
13:13:54.726 -> [AVI] Rendering 0 aircraft
13:13:54.866 -> [FACE] heartbeat
13:13:54.866 -> C,mood_str,50
13:13:54.866 -> C,ts_engage_write,191499634
13:13:54.866 -> C,engage_lvl,496
13:13:54.866 -> C,modifier,15
13:13:54.866 -> C,engage_floor,0
13:13:54.866 -> C,loop_us,434
13:13:54.866 -> [AVI] Rendering 0 aircraft
13:13:55.005 -> C,ts_engage_write,191642430
13:13:55.005 -> [AVI] Rendering 0 aircraft
13:13:55.145 -> C,ts_engage_write,191785381
13:13:55.145 -> [AVI] Rendering 0 aircraft
13:13:55.283 -> C,ts_engage_write,191928427
13:13:55.283 -> [AVI] Rendering 0 aircraft
13:13:55.329 -> [191984][E][NetworkManager.cpp:138] hostByName(): DNS Failed for 'opensky-network.org' with error '-54'
13:13:55.329 -> [191985][V][ssl_client.cpp:75] start_ssl_client(): Free internal heap before TLS 101472
13:13:55.329 -> [191986][V][ssl_client.cpp:82] start_ssl_client(): Starting socket (domain 2)
13:13:55.422 -> C,ts_engage_write,192071428
13:13:55.422 -> C,engage_lvl,494
13:13:55.422 -> [AVI] Rendering 0 aircraft
13:13:55.560 -> C,ts_engage_write,192214399
13:13:55.560 -> [AVI] Rendering 0 aircraft
13:13:55.700 -> C,ts_engage_write,192357427
13:13:55.700 -> [AVI] Rendering 0 aircraft
13:13:55.840 -> [FACE] heartbeat
13:13:55.840 -> C,mood_str,50
13:13:55.886 -> C,ts_engage_write,192500640
13:13:55.886 -> C,modifier,15
13:13:55.886 -> C,engage_floor,0
13:13:55.886 -> C,loop_us,412
13:13:55.886 -> [AVI] Rendering 0 aircraft
13:13:56.026 -> C,ts_engage_write,192643416
13:13:56.026 -> C,engage_lvl,493
13:13:56.026 -> [AVI] Rendering 0 aircraft
13:13:56.164 -> C,ts_engage_write,192786427
13:13:56.164 -> [AVI] Rendering 0 aircraft
13:13:56.303 -> C,ts_engage_write,192929425
13:13:56.303 -> [AVI] Rendering 0 aircraft
13:13:56.441 -> C,ts_engage_write,193072427
13:13:56.441 -> [AVI] Rendering 0 aircraft
13:13:56.579 -> C,ts_engage_write,193215427
13:13:56.579 -> C,engage_lvl,491
13:13:56.579 -> [AVI] Rendering 0 aircraft
13:13:56.718 -> C,ts_engage_write,193358427
13:13:56.718 -> [AVI] Rendering 0 aircraft
13:13:56.857 -> [FACE] heartbeat
13:13:56.857 -> C,mood_str,50
13:13:56.857 -> C,ts_engage_write,193501646
13:13:56.857 -> C,modifier,15
13:13:56.857 -> C,engage_floor,0
13:13:56.857 -> C,loop_us,414
13:13:56.857 -> [AVI] Rendering 0 aircraft
13:13:56.998 -> C,ts_engage_write,193644383
13:13:56.998 -> [AVI] Rendering 0 aircraft
13:13:57.138 -> C,ts_engage_write,193787428
13:13:57.138 -> C,engage_lvl,490
13:13:57.138 -> [AVI] Rendering 0 aircraft
13:13:57.278 -> C,ts_engage_write,193930424
13:13:57.278 -> [AVI] Rendering 0 aircraft
13:13:57.417 -> C,ts_engage_write,194073422
13:13:57.417 -> [AVI] Rendering 0 aircraft
13:13:57.601 -> C,ts_engage_write,194216427
13:13:57.601 -> [AVI] Rendering 0 aircraft
13:13:57.739 -> C,ts_engage_write,194359425
13:13:57.739 -> C,engage_lvl,488
13:13:57.739 -> [AVI] Rendering 0 aircraft
13:13:57.879 -> [FACE] heartbeat
13:13:57.879 -> C,mood_str,50
13:13:57.879 -> C,ts_engage_write,194502643
13:13:57.879 -> C,modifier,15
13:13:57.879 -> C,engage_floor,0
13:13:57.879 -> C,loop_us,420
13:13:57.879 -> [AVI] Rendering 0 aircraft
13:13:58.018 -> C,ts_engage_write,194645427
13:13:58.018 -> [AVI] Rendering 0 aircraft
13:13:58.158 -> C,ts_engage_write,194788428
13:13:58.158 -> [AVI] Rendering 0 aircraft
13:13:58.298 -> C,ts_engage_write,194931427
13:13:58.298 -> C,engage_lvl,487
13:13:58.298 -> [AVI] Rendering 0 aircraft
13:13:58.436 -> C,ts_engage_write,195074421
13:13:58.436 -> [AVI] Rendering 0 aircraft
13:13:58.576 -> C,ts_engage_write,195217427
13:13:58.576 -> [AVI] Rendering 0 aircraft
13:13:58.715 -> C,ts_engage_write,195360427
13:13:58.715 -> [AVI] Rendering 0 aircraft
13:13:58.855 -> [FACE] heartbeat
13:13:58.855 -> C,mood_str,50
13:13:58.855 -> C,ts_engage_write,195503587
13:13:58.855 -> C,engage_lvl,485
13:13:58.855 -> C,modifier,15
13:13:58.855 -> C,engage_floor,0
13:13:58.855 -> C,loop_us,389
13:13:58.855 -> [AVI] Rendering 0 aircraft
13:13:58.993 -> C,ts_engage_write,195646427
13:13:58.993 -> [AVI] Rendering 0 aircraft
13:13:59.131 -> C,ts_engage_write,195789427
13:13:59.131 -> [AVI] Rendering 0 aircraft
13:13:59.317 -> C,ts_engage_write,195932381
13:13:59.317 -> [AVI] Rendering 0 aircraft
13:13:59.458 -> C,ts_engage_write,196075427
13:13:59.458 -> C,engage_lvl,484
13:13:59.458 -> [AVI] Rendering 0 aircraft
13:13:59.596 -> C,ts_engage_write,196218427
13:13:59.596 -> [AVI] Rendering 0 aircraft
13:13:59.733 -> C,ts_engage_write,196361428
13:13:59.733 -> [AVI] Rendering 0 aircraft
13:13:59.872 -> [FACE] heartbeat
13:13:59.872 -> C,mood_str,50
13:13:59.872 -> C,ts_engage_write,196504577
13:13:59.872 -> C,modifier,15
13:13:59.872 -> C,engage_floor,0
13:13:59.872 -> C,loop_us,363
13:13:59.872 -> [AVI] Rendering 0 aircraft
13:14:00.012 -> C,ts_engage_write,196647426
13:14:00.012 -> C,engage_lvl,482
13:14:00.012 -> [AVI] Rendering 0 aircraft
13:14:00.152 -> C,ts_engage_write,196790426
13:14:00.152 -> [AVI] Rendering 0 aircraft
13:14:00.292 -> C,ts_engage_write,196933381
13:14:00.292 -> [AVI] Rendering 0 aircraft
13:14:00.338 -> [196988][I][ssl_client.cpp:140] start_ssl_client(): select returned due to timeout 5000 ms for fd 48
13:14:00.338 -> [196989][I][NetworkClientSecure.cpp:153] connect(): Actual TLS start postponed.
13:14:00.338 -> [196990][E][NetworkClientSecure.cpp:159] connect(): start_ssl_client: connect failed: -1
13:14:00.338 -> [196990][V][ssl_client.cpp:380] stop_ssl_socket(): Cleaning SSL connection.
13:14:00.338 -> [196991][D][HTTPClient.cpp:1110] connect(): failed connect to opensky-network.org:443
13:14:00.338 -> [196991][W][HTTPClient.cpp:1423] returnError(): error(-1): connection refused
13:14:00.338 -> [AVI] HTTP GET Failed: connection refused
13:14:00.338 -> [AVI] Fetch Failed. HTTP Code: -1
13:14:00.338 -> [196991][D][HTTPClient.cpp:390] disconnect(): tcp is closed
13:14:00.338 -> 
13:14:00.338 -> [196992][V][ssl_client.cpp:380] stop_ssl_socket(): Cleaning SSL connection.
13:14:00.338 -> [196992][V][ssl_client.cpp:380] stop_ssl_socket(): Cleaning SSL connection.
13:14:00.431 -> C,ts_engage_write,197076423
13:14:00.431 -> [AVI] Rendering 0 aircraft
13:14:00.571 -> C,ts_engage_write,197219425
13:14:00.571 -> C,engage_lvl,481
13:14:00.571 -> [AVI] Rendering 0 aircraft
13:14:00.710 -> C,ts_engage_write,197362403
13:14:00.710 -> [AVI] Rendering 0 aircraft
13:14:00.849 -> [FACE] heartbeat
13:14:00.849 -> C,mood_str,50
13:14:00.849 -> C,ts_engage_write,197505637
13:14:00.849 -> C,modifier,15
13:14:00.849 -> C,engage_floor,0
13:14:00.849 -> C,loop_us,415
13:14:00.849 -> [AVI] Rendering 0 aircraft
13:14:01.033 -> C,ts_engage_write,197648427
13:14:01.033 -> [AVI] Rendering 0 aircraft
13:14:01.172 -> C,ts_engage_write,197791428
13:14:01.172 -> C,engage_lvl,479
13:14:01.172 -> [AVI] Rendering 0 aircraft
13:14:01.310 -> C,ts_engage_write,197934386
13:14:01.310 -> [AVI] Rendering 0 aircraft
13:14:01.448 -> C,ts_engage_write,198077421
13:14:01.448 -> [AVI] Rendering 0 aircraft
13:14:01.588 -> C,ts_engage_write,198220428
13:14:01.588 -> [AVI] Rendering 0 aircraft
13:14:01.727 -> C,ts_engage_write,198363386
13:14:01.727 -> C,engage_lvl,478
13:14:01.727 -> [AVI] Rendering 0 aircraft
13:14:01.867 -> [FACE] heartbeat
13:14:01.867 -> C,mood_str,50
13:14:01.867 -> C,ts_engage_write,198506634
13:14:01.867 -> C,modifier,15
13:14:01.867 -> C,engage_floor,0
13:14:01.867 -> C,loop_us,415
13:14:01.867 -> [AVI] Rendering 0 aircraft
13:14:02.006 -> C,ts_engage_write,198649429
13:14:02.006 -> [AVI] Rendering 0 aircraft
13:14:02.147 -> C,ts_engage_write,198792386
13:14:02.147 -> [AVI] Rendering 0 aircraft
13:14:02.287 -> C,ts_engage_write,198935427
13:14:02.287 -> C,engage_lvl,476
13:14:02.287 -> [AVI] Rendering 0 aircraft
13:14:02.426 -> C,ts_engage_write,199078425
13:14:02.426 -> [AVI] Rendering 0 aircraft
13:14:02.565 -> C,ts_engage_write,199221429
13:14:02.565 -> [AVI] Rendering 0 aircraft
13:14:02.706 -> C,ts_engage_write,199364386
13:14:02.706 -> [AVI] Rendering 0 aircraft
13:14:02.847 -> [FACE] heartbeat
13:14:02.847 -> C,mood_str,50
13:14:02.847 -> C,ts_engage_write,199507645
13:14:02.893 -> C,engage_lvl,475
13:14:02.893 -> C,modifier,15
13:14:02.893 -> C,engage_floor,0
13:14:02.893 -> C,loop_us,443
13:14:02.893 -> [AVI] Rendering 0 aircraft
13:14:03.031 -> C,ts_engage_write,199650429
13:14:03.031 -> [AVI] Rendering 0 aircraft
13:14:03.170 -> C,ts_engage_write,199793386
13:14:03.170 -> [AVI] Rendering 0 aircraft
13:14:03.308 -> C,ts_engage_write,199936427
13:14:03.308 -> [AVI] Rendering 0 aircraft
13:14:03.448 -> C,ts_engage_write,200079427
13:14:03.448 -> C,engage_lvl,473
13:14:03.448 -> [AVI] Rendering 0 aircraft
13:14:03.588 -> C,ts_engage_write,200222401
13:14:03.588 -> [AVI] Rendering 0 aircraft
13:14:03.726 -> C,ts_engage_write,200365427
13:14:03.726 -> [AVI] Rendering 0 aircraft
13:14:03.865 -> [FACE] heartbeat
13:14:03.865 -> C,mood_str,50
13:14:03.865 -> C,ts_engage_write,200508631
13:14:03.865 -> C,modifier,15
13:14:03.865 -> C,engage_floor,0
13:14:03.865 -> C,loop_us,415
13:14:03.865 -> [AVI] Rendering 0 aircraft
13:14:04.005 -> C,ts_engage_write,200651430
13:14:04.005 -> C,engage_lvl,472
13:14:04.005 -> [AVI] Rendering 0 aircraft
13:14:04.146 -> C,ts_engage_write,200794386
13:14:04.146 -> [AVI] Rendering 0 aircraft
13:14:04.288 -> C,ts_engage_write,200937427
13:14:04.288 -> [AVI] Rendering 0 aircraft
13:14:04.430 -> C,ts_engage_write,201080427
13:14:04.430 -> [AVI] Rendering 0 aircraft
13:14:04.568 -> C,ts_engage_write,201223401
13:14:04.568 -> C,engage_lvl,470
13:14:04.568 -> [AVI] Rendering 0 aircraft
13:14:04.709 -> C,ts_engage_write,201366427
13:14:04.709 -> [AVI] Rendering 0 aircraft
13:14:04.895 -> [FACE] heartbeat
13:14:04.895 -> C,mood_str,50
13:14:04.895 -> C,ts_engage_write,201509627
13:14:04.895 -> C,modifier,15
13:14:04.895 -> C,engage_floor,0
13:14:04.895 -> C,loop_us,412
13:14:04.895 -> [AVI] Rendering 0 aircraft
13:14:05.034 -> C,ts_engage_write,201652393
13:14:05.034 -> [AVI] Rendering 0 aircraft
13:14:05.173 -> C,ts_engage_write,201795427
13:14:05.173 -> C,engage_lvl,469
13:14:05.173 -> [AVI] Rendering 0 aircraft
13:14:05.312 -> C,ts_engage_write,201938427
13:14:05.312 -> [AVI] Rendering 0 aircraft
13:14:05.452 -> C,ts_engage_write,202081424
13:14:05.452 -> [AVI] Rendering 0 aircraft
13:14:05.591 -> C,ts_engage_write,202224424
13:14:05.591 -> [AVI] Rendering 0 aircraft
13:14:05.730 -> C,ts_engage_write,202367427
13:14:05.730 -> C,engage_lvl,467
13:14:05.730 -> [AVI] Rendering 0 aircraft
13:14:05.869 -> [FACE] heartbeat
13:14:05.869 -> C,mood_str,50
13:14:05.869 -> C,ts_engage_write,202510630
13:14:05.869 -> C,modifier,15
13:14:05.869 -> C,engage_floor,0
13:14:05.869 -> C,loop_us,417
13:14:05.869 -> [AVI] Rendering 0 aircraft
13:14:06.008 -> C,ts_engage_write,202653395
13:14:06.008 -> [AVI] Rendering 0 aircraft
13:14:06.149 -> C,ts_engage_write,202796427
13:14:06.149 -> [AVI] Rendering 0 aircraft
13:14:06.290 -> C,ts_engage_write,202939427
13:14:06.290 -> C,engage_lvl,465
13:14:06.290 -> [AVI] Rendering 0 aircraft
13:14:06.428 -> C,ts_engage_write,203082384
13:14:06.428 -> [AVI] Rendering 0 aircraft
13:14:06.568 -> C,ts_engage_write,203225427
13:14:06.568 -> [AVI] Rendering 0 aircraft
13:14:06.708 -> C,ts_engage_write,203368427
13:14:06.755 -> [AVI] Rendering 0 aircraft
13:14:06.893 -> [FACE] heartbeat
13:14:06.893 -> C,mood_str,50
13:14:06.893 -> C,ts_engage_write,203511692
13:14:06.893 -> C,engage_lvl,464
13:14:06.893 -> C,modifier,15
13:14:06.893 -> C,engage_floor,0
13:14:06.893 -> C,loop_us,579
13:14:06.893 -> [AVI] Rendering 0 aircraft
13:14:07.034 -> C,ts_engage_write,203655427
13:14:07.034 -> [AVI] Rendering 0 aircraft
13:14:07.172 -> C,ts_engage_write,203798427
13:14:07.172 -> [AVI] Rendering 0 aircraft
13:14:07.309 -> C,ts_engage_write,203941425
13:14:07.309 -> [AVI] Rendering 0 aircraft
13:14:07.448 -> C,ts_engage_write,204084384
13:14:07.448 -> C,engage_lvl,462
13:14:07.448 -> [AVI] Rendering 0 aircraft
13:14:07.585 -> C,ts_engage_write,204227427
13:14:07.585 -> [AVI] Rendering 0 aircraft
13:14:07.727 -> C,ts_engage_write,204370428
13:14:07.727 -> [AVI] Rendering 0 aircraft
13:14:07.867 -> [FACE] heartbeat
13:14:07.867 -> C,mood_str,50
13:14:07.867 -> C,ts_engage_write,204513530
13:14:07.867 -> C,modifier,15
13:14:07.867 -> C,engage_floor,0
13:14:07.867 -> C,loop_us,322
13:14:07.867 -> [AVI] Rendering 0 aircraft
13:14:08.007 -> C,ts_engage_write,204656427
13:14:08.007 -> C,engage_lvl,461
13:14:08.007 -> [AVI] Rendering 0 aircraft
13:14:08.146 -> C,ts_engage_write,204799427
13:14:08.146 -> [AVI] Rendering 0 aircraft
13:14:08.284 -> C,ts_engage_write,204942386
13:14:08.284 -> [AVI] Rendering 0 aircraft
13:14:08.468 -> C,ts_engage_write,205085422
13:14:08.468 -> [AVI] Rendering 0 aircraft
13:14:08.609 -> C,ts_engage_write,205228427
13:14:08.609 -> C,engage_lvl,459
13:14:08.609 -> [AVI] Rendering 0 aircraft
13:14:08.749 -> C,ts_engage_write,205371427
13:14:08.749 -> [AVI] Rendering 0 aircraft
13:14:08.888 -> [FACE] heartbeat
13:14:08.888 -> C,mood_str,50
13:14:08.888 -> C,ts_engage_write,205514528
13:14:08.888 -> C,modifier,15
13:14:08.888 -> C,engage_floor,0
13:14:08.888 -> C,loop_us,329
13:14:08.888 -> [AVI] Rendering 0 aircraft
13:14:09.028 -> C,ts_engage_write,205657427
13:14:09.028 -> [AVI] Rendering 0 aircraft
13:14:09.169 -> C,ts_engage_write,205800425
13:14:09.169 -> C,engage_lvl,458
13:14:09.169 -> [AVI] Rendering 0 aircraft
13:14:09.309 -> C,ts_engage_write,205943416
13:14:09.309 -> [AVI] Rendering 0 aircraft
13:14:09.448 -> C,ts_engage_write,206086421
13:14:09.448 -> [AVI] Rendering 0 aircraft
13:14:09.588 -> C,ts_engage_write,206229427
13:14:09.588 -> [AVI] Rendering 0 aircraft
13:14:09.728 -> C,ts_engage_write,206372415
13:14:09.728 -> C,engage_lvl,456
13:14:09.728 -> [AVI] Rendering 0 aircraft
13:14:09.867 -> [FACE] heartbeat
13:14:09.867 -> C,mood_str,50
13:14:09.867 -> C,ts_engage_write,206515636
13:14:09.867 -> C,modifier,15
13:14:09.867 -> C,engage_floor,0
13:14:09.867 -> C,loop_us,416
13:14:09.867 -> [AVI] Rendering 0 aircraft
13:14:10.007 -> C,ts_engage_write,206658423
13:14:10.007 -> [AVI] Rendering 0 aircraft
13:14:10.147 -> C,ts_engage_write,206801430
13:14:10.147 -> [AVI] Rendering 0 aircraft
13:14:10.289 -> C,ts_engage_write,206944386
13:14:10.289 -> C,engage_lvl,455
13:14:10.289 -> [AVI] Rendering 0 aircraft
13:14:10.429 -> C,ts_engage_write,207087425
13:14:10.429 -> [AVI] Rendering 0 aircraft
13:14:10.614 -> C,ts_engage_write,207230427
13:14:10.614 -> [AVI] Rendering 0 aircraft
13:14:10.753 -> C,ts_engage_write,207373415
13:14:10.753 -> [AVI] Rendering 0 aircraft
13:14:10.893 -> [FACE] heartbeat
13:14:10.893 -> C,mood_str,50
13:14:10.893 -> C,ts_engage_write,207516637
13:14:10.893 -> C,engage_lvl,453
13:14:10.893 -> C,modifier,15
13:14:10.893 -> C,engage_floor,0
13:14:10.893 -> C,loop_us,441
13:14:10.893 -> [AVI] Rendering 0 aircraft
13:14:11.032 -> C,ts_engage_write,207659428
13:14:11.032 -> [AVI] Rendering 0 aircraft
13:14:11.172 -> C,ts_engage_write,207802386
13:14:11.172 -> [AVI] Rendering 0 aircraft
13:14:11.312 -> C,ts_engage_write,207945427
13:14:11.312 -> [AVI] Rendering 0 aircraft
13:14:11.450 -> C,ts_engage_write,208088427
13:14:11.450 -> C,engage_lvl,452
13:14:11.450 -> [AVI] Rendering 0 aircraft
13:14:11.591 -> C,ts_engage_write,208231429
13:14:11.591 -> [AVI] Rendering 0 aircraft
13:14:11.731 -> C,ts_engage_write,208374386
13:14:11.731 -> [AVI] Rendering 0 aircraft
13:14:11.871 -> [FACE] heartbeat
13:14:11.871 -> C,mood_str,50
13:14:11.871 -> C,ts_engage_write,208517635
13:14:11.871 -> C,modifier,15
13:14:11.871 -> C,engage_floor,0
13:14:11.871 -> C,loop_us,412
13:14:11.871 -> [AVI] Rendering 0 aircraft
13:14:12.012 -> C,ts_engage_write,208660428
13:14:12.012 -> C,engage_lvl,450
13:14:12.012 -> [AVI] Rendering 0 aircraft
13:14:12.151 -> C,ts_engage_write,208803386
13:14:12.151 -> [AVI] Rendering 0 aircraft
13:14:12.291 -> C,ts_engage_write,208946427
13:14:12.291 -> [AVI] Rendering 0 aircraft
13:14:12.431 -> C,ts_engage_write,209089427
13:14:12.431 -> [AVI] Rendering 0 aircraft
13:14:12.616 -> C,ts_engage_write,209232401
13:14:12.616 -> C,engage_lvl,449
13:14:12.616 -> [AVI] Rendering 0 aircraft
13:14:12.757 -> C,ts_engage_write,209375427
13:14:12.757 -> [AVI] Rendering 0 aircraft
13:14:12.895 -> [FACE] heartbeat
13:14:12.895 -> C,mood_str,50
13:14:12.895 -> C,ts_engage_write,209518637
13:14:12.895 -> C,modifier,15
13:14:12.895 -> C,engage_floor,0
13:14:12.895 -> C,loop_us,414
13:14:12.895 -> [AVI] Rendering 0 aircraft
13:14:13.034 -> C,ts_engage_write,209661430
13:14:13.034 -> [AVI] Rendering 0 aircraft
13:14:13.172 -> C,ts_engage_write,209804386
13:14:13.172 -> C,engage_lvl,447
13:14:13.172 -> [AVI] Rendering 0 aircraft
13:14:13.311 -> C,ts_engage_write,209947427
13:14:13.311 -> [AVI] Rendering 0 aircraft
13:14:13.448 -> C,ts_engage_write,210090427
13:14:13.448 -> [AVI] Rendering 0 aircraft
13:14:13.584 -> C,ts_engage_write,210233401
13:14:13.584 -> [AVI] Rendering 0 aircraft
13:14:13.722 -> C,ts_engage_write,210376427
13:14:13.722 -> C,engage_lvl,446
13:14:13.722 -> [AVI] Rendering 0 aircraft
13:14:13.859 -> [FACE] heartbeat
13:14:13.859 -> C,mood_str,50
13:14:13.859 -> C,ts_engage_write,210519645
13:14:13.859 -> C,modifier,15
13:14:13.859 -> C,engage_floor,0
13:14:13.859 -> C,loop_us,416
13:14:13.859 -> [AVI] Rendering 0 aircraft
13:14:14.047 -> C,ts_engage_write,210662391
13:14:14.047 -> [AVI] Rendering 0 aircraft
13:14:14.186 -> C,ts_engage_write,210805427
13:14:14.186 -> [AVI] Rendering 0 aircraft
13:14:14.326 -> C,ts_engage_write,210948425
13:14:14.326 -> C,engage_lvl,444
13:14:14.326 -> [AVI] Rendering 0 aircraft
13:14:14.465 -> C,ts_engage_write,211091424
13:14:14.465 -> [AVI] Rendering 0 aircraft
13:14:14.603 -> C,ts_engage_write,211234425
13:14:14.603 -> [AVI] Rendering 0 aircraft
13:14:14.742 -> C,ts_engage_write,211377428
13:14:14.742 -> [AVI] Rendering 0 aircraft
13:14:14.884 -> [FACE] heartbeat
13:14:14.884 -> C,mood_str,50
13:14:14.884 -> C,ts_engage_write,211520637
13:14:14.884 -> C,engage_lvl,443
13:14:14.884 -> C,modifier,15
13:14:14.884 -> C,engage_floor,0
13:14:14.884 -> C,loop_us,428
13:14:14.884 -> [AVI] Rendering 0 aircraft
13:14:15.024 -> C,ts_engage_write,211663394
13:14:15.024 -> [AVI] Rendering 0 aircraft
13:14:15.162 -> C,ts_engage_write,211806427
13:14:15.162 -> [AVI] Rendering 0 aircraft
13:14:15.302 -> C,ts_engage_write,211949427
13:14:15.302 -> [AVI] Rendering 0 aircraft
13:14:15.441 -> C,ts_engage_write,212092384
13:14:15.441 -> C,engage_lvl,441
13:14:15.441 -> [AVI] Rendering 0 aircraft
13:14:15.579 -> C,ts_engage_write,212235427
13:14:15.579 -> [AVI] Rendering 0 aircraft
13:14:15.719 -> C,ts_engage_write,212378427
13:14:15.719 -> [AVI] Rendering 0 aircraft
13:14:15.860 -> [FACE] heartbeat
13:14:15.906 -> C,mood_str,50
13:14:15.906 -> C,ts_engage_write,212521522
13:14:15.906 -> C,modifier,15
13:14:15.906 -> C,engage_floor,0
13:14:15.906 -> C,loop_us,329
13:14:15.906 -> [AVI] Rendering 0 aircraft
13:14:16.045 -> C,ts_engage_write,212664427
13:14:16.045 -> C,engage_lvl,440
13:14:16.045 -> [AVI] Rendering 0 aircraft
13:14:16.183 -> C,ts_engage_write,212807427
13:14:16.183 -> [AVI] Rendering 0 aircraft
13:14:16.322 -> C,ts_engage_write,212950425
13:14:16.322 -> [AVI] Rendering 0 aircraft
13:14:16.460 -> C,ts_engage_write,213093384
13:14:16.460 -> [AVI] Rendering 0 aircraft
13:14:16.599 -> C,ts_engage_write,213236427
13:14:16.599 -> C,engage_lvl,438
13:14:16.599 -> [AVI] Rendering 0 aircraft
13:14:16.740 -> C,ts_engage_write,213379427
13:14:16.740 -> [AVI] Rendering 0 aircraft
13:14:16.880 -> [FACE] heartbeat
13:14:16.880 -> C,mood_str,50
13:14:16.880 -> C,ts_engage_write,213522532
13:14:16.880 -> C,modifier,15
13:14:16.880 -> C,engage_floor,0
13:14:16.880 -> C,loop_us,334
13:14:16.880 -> [AVI] Rendering 0 aircraft
13:14:17.018 -> C,ts_engage_write,213665427
13:14:17.018 -> [AVI] Rendering 0 aircraft
13:14:17.157 -> C,ts_engage_write,213808427
13:14:17.157 -> C,engage_lvl,437
13:14:17.157 -> [AVI] Rendering 0 aircraft
13:14:17.297 -> C,ts_engage_write,213951386
13:14:17.297 -> [AVI] Rendering 0 aircraft
13:14:17.434 -> C,ts_engage_write,214094421
13:14:17.434 -> [AVI] Rendering 0 aircraft
13:14:17.619 -> C,ts_engage_write,214237427
13:14:17.619 -> [AVI] Rendering 0 aircraft
13:14:17.758 -> C,ts_engage_write,214380430
13:14:17.758 -> C,engage_lvl,435
13:14:17.758 -> [AVI] Rendering 0 aircraft
13:14:17.897 -> [FACE] heartbeat
13:14:17.897 -> C,mood_str,50
13:14:17.897 -> C,ts_engage_write,214523528
13:14:17.897 -> C,modifier,15
13:14:17.897 -> C,engage_floor,0
13:14:17.897 -> C,loop_us,328
13:14:17.897 -> [AVI] Rendering 0 aircraft
13:14:18.036 -> C,ts_engage_write,214666427
13:14:18.036 -> [AVI] Rendering 0 aircraft
13:14:18.176 -> C,ts_engage_write,214809427
13:14:18.176 -> [AVI] Rendering 0 aircraft
13:14:18.316 -> C,ts_engage_write,214952386
13:14:18.316 -> C,engage_lvl,433
13:14:18.316 -> [AVI] Rendering 0 aircraft
13:14:18.455 -> C,ts_engage_write,215095424
13:14:18.455 -> [AVI] Rendering 0 aircraft
13:14:18.595 -> C,ts_engage_write,215238427
13:14:18.595 -> [AVI] Rendering 0 aircraft
13:14:18.733 -> C,ts_engage_write,215381386
13:14:18.733 -> [AVI] Rendering 0 aircraft
13:14:18.873 -> [FACE] heartbeat
13:14:18.873 -> C,mood_str,50
13:14:18.873 -> C,ts_engage_write,215524642
13:14:18.873 -> C,engage_lvl,432
13:14:18.873 -> C,modifier,15
13:14:18.873 -> C,engage_floor,0
13:14:18.873 -> C,loop_us,445
13:14:18.873 -> [TOUCH] transition raw=1 pressed=1 ms=215524
13:14:18.873 -> [TOUCH] START raw=1 ms=215524
13:14:18.873 -> [AVI] Rendering 0 aircraft
13:14:19.014 -> C,ts_engage_write,215668428
13:14:19.014 -> [AVI] Rendering 0 aircraft
13:14:19.154 -> C,ts_engage_write,215811427
13:14:19.154 -> [AVI] Rendering 0 aircraft
13:14:19.339 -> C,ts_engage_write,215954416
13:14:19.339 -> [AVI] Rendering 0 aircraft
13:14:19.481 -> C,ts_engage_write,216097425
13:14:19.481 -> C,engage_lvl,430
13:14:19.481 -> [AVI] Rendering 0 aircraft
13:14:19.621 -> C,ts_engage_write,216240428
13:14:19.621 -> [AVI] Rendering 0 aircraft
13:14:19.760 -> C,ts_engage_write,216383386
13:14:19.760 -> [AVI] Rendering 0 aircraft
13:14:19.900 -> [FACE] heartbeat
13:14:19.900 -> C,mood_str,50
13:14:19.900 -> C,ts_engage_write,216526637
13:14:19.900 -> C,modifier,15
13:14:19.900 -> C,engage_floor,0
13:14:19.900 -> C,loop_us,422
13:14:19.900 -> [AVI] Rendering 0 aircraft
13:14:20.039 -> C,ts_engage_write,216669428
13:14:20.039 -> C,engage_lvl,429
13:14:20.039 -> [AVI] Rendering 0 aircraft
13:14:20.178 -> C,ts_engage_write,216812386
13:14:20.178 -> [AVI] Rendering 0 aircraft
13:14:20.319 -> C,ts_engage_write,216955427
13:14:20.319 -> [AVI] Rendering 0 aircraft
13:14:20.458 -> C,ts_engage_write,217098427
13:14:20.458 -> [AVI] Rendering 0 aircraft
13:14:20.598 -> C,ts_engage_write,217241429
13:14:20.598 -> C,engage_lvl,427
13:14:20.598 -> [AVI] Rendering 0 aircraft
13:14:20.739 -> C,ts_engage_write,217384386
13:14:20.739 -> [AVI] Rendering 0 aircraft
13:14:20.878 -> [FACE] heartbeat
13:14:20.878 -> C,mood_str,50
13:14:20.878 -> C,ts_engage_write,217527632
13:14:20.878 -> C,modifier,15
13:14:20.878 -> C,engage_floor,0
13:14:20.878 -> C,loop_us,418
13:14:20.878 -> [AVI] Rendering 0 aircraft
13:14:21.015 -> C,ts_engage_write,217670428
13:14:21.015 -> [AVI] Rendering 0 aircraft
13:14:21.155 -> C,ts_engage_write,217813386
13:14:21.155 -> C,engage_lvl,426
13:14:21.155 -> [TOUCH] transition raw=0 pressed=0 ms=217813
13:14:21.155 -> [TOUCH] RELEASE raw=0 duration=2289 ms=217813
13:14:21.155 -> [TOUCH] LONG_PRESS
13:14:21.155 -> [MODE] Transitioning: 2 -> 0
13:14:21.201 -> [DBG] BEFORE teardown
13:14:21.201 -> [WiFiService] Stop WiFi (owner=connectSTA, mode=1, promisc=0)
13:14:21.201 -> [217822][V][STA.cpp:224] _onStaEvent(): STA Disconnected: SSID: Aryan Gupta, BSSID: b2:a7:33:6e:a6:1f, Reason: 8
13:14:21.201 -> [217823][V][NetworkEvents.cpp:132] _checkForEvent(): Network Event: 113 - STA_DISCONNECTED
13:14:21.201 -> [217823][V][STA.cpp:118] _onStaArduinoEvent(): Arduino STA Event: 113 - STA_DISCONNECTED
13:14:21.201 -> [217824][W][STA.cpp:145] _onStaArduinoEvent(): Reason: 8 - ASSOC_LEAVE
13:14:21.201 -> [WIFI] Disconnect reason=8
13:14:21.201 -> [217841][V][STA.cpp:198] _onStaEvent(): STA Stopped
13:14:21.201 -> [217841][V][NetworkEvents.cpp:132] _checkForEvent(): Network Event: 111 - STA_STOP
13:14:21.201 -> [217842][V][STA.cpp:118] _onStaArduinoEvent(): Arduino STA Event: 111 - STA_STOP
13:14:21.201 -> [217845][V][NetworkEvents.cpp:132] _checkForEvent(): Network Event: 100 - WIFI_OFF
13:14:21.201 -> [217846][V][NetworkInterface.cpp:264] destroyNetif(): Unregistered event handler
13:14:21.201 -> [217860][V][NetworkEvents.cpp:132] _checkForEvent(): Network Event: 101 - WIFI_READY
13:14:21.248 -> [217865][V][AP.cpp:113] _onApEvent(): AP Started
13:14:21.248 -> [217866][V][NetworkEvents.cpp:132] _checkForEvent(): Network Event: 130 - AP_START
13:14:21.248 -> [217866][V][AP.cpp:93] _onApArduinoEvent(): Arduino AP Event: 130 - AP_START
13:14:21.248 -> [217872][V][AP.cpp:117] _onApEvent(): AP Stopped
13:14:21.248 -> [217873][V][NetworkEvents.cpp:132] _checkForEvent(): Network Event: 131 - AP_STOP
13:14:21.248 -> [2178[7241]7[8V7]3[]AP[.Vc]p[pA:P1.1c3p]p :_on9A3p]E v_eonntA(p)A:r dAuPi StnaorEtveed
n
13:14:21.248 -> t(): Arduino AP Event: 131 - AP_STOP
13:14:21.248 -> [217874][V[]2[1A7P8.7c4p]p[:V1]1[7N]e t_woonrAkpEEvveenntts(.)cpp:: 1A3P 2S]t o_pcpheedc
k
13:14:21.248 -> ForEvent(): Network Event: 130 - AP_START
13:14:21.248 -> [217875][V][AP.cpp:93] _onApArduinoEvent(): Arduino AP Event: 130 - AP_START
13:14:21.248 -> [217875][V][NetworkEvents.cpp:132] _checkForEvent(): Network Event: 131 - AP_STOP
13:14:21.248 -> [217875][V][AP.cpp:93] _onApArduinoEvent(): Arduino AP Event: 131 - AP_STOP
13:14:21.248 -> [217879][V][NetworkEvents.cpp:132] _checkForEvent(): Network Event: 100 - WIFI_OFF
13:14:21.248 -> [217880][V][NetworkInterface.cpp:264] destroyNetif(): Unregistered event handler
13:14:21.761 -> [WiFiService] WiFi stopped.
13:14:21.761 -> [DBG] AFTER teardown
13:14:21.761 -> [MODE] Teardown of mode 2 complete
13:14:21.761 -> [ATTN] pause (was SOFT_FOCUS)
13:14:21.761 -> [DBG] AFTER pause
13:14:22.364 -> [DBG] AFTER splash
13:14:22.364 -> [DBG] BEFORE setup
13:14:22.364 -> {"ready":1,"mode":"pet"}
13:14:22.410 -> [DBG] AFTER setup
13:14:22.410 -> [MODE] Setup of mode 0 complete
13:14:22.410 -> [ATTN] resume -> SOFT_FOCUS
13:14:22.410 -> [DBG] AFTER resume
13:14:22.503 -> [FACE] heartbeat
13:14:22.503 -> C,mood_str,50
13:14:22.503 -> C,ts_engage_write,219146557
13:14:22.503 -> C,engage_lvl,422
13:14:22.503 -> C,modifier,15
13:14:22.503 -> C,engage_floor,0
13:14:22.503 -> C,loop_us,378
13:14:22.595 -> C,ts_engage_write,219234359
13:14:22.690 -> C,ts_engage_write,219322361
13:14:22.783 -> C,ts_engage_write,219410363
13:14:22.876 -> C,ts_engage_write,219498364
13:14:22.969 -> C,ts_engage_write,219586359
13:14:23.015 -> C,ts_engage_write,219674368
13:14:23.015 -> C,engage_lvl,421
13:14:23.109 -> C,ts_engage_write,219762380
13:14:23.202 -> C,ts_engage_write,219850380
13:14:23.295 -> C,ts_engage_write,219938369
13:14:23.388 -> C,ts_engage_write,220026367
13:14:23.481 -> C,ts_engage_write,220114365
13:14:23.574 -> [FACE] heartbeat
13:14:23.574 -> C,mood_str,50
13:14:23.574 -> C,ts_engage_write,220202484
13:14:23.574 -> C,engage_lvl,419
13:14:23.574 -> C,modifier,15
13:14:23.574 -> C,engage_floor,0
13:14:23.574 -> C,loop_us,297
13:14:23.666 -> C,ts_engage_write,220290372
13:14:23.758 -> C,ts_engage_write,220378377
13:14:23.852 -> C,ts_engage_write,220466370
13:14:23.898 -> C,ts_engage_write,220554367
13:14:23.992 -> C,ts_engage_write,220642377
13:14:23.992 -> [TOUCH] transition raw=1 pressed=1 ms=220642
13:14:23.992 -> [TOUCH] START raw=1 ms=220642
13:14:24.084 -> C,ts_engage_write,220730387
13:14:24.084 -> C,engage_lvl,418
13:14:24.177 -> C,ts_engage_write,220818379
13:14:24.269 -> C,ts_engage_write,220906366
13:14:24.362 -> C,ts_engage_write,220994370
13:14:24.455 -> C,ts_engage_write,221082365
13:14:24.548 -> C,ts_engage_write,221170377
13:14:24.548 -> [TOUCH] transition raw=0 pressed=0 ms=221170
13:14:24.548 -> [TOUCH] RELEASE raw=0 duration=528 ms=221170
13:14:24.548 -> [TOUCH] TAP
13:14:24.548 -> [EMOTION] THINKING -> HAPPY
13:14:24.548 -> EVT:{"type":"timeline","text":"User tap interaction","tag":"touch"}
13:14:24.642 -> [FACE] heartbeat
13:14:24.642 -> C,mood_str,50
13:14:24.642 -> C,ts_engage_write,221262603
13:14:24.642 -> C,engage_lvl,417
13:14:24.642 -> C,modifier,15
13:14:24.642 -> C,engage_floor,0
13:14:24.642 -> C,loop_us,416
13:14:24.734 -> C,ts_engage_write,221351387
13:14:24.782 -> C,ts_engage_write,221440393
13:14:24.874 -> C,ts_engage_write,221529391
13:14:24.966 -> C,ts_engage_write,221618391
13:14:25.058 -> C,ts_engage_write,221707398
13:14:25.152 -> C,ts_engage_write,221796399
13:14:25.152 -> C,engage_lvl,415
13:14:25.243 -> C,ts_engage_write,221885400
13:14:25.336 -> C,ts_engage_write,221974393
13:14:25.430 -> C,ts_engage_write,222063392
13:14:25.523 -> C,ts_engage_write,222152402
13:14:25.617 -> C,ts_engage_write,222241403
13:14:25.710 -> [FACE] heartbeat
13:14:25.710 -> C,mood_str,50
13:14:25.710 -> C,ts_engage_write,222330519
13:14:25.710 -> C,engage_lvl,414
13:14:25.710 -> C,modifier,15
13:14:25.710 -> C,engage_floor,0
13:14:25.710 -> C,loop_us,327
13:14:25.802 -> C,ts_engage_write,222419395
13:14:25.849 -> C,ts_engage_write,222508395
13:14:25.944 -> C,ts_engage_write,222597397
13:14:26.038 -> C,ts_engage_write,222686402
13:14:26.131 -> C,ts_engage_write,222775406
13:14:26.224 -> C,ts_engage_write,222864400
13:14:26.224 -> C,engage_lvl,412
13:14:26.316 -> C,ts_engage_write,222953399
13:14:26.409 -> C,ts_engage_write,223041395
13:14:26.501 -> C,ts_engage_write,223129388
13:14:26.595 -> C,ts_engage_write,223217401
13:14:26.688 -> C,ts_engage_write,223306405
13:14:26.736 -> [FACE] heartbeat
13:14:26.736 -> C,mood_str,50
13:14:26.736 -> C,ts_engage_write,223394522
13:14:26.736 -> C,engage_lvl,411
13:14:26.736 -> C,modifier,15
13:14:26.736 -> C,engage_floor,0
13:14:26.736 -> C,loop_us,325
13:14:26.828 -> C,ts_engage_write,223483394
13:14:26.921 -> C,ts_engage_write,223571395
13:14:27.012 -> C,ts_engage_write,223659398
13:14:27.105 -> C,ts_engage_write,223748404
13:14:27.198 -> C,ts_engage_write,223836399
13:14:27.294 -> C,ts_engage_write,223924400
13:14:27.294 -> C,engage_lvl,410
13:14:27.389 -> C,ts_engage_write,224012397
13:14:27.480 -> C,ts_engage_write,224100392
13:14:27.573 -> C,ts_engage_write,224188400
13:14:27.620 -> C,ts_engage_write,224277403
13:14:27.711 -> C,ts_engage_write,224365399
13:14:27.805 -> [FACE] heartbeat
13:14:27.805 -> C,mood_str,50
13:14:27.805 -> C,ts_engage_write,224453517
13:14:27.805 -> C,engage_lvl,408
13:14:27.805 -> C,modifier,15
13:14:27.805 -> C,engage_floor,0
13:14:27.805 -> C,loop_us,321
13:14:27.897 -> C,ts_engage_write,224542394
13:14:27.989 -> C,ts_engage_write,224630397
13:14:28.082 -> C,ts_engage_write,224718398
13:14:28.177 -> C,ts_engage_write,224807403
13:14:28.270 -> C,ts_engage_write,224895399
13:14:28.365 -> C,ts_engage_write,224983398
13:14:28.365 -> C,engage_lvl,407
13:14:28.412 -> C,ts_engage_write,225071392
13:14:28.505 -> C,ts_engage_write,225159402
13:14:28.598 -> C,ts_engage_write,225248403
13:14:28.693 -> C,ts_engage_write,225336401
13:14:28.788 -> C,ts_engage_write,225424399
13:14:28.881 -> [FACE] heartbeat
13:14:28.881 -> C,mood_str,50
13:14:28.881 -> C,ts_engage_write,225512504
13:14:28.881 -> C,engage_lvl,405
13:14:28.881 -> C,modifier,15
13:14:28.881 -> C,engage_floor,0
13:14:28.881 -> C,loop_us,306
13:14:28.975 -> C,ts_engage_write,225601394
13:14:29.069 -> C,ts_engage_write,225689399
13:14:29.162 -> C,ts_engage_write,225778403
13:14:29.208 -> C,ts_engage_write,225866401
13:14:29.300 -> C,ts_engage_write,225954398
13:14:29.393 -> C,ts_engage_write,226042397
13:14:29.393 -> C,engage_lvl,404
13:14:29.486 -> C,ts_engage_write,226130393
13:14:29.578 -> [EMOTION] HAPPY -> IDLE (timeout)
13:14:29.578 -> C,ts_engage_write,226218496
13:14:29.671 -> C,ts_engage_write,226306381
13:14:29.763 -> C,ts_engage_write,226394375
13:14:29.856 -> C,ts_engage_write,226482370
13:14:29.949 -> [FACE] heartbeat
13:14:29.949 -> C,mood_str,50
13:14:29.949 -> C,ts_engage_write,226570464
13:14:29.949 -> C,engage_lvl,403
13:14:29.949 -> C,modifier,15
13:14:29.949 -> C,engage_floor,0
13:14:29.949 -> C,loop_us,277
13:14:30.043 -> C,ts_engage_write,226658389
13:14:30.089 -> C,ts_engage_write,226746385
13:14:30.183 -> C,ts_engage_write,226834372
13:14:30.276 -> C,ts_engage_write,226922370
13:14:30.369 -> C,ts_engage_write,227010369
13:14:30.463 -> C,ts_engage_write,227098370
13:14:30.463 -> C,engage_lvl,401
13:14:30.557 -> C,ts_engage_write,227186389
13:14:30.649 -> C,ts_engage_write,227274383
13:14:30.743 -> C,ts_engage_write,227362371
13:14:30.790 -> C,ts_engage_write,227450371
13:14:30.883 -> C,ts_engage_write,227538370
13:14:30.976 -> [FACE] heartbeat
13:14:30.976 -> C,mood_str,50
13:14:30.976 -> C,ts_engage_write,227626474
13:14:30.976 -> C,engage_lvl,400
13:14:30.976 -> C,modifier,15
13:14:30.976 -> C,engage_floor,0
13:14:30.976 -> C,loop_us,276
13:14:31.068 -> C,ts_engage_write,227714390
13:14:31.159 -> C,ts_engage_write,227802383
13:14:31.251 -> C,ts_engage_write,227890371
13:14:31.343 -> C,ts_engage_write,227978370
13:14:31.436 -> C,ts_engage_write,228066368
13:14:31.529 -> C,ts_engage_write,228154390
13:14:31.529 -> C,engage_lvl,398
13:14:31.622 -> C,ts_engage_write,228242382
13:14:31.669 -> C,ts_engage_write,228330372
13:14:31.761 -> C,ts_engage_write,228418370
13:14:31.855 -> C,ts_engage_write,228506371
13:14:31.946 -> C,ts_engage_write,228594370
13:14:32.040 -> [FACE] heartbeat
13:14:32.040 -> C,mood_str,50
13:14:32.040 -> C,ts_engage_write,228682509
13:14:32.040 -> C,engage_lvl,397
13:14:32.040 -> C,modifier,15
13:14:32.040 -> C,engage_floor,0
13:14:32.040 -> C,loop_us,322
13:14:32.134 -> C,ts_engage_write,228770375
13:14:32.228 -> C,ts_engage_write,228858366
13:14:32.321 -> C,ts_engage_write,228946365
13:14:32.413 -> C,ts_engage_write,229034365
13:14:32.507 -> C,ts_engage_write,229122365
13:14:32.554 -> C,ts_engage_write,229210383
13:14:32.554 -> C,engage_lvl,395
13:14:32.648 -> C,ts_engage_write,229298377
13:14:32.742 -> C,ts_engage_write,229386367
13:14:32.834 -> C,ts_engage_write,229474364
13:14:32.925 -> C,ts_engage_write,229562366
13:14:33.018 -> C,ts_engage_write,229650389
13:14:33.110 -> [FACE] heartbeat
13:14:33.110 -> C,mood_str,50
13:14:33.110 -> C,ts_engage_write,229738503
13:14:33.110 -> C,engage_lvl,394
13:14:33.110 -> C,modifier,15
13:14:33.110 -> C,engage_floor,0
13:14:33.110 -> C,loop_us,312
13:14:33.205 -> C,ts_engage_write,229826367
13:14:33.298 -> C,ts_engage_write,229914371
13:14:33.344 -> C,ts_engage_write,230002370
13:14:33.438 -> C,ts_engage_write,230090371
13:14:33.530 -> C,ts_engage_write,230178391
13:14:33.624 -> C,ts_engage_write,230266384
13:14:33.624 -> C,engage_lvl,393
13:14:33.718 -> C,ts_engage_write,230354370
13:14:33.812 -> C,ts_engage_write,230442371
13:14:33.905 -> C,ts_engage_write,230530370
13:14:33.998 -> C,ts_engage_write,230618371
13:14:34.090 -> C,ts_engage_write,230706391
13:14:34.138 -> [FACE] heartbeat
13:14:34.138 -> C,mood_str,50
13:14:34.138 -> C,ts_engage_write,230794500
13:14:34.138 -> C,engage_lvl,391
13:14:34.138 -> C,modifier,15
13:14:34.138 -> C,engage_floor,0
13:14:34.138 -> C,loop_us,299
13:14:34.231 -> C,ts_engage_write,230882372
13:14:34.324 -> C,ts_engage_write,230970373
13:14:34.417 -> C,ts_engage_write,231058368
13:14:34.509 -> C,ts_engage_write,231146390
13:14:34.600 -> C,ts_engage_write,231234382
13:14:34.693 -> C,ts_engage_write,231322372
13:14:34.693 -> C,engage_lvl,390
13:14:34.784 -> C,ts_engage_write,231410370
13:14:34.879 -> C,ts_engage_write,231498371
13:14:34.970 -> C,ts_engage_write,231586370
13:14:35.016 -> C,ts_engage_write,231674391
13:14:35.109 -> C,ts_engage_write,231762384
13:14:35.201 -> [FACE] heartbeat
13:14:35.201 -> C,mood_str,50
13:14:35.201 -> C,ts_engage_write,231850462
13:14:35.201 -> C,engage_lvl,388
13:14:35.201 -> C,modifier,15
13:14:35.201 -> C,engage_floor,0
13:14:35.201 -> C,loop_us,279
13:14:35.295 -> C,ts_engage_write,231938370
13:14:35.388 -> C,ts_engage_write,232026371
13:14:35.481 -> C,ts_engage_write,232114370
13:14:35.575 -> C,ts_engage_write,232202391
13:14:35.668 -> C,ts_engage_write,232290382
13:14:35.762 -> C,ts_engage_write,232378372
13:14:35.762 -> C,engage_lvl,387
13:14:35.808 -> C,ts_engage_write,232466370
13:14:35.901 -> C,ts_engage_write,232554371
13:14:35.995 -> C,ts_engage_write,232642388
13:14:36.088 -> C,ts_engage_write,232730385
13:14:36.181 -> C,ts_engage_write,232818371
13:14:36.275 -> [FACE] heartbeat
13:14:36.275 -> C,mood_str,50
13:14:36.275 -> C,ts_engage_write,232906479
13:14:36.275 -> C,engage_lvl,386
13:14:36.275 -> C,modifier,15
13:14:36.275 -> C,engage_floor,0
13:14:36.275 -> C,loop_us,282
13:14:36.369 -> C,ts_engage_write,232994367
13:14:36.462 -> C,ts_engage_write,233082369
13:14:36.554 -> C,ts_engage_write,233170388
13:14:36.600 -> C,ts_engage_write,233258383
13:14:36.693 -> C,ts_engage_write,233346371
13:14:36.787 -> C,ts_engage_write,233434371
13:14:36.787 -> C,engage_lvl,384
13:14:36.878 -> C,ts_engage_write,233522370
13:14:36.971 -> C,ts_engage_write,233610371
13:14:37.066 -> C,ts_engage_write,233698391
13:14:37.159 -> C,ts_engage_write,233786384
13:14:37.251 -> C,ts_engage_write,233874371
13:14:37.345 -> [FACE] heartbeat
13:14:37.345 -> C,mood_str,50
13:14:37.345 -> C,ts_engage_write,233962471
13:14:37.345 -> C,engage_lvl,383
13:14:37.345 -> C,modifier,15
13:14:37.345 -> C,engage_floor,0
13:14:37.345 -> C,loop_us,285
13:14:37.391 -> C,ts_engage_write,234050370
13:14:37.484 -> C,ts_engage_write,234138371
13:14:37.577 -> C,ts_engage_write,234226389
13:14:37.669 -> C,ts_engage_write,234314383
13:14:37.762 -> C,ts_engage_write,234402371
13:14:37.856 -> C,ts_engage_write,234490371
13:14:37.856 -> C,engage_lvl,381
13:14:37.948 -> C,ts_engage_write,234578374
13:14:38.043 -> C,ts_engage_write,234666392
13:14:38.136 -> C,ts_engage_write,234754382
13:14:38.183 -> C,ts_engage_write,234842372
13:14:38.276 -> C,ts_engage_write,234930370
13:14:38.368 -> [FACE] heartbeat
13:14:38.368 -> C,mood_str,50
13:14:38.368 -> C,ts_engage_write,235018468
13:14:38.368 -> C,engage_lvl,380
13:14:38.368 -> C,modifier,15
13:14:38.368 -> C,engage_floor,0
13:14:38.368 -> C,loop_us,272
13:14:38.462 -> C,ts_engage_write,235106366
13:14:38.556 -> C,ts_engage_write,235194391
13:14:38.648 -> C,ts_engage_write,235282380
13:14:38.741 -> C,ts_engage_write,235370372
13:14:38.835 -> C,ts_engage_write,235458370
13:14:38.929 -> C,ts_engage_write,235546371
13:14:38.929 -> C,engage_lvl,379
13:14:38.977 -> C,ts_engage_write,235634370
13:14:39.070 -> C,ts_engage_write,235722393
13:14:39.163 -> C,ts_engage_write,235810381
13:14:39.256 -> C,ts_engage_write,235898372
13:14:39.347 -> C,ts_engage_write,235986370
13:14:39.439 -> [FACE] heartbeat
13:14:39.439 -> C,mood_str,50
13:14:39.439 -> C,ts_engage_write,236074475
13:14:39.439 -> C,engage_lvl,377
13:14:39.439 -> C,modifier,15
13:14:39.439 -> C,engage_floor,0
13:14:39.439 -> C,loop_us,278
13:14:39.533 -> C,ts_engage_write,236162392
13:14:39.626 -> C,ts_engage_write,236250381
13:14:39.626 -> [TOUCH] transition raw=1 pressed=1 ms=236250
13:14:39.626 -> [TOUCH] START raw=1 ms=236250
13:14:39.718 -> C,ts_engage_write,236338379
13:14:39.809 -> C,ts_engage_write,236426375
13:14:39.857 -> C,ts_engage_write,236514370
13:14:39.857 -> [TOUCH] transition raw=0 pressed=0 ms=236514
13:14:39.857 -> [TOUCH] RELEASE raw=0 duration=264 ms=236514
13:14:39.857 -> [TOUCH] TAP
13:14:39.857 -> [EMOTION] IDLE -> SURPRISED
13:14:39.857 -> EVT:{"type":"timeline","text":"User tap interaction","tag":"touch"}
13:14:39.948 -> C,ts_engage_write,236606444
13:14:39.948 -> C,engage_lvl,376
13:14:40.043 -> C,ts_engage_write,236694392
13:14:40.137 -> C,ts_engage_write,236782395
13:14:40.230 -> C,ts_engage_write,236870387
13:14:40.323 -> C,ts_engage_write,236958385
13:14:40.418 -> C,ts_engage_write,237046382
13:14:40.511 -> [FACE] heartbeat
13:14:40.511 -> C,mood_str,50
13:14:40.511 -> C,ts_engage_write,237134519
13:14:40.511 -> C,engage_lvl,374
13:14:40.511 -> C,modifier,15
13:14:40.511 -> C,engage_floor,0
13:14:40.511 -> C,loop_us,321
13:14:40.602 -> C,ts_engage_write,237222392
13:14:40.649 -> C,ts_engage_write,237310391
13:14:40.741 -> C,ts_engage_write,237398386
13:14:40.834 -> C,ts_engage_write,237486384
13:14:40.927 -> C,ts_engage_write,237574384
13:14:41.020 -> C,ts_engage_write,237662391
13:14:41.020 -> C,engage_lvl,373
13:14:41.113 -> C,ts_engage_write,237750392
13:14:41.207 -> C,ts_engage_write,237838387
13:14:41.300 -> C,ts_engage_write,237926383
13:14:41.393 -> C,ts_engage_write,238014383
13:14:41.486 -> C,ts_engage_write,238102381
13:14:41.531 -> [FACE] heartbeat
13:14:41.531 -> C,mood_str,50
13:14:41.531 -> C,ts_engage_write,238190526
13:14:41.531 -> C,engage_lvl,372
13:14:41.531 -> C,modifier,15
13:14:41.531 -> C,engage_floor,0
13:14:41.531 -> C,loop_us,332
13:14:41.626 -> C,ts_engage_write,238278384
13:14:41.718 -> C,ts_engage_write,238366374
13:14:41.810 -> C,ts_engage_write,238454381
13:14:41.902 -> C,ts_engage_write,238542370
13:14:41.995 -> C,ts_engage_write,238630374
13:14:42.088 -> C,ts_engage_write,238718395
13:14:42.088 -> C,engage_lvl,370
13:14:42.180 -> C,ts_engage_write,238806384
13:14:42.273 -> C,ts_engage_write,238894378
13:14:42.366 -> C,ts_engage_write,238982376
13:14:42.413 -> C,ts_engage_write,239070373
13:14:42.506 -> C,ts_engage_write,239158390
13:14:42.603 -> [FACE] heartbeat
13:14:42.603 -> C,mood_str,50
13:14:42.603 -> C,ts_engage_write,239246506
13:14:42.603 -> C,engage_lvl,369
13:14:42.603 -> C,modifier,15
13:14:42.603 -> C,engage_floor,0
13:14:42.603 -> C,loop_us,315
13:14:42.691 -> C,ts_engage_write,239334380
13:14:42.782 -> C,ts_engage_write,239422379
13:14:42.874 -> C,ts_engage_write,239510378
13:14:42.967 -> C,ts_engage_write,239598379
13:14:43.060 -> C,ts_engage_write,239686390
13:14:43.155 -> C,ts_engage_write,239774388
13:14:43.155 -> C,engage_lvl,367
13:14:43.201 -> C,ts_engage_write,239862381
13:14:43.293 -> C,ts_engage_write,239950379
13:14:43.387 -> C,ts_engage_write,240038377
13:14:43.480 -> C,ts_engage_write,240126378
13:14:43.572 -> C,dom_touch,84
13:14:43.572 -> C,dom_sec,0
13:14:43.572 -> [MEM] tick: records=3 strength=84
13:14:43.572 -> C,rec_count,3
13:14:43.572 -> C,ts_engage_write,240214567
13:14:43.666 -> [FACE] heartbeat
13:14:43.666 -> C,mood_str,50
13:14:43.666 -> C,ts_engage_write,240302517
13:14:43.666 -> C,engage_lvl,366
13:14:43.666 -> C,modifier,15
13:14:43.666 -> C,engage_floor,0
13:14:43.666 -> C,loop_us,325
13:14:43.759 -> C,ts_engage_write,240390381
13:14:43.852 -> C,ts_engage_write,240478379
13:14:43.945 -> C,ts_engage_write,240566378
13:14:44.038 -> C,ts_engage_write,240654384
13:14:44.084 -> C,ts_engage_write,240742393
13:14:44.178 -> C,ts_engage_write,240830384
13:14:44.178 -> C,engage_lvl,365
13:14:44.271 -> C,ts_engage_write,240918378
13:14:44.363 -> C,ts_engage_write,241006378
13:14:44.457 -> C,ts_engage_write,241094377
13:14:44.549 -> C,ts_engage_write,241182384
13:14:44.644 -> C,ts_engage_write,241270393
13:14:44.736 -> [FACE] heartbeat
13:14:44.736 -> C,mood_str,50
13:14:44.736 -> C,ts_engage_write,241358500
13:14:44.736 -> C,engage_lvl,363
13:14:44.736 -> C,modifier,15
13:14:44.736 -> C,engage_floor,0
13:14:44.736 -> C,loop_us,311
13:14:44.828 -> C,ts_engage_write,241446373
13:14:44.874 -> [EMOTION] SURPRISED -> IDLE (timeout)
13:14:44.874 -> C,ts_engage_write,241534463
13:14:44.965 -> C,ts_engage_write,241622386
13:14:45.059 -> C,ts_engage_write,241710380
13:14:45.151 -> C,ts_engage_write,241798394
13:14:45.246 -> C,ts_engage_write,241886373
13:14:45.246 -> C,engage_lvl,362
13:14:45.339 -> C,ts_engage_write,241974371
13:14:45.432 -> C,ts_engage_write,242062368
13:14:45.526 -> C,ts_engage_write,242150378
13:14:45.621 -> C,ts_engage_write,242238394
13:14:45.667 -> C,ts_engage_write,242326373
13:14:45.761 -> [FACE] heartbeat
13:14:45.761 -> C,mood_str,50
13:14:45.761 -> C,ts_engage_write,242414484
13:14:45.761 -> C,engage_lvl,360
13:14:45.761 -> C,modifier,15
13:14:45.761 -> C,engage_floor,0
13:14:45.761 -> C,loop_us,264
13:14:45.854 -> C,ts_engage_write,242502368
13:14:45.946 -> C,ts_engage_write,242590370
13:14:46.037 -> C,ts_engage_write,242681743
13:14:46.130 -> C,ts_engage_write,242769395
13:14:46.224 -> C,ts_engage_write,242857375
13:14:46.317 -> C,ts_engage_write,242945370
13:14:46.317 -> C,engage_lvl,359
13:14:46.410 -> C,ts_engage_write,243033370
13:14:46.504 -> C,ts_engage_write,243121370
13:14:46.550 -> C,ts_engage_write,243209393
13:14:46.643 -> C,ts_engage_write,243297380
13:14:46.735 -> C,ts_engage_write,243385371
13:14:46.829 -> [FACE] heartbeat
13:14:46.829 -> C,mood_str,50
13:14:46.829 -> C,ts_engage_write,243473492
13:14:46.829 -> C,engage_lvl,357
13:14:46.829 -> C,modifier,15
13:14:46.829 -> C,engage_floor,0
13:14:46.829 -> C,loop_us,303
13:14:46.922 -> C,ts_engage_write,243561369
13:14:47.015 -> C,ts_engage_write,243649393
13:14:47.108 -> C,ts_engage_write,243737382
13:14:47.201 -> C,ts_engage_write,243825371
13:14:47.294 -> C,ts_engage_write,243913371
13:14:47.340 -> C,ts_engage_write,244001371
13:14:47.340 -> C,engage_lvl,356
13:14:47.432 -> C,ts_engage_write,244089370
13:14:47.524 -> C,ts_engage_write,244177391
13:14:47.617 -> C,ts_engage_write,244265381
13:14:47.709 -> C,ts_engage_write,244353371
13:14:47.803 -> C,ts_engage_write,244441371
13:14:47.896 -> [FACE] heartbeat
13:14:47.896 -> C,mood_str,50
13:14:47.896 -> C,ts_engage_write,244529479
13:14:47.896 -> C,engage_lvl,355
13:14:47.896 -> C,modifier,15
13:14:47.896 -> C,engage_floor,0
13:14:47.896 -> C,loop_us,290
13:14:47.989 -> C,ts_engage_write,244617372
13:14:48.081 -> C,ts_engage_write,244705395
13:14:48.177 -> C,ts_engage_write,244793380
13:14:48.223 -> C,ts_engage_write,244881371
13:14:48.316 -> C,ts_engage_write,244969371
13:14:48.409 -> C,ts_engage_write,245057371
13:14:48.409 -> C,engage_lvl,353
13:14:48.502 -> C,ts_engage_write,245145392
13:14:48.595 -> C,ts_engage_write,245233381
13:14:48.688 -> C,ts_engage_write,245321371
13:14:48.780 -> C,ts_engage_write,245409371
13:14:48.872 -> C,ts_engage_write,245497371
13:14:48.965 -> [FACE] heartbeat
13:14:48.965 -> C,mood_str,50
13:14:48.965 -> C,ts_engage_write,245585483
13:14:48.965 -> C,engage_lvl,352
13:14:48.965 -> C,modifier,15
13:14:48.965 -> C,engage_floor,0
13:14:48.965 -> C,loop_us,284
13:14:49.012 -> C,ts_engage_write,245673394
13:14:49.105 -> C,ts_engage_write,245761380
13:14:49.199 -> C,ts_engage_write,245849371
13:14:49.290 -> C,ts_engage_write,245937370
13:14:49.382 -> C,ts_engage_write,246025370
13:14:49.474 -> C,ts_engage_write,246113370
13:14:49.474 -> C,engage_lvl,350
13:14:49.567 -> C,ts_engage_write,246201393
13:14:49.660 -> C,ts_engage_write,246289380
13:14:49.753 -> C,ts_engage_write,246377371
13:14:49.846 -> C,ts_engage_write,246465371
13:14:49.893 -> C,ts_engage_write,246553378
13:14:49.984 -> [FACE] heartbeat
13:14:49.984 -> C,mood_str,50
13:14:49.984 -> C,ts_engage_write,246641485
13:14:49.984 -> C,engage_lvl,349
13:14:49.984 -> C,modifier,15
13:14:49.984 -> C,engage_floor,0
13:14:49.984 -> C,loop_us,286
13:14:50.077 -> C,ts_engage_write,246729398
13:14:50.170 -> C,ts_engage_write,246817379
13:14:50.262 -> C,ts_engage_write,246905371
13:14:50.356 -> C,ts_engage_write,246993371
13:14:50.449 -> C,ts_engage_write,247081370
13:14:50.541 -> C,ts_engage_write,247169387
13:14:50.541 -> C,engage_lvl,348
13:14:50.634 -> C,ts_engage_write,247257382
13:14:50.728 -> C,ts_engage_write,247345375
13:14:50.773 -> C,ts_engage_write,247433371
13:14:50.866 -> C,ts_engage_write,247521371
13:14:50.959 -> C,ts_engage_write,247609371
13:14:51.054 -> [FACE] heartbeat
13:14:51.054 -> C,mood_str,50
13:14:51.054 -> C,ts_engage_write,247697543
13:14:51.054 -> C,engage_lvl,346
13:14:51.054 -> C,modifier,15
13:14:51.054 -> C,engage_floor,0
13:14:51.054 -> C,loop_us,359
13:14:51.147 -> C,ts_engage_write,247785373
13:14:51.239 -> C,ts_engage_write,247873363
13:14:51.332 -> C,ts_engage_write,247961367
13:14:51.425 -> C,ts_engage_write,248049363
13:14:51.518 -> C,ts_engage_write,248137367
13:14:51.565 -> C,ts_engage_write,248225382
13:14:51.565 -> C,engage_lvl,345
13:14:51.659 -> C,ts_engage_write,248313377
13:14:51.753 -> C,ts_engage_write,248401366
13:14:51.845 -> C,ts_engage_write,248489368
13:14:51.938 -> C,ts_engage_write,248577364
13:14:52.031 -> C,ts_engage_write,248665391
13:14:52.125 -> [FACE] heartbeat
13:14:52.125 -> C,mood_str,50
13:14:52.125 -> C,ts_engage_write,248753502
13:14:52.125 -> C,engage_lvl,343
13:14:52.125 -> C,modifier,15
13:14:52.125 -> C,engage_floor,0
13:14:52.125 -> C,loop_us,314
13:14:52.217 -> C,ts_engage_write,248841368
13:14:52.310 -> C,ts_engage_write,248929371
13:14:52.358 -> C,ts_engage_write,249017371
13:14:52.450 -> C,ts_engage_write,249105371
13:14:52.544 -> C,ts_engage_write,249193388
13:14:52.637 -> C,ts_engage_write,249281386
13:14:52.637 -> C,engage_lvl,342
13:14:52.730 -> C,ts_engage_write,249369371
13:14:52.823 -> C,ts_engage_write,249457371
13:14:52.917 -> C,ts_engage_write,249545371
13:14:53.009 -> C,ts_engage_write,249633371
13:14:53.102 -> C,ts_engage_write,249721391
13:14:53.148 -> [FACE] heartbeat
13:14:53.148 -> C,mood_str,50
13:14:53.148 -> C,ts_engage_write,249809501
13:14:53.148 -> C,engage_lvl,341
13:14:53.148 -> C,modifier,15
13:14:53.148 -> C,engage_floor,0
13:14:53.148 -> C,loop_us,279
13:14:53.241 -> C,ts_engage_write,249897365
13:14:53.333 -> C,ts_engage_write,249985370
13:14:53.425 -> C,ts_engage_write,250073370
13:14:53.518 -> C,ts_engage_write,250161388
13:14:53.610 -> C,ts_engage_write,250249386
13:14:53.702 -> C,ts_engage_write,250337371
13:14:53.702 -> C,engage_lvl,339
13:14:53.795 -> C,ts_engage_write,250425371
13:14:53.888 -> C,ts_engage_write,250513371
13:14:53.980 -> C,ts_engage_write,250601371
13:14:54.028 -> C,ts_engage_write,250689390
13:14:54.122 -> C,ts_engage_write,250777392
13:14:54.214 -> [FACE] heartbeat
13:14:54.214 -> C,mood_str,50
13:14:54.214 -> C,ts_engage_write,250865480
13:14:54.214 -> C,engage_lvl,338
13:14:54.214 -> C,modifier,15
13:14:54.214 -> C,engage_floor,0
13:14:54.214 -> C,loop_us,281
13:14:54.307 -> C,ts_engage_write,250953368
13:14:54.400 -> C,ts_engage_write,251041371
13:14:54.493 -> C,ts_engage_write,251129371
13:14:54.588 -> C,ts_engage_write,251217390
13:14:54.681 -> C,ts_engage_write,251305384
13:14:54.773 -> C,ts_engage_write,251393371
13:14:54.773 -> C,engage_lvl,336
13:14:54.819 -> C,ts_engage_write,251481371
13:14:54.912 -> C,ts_engage_write,251569371
13:14:55.005 -> C,ts_engage_write,251657390
13:14:55.098 -> C,ts_engage_write,251745385
13:14:55.191 -> C,ts_engage_write,251833371
13:14:55.284 -> [FACE] heartbeat
13:14:55.284 -> C,mood_str,50
13:14:55.284 -> C,ts_engage_write,251921481
13:14:55.284 -> C,engage_lvl,335
13:14:55.284 -> C,modifier,15
13:14:55.284 -> C,engage_floor,0
13:14:55.284 -> C,loop_us,281
13:14:55.378 -> C,ts_engage_write,252009368
13:14:55.471 -> C,ts_engage_write,252097370
13:14:55.563 -> C,ts_engage_write,252185388
13:14:55.657 -> C,ts_engage_write,252273386
13:14:55.702 -> C,ts_engage_write,252361371
13:14:55.794 -> C,ts_engage_write,252449371
13:14:55.794 -> C,engage_lvl,334
13:14:55.886 -> C,ts_engage_write,252537371
13:14:55.979 -> C,ts_engage_write,252625371
13:14:56.072 -> C,ts_engage_write,252713391
13:14:56.165 -> C,ts_engage_write,252801384
13:14:56.258 -> C,ts_engage_write,252889371
13:14:56.350 -> [FACE] heartbeat
13:14:56.350 -> C,mood_str,50
13:14:56.350 -> C,ts_engage_write,252977483
13:14:56.350 -> C,engage_lvl,332
13:14:56.350 -> C,modifier,15
13:14:56.350 -> C,engage_floor,0
13:14:56.350 -> C,loop_us,283
13:14:56.444 -> C,ts_engage_write,253065368
13:14:56.536 -> C,ts_engage_write,253153388
13:14:56.582 -> C,ts_engage_write,253241386
13:14:56.676 -> C,ts_engage_write,253329371
13:14:56.769 -> C,ts_engage_write,253417371
13:14:56.862 -> C,ts_engage_write,253505371
13:14:56.862 -> C,engage_lvl,331
13:14:56.955 -> C,ts_engage_write,253593371
13:14:57.048 -> C,ts_engage_write,253681390
13:14:57.141 -> C,ts_engage_write,253769385
13:14:57.236 -> C,ts_engage_write,253857371
13:14:57.329 -> C,ts_engage_write,253945371
13:14:57.375 -> [FACE] heartbeat
13:14:57.375 -> C,mood_str,50
13:14:57.375 -> C,ts_engage_write,254033474
13:14:57.375 -> C,engage_lvl,329
13:14:57.375 -> C,modifier,15
13:14:57.375 -> C,engage_floor,0
13:14:57.375 -> C,loop_us,282
13:14:57.469 -> C,ts_engage_write,254121371
13:14:57.562 -> C,ts_engage_write,254209390
13:14:57.656 -> C,ts_engage_write,254297384
13:14:57.748 -> C,ts_engage_write,254385371
13:14:57.841 -> C,ts_engage_write,254473371
13:14:57.933 -> C,ts_engage_write,254561371
13:14:57.933 -> C,engage_lvl,328
13:14:58.027 -> C,ts_engage_write,254649390
13:14:58.121 -> C,ts_engage_write,254737387
13:14:58.167 -> C,ts_engage_write,254825371
13:14:58.259 -> C,ts_engage_write,254913371
13:14:58.353 -> C,ts_engage_write,255001371
13:14:58.445 -> [FACE] heartbeat
13:14:58.445 -> C,mood_str,50
13:14:58.445 -> C,ts_engage_write,255089483
13:14:58.445 -> C,engage_lvl,327
13:14:58.445 -> C,modifier,15
13:14:58.445 -> C,engage_floor,0
13:14:58.445 -> C,loop_us,285
13:14:58.538 -> C,ts_engage_write,255177388
13:14:58.630 -> C,ts_engage_write,255265390
13:14:58.722 -> C,ts_engage_write,255353375
13:14:58.815 -> C,ts_engage_write,255441371
13:14:58.907 -> C,ts_engage_write,255529371
13:14:59.000 -> C,ts_engage_write,255617371
13:14:59.000 -> C,engage_lvl,325
13:14:59.047 -> C,ts_engage_write,255705393
13:14:59.139 -> C,ts_engage_write,255793383
13:14:59.232 -> C,ts_engage_write,255881371
13:14:59.327 -> C,ts_engage_write,255969371
13:14:59.421 -> C,ts_engage_write,256057371
13:14:59.513 -> [FACE] heartbeat
13:14:59.513 -> C,mood_str,50
13:14:59.513 -> C,ts_engage_write,256145522
13:14:59.513 -> C,engage_lvl,324
13:14:59.513 -> C,modifier,15
13:14:59.513 -> C,engage_floor,0
13:14:59.513 -> C,loop_us,340
13:14:59.607 -> C,ts_engage_write,256233377
13:14:59.700 -> C,ts_engage_write,256321368
13:14:59.794 -> C,ts_engage_write,256409366
13:14:59.841 -> C,ts_engage_write,256497368
13:14:59.934 -> C,ts_engage_write,256585366
13:15:00.028 -> C,ts_engage_write,256673389
13:15:00.028 -> C,engage_lvl,322
13:15:00.121 -> C,ts_engage_write,256761381
13:15:00.213 -> C,ts_engage_write,256849371
13:15:00.306 -> C,ts_engage_write,256937368
13:15:00.398 -> C,ts_engage_write,257025371
13:15:00.491 -> C,ts_engage_write,257113368
13:15:00.584 -> [FACE] heartbeat
13:15:00.584 -> C,mood_str,50
13:15:00.584 -> C,ts_engage_write,257201526
13:15:00.584 -> C,engage_lvl,321
13:15:00.584 -> C,modifier,15
13:15:00.584 -> C,engage_floor,0
13:15:00.584 -> C,loop_us,341
13:15:00.631 -> C,ts_engage_write,257289375
13:15:00.724 -> C,ts_engage_write,257377366
13:15:00.816 -> C,ts_engage_write,257465366
13:15:00.909 -> C,ts_engage_write,257553366
13:15:01.004 -> C,ts_engage_write,257641366
13:15:01.097 -> C,ts_engage_write,257729394
13:15:01.097 -> C,engage_lvl,320
13:15:01.190 -> C,ts_engage_write,257817376
13:15:01.283 -> C,ts_engage_write,257905368
13:15:01.376 -> C,ts_engage_write,257993368
13:15:01.422 -> C,ts_engage_write,258081367
13:15:01.515 -> C,ts_engage_write,258169386
13:15:01.608 -> [FACE] heartbeat
13:15:01.608 -> C,mood_str,50
13:15:01.608 -> C,ts_engage_write,258257499
13:15:01.608 -> C,engage_lvl,318
13:15:01.608 -> C,modifier,15
13:15:01.608 -> C,engage_floor,0
13:15:01.608 -> C,loop_us,307
13:15:01.700 -> C,ts_engage_write,258345369
13:15:01.792 -> C,ts_engage_write,258433371
13:15:01.884 -> C,ts_engage_write,258521371
13:15:01.978 -> C,ts_engage_write,258609371
13:15:02.069 -> C,ts_engage_write,258697393
13:15:02.163 -> C,ts_engage_write,258785384
13:15:02.163 -> C,engage_lvl,317
13:15:02.257 -> C,ts_engage_write,258873371
13:15:02.303 -> C,ts_engage_write,258961371
13:15:02.396 -> C,ts_engage_write,259049378
13:15:02.490 -> C,ts_engage_write,259137370
13:15:02.582 -> C,ts_engage_write,259225390
13:15:02.675 -> [FACE] heartbeat
13:15:02.675 -> C,mood_str,50
13:15:02.675 -> C,ts_engage_write,259313496
13:15:02.675 -> C,engage_lvl,315
13:15:02.675 -> C,modifier,15
13:15:02.675 -> C,engage_floor,0
13:15:02.675 -> C,loop_us,297
13:15:02.769 -> C,ts_engage_write,259401368
13:15:02.860 -> C,ts_engage_write,259489371
13:15:02.954 -> C,ts_engage_write,259577371
13:15:03.046 -> C,ts_engage_write,259665392
13:15:03.093 -> C,ts_engage_write,259753384
13:15:03.186 -> C,ts_engage_write,259841371
13:15:03.186 -> C,engage_lvl,314
13:15:03.279 -> C,ts_engage_write,259929371
13:15:03.372 -> C,ts_engage_write,260017371
13:15:03.466 -> C,ts_engage_write,260105370
13:15:03.558 -> C,ts_engage_write,260193388
13:15:03.651 -> C,ts_engage_write,260281385
13:15:03.745 -> [FACE] heartbeat
13:15:03.745 -> C,mood_str,50
13:15:03.745 -> C,ts_engage_write,260369485
13:15:03.745 -> C,engage_lvl,312
13:15:03.745 -> C,modifier,15
13:15:03.745 -> C,engage_floor,0
13:15:03.745 -> C,loop_us,287
13:15:03.838 -> C,ts_engage_write,260457370
13:15:03.884 -> C,ts_engage_write,260545371
13:15:03.977 -> C,ts_engage_write,260633371
13:15:04.069 -> C,ts_engage_write,260721392
13:15:04.162 -> C,ts_engage_write,260809384
13:15:04.255 -> C,ts_engage_write,260897371
13:15:04.255 -> C,engage_lvl,311
13:15:04.347 -> C,ts_engage_write,260985371
13:15:04.440 -> C,ts_engage_write,261073370
13:15:04.533 -> C,ts_engage_write,261161388
13:15:04.626 -> C,ts_engage_write,261249385
13:15:04.719 -> C,ts_engage_write,261337371
13:15:04.766 -> [FACE] heartbeat
13:15:04.766 -> C,mood_str,50
13:15:04.766 -> C,ts_engage_write,261425481
13:15:04.766 -> C,engage_lvl,310
13:15:04.766 -> C,modifier,15
13:15:04.766 -> C,engage_floor,0
13:15:04.766 -> C,loop_us,281
13:15:04.860 -> C,ts_engage_write,261513368
13:15:04.951 -> C,ts_engage_write,261601371
13:15:05.045 -> C,ts_engage_write,261689391
13:15:05.138 -> C,ts_engage_write,261777385
13:15:05.231 -> C,ts_engage_write,261865371
13:15:05.326 -> C,ts_engage_write,261953371
13:15:05.326 -> C,engage_lvl,308
13:15:05.418 -> C,ts_engage_write,262041371
13:15:05.512 -> C,ts_engage_write,262129370
13:15:05.559 -> C,ts_engage_write,262217389
13:15:05.652 -> C,ts_engage_write,262305384
13:15:05.744 -> C,ts_engage_write,262393371
13:15:05.835 -> [FACE] heartbeat
13:15:05.835 -> C,mood_str,50
13:15:05.835 -> C,ts_engage_write,262481476
13:15:05.835 -> C,engage_lvl,307
13:15:05.835 -> C,modifier,15
13:15:05.835 -> C,engage_floor,0
13:15:05.835 -> C,loop_us,287
13:15:05.929 -> C,ts_engage_write,262569371
13:15:06.022 -> C,ts_engage_write,262657391
13:15:06.115 -> C,ts_engage_write,262745387
13:15:06.210 -> C,ts_engage_write,262833371
13:15:06.302 -> C,ts_engage_write,262921371
13:15:06.348 -> C,ts_engage_write,263009371
13:15:06.348 -> C,engage_lvl,305
13:15:06.442 -> C,ts_engage_write,263097370
13:15:06.533 -> C,ts_engage_write,263185388
13:15:06.626 -> C,ts_engage_write,263273385
13:15:06.719 -> C,ts_engage_write,263361371
13:15:06.812 -> C,ts_engage_write,263449378
13:15:06.906 -> [FACE] heartbeat
13:15:06.906 -> C,mood_str,50
13:15:06.906 -> C,ts_engage_write,263537485
13:15:06.906 -> C,engage_lvl,304
13:15:06.906 -> C,modifier,15
13:15:06.906 -> C,engage_floor,0
13:15:06.906 -> C,loop_us,286
13:15:06.998 -> C,ts_engage_write,263625368
13:15:07.092 -> C,ts_engage_write,263713392
13:15:07.185 -> C,ts_engage_write,263801384
13:15:07.231 -> C,ts_engage_write,263889371
13:15:07.324 -> C,ts_engage_write,263977371
13:15:07.419 -> C,ts_engage_write,264065370
13:15:07.419 -> C,engage_lvl,303
13:15:07.511 -> C,ts_engage_write,264153388
13:15:07.605 -> C,ts_engage_write,264241385
13:15:07.698 -> C,ts_engage_write,264329371
13:15:07.792 -> C,ts_engage_write,264417371
13:15:07.884 -> C,ts_engage_write,264505371
13:15:07.931 -> [FACE] heartbeat
13:15:07.931 -> C,mood_str,50
13:15:07.931 -> C,ts_engage_write,264593482
13:15:07.931 -> C,engage_lvl,301
13:15:07.931 -> C,modifier,15
13:15:07.931 -> C,engage_floor,0
13:15:07.931 -> C,loop_us,284
13:15:08.024 -> C,ts_engage_write,264681391
13:15:08.117 -> C,ts_engage_write,264769385
13:15:08.208 -> C,ts_engage_write,264857371
13:15:08.301 -> C,ts_engage_write,264945371
13:15:08.394 -> C,ts_engage_write,265033371
13:15:08.487 -> C,ts_engage_write,265121370
13:15:08.487 -> C,engage_lvl,300
13:15:08.580 -> C,ts_engage_write,265209389
13:15:08.672 -> C,ts_engage_write,265297384
13:15:08.764 -> C,ts_engage_write,265385371
13:15:08.857 -> C,ts_engage_write,265473371
13:15:08.904 -> C,ts_engage_write,265561371
13:15:08.998 -> [FACE] heartbeat
13:15:08.998 -> C,mood_str,50
13:15:08.998 -> C,ts_engage_write,265649527
13:15:08.998 -> C,engage_lvl,298
13:15:08.998 -> C,modifier,15
13:15:08.998 -> C,engage_floor,0
13:15:08.998 -> C,loop_us,345
13:15:09.091 -> C,ts_engage_write,265737377
13:15:09.184 -> C,ts_engage_write,265825365
13:15:09.277 -> C,ts_engage_write,265913366
13:15:09.369 -> C,ts_engage_write,266001365
13:15:09.462 -> C,ts_engage_write,266089365
13:15:09.555 -> C,ts_engage_write,266177381
13:15:09.555 -> C,engage_lvl,297
13:15:09.648 -> C,ts_engage_write,266265381
13:15:09.695 -> C,ts_engage_write,266353366
13:15:09.788 -> C,ts_engage_write,266441366
13:15:09.879 -> C,ts_engage_write,266529366
13:15:09.972 -> C,ts_engage_write,266617366
13:15:10.065 -> [FACE] heartbeat
13:15:10.065 -> C,mood_str,50
13:15:10.065 -> C,ts_engage_write,266705530
13:15:10.065 -> C,engage_lvl,296
13:15:10.065 -> C,modifier,15
13:15:10.065 -> C,engage_floor,0
13:15:10.065 -> C,loop_us,333
13:15:10.159 -> C,ts_engage_write,266793380
13:15:10.252 -> C,ts_engage_write,266881368
13:15:10.345 -> C,ts_engage_write,266969369
13:15:10.438 -> C,ts_engage_write,267057368
13:15:10.484 -> C,ts_engage_write,267145388
13:15:10.577 -> C,ts_engage_write,267233387
13:15:10.577 -> C,engage_lvl,294
13:15:10.670 -> C,ts_engage_write,267321378
13:15:10.764 -> C,ts_engage_write,267409372
13:15:10.856 -> C,ts_engage_write,267497371
13:15:10.949 -> C,ts_engage_write,267585371
13:15:11.043 -> C,ts_engage_write,267673391
13:15:11.136 -> [FACE] heartbeat
13:15:11.136 -> C,mood_str,50
13:15:11.136 -> C,ts_engage_write,267761491
13:15:11.136 -> C,engage_lvl,293
13:15:11.136 -> C,modifier,15
13:15:11.136 -> C,engage_floor,0
13:15:11.136 -> C,loop_us,302
13:15:11.229 -> C,ts_engage_write,267849371
13:15:11.276 -> C,ts_engage_write,267937371
13:15:11.368 -> C,ts_engage_write,268025371
13:15:11.460 -> C,ts_engage_write,268113370
13:15:11.553 -> C,ts_engage_write,268201391
13:15:11.647 -> C,ts_engage_write,268289383
13:15:11.647 -> C,engage_lvl,291
13:15:11.741 -> C,ts_engage_write,268377372
13:15:11.834 -> C,ts_engage_write,268465372
13:15:11.927 -> C,ts_engage_write,268553372
13:15:12.020 -> C,ts_engage_write,268641372
13:15:12.113 -> C,ts_engage_write,268729397
13:15:12.160 -> [FACE] heartbeat
13:15:12.160 -> C,mood_str,50
13:15:12.160 -> C,ts_engage_write,268817475
13:15:12.160 -> C,engage_lvl,290
13:15:12.160 -> C,modifier,15
13:15:12.160 -> C,engage_floor,0
13:15:12.160 -> C,loop_us,281
13:15:12.253 -> C,ts_engage_write,268905367
13:15:12.346 -> C,ts_engage_write,268993372
13:15:12.440 -> C,ts_engage_write,269081370
13:15:12.532 -> C,ts_engage_write,269169388
13:15:12.626 -> C,ts_engage_write,269257387
13:15:12.719 -> C,ts_engage_write,269345372
13:15:12.719 -> C,engage_lvl,289
13:15:12.812 -> C,ts_engage_write,269433373
13:15:12.904 -> C,ts_engage_write,269521372
13:15:12.950 -> C,ts_engage_write,269609372
13:15:13.044 -> C,ts_engage_write,269697392
13:15:13.138 -> C,ts_engage_write,269785384
13:15:13.231 -> [FACE] heartbeat
13:15:13.231 -> C,mood_str,50
13:15:13.231 -> C,ts_engage_write,269873470
13:15:13.231 -> C,engage_lvl,287
13:15:13.231 -> C,modifier,15
13:15:13.231 -> C,engage_floor,0
13:15:13.231 -> C,loop_us,270
13:15:13.326 -> C,ts_engage_write,269961365
13:15:13.419 -> C,ts_engage_write,270049372
13:15:13.512 -> C,ts_engage_write,270137370
13:15:13.605 -> C,ts_engage_write,270225391
13:15:13.698 -> C,ts_engage_write,270313384
13:15:13.745 -> C,ts_engage_write,270401372
13:15:13.745 -> C,engage_lvl,286
13:15:13.838 -> C,ts_engage_write,270489372
13:15:13.930 -> C,ts_engage_write,270577372
13:15:14.022 -> C,ts_engage_write,270665391
13:15:14.116 -> C,ts_engage_write,270753387
13:15:14.210 -> C,ts_engage_write,270841372
13:15:14.303 -> [FACE] heartbeat
13:15:14.303 -> C,mood_str,50
13:15:14.303 -> C,ts_engage_write,270929469
13:15:14.303 -> C,engage_lvl,284
13:15:14.303 -> C,modifier,15
13:15:14.303 -> C,engage_floor,0
13:15:14.303 -> C,loop_us,260
13:15:14.393 -> C,ts_engage_write,271017365
13:15:14.485 -> C,ts_engage_write,271105370
13:15:14.532 -> C,ts_engage_write,271193391
13:15:14.623 -> C,ts_engage_write,271281383
13:15:14.715 -> C,ts_engage_write,271369372
13:15:14.808 -> C,ts_engage_write,271457372
13:15:14.808 -> C,engage_lvl,283
13:15:14.900 -> C,ts_engage_write,271545372
13:15:14.994 -> C,ts_engage_write,271633372
13:15:15.087 -> C,ts_engage_write,271721392
13:15:15.179 -> C,ts_engage_write,271809383
13:15:15.271 -> C,ts_engage_write,271897372
13:15:15.364 -> [FACE] heartbeat
13:15:15.364 -> C,mood_str,50
13:15:15.364 -> C,ts_engage_write,271985471
13:15:15.364 -> C,engage_lvl,282
13:15:15.364 -> C,modifier,15
13:15:15.364 -> C,engage_floor,0
13:15:15.364 -> C,loop_us,261
13:15:15.457 -> C,ts_engage_write,272073367
13:15:15.503 -> C,ts_engage_write,272161391
13:15:15.595 -> C,ts_engage_write,272249383
13:15:15.688 -> C,ts_engage_write,272337372
13:15:15.780 -> C,ts_engage_write,272425372
13:15:15.873 -> C,ts_engage_write,272513372
13:15:15.873 -> C,engage_lvl,280
13:15:15.967 -> C,ts_engage_write,272601372
13:15:16.061 -> C,ts_engage_write,272689392
13:15:16.153 -> C,ts_engage_write,272777383
13:15:16.245 -> C,ts_engage_write,272865372
13:15:16.291 -> C,ts_engage_write,272953372
13:15:16.384 -> [FACE] heartbeat
13:15:16.384 -> C,mood_str,50
13:15:16.384 -> C,ts_engage_write,273041459
13:15:16.384 -> C,engage_lvl,279
13:15:16.384 -> C,modifier,15
13:15:16.384 -> C,engage_floor,0
13:15:16.384 -> C,loop_us,264
13:15:16.478 -> C,ts_engage_write,273129370
13:15:16.571 -> C,ts_engage_write,273217391
13:15:16.664 -> C,ts_engage_write,273305383
13:15:16.759 -> C,ts_engage_write,273393372
13:15:16.852 -> C,ts_engage_write,273481372
13:15:16.946 -> C,ts_engage_write,273569372
13:15:16.946 -> C,engage_lvl,277
13:15:17.039 -> C,ts_engage_write,273657392
13:15:17.084 -> C,ts_engage_write,273745383
13:15:17.177 -> C,ts_engage_write,273833372
13:15:17.269 -> C,ts_engage_write,273921372
13:15:17.361 -> C,ts_engage_write,274009372
13:15:17.454 -> [FACE] heartbeat
13:15:17.454 -> C,mood_str,50
13:15:17.454 -> C,ts_engage_write,274097476
13:15:17.454 -> C,engage_lvl,276
13:15:17.454 -> C,modifier,15
13:15:17.454 -> C,engage_floor,0
13:15:17.454 -> C,loop_us,287
13:15:17.546 -> C,ts_engage_write,274185391
13:15:17.639 -> C,ts_engage_write,274273384
13:15:17.732 -> C,ts_engage_write,274361371
13:15:17.824 -> C,ts_engage_write,274449372
13:15:17.917 -> C,ts_engage_write,274537372
13:15:17.964 -> C,ts_engage_write,274625372
13:15:17.964 -> C,engage_lvl,274
13:15:18.057 -> C,ts_engage_write,274713392
13:15:18.150 -> C,ts_engage_write,274801392
13:15:18.243 -> C,ts_engage_write,274889378
13:15:18.337 -> C,ts_engage_write,274977372
13:15:18.430 -> C,ts_engage_write,275065370
13:15:18.524 -> [FACE] heartbeat
13:15:18.524 -> C,mood_str,50
13:15:18.524 -> C,ts_engage_write,275153517
13:15:18.524 -> C,engage_lvl,273
13:15:18.524 -> C,modifier,15
13:15:18.524 -> C,engage_floor,0
13:15:18.524 -> C,loop_us,325
13:15:18.617 -> C,ts_engage_write,275241383
13:15:18.710 -> C,ts_engage_write,275329365
13:15:18.757 -> C,ts_engage_write,275417366
13:15:18.850 -> C,ts_engage_write,275505365
13:15:18.943 -> C,ts_engage_write,275593366
13:15:19.036 -> C,ts_engage_write,275681379
13:15:19.036 -> C,engage_lvl,272
13:15:19.129 -> C,ts_engage_write,275769387
13:15:19.221 -> C,ts_engage_write,275857368
13:15:19.313 -> C,ts_engage_write,275945368
13:15:19.406 -> C,ts_engage_write,276033368
13:15:19.498 -> C,ts_engage_write,276121368
13:15:19.591 -> [FACE] heartbeat
13:15:19.591 -> C,mood_str,50
13:15:19.591 -> C,ts_engage_write,276209521
13:15:19.591 -> C,engage_lvl,270
13:15:19.591 -> C,modifier,15
13:15:19.591 -> C,engage_floor,0
13:15:19.591 -> C,loop_us,325
13:15:19.638 -> C,ts_engage_write,276297379
13:15:19.731 -> C,ts_engage_write,276385365
13:15:19.825 -> C,ts_engage_write,276473368
13:15:19.919 -> C,ts_engage_write,276561365
13:15:20.012 -> C,ts_engage_write,276649390
13:15:20.105 -> C,ts_engage_write,276737385
13:15:20.105 -> C,engage_lvl,269
13:15:20.198 -> C,ts_engage_write,276825372
13:15:20.291 -> C,ts_engage_write,276913372
13:15:20.339 -> C,ts_engage_write,277001372
13:15:20.431 -> C,ts_engage_write,277089370
13:15:20.524 -> C,ts_engage_write,277177387
13:15:20.616 -> [FACE] heartbeat
13:15:20.616 -> C,mood_str,50
13:15:20.616 -> C,ts_engage_write,277265481
13:15:20.616 -> C,engage_lvl,267
13:15:20.616 -> C,modifier,15
13:15:20.616 -> C,engage_floor,0
13:15:20.616 -> C,loop_us,300
13:15:20.710 -> C,ts_engage_write,277353368
13:15:20.804 -> C,ts_engage_write,277441372
13:15:20.897 -> C,ts_engage_write,277529372
13:15:20.990 -> C,ts_engage_write,277617372
13:15:21.082 -> C,ts_engage_write,277705391
13:15:21.176 -> C,ts_engage_write,277793384
13:15:21.176 -> C,engage_lvl,266
13:15:21.222 -> C,ts_engage_write,277881372
13:15:21.314 -> C,ts_engage_write,277969372
13:15:21.406 -> C,ts_engage_write,278057372
13:15:21.499 -> C,ts_engage_write,278145388
13:15:21.593 -> C,ts_engage_write,278233386
13:15:21.685 -> [FACE] heartbeat
13:15:21.685 -> C,mood_str,50
13:15:21.685 -> C,ts_engage_write,278321464
13:15:21.685 -> C,engage_lvl,265
13:15:21.685 -> C,modifier,15
13:15:21.685 -> C,engage_floor,0
13:15:21.685 -> C,loop_us,274
13:15:21.777 -> C,ts_engage_write,278409368
13:15:21.871 -> C,ts_engage_write,278497372
13:15:21.963 -> C,ts_engage_write,278585372
13:15:22.010 -> C,ts_engage_write,278673390
13:15:22.104 -> C,ts_engage_write,278761387
13:15:22.196 -> C,ts_engage_write,278849372
13:15:22.196 -> C,engage_lvl,263
13:15:22.289 -> C,ts_engage_write,278937372
13:15:22.381 -> C,ts_engage_write,279025372
13:15:22.474 -> C,ts_engage_write,279113370
13:15:22.568 -> C,ts_engage_write,279201389
13:15:22.660 -> C,ts_engage_write,279289390
13:15:22.754 -> [FACE] heartbeat
13:15:22.754 -> C,mood_str,50
13:15:22.754 -> C,ts_engage_write,279377463
13:15:22.754 -> C,engage_lvl,262
13:15:22.754 -> C,modifier,15
13:15:22.754 -> C,engage_floor,0
13:15:22.754 -> C,loop_us,265
13:15:22.847 -> C,ts_engage_write,279465368
13:15:22.893 -> C,ts_engage_write,279553372
13:15:22.985 -> C,ts_engage_write,279641372
13:15:23.079 -> C,ts_engage_write,279729397
13:15:23.172 -> C,ts_engage_write,279817378
13:15:23.266 -> C,ts_engage_write,279905372
13:15:23.266 -> C,engage_lvl,260
13:15:23.358 -> C,ts_engage_write,279993372
13:15:23.451 -> C,ts_engage_write,280081370
13:15:23.546 -> C,ts_engage_write,280169380
13:15:23.639 -> C,ts_engage_write,280257392
13:15:23.686 -> C,ts_engage_write,280345373
13:15:23.778 -> [FACE] heartbeat
13:15:23.778 -> C,mood_str,50
13:15:23.778 -> C,ts_engage_write,280433462
13:15:23.778 -> C,engage_lvl,259
13:15:23.778 -> C,modifier,15
13:15:23.778 -> C,engage_floor,0
13:15:23.778 -> C,loop_us,264
13:15:23.869 -> C,ts_engage_write,280521368
13:15:23.963 -> C,ts_engage_write,280609372
13:15:24.056 -> C,ts_engage_write,280697391
13:15:24.148 -> C,ts_engage_write,280785384
13:15:24.243 -> C,ts_engage_write,280873372
13:15:24.336 -> C,ts_engage_write,280961372
13:15:24.336 -> C,engage_lvl,258
13:15:24.430 -> C,ts_engage_write,281049372
13:15:24.477 -> C,ts_engage_write,281137370
13:15:24.571 -> C,ts_engage_write,281225388
13:15:24.665 -> C,ts_engage_write,281313385
13:15:24.758 -> C,ts_engage_write,281401372
13:15:24.850 -> [FACE] heartbeat
13:15:24.850 -> C,mood_str,50
13:15:24.850 -> C,ts_engage_write,281489477
13:15:24.850 -> C,engage_lvl,256
13:15:24.850 -> C,modifier,15
13:15:24.850 -> C,engage_floor,0
13:15:24.850 -> C,loop_us,269
13:15:24.943 -> C,ts_engage_write,281577368
13:15:25.036 -> C,ts_engage_write,281665390
13:15:25.128 -> C,ts_engage_write,281753385
13:15:25.222 -> C,ts_engage_write,281841372
13:15:25.267 -> C,ts_engage_write,281929372
13:15:25.360 -> C,ts_engage_write,282017372
13:15:25.360 -> C,engage_lvl,255
13:15:25.452 -> C,ts_engage_write,282105370
13:15:25.544 -> C,ts_engage_write,282193387
13:15:25.638 -> C,ts_engage_write,282281386
13:15:25.731 -> C,ts_engage_write,282369372
13:15:25.826 -> C,ts_engage_write,282457372
13:15:25.917 -> [FACE] heartbeat
13:15:25.917 -> C,mood_str,50
13:15:25.917 -> C,ts_engage_write,282545476
13:15:25.917 -> C,engage_lvl,253
13:15:25.917 -> C,modifier,15
13:15:25.917 -> C,engage_floor,0
13:15:25.917 -> C,loop_us,261
13:15:26.011 -> C,ts_engage_write,282633365
13:15:26.105 -> C,ts_engage_write,282721391
13:15:26.151 -> C,ts_engage_write,282809386
13:15:26.245 -> C,ts_engage_write,282897372
13:15:26.337 -> C,ts_engage_write,282985372
13:15:26.431 -> C,ts_engage_write,283073370
13:15:26.431 -> C,engage_lvl,252
13:15:26.524 -> C,ts_engage_write,283161387
13:15:26.617 -> C,ts_engage_write,283249386
13:15:26.710 -> C,ts_engage_write,283337372
13:15:26.804 -> C,ts_engage_write,283425372
13:15:26.850 -> C,ts_engage_write,283513372
13:15:26.943 -> [FACE] heartbeat
13:15:26.943 -> C,mood_str,50
13:15:26.943 -> C,ts_engage_write,283601476
13:15:26.943 -> C,engage_lvl,251
13:15:26.943 -> C,modifier,15
13:15:26.943 -> C,engage_floor,0
13:15:26.943 -> C,loop_us,252
13:15:27.036 -> C,ts_engage_write,283689387
13:15:27.129 -> C,ts_engage_write,283777390
13:15:27.223 -> C,ts_engage_write,283865376
13:15:27.315 -> C,ts_engage_write,283953372
13:15:27.408 -> C,ts_engage_write,284041372
13:15:27.502 -> C,ts_engage_write,284129370
13:15:27.502 -> C,engage_lvl,249
13:15:27.595 -> C,ts_engage_write,284217389
13:15:27.643 -> C,ts_engage_write,284305383
13:15:27.737 -> C,ts_engage_write,284393372
13:15:27.830 -> C,ts_engage_write,284481372
13:15:27.924 -> C,ts_engage_write,284569372
13:15:28.017 -> [FACE] heartbeat
13:15:28.017 -> C,mood_str,50
13:15:28.017 -> C,ts_engage_write,284657527
13:15:28.017 -> C,engage_lvl,248
13:15:28.017 -> C,modifier,15
13:15:28.017 -> C,engage_floor,0
13:15:28.017 -> C,loop_us,328
13:15:28.110 -> C,ts_engage_write,284745377
13:15:28.203 -> C,ts_engage_write,284833368
13:15:28.298 -> C,ts_engage_write,284921366
13:15:28.391 -> C,ts_engage_write,285009368
13:15:28.436 -> C,ts_engage_write,285097365
13:15:28.529 -> C,ts_engage_write,285185385
13:15:28.529 -> C,engage_lvl,246
13:15:28.622 -> C,ts_engage_write,285273380
13:15:28.714 -> C,ts_engage_write,285361370
13:15:28.806 -> C,ts_engage_write,285449366
13:15:28.899 -> C,ts_engage_write,285537370
13:15:28.993 -> C,ts_engage_write,285625366
13:15:29.086 -> [FACE] heartbeat
13:15:29.086 -> C,mood_str,50
13:15:29.086 -> C,ts_engage_write,285713529
13:15:29.086 -> C,engage_lvl,245
13:15:29.086 -> C,modifier,15
13:15:29.086 -> C,engage_floor,0
13:15:29.086 -> C,loop_us,327
13:15:29.180 -> C,ts_engage_write,285801378
13:15:29.273 -> C,ts_engage_write,285889368
13:15:29.319 -> C,ts_engage_write,285977369
13:15:29.412 -> C,ts_engage_write,286065367
13:15:29.506 -> C,ts_engage_write,286153388
13:15:29.599 -> C,ts_engage_write,286241385
13:15:29.599 -> C,engage_lvl,244
13:15:29.693 -> C,ts_engage_write,286329372
13:15:29.785 -> C,ts_engage_write,286417372
13:15:29.878 -> C,ts_engage_write,286505372
13:15:29.972 -> C,ts_engage_write,286593372
13:15:30.065 -> C,ts_engage_write,286681391
13:15:30.112 -> [FACE] heartbeat
13:15:30.112 -> C,mood_str,50
13:15:30.112 -> C,ts_engage_write,286769504
13:15:30.112 -> C,engage_lvl,242
13:15:30.112 -> C,modifier,15
13:15:30.112 -> C,engage_floor,0
13:15:30.112 -> C,loop_us,282
13:15:30.205 -> C,ts_engage_write,286857365
13:15:30.297 -> C,ts_engage_write,286945371
13:15:30.391 -> C,ts_engage_write,287033372
13:15:30.484 -> C,ts_engage_write,287121370
13:15:30.576 -> C,ts_engage_write,287209391
13:15:30.668 -> C,ts_engage_write,287297382
13:15:30.668 -> C,engage_lvl,241
13:15:30.761 -> C,ts_engage_write,287385373
13:15:30.855 -> C,ts_engage_write,287473372
13:15:30.900 -> C,ts_engage_write,287561372
13:15:30.995 -> C,ts_engage_write,287649391
13:15:31.088 -> C,ts_engage_write,287737384
13:15:31.181 -> [FACE] heartbeat
13:15:31.181 -> C,mood_str,50
13:15:31.181 -> C,ts_engage_write,287825485
13:15:31.181 -> C,engage_lvl,239
13:15:31.181 -> C,modifier,15
13:15:31.181 -> C,engage_floor,0
13:15:31.181 -> C,loop_us,276
13:15:31.275 -> C,ts_engage_write,287913368
13:15:31.367 -> C,ts_engage_write,288001372
13:15:31.459 -> C,ts_engage_write,288089371
13:15:31.553 -> C,ts_engage_write,288177391
13:15:31.646 -> C,ts_engage_write,288265389
13:15:31.692 -> C,ts_engage_write,288353372
13:15:31.692 -> C,engage_lvl,238
13:15:31.786 -> C,ts_engage_write,288441372
13:15:31.880 -> C,ts_engage_write,288529372
13:15:31.973 -> C,ts_engage_write,288617372
13:15:32.065 -> C,ts_engage_write,288705392
13:15:32.159 -> C,ts_engage_write,288793383
13:15:32.252 -> [FACE] heartbeat
13:15:32.252 -> C,mood_str,50
13:15:32.252 -> C,ts_engage_write,288881477
13:15:32.252 -> C,engage_lvl,237
13:15:32.252 -> C,modifier,15
13:15:32.252 -> C,engage_floor,0
13:15:32.252 -> C,loop_us,276
13:15:32.345 -> C,ts_engage_write,288969371
13:15:32.438 -> C,ts_engage_write,289057372
13:15:32.484 -> C,ts_engage_write,289145391
13:15:32.577 -> C,ts_engage_write,289233385
13:15:32.670 -> C,ts_engage_write,289321371
13:15:32.763 -> C,ts_engage_write,289409372
13:15:32.763 -> C,engage_lvl,235
13:15:32.857 -> C,ts_engage_write,289497372
13:15:32.951 -> C,ts_engage_write,289585372
13:15:33.045 -> C,ts_engage_write,289673391
13:15:33.136 -> C,ts_engage_write,289761384
13:15:33.229 -> C,ts_engage_write,289849372
13:15:33.275 -> [FACE] heartbeat
13:15:33.275 -> C,mood_str,50
13:15:33.275 -> C,ts_engage_write,289937485
13:15:33.275 -> C,engage_lvl,234
13:15:33.275 -> C,modifier,15
13:15:33.275 -> C,engage_floor,0
13:15:33.275 -> C,loop_us,276
13:15:33.367 -> C,ts_engage_write,290025368
13:15:33.460 -> C,ts_engage_write,290113370
13:15:33.553 -> C,ts_engage_write,290201391
13:15:33.645 -> C,ts_engage_write,290289384
13:15:33.738 -> C,ts_engage_write,290377371
13:15:33.830 -> C,ts_engage_write,290465372
13:15:33.830 -> C,engage_lvl,232
13:15:33.924 -> C,ts_engage_write,290553372
13:15:34.017 -> C,ts_engage_write,290641372
13:15:34.110 -> C,ts_engage_write,290729397
13:15:34.156 -> C,ts_engage_write,290817380
13:15:34.249 -> C,ts_engage_write,290905372
13:15:34.342 -> [FACE] heartbeat
13:15:34.342 -> C,mood_str,50
13:15:34.342 -> C,ts_engage_write,290993481
13:15:34.342 -> C,engage_lvl,231
13:15:34.342 -> C,modifier,15
13:15:34.342 -> C,engage_floor,0
13:15:34.342 -> C,loop_us,281
13:15:34.437 -> C,ts_engage_write,291081368
13:15:34.530 -> C,ts_engage_write,291169388
13:15:34.623 -> C,ts_engage_write,291257386
13:15:34.715 -> C,ts_engage_write,291345373
13:15:34.808 -> C,ts_engage_write,291433372
13:15:34.901 -> C,ts_engage_write,291521372
13:15:34.901 -> C,engage_lvl,229
13:15:34.948 -> C,ts_engage_write,291609372
13:15:35.041 -> C,ts_engage_write,291697392
13:15:35.135 -> C,ts_engage_write,291785383
13:15:35.228 -> C,ts_engage_write,291873372
13:15:35.321 -> C,ts_engage_write,291961372
13:15:35.413 -> [FACE] heartbeat
13:15:35.413 -> C,mood_str,50
13:15:35.413 -> C,ts_engage_write,292049482
13:15:35.413 -> C,engage_lvl,228
13:15:35.413 -> C,modifier,15
13:15:35.413 -> C,engage_floor,0
13:15:35.413 -> C,loop_us,284
13:15:35.506 -> C,ts_engage_write,292137371
13:15:35.599 -> C,ts_engage_write,292225391
13:15:35.693 -> C,ts_engage_write,292313383
13:15:35.739 -> C,ts_engage_write,292401372
13:15:35.833 -> C,ts_engage_write,292489372
13:15:35.926 -> C,ts_engage_write,292577372
13:15:35.926 -> C,engage_lvl,227
13:15:36.019 -> C,ts_engage_write,292665392
13:15:36.111 -> C,ts_engage_write,292753383
13:15:36.205 -> C,ts_engage_write,292841372
13:15:36.298 -> C,ts_engage_write,292929372
13:15:36.391 -> C,ts_engage_write,293017372
13:15:36.485 -> [FACE] heartbeat
13:15:36.485 -> C,mood_str,50
13:15:36.485 -> C,ts_engage_write,293105484
13:15:36.485 -> C,engage_lvl,225
13:15:36.485 -> C,modifier,15
13:15:36.485 -> C,engage_floor,0
13:15:36.485 -> C,loop_us,283
13:15:36.531 -> C,ts_engage_write,293193391
13:15:36.624 -> C,ts_engage_write,293281384
13:15:36.717 -> C,ts_engage_write,293369371
13:15:36.808 -> C,ts_engage_write,293457372
13:15:36.902 -> C,ts_engage_write,293545372
13:15:36.995 -> C,ts_engage_write,293633372
13:15:36.995 -> C,engage_lvl,224
13:15:37.088 -> C,ts_engage_write,293721392
13:15:37.181 -> C,ts_engage_write,293809383
13:15:37.275 -> C,ts_engage_write,293897372
13:15:37.368 -> C,ts_engage_write,293985372
13:15:37.414 -> C,ts_engage_write,294073370
13:15:37.507 -> [FACE] heartbeat
13:15:37.507 -> C,mood_str,50
13:15:37.507 -> C,ts_engage_write,294161530
13:15:37.507 -> C,engage_lvl,222
13:15:37.507 -> C,modifier,15
13:15:37.507 -> C,engage_floor,0
13:15:37.507 -> C,loop_us,338
13:15:37.602 -> C,ts_engage_write,294249376
13:15:37.694 -> C,ts_engage_write,294337365
13:15:37.789 -> C,ts_engage_write,294425367
13:15:37.882 -> C,ts_engage_write,294513365
13:15:37.975 -> C,ts_engage_write,294601366
13:15:38.068 -> C,ts_engage_write,294689386
13:15:38.068 -> C,engage_lvl,221
13:15:38.115 -> C,ts_engage_write,294777382
13:15:38.208 -> C,ts_engage_write,294865368
13:15:38.301 -> C,ts_engage_write,294953368
13:15:38.395 -> C,ts_engage_write,295041368
13:15:38.487 -> C,ts_engage_write,295129368
13:15:38.580 -> [FACE] heartbeat
13:15:38.580 -> C,mood_str,50
13:15:38.580 -> C,ts_engage_write,295217532
13:15:38.580 -> C,engage_lvl,220
13:15:38.580 -> C,modifier,15
13:15:38.580 -> C,engage_floor,0
13:15:38.580 -> C,loop_us,335
13:15:38.672 -> C,ts_engage_write,295305376
13:15:38.764 -> C,ts_engage_write,295393366
13:15:38.857 -> C,ts_engage_write,295481367
13:15:38.950 -> C,ts_engage_write,295569366
13:15:38.997 -> C,ts_engage_write,295657392
13:15:39.090 -> C,ts_engage_write,295745383
13:15:39.090 -> C,engage_lvl,218
13:15:39.184 -> C,ts_engage_write,295833372
13:15:39.276 -> C,ts_engage_write,295921372
13:15:39.369 -> C,ts_engage_write,296009372
13:15:39.462 -> C,ts_engage_write,296097370
13:15:39.557 -> C,ts_engage_write,296185389
13:15:39.650 -> [FACE] heartbeat
13:15:39.650 -> C,mood_str,50
13:15:39.650 -> C,ts_engage_write,296273498
13:15:39.650 -> C,engage_lvl,217
13:15:39.650 -> C,modifier,15
13:15:39.650 -> C,engage_floor,0
13:15:39.650 -> C,loop_us,307
13:15:39.698 -> C,ts_engage_write,296361369
13:15:39.791 -> C,ts_engage_write,296449371
13:15:39.883 -> C,ts_engage_write,296537372
13:15:39.977 -> C,ts_engage_write,296625372
13:15:40.070 -> C,ts_engage_write,296713392
13:15:40.163 -> C,ts_engage_write,296801383
13:15:40.163 -> C,engage_lvl,215
13:15:40.256 -> C,ts_engage_write,296889378
13:15:40.349 -> C,ts_engage_write,296977372
13:15:40.442 -> C,ts_engage_write,297065370
13:15:40.533 -> C,ts_engage_write,297153389
13:15:40.578 -> C,ts_engage_write,297241383
13:15:40.669 -> [FACE] heartbeat
13:15:40.669 -> C,mood_str,50
13:15:40.669 -> C,ts_engage_write,297329477
13:15:40.669 -> C,engage_lvl,214
13:15:40.669 -> C,modifier,15
13:15:40.669 -> C,engage_floor,0
13:15:40.669 -> C,loop_us,289
13:15:40.763 -> C,ts_engage_write,297417371
13:15:40.856 -> C,ts_engage_write,297505372
13:15:40.950 -> C,ts_engage_write,297593371
13:15:41.043 -> C,ts_engage_write,297681392
13:15:41.138 -> C,ts_engage_write,297769383
13:15:41.229 -> C,ts_engage_write,297857372
13:15:41.229 -> C,engage_lvl,213
13:15:41.322 -> C,ts_engage_write,297945372
13:15:41.415 -> C,ts_engage_write,298033372
13:15:41.462 -> C,ts_engage_write,298121370
13:15:41.556 -> C,ts_engage_write,298209389
13:15:41.648 -> C,ts_engage_write,298297383
13:15:41.740 -> [FACE] heartbeat
13:15:41.740 -> C,mood_str,50
13:15:41.740 -> C,ts_engage_write,298385485
13:15:41.740 -> C,engage_lvl,211
13:15:41.740 -> C,modifier,15
13:15:41.740 -> C,engage_floor,0
13:15:41.740 -> C,loop_us,276
13:15:41.833 -> C,ts_engage_write,298473368
13:15:41.926 -> C,ts_engage_write,298561372
13:15:42.019 -> C,ts_engage_write,298649392
13:15:42.111 -> C,ts_engage_write,298737384
13:15:42.206 -> C,ts_engage_write,298825371
13:15:42.253 -> C,ts_engage_write,298913370
13:15:42.253 -> C,engage_lvl,210
13:15:42.345 -> C,ts_engage_write,299001370
13:15:42.437 -> C,ts_engage_write,299089370
13:15:42.531 -> C,ts_engage_write,299177389
13:15:42.623 -> C,ts_engage_write,299265383
13:15:42.716 -> C,ts_engage_write,299353372
13:15:42.810 -> [FACE] heartbeat
13:15:42.810 -> C,mood_str,50
13:15:42.810 -> C,ts_engage_write,299441487
13:15:42.810 -> C,engage_lvl,208
13:15:42.810 -> C,modifier,15
13:15:42.810 -> C,engage_floor,0
13:15:42.810 -> C,loop_us,287
13:15:42.902 -> C,ts_engage_write,299529368
13:15:42.996 -> C,ts_engage_write,299617372
13:15:43.044 -> C,ts_engage_write,299705392
13:15:43.136 -> C,ts_engage_write,299793382
13:15:43.229 -> C,ts_engage_write,299881371
13:15:43.323 -> C,ts_engage_write,299969370
13:15:43.323 -> C,engage_lvl,207
13:15:43.417 -> C,ts_engage_write,300057370
13:15:43.510 -> C,ts_engage_write,300145391
13:15:43.602 -> C,dom_touch,84
13:15:43.602 -> C,dom_sec,0
13:15:43.602 -> [MEM] tick: records=3 strength=84
13:15:43.602 -> C,rec_count,3
13:15:43.602 -> C,ts_engage_write,300233546
13:15:43.695 -> C,ts_engage_write,300321379
13:15:43.787 -> C,ts_engage_write,300409368
13:15:43.879 -> [FACE] heartbeat
13:15:43.879 -> C,mood_str,50
13:15:43.879 -> C,ts_engage_write,300497464
13:15:43.879 -> C,engage_lvl,206
13:15:43.879 -> C,modifier,15
13:15:43.879 -> C,engage_floor,0
13:15:43.879 -> C,loop_us,279
13:15:43.926 -> C,ts_engage_write,300585370
13:15:44.019 -> C,ts_engage_write,300673392
13:15:44.112 -> C,ts_engage_write,300761383
13:15:44.205 -> C,ts_engage_write,300849372
13:15:44.298 -> C,ts_engage_write,300937372
13:15:44.392 -> C,ts_engage_write,301025372
13:15:44.392 -> C,engage_lvl,204
13:15:44.486 -> C,ts_engage_write,301113370
13:15:44.579 -> C,ts_engage_write,301201389
13:15:44.672 -> C,ts_engage_write,301289383
13:15:44.719 -> C,ts_engage_write,301377378
13:15:44.812 -> C,ts_engage_write,301465372
13:15:44.906 -> [FACE] heartbeat
13:15:44.906 -> C,mood_str,50
13:15:44.906 -> C,ts_engage_write,301553486
13:15:44.906 -> C,engage_lvl,203
13:15:44.906 -> C,modifier,15
13:15:44.906 -> C,engage_floor,0
13:15:44.906 -> C,loop_us,287
13:15:44.997 -> C,ts_engage_write,301641368
13:15:45.089 -> C,ts_engage_write,301729397
13:15:45.183 -> C,ts_engage_write,301817378
13:15:45.277 -> C,ts_engage_write,301905372
13:15:45.369 -> C,ts_engage_write,301993372
13:15:45.462 -> C,ts_engage_write,302081370
13:15:45.462 -> C,engage_lvl,201
13:15:45.509 -> C,ts_engage_write,302169387
13:15:45.603 -> C,ts_engage_write,302257385
13:15:45.696 -> C,ts_engage_write,302345372
13:15:45.789 -> C,ts_engage_write,302433373
13:15:45.881 -> C,ts_engage_write,302521373
13:15:45.976 -> [FACE] heartbeat
13:15:45.976 -> C,mood_str,50
13:15:45.976 -> C,ts_engage_write,302609483
13:15:45.976 -> C,engage_lvl,200
13:15:45.976 -> C,modifier,15
13:15:45.976 -> C,engage_floor,0
13:15:45.976 -> C,loop_us,283
13:15:46.068 -> C,ts_engage_write,302700759
13:15:46.161 -> C,ts_engage_write,302788391
13:15:46.254 -> C,ts_engage_write,302876370
13:15:46.347 -> C,ts_engage_write,302964370
13:15:46.393 -> C,ts_engage_write,303052370
13:15:46.485 -> C,ts_engage_write,303140369
13:15:46.485 -> C,engage_lvl,199
13:15:46.580 -> C,ts_engage_write,303228395
13:15:46.674 -> C,ts_engage_write,303316381
13:15:46.767 -> C,ts_engage_write,303404372
13:15:46.860 -> C,ts_engage_write,303492372
13:15:46.953 -> C,ts_engage_write,303580372
13:15:47.045 -> [FACE] heartbeat
13:15:47.045 -> C,mood_str,50
13:15:47.045 -> C,ts_engage_write,303668559
13:15:47.045 -> C,engage_lvl,197
13:15:47.045 -> C,modifier,15
13:15:47.045 -> C,engage_floor,0
13:15:47.045 -> C,loop_us,374
13:15:47.138 -> C,ts_engage_write,303756376
13:15:47.185 -> C,ts_engage_write,303844384
13:15:47.278 -> C,ts_engage_write,303932378
13:15:47.372 -> C,ts_engage_write,304020370
13:15:47.466 -> C,ts_engage_write,304108366
13:15:47.559 -> C,ts_engage_write,304196390
13:15:47.559 -> C,engage_lvl,196
13:15:47.653 -> C,ts_engage_write,304284379
13:15:47.746 -> C,ts_engage_write,304372369
13:15:47.839 -> C,ts_engage_write,304460368
13:15:47.885 -> C,ts_engage_write,304548367
13:15:47.979 -> C,ts_engage_write,304636368
13:15:48.073 -> [FACE] heartbeat
13:15:48.073 -> C,mood_str,50
13:15:48.073 -> C,ts_engage_write,304724547
13:15:48.073 -> C,engage_lvl,194
13:15:48.073 -> C,modifier,15
13:15:48.073 -> C,engage_floor,0
13:15:48.073 -> C,loop_us,365
13:15:48.165 -> C,ts_engage_write,304812379
13:15:48.258 -> C,ts_engage_write,304900366
13:15:48.351 -> C,ts_engage_write,304988370
13:15:48.445 -> C,ts_engage_write,305076365
13:15:48.537 -> C,ts_engage_write,305164393
13:15:48.632 -> C,ts_engage_write,305252384
13:15:48.632 -> C,engage_lvl,193
13:15:48.678 -> C,ts_engage_write,305340380
13:15:48.771 -> C,ts_engage_write,305428372
13:15:48.865 -> C,ts_engage_write,305516372
13:15:48.958 -> C,ts_engage_write,305604372
13:15:49.051 -> C,ts_engage_write,305692386
13:15:49.145 -> [FACE] heartbeat
13:15:49.145 -> C,mood_str,50
13:15:49.145 -> C,ts_engage_write,305780515
13:15:49.145 -> C,engage_lvl,191
13:15:49.145 -> C,modifier,15
13:15:49.145 -> C,engage_floor,0
13:15:49.145 -> C,loop_us,317
13:15:49.238 -> C,ts_engage_write,305868371
13:15:49.329 -> C,ts_engage_write,305956371
13:15:49.423 -> C,ts_engage_write,306044372
13:15:49.470 -> C,ts_engage_write,306132369
13:15:49.562 -> C,ts_engage_write,306220393
13:15:49.655 -> C,ts_engage_write,306308381
13:15:49.655 -> C,engage_lvl,190
13:15:49.747 -> C,ts_engage_write,306396374
13:15:49.840 -> C,ts_engage_write,306484372
13:15:49.934 -> C,ts_engage_write,306572372
13:15:50.027 -> C,ts_engage_write,306660391
13:15:50.120 -> C,ts_engage_write,306748385
13:15:50.213 -> [FACE] heartbeat
13:15:50.213 -> C,mood_str,50
13:15:50.213 -> C,ts_engage_write,306836489
13:15:50.213 -> C,engage_lvl,189
13:15:50.213 -> C,modifier,15
13:15:50.213 -> C,engage_floor,0
13:15:50.213 -> C,loop_us,290
13:15:50.306 -> C,ts_engage_write,306924368
13:15:50.352 -> C,ts_engage_write,307012372
13:15:50.444 -> C,ts_engage_write,307100370
13:15:50.538 -> C,ts_engage_write,307188392
13:15:50.631 -> C,ts_engage_write,307276382
13:15:50.725 -> C,ts_engage_write,307364374
13:15:50.725 -> C,engage_lvl,187
13:15:50.819 -> C,ts_engage_write,307452372
13:15:50.910 -> C,ts_engage_write,307540372
13:15:51.005 -> C,ts_engage_write,307628372
13:15:51.098 -> C,ts_engage_write,307716391
13:15:51.145 -> C,ts_engage_write,307804382
13:15:51.238 -> [FACE] heartbeat
13:15:51.238 -> C,mood_str,50
13:15:51.238 -> C,ts_engage_write,307892480
13:15:51.238 -> C,engage_lvl,186
13:15:51.238 -> C,modifier,15
13:15:51.238 -> C,engage_floor,0
13:15:51.238 -> C,loop_us,280
13:15:51.329 -> C,ts_engage_write,307980371
13:15:51.422 -> C,ts_engage_write,308068369
13:15:51.514 -> C,ts_engage_write,308156391
13:15:51.606 -> C,ts_engage_write,308244382
13:15:51.700 -> C,ts_engage_write,308332373
13:15:51.795 -> C,ts_engage_write,308420372
13:15:51.795 -> C,engage_lvl,184
13:15:51.888 -> C,ts_engage_write,308508372
13:15:51.934 -> C,ts_engage_write,308596372
13:15:52.027 -> C,ts_engage_write,308684391
13:15:52.118 -> C,ts_engage_write,308772383
13:15:52.212 -> C,ts_engage_write,308860374
13:15:52.305 -> [FACE] heartbeat
13:15:52.305 -> C,mood_str,50
13:15:52.305 -> C,ts_engage_write,308948481
13:15:52.305 -> C,engage_lvl,183
13:15:52.305 -> C,modifier,15
13:15:52.305 -> C,engage_floor,0
13:15:52.305 -> C,loop_us,282
13:15:52.398 -> C,ts_engage_write,309036368
13:15:52.490 -> C,ts_engage_write,309124369
13:15:52.584 -> C,ts_engage_write,309212393
13:15:52.677 -> C,ts_engage_write,309300381
13:15:52.769 -> C,ts_engage_write,309388374
13:15:52.816 -> C,ts_engage_write,309476372
13:15:52.816 -> C,engage_lvl,182
13:15:52.909 -> C,ts_engage_write,309564372
13:15:53.003 -> C,ts_engage_write,309652390
13:15:53.095 -> C,ts_engage_write,309740383
13:15:53.189 -> C,ts_engage_write,309828378
13:15:53.281 -> C,ts_engage_write,309916373
13:15:53.375 -> [FACE] heartbeat
13:15:53.375 -> C,mood_str,50
13:15:53.375 -> C,ts_engage_write,310004485
13:15:53.375 -> C,engage_lvl,180
13:15:53.375 -> C,modifier,15
13:15:53.375 -> C,engage_floor,0
13:15:53.375 -> C,loop_us,287
13:15:53.467 -> C,ts_engage_write,310092367
13:15:53.560 -> C,ts_engage_write,310180394
13:15:53.607 -> C,ts_engage_write,310268382
13:15:53.700 -> C,ts_engage_write,310356372
13:15:53.793 -> C,ts_engage_write,310444372
13:15:53.885 -> C,ts_engage_write,310532372
13:15:53.885 -> C,engage_lvl,179
13:15:53.978 -> C,ts_engage_write,310620372
13:15:54.070 -> C,ts_engage_write,310708394
13:15:54.164 -> C,ts_engage_write,310796383
13:15:54.257 -> C,ts_engage_write,310884372
13:15:54.350 -> C,ts_engage_write,310972372
13:15:54.442 -> [FACE] heartbeat
13:15:54.442 -> C,mood_str,50
13:15:54.442 -> C,ts_engage_write,311060488
13:15:54.442 -> C,engage_lvl,177
13:15:54.442 -> C,modifier,15
13:15:54.442 -> C,engage_floor,0
13:15:54.442 -> C,loop_us,290
13:15:54.489 -> C,ts_engage_write,311148394
13:15:54.583 -> C,ts_engage_write,311236382
13:15:54.676 -> C,ts_engage_write,311324371
13:15:54.769 -> C,ts_engage_write,311412372
13:15:54.862 -> C,ts_engage_write,311500372
13:15:54.956 -> C,ts_engage_write,311588372
13:15:54.956 -> C,engage_lvl,176
13:15:55.049 -> C,ts_engage_write,311676392
13:15:55.141 -> C,ts_engage_write,311764383
13:15:55.234 -> C,ts_engage_write,311852372
13:15:55.281 -> C,ts_engage_write,311940372
13:15:55.373 -> C,ts_engage_write,312028372
13:15:55.467 -> [FACE] heartbeat
13:15:55.467 -> C,mood_str,50
13:15:55.467 -> C,ts_engage_write,312116487
13:15:55.467 -> C,engage_lvl,175
13:15:55.467 -> C,modifier,15
13:15:55.467 -> C,engage_floor,0
13:15:55.467 -> C,loop_us,287
13:15:55.560 -> C,ts_engage_write,312204394
13:15:55.654 -> C,ts_engage_write,312292381
13:15:55.746 -> C,ts_engage_write,312380371
13:15:55.837 -> C,ts_engage_write,312468372
13:15:55.931 -> C,ts_engage_write,312556372
13:15:56.024 -> C,ts_engage_write,312644393
13:15:56.024 -> C,engage_lvl,173
13:15:56.071 -> C,ts_engage_write,312732383
13:15:56.164 -> C,ts_engage_write,312820372
13:15:56.256 -> C,ts_engage_write,312908372
13:15:56.348 -> C,ts_engage_write,312996372
13:15:56.441 -> C,ts_engage_write,313084369
13:15:56.535 -> [FACE] heartbeat
13:15:56.535 -> C,mood_str,50
13:15:56.535 -> C,ts_engage_write,313172532
13:15:56.535 -> C,engage_lvl,172
13:15:56.535 -> C,modifier,15
13:15:56.535 -> C,engage_floor,0
13:15:56.535 -> C,loop_us,345
13:15:56.628 -> C,ts_engage_write,313260376
13:15:56.721 -> C,ts_engage_write,313348370
13:15:56.814 -> C,ts_engage_write,313436367
13:15:56.907 -> C,ts_engage_write,313524370
13:15:56.953 -> C,ts_engage_write,313612366
13:15:57.045 -> C,ts_engage_write,313700392
13:15:57.045 -> C,engage_lvl,170
13:15:57.138 -> C,ts_engage_write,313788380
13:15:57.230 -> C,ts_engage_write,313876377
13:15:57.323 -> C,ts_engage_write,313964369
13:15:57.417 -> C,ts_engage_write,314052372
13:15:57.509 -> C,ts_engage_write,314140367
13:15:57.601 -> [FACE] heartbeat
13:15:57.601 -> C,mood_str,50
13:15:57.601 -> C,ts_engage_write,314228536
13:15:57.601 -> C,engage_lvl,169
13:15:57.601 -> C,modifier,15
13:15:57.601 -> C,engage_floor,0
13:15:57.601 -> C,loop_us,354
13:15:57.694 -> C,ts_engage_write,314316374
13:15:57.786 -> C,ts_engage_write,314404370
13:15:57.832 -> C,ts_engage_write,314492367
13:15:57.925 -> C,ts_engage_write,314580370
13:15:58.018 -> C,ts_engage_write,314668392
13:15:58.112 -> C,ts_engage_write,314756386
13:15:58.112 -> C,engage_lvl,168
13:15:58.204 -> C,ts_engage_write,314844372
13:15:58.298 -> C,ts_engage_write,314932372
13:15:58.391 -> C,ts_engage_write,315020372
13:15:58.484 -> C,ts_engage_write,315108369
13:15:58.577 -> C,ts_engage_write,315196394
13:15:58.624 -> [FACE] heartbeat
13:15:58.624 -> C,mood_str,50
13:15:58.624 -> C,ts_engage_write,315284508
13:15:58.624 -> C,engage_lvl,166
13:15:58.624 -> C,modifier,15
13:15:58.624 -> C,engage_floor,0
13:15:58.624 -> C,loop_us,311
13:15:58.717 -> C,ts_engage_write,315372370
13:15:58.811 -> C,ts_engage_write,315460371
13:15:58.904 -> C,ts_engage_write,315548372
13:15:58.997 -> C,ts_engage_write,315636372
13:15:59.090 -> C,ts_engage_write,315724394
13:15:59.183 -> C,ts_engage_write,315812383
13:15:59.183 -> C,engage_lvl,165
13:15:59.275 -> C,ts_engage_write,315900372
13:15:59.368 -> C,ts_engage_write,315988372
13:15:59.414 -> C,ts_engage_write,316076369
13:15:59.509 -> C,ts_engage_write,316164393
13:15:59.601 -> C,ts_engage_write,316252382
13:15:59.695 -> [FACE] heartbeat
13:15:59.695 -> C,mood_str,50
13:15:59.695 -> C,ts_engage_write,316340487
13:15:59.695 -> C,engage_lvl,163
13:15:59.695 -> C,modifier,15
13:15:59.695 -> C,engage_floor,0
13:15:59.695 -> C,loop_us,289
13:15:59.788 -> C,ts_engage_write,316428369
13:15:59.882 -> C,ts_engage_write,316516372
13:15:59.974 -> C,ts_engage_write,316604371
13:16:00.068 -> C,ts_engage_write,316692392
13:16:00.160 -> C,ts_engage_write,316780384
13:16:00.207 -> C,ts_engage_write,316868372
13:16:00.207 -> C,engage_lvl,162
13:16:00.299 -> C,ts_engage_write,316956372
13:16:00.391 -> C,ts_engage_write,317044372
13:16:00.486 -> C,ts_engage_write,317132369
13:16:00.579 -> C,ts_engage_write,317220394
13:16:00.669 -> C,ts_engage_write,317308381
13:16:00.762 -> [FACE] heartbeat
13:16:00.762 -> C,mood_str,50
13:16:00.762 -> C,ts_engage_write,317396488
13:16:00.762 -> C,engage_lvl,161
13:16:00.762 -> C,modifier,15
13:16:00.762 -> C,engage_floor,0
13:16:00.762 -> C,loop_us,286
13:16:00.857 -> C,ts_engage_write,317484369
13:16:00.949 -> C,ts_engage_write,317572372
13:16:01.043 -> C,ts_engage_write,317660392
13:16:01.089 -> C,ts_engage_write,317748384
13:16:01.181 -> C,ts_engage_write,317836371
13:16:01.274 -> C,ts_engage_write,317924372
13:16:01.274 -> C,engage_lvl,159
13:16:01.367 -> C,ts_engage_write,318012372
13:16:01.460 -> C,ts_engage_write,318100369
13:16:01.554 -> C,ts_engage_write,318188393
13:16:01.646 -> C,ts_engage_write,318276382
13:16:01.739 -> C,ts_engage_write,318364372
13:16:01.833 -> [FACE] heartbeat
13:16:01.833 -> C,mood_str,50
13:16:01.833 -> C,ts_engage_write,318452502
13:16:01.833 -> C,engage_lvl,158
13:16:01.833 -> C,modifier,15
13:16:01.833 -> C,engage_floor,0
13:16:01.833 -> C,loop_us,304
13:16:01.881 -> C,ts_engage_write,318540371
13:16:01.972 -> C,ts_engage_write,318628372
13:16:02.066 -> C,ts_engage_write,318716393
13:16:02.158 -> C,ts_engage_write,318804384
13:16:02.250 -> C,ts_engage_write,318892371
13:16:02.345 -> C,ts_engage_write,318980370
13:16:02.345 -> C,engage_lvl,156
13:16:02.438 -> C,ts_engage_write,319068369
13:16:02.531 -> C,ts_engage_write,319156393
13:16:02.623 -> C,ts_engage_write,319244382
13:16:02.670 -> C,ts_engage_write,319332372
13:16:02.762 -> C,ts_engage_write,319420372
13:16:02.854 -> [FACE] heartbeat
13:16:02.854 -> C,mood_str,50
13:16:02.854 -> C,ts_engage_write,319508485
13:16:02.854 -> C,engage_lvl,155
13:16:02.854 -> C,modifier,15
13:16:02.854 -> C,engage_floor,0
13:16:02.854 -> C,loop_us,294
13:16:02.946 -> C,ts_engage_write,319596370
13:16:03.039 -> C,ts_engage_write,319684392
13:16:03.132 -> C,ts_engage_write,319772384
13:16:03.226 -> C,ts_engage_write,319860372
13:16:03.318 -> C,ts_engage_write,319948372
13:16:03.410 -> C,ts_engage_write,320036372
13:16:03.410 -> C,engage_lvl,154
13:16:03.503 -> C,ts_engage_write,320124369
13:16:03.594 -> C,ts_engage_write,320212394
13:16:03.641 -> C,ts_engage_write,320300381
13:16:03.736 -> C,ts_engage_write,320388372
13:16:03.829 -> C,ts_engage_write,320476372
13:16:03.922 -> [FACE] heartbeat
13:16:03.922 -> C,mood_str,50
13:16:03.922 -> C,ts_engage_write,320564487
13:16:03.922 -> C,engage_lvl,152
13:16:03.922 -> C,modifier,15
13:16:03.922 -> C,engage_floor,0
13:16:03.922 -> C,loop_us,298
13:16:04.015 -> C,ts_engage_write,320652393
13:16:04.109 -> C,ts_engage_write,320740382
13:16:04.202 -> C,ts_engage_write,320828371
13:16:04.296 -> C,ts_engage_write,320916370
13:16:04.343 -> C,ts_engage_write,321004370
13:16:04.436 -> C,ts_engage_write,321092369
13:16:04.436 -> C,engage_lvl,151
13:16:04.528 -> C,ts_engage_write,321180393
13:16:04.620 -> C,ts_engage_write,321268382
13:16:04.713 -> C,ts_engage_write,321356372
13:16:04.805 -> C,ts_engage_write,321444372
13:16:04.898 -> C,ts_engage_write,321532372
13:16:04.990 -> [FACE] heartbeat
13:16:04.990 -> C,mood_str,50
13:16:04.990 -> C,ts_engage_write,321620478
13:16:04.990 -> C,engage_lvl,149
13:16:04.990 -> C,modifier,15
13:16:04.990 -> C,engage_floor,0
13:16:04.990 -> C,loop_us,283
13:16:05.085 -> C,ts_engage_write,321708394
13:16:05.178 -> C,ts_engage_write,321796381
13:16:05.224 -> C,ts_engage_write,321884371
13:16:05.315 -> C,ts_engage_write,321972370
13:16:05.408 -> C,ts_engage_write,322060369
13:16:05.502 -> C,ts_engage_write,322148393
13:16:05.502 -> C,engage_lvl,148
13:16:05.595 -> C,ts_engage_write,322236382
13:16:05.688 -> C,ts_engage_write,322324378
13:16:05.780 -> C,ts_engage_write,322412373
13:16:05.872 -> C,ts_engage_write,322500372
13:16:05.965 -> C,ts_engage_write,322588372
13:16:06.056 -> [FACE] heartbeat
13:16:06.056 -> C,mood_str,50
13:16:06.056 -> C,ts_engage_write,322676543
13:16:06.056 -> C,engage_lvl,146
13:16:06.056 -> C,modifier,15
13:16:06.056 -> C,engage_floor,0
13:16:06.056 -> C,loop_us,355
13:16:06.102 -> C,ts_engage_write,322764377
13:16:06.195 -> C,ts_engage_write,322852370
13:16:06.287 -> C,ts_engage_write,322940367
13:16:06.379 -> C,ts_engage_write,323028370
13:16:06.473 -> C,ts_engage_write,323116365
13:16:06.566 -> C,ts_engage_write,323204392
13:16:06.566 -> C,engage_lvl,145
13:16:06.659 -> C,ts_engage_write,323292376
13:16:06.751 -> C,ts_engage_write,323380370
13:16:06.844 -> C,ts_engage_write,323468366
13:16:06.938 -> C,ts_engage_write,323556370
13:16:06.983 -> C,ts_engage_write,323644394
13:16:07.076 -> [FACE] heartbeat
13:16:07.076 -> C,mood_str,50
13:16:07.076 -> C,ts_engage_write,323732504
13:16:07.076 -> C,engage_lvl,144
13:16:07.076 -> C,modifier,15
13:16:07.076 -> C,engage_floor,0
13:16:07.076 -> C,loop_us,304
13:16:07.168 -> C,ts_engage_write,323820369
13:16:07.263 -> C,ts_engage_write,323908371
13:16:07.355 -> C,ts_engage_write,323996372
13:16:07.448 -> C,ts_engage_write,324084369
13:16:07.541 -> C,ts_engage_write,324172395
13:16:07.635 -> C,ts_engage_write,324260382
13:16:07.635 -> C,engage_lvl,142
13:16:07.728 -> C,ts_engage_write,324348372
13:16:07.774 -> C,ts_engage_write,324436372
13:16:07.867 -> C,ts_engage_write,324524372
13:16:07.960 -> C,ts_engage_write,324612372
13:16:08.054 -> C,ts_engage_write,324700395
13:16:08.146 -> [FACE] heartbeat
13:16:08.146 -> C,mood_str,50
13:16:08.146 -> C,ts_engage_write,324788502
13:16:08.146 -> C,engage_lvl,141
13:16:08.146 -> C,modifier,15
13:16:08.146 -> C,engage_floor,0
13:16:08.146 -> C,loop_us,302
13:16:08.239 -> C,ts_engage_write,324876369
13:16:08.332 -> C,ts_engage_write,324964371
13:16:08.424 -> C,ts_engage_write,325052372
13:16:08.518 -> C,ts_engage_write,325140369
13:16:08.610 -> C,ts_engage_write,325228396
13:16:08.657 -> C,ts_engage_write,325316381
13:16:08.657 -> C,engage_lvl,139
13:16:08.749 -> C,ts_engage_write,325404372
13:16:08.842 -> C,ts_engage_write,325492372
13:16:08.936 -> C,ts_engage_write,325580372
13:16:09.030 -> C,ts_engage_write,325668394
13:16:09.123 -> C,ts_engage_write,325756383
13:16:09.216 -> [FACE] heartbeat
13:16:09.216 -> C,mood_str,50
13:16:09.216 -> C,ts_engage_write,325844483
13:16:09.216 -> C,engage_lvl,138
13:16:09.216 -> C,modifier,15
13:16:09.216 -> C,engage_floor,0
13:16:09.216 -> C,loop_us,294
13:16:09.309 -> C,ts_engage_write,325932368
13:16:09.402 -> C,ts_engage_write,326020372
13:16:09.448 -> C,ts_engage_write,326108370
13:16:09.541 -> C,ts_engage_write,326196396
13:16:09.634 -> C,ts_engage_write,326284381
13:16:09.727 -> C,ts_engage_write,326372372
13:16:09.727 -> C,engage_lvl,137
13:16:09.820 -> C,ts_engage_write,326460378
13:16:09.914 -> C,ts_engage_write,326548372
13:16:10.008 -> C,ts_engage_write,326636372
13:16:10.101 -> C,ts_engage_write,326724395
13:16:10.148 -> C,ts_engage_write,326812383
13:16:10.241 -> [FACE] heartbeat
13:16:10.241 -> C,mood_str,50
13:16:10.241 -> C,ts_engage_write,326900482
13:16:10.241 -> C,engage_lvl,135
13:16:10.241 -> C,modifier,15
13:16:10.241 -> C,engage_floor,0
13:16:10.241 -> C,loop_us,284
13:16:10.335 -> C,ts_engage_write,326988368
13:16:10.427 -> C,ts_engage_write,327076369
13:16:10.521 -> C,ts_engage_write,327164394
13:16:10.614 -> C,ts_engage_write,327252382
13:16:10.707 -> C,ts_engage_write,327340371
13:16:10.800 -> C,ts_engage_write,327428372
13:16:10.800 -> C,engage_lvl,134
13:16:10.893 -> C,ts_engage_write,327516372
13:16:10.986 -> C,ts_engage_write,327604372
13:16:11.033 -> C,ts_engage_write,327692393
13:16:11.127 -> C,ts_engage_write,327780383
13:16:11.220 -> C,ts_engage_write,327868371
13:16:11.312 -> [FACE] heartbeat
13:16:11.312 -> C,mood_str,50
13:16:11.312 -> C,ts_engage_write,327956484
13:16:11.312 -> C,engage_lvl,132
13:16:11.312 -> C,modifier,15
13:16:11.312 -> C,engage_floor,0
13:16:11.312 -> C,loop_us,286
13:16:11.406 -> C,ts_engage_write,328044368
13:16:11.498 -> C,ts_engage_write,328132369
13:16:11.591 -> C,ts_engage_write,328220396
13:16:11.684 -> C,ts_engage_write,328308381
13:16:11.778 -> C,ts_engage_write,328396371
13:16:11.826 -> C,ts_engage_write,328484372
13:16:11.826 -> C,engage_lvl,131
13:16:11.919 -> C,ts_engage_write,328572372
13:16:12.012 -> C,ts_engage_write,328660394
13:16:12.107 -> C,ts_engage_write,328748383
13:16:12.199 -> C,ts_engage_write,328836372
13:16:12.291 -> C,ts_engage_write,328924372
13:16:12.384 -> [FACE] heartbeat
13:16:12.384 -> C,mood_str,50
13:16:12.384 -> C,ts_engage_write,329012482
13:16:12.384 -> C,engage_lvl,130
13:16:12.384 -> C,modifier,15
13:16:12.384 -> C,engage_floor,0
13:16:12.384 -> C,loop_us,284
13:16:12.476 -> C,ts_engage_write,329100367
13:16:12.569 -> C,ts_engage_write,329188395
13:16:12.616 -> C,ts_engage_write,329276382
13:16:12.708 -> C,ts_engage_write,329364372
13:16:12.801 -> C,ts_engage_write,329452372
13:16:12.895 -> C,ts_engage_write,329540372
13:16:12.895 -> C,engage_lvl,128
13:16:12.988 -> C,ts_engage_write,329628372
13:16:13.081 -> C,ts_engage_write,329716395
13:16:13.175 -> C,ts_engage_write,329804382
13:16:13.268 -> C,ts_engage_write,329892372
13:16:13.361 -> C,ts_engage_write,329980372
13:16:13.409 -> [FACE] heartbeat
13:16:13.409 -> C,mood_str,50
13:16:13.409 -> C,ts_engage_write,330068482
13:16:13.409 -> C,engage_lvl,127
13:16:13.409 -> C,modifier,15
13:16:13.409 -> C,engage_floor,0
13:16:13.409 -> C,loop_us,282
13:16:13.502 -> C,ts_engage_write,330156394
13:16:13.595 -> C,ts_engage_write,330244382
13:16:13.689 -> C,ts_engage_write,330332371
13:16:13.781 -> C,ts_engage_write,330420372
13:16:13.874 -> C,ts_engage_write,330508372
13:16:13.966 -> C,ts_engage_write,330596372
13:16:13.966 -> C,engage_lvl,125
13:16:14.059 -> C,ts_engage_write,330684394
13:16:14.152 -> C,ts_engage_write,330772385
13:16:14.199 -> C,ts_engage_write,330860378
13:16:14.293 -> C,ts_engage_write,330948372
13:16:14.387 -> C,ts_engage_write,331036372
13:16:14.479 -> [FACE] heartbeat
13:16:14.479 -> C,mood_str,50
13:16:14.479 -> C,ts_engage_write,331124477
13:16:14.479 -> C,engage_lvl,124
13:16:14.479 -> C,modifier,15
13:16:14.479 -> C,engage_floor,0
13:16:14.479 -> C,loop_us,277
13:16:14.572 -> C,ts_engage_write,331212396
13:16:14.665 -> C,ts_engage_write,331300381
13:16:14.759 -> C,ts_engage_write,331388372
13:16:14.853 -> C,ts_engage_write,331476372
13:16:14.947 -> C,ts_engage_write,331564372
13:16:14.994 -> C,ts_engage_write,331652394
13:16:14.994 -> C,engage_lvl,123
13:16:15.088 -> C,ts_engage_write,331740383
13:16:15.179 -> C,ts_engage_write,331828372
13:16:15.272 -> C,ts_engage_write,331916372
13:16:15.364 -> C,ts_engage_write,332004372
13:16:15.457 -> C,ts_engage_write,332092369
13:16:15.550 -> [FACE] heartbeat
13:16:15.550 -> C,mood_str,50
13:16:15.550 -> C,ts_engage_write,332180533
13:16:15.550 -> C,engage_lvl,121
13:16:15.550 -> C,modifier,15
13:16:15.550 -> C,engage_floor,0
13:16:15.550 -> C,loop_us,349
13:16:15.643 -> C,ts_engage_write,332268375
13:16:15.736 -> C,ts_engage_write,332356366
13:16:15.783 -> C,ts_engage_write,332444367
13:16:15.875 -> C,ts_engage_write,332532366
13:16:15.967 -> C,ts_engage_write,332620366
13:16:16.060 -> C,ts_engage_write,332708389
13:16:16.060 -> C,engage_lvl,120
13:16:16.152 -> C,ts_engage_write,332796379
13:16:16.245 -> C,ts_engage_write,332884368
13:16:16.338 -> C,ts_engage_write,332972368
13:16:16.431 -> C,ts_engage_write,333060366
13:16:16.523 -> C,ts_engage_write,333148393
13:16:16.618 -> [FACE] heartbeat
13:16:16.618 -> C,mood_str,50
13:16:16.618 -> C,ts_engage_write,333236512
13:16:16.618 -> C,engage_lvl,118
13:16:16.618 -> C,modifier,15
13:16:16.618 -> C,engage_floor,0
13:16:16.618 -> C,loop_us,314
13:16:16.664 -> C,ts_engage_write,333324369
13:16:16.757 -> C,ts_engage_write,333412371
13:16:16.850 -> C,ts_engage_write,333500372
13:16:16.943 -> C,ts_engage_write,333588372
13:16:17.035 -> C,ts_engage_write,333676394
13:16:17.129 -> C,ts_engage_write,333764383
13:16:17.129 -> C,engage_lvl,117
13:16:17.221 -> C,ts_engage_write,333852372
13:16:17.314 -> C,ts_engage_write,333940372
13:16:17.409 -> C,ts_engage_write,334028372
13:16:17.454 -> C,ts_engage_write,334116369
13:16:17.548 -> C,ts_engage_write,334204394
13:16:17.644 -> [FACE] heartbeat
13:16:17.644 -> C,mood_str,50
13:16:17.644 -> C,ts_engage_write,334292505
13:16:17.644 -> C,engage_lvl,116
13:16:17.644 -> C,modifier,15
13:16:17.644 -> C,engage_floor,0
13:16:17.644 -> C,loop_us,305
13:16:17.738 -> C,ts_engage_write,334380369
13:16:17.829 -> C,ts_engage_write,334468371
13:16:17.924 -> C,ts_engage_write,334556378
13:16:18.017 -> C,ts_engage_write,334644391
13:16:18.112 -> C,ts_engage_write,334732386
13:16:18.159 -> C,ts_engage_write,334820372
13:16:18.159 -> C,engage_lvl,114
13:16:18.252 -> C,ts_engage_write,334908372
13:16:18.345 -> C,ts_engage_write,334996372
13:16:18.438 -> C,ts_engage_write,335084369
13:16:18.531 -> C,ts_engage_write,335172391
13:16:18.625 -> C,ts_engage_write,335260383
13:16:18.717 -> [FACE] heartbeat
13:16:18.717 -> C,mood_str,50
13:16:18.717 -> C,ts_engage_write,335348479
13:16:18.717 -> C,engage_lvl,113
13:16:18.717 -> C,modifier,15
13:16:18.717 -> C,engage_floor,0
13:16:18.717 -> C,loop_us,291
13:16:18.811 -> C,ts_engage_write,335436368
13:16:18.902 -> C,ts_engage_write,335524372
13:16:18.950 -> C,ts_engage_write,335612371
13:16:19.043 -> C,ts_engage_write,335700393
13:16:19.136 -> C,ts_engage_write,335788383
13:16:19.229 -> C,ts_engage_write,335876372
13:16:19.229 -> C,engage_lvl,111
13:16:19.322 -> C,ts_engage_write,335964372
13:16:19.415 -> C,ts_engage_write,336052372
13:16:19.508 -> C,ts_engage_write,336140369
13:16:19.602 -> C,ts_engage_write,336228392
13:16:19.695 -> C,ts_engage_write,336316382
13:16:19.741 -> [FACE] heartbeat
13:16:19.741 -> C,mood_str,50
13:16:19.741 -> C,ts_engage_write,336404485
13:16:19.741 -> C,engage_lvl,110
13:16:19.741 -> C,modifier,15
13:16:19.741 -> C,engage_floor,0
13:16:19.741 -> C,loop_us,287
13:16:19.835 -> C,ts_engage_write,336492368
13:16:19.929 -> C,ts_engage_write,336580372
13:16:20.023 -> C,ts_engage_write,336668391
13:16:20.114 -> C,ts_engage_write,336756383
13:16:20.207 -> C,ts_engage_write,336844371
13:16:20.299 -> C,ts_engage_write,336932370
13:16:20.299 -> C,engage_lvl,109
13:16:20.393 -> C,ts_engage_write,337020370
13:16:20.485 -> C,ts_engage_write,337108369
13:16:20.579 -> C,ts_engage_write,337196392
13:16:20.626 -> C,ts_engage_write,337284382
13:16:20.718 -> C,ts_engage_write,337372372
13:16:20.812 -> [FACE] heartbeat
13:16:20.812 -> C,mood_str,50
13:16:20.812 -> C,ts_engage_write,337460486
13:16:20.812 -> C,engage_lvl,107
13:16:20.812 -> C,modifier,15
13:16:20.812 -> C,engage_floor,0
13:16:20.812 -> C,loop_us,299
13:16:20.906 -> C,ts_engage_write,337548368
13:16:21.000 -> C,ts_engage_write,337636372
13:16:21.093 -> C,ts_engage_write,337724392
13:16:21.185 -> C,ts_engage_write,337812382
13:16:21.277 -> C,ts_engage_write,337900371
13:16:21.324 -> C,ts_engage_write,337988370
13:16:21.370 -> C,engage_lvl,106
13:16:21.416 -> C,ts_engage_write,338076369
13:16:21.509 -> C,ts_engage_write,338164391
13:16:21.602 -> C,ts_engage_write,338252383
13:16:21.697 -> C,ts_engage_write,338340372
13:16:21.792 -> C,ts_engage_write,338428372
13:16:21.883 -> [FACE] heartbeat
13:16:21.883 -> C,mood_str,50
13:16:21.883 -> C,ts_engage_write,338516487
13:16:21.883 -> C,engage_lvl,104
13:16:21.883 -> C,modifier,15
13:16:21.883 -> C,engage_floor,0
13:16:21.883 -> C,loop_us,294
13:16:21.976 -> C,ts_engage_write,338604374
13:16:22.069 -> C,ts_engage_write,338692393
13:16:22.162 -> C,ts_engage_write,338780385
13:16:22.209 -> C,ts_engage_write,338868372
13:16:22.303 -> C,ts_engage_write,338956372
13:16:22.395 -> C,ts_engage_write,339044372
13:16:22.395 -> C,engage_lvl,103
13:16:22.488 -> C,ts_engage_write,339132369
13:16:22.581 -> C,ts_engage_write,339220393
13:16:22.674 -> C,ts_engage_write,339308381
13:16:22.767 -> C,ts_engage_write,339396372
13:16:22.859 -> C,ts_engage_write,339484372
13:16:22.953 -> [FACE] heartbeat
13:16:22.953 -> C,mood_str,50
13:16:22.953 -> C,ts_engage_write,339572487
13:16:22.953 -> C,engage_lvl,101
13:16:22.953 -> C,modifier,15
13:16:22.953 -> C,engage_floor,0
13:16:22.953 -> C,loop_us,287
13:16:22.999 -> C,ts_engage_write,339660392
13:16:23.091 -> C,ts_engage_write,339748382
13:16:23.184 -> C,ts_engage_write,339836371
13:16:23.277 -> C,ts_engage_write,339924370
13:16:23.369 -> C,ts_engage_write,340012370
13:16:23.462 -> C,ts_engage_write,340100369
13:16:23.462 -> C,engage_lvl,100
13:16:23.555 -> C,ts_engage_write,340188392
13:16:23.648 -> C,ts_engage_write,340276382
13:16:23.742 -> C,ts_engage_write,340364372
13:16:23.789 -> C,ts_engage_write,340452372
13:16:23.881 -> C,ts_engage_write,340540372
13:16:23.976 -> [FACE] heartbeat
13:16:23.976 -> C,mood_str,50
13:16:23.976 -> C,ts_engage_write,340628489
13:16:23.976 -> C,engage_lvl,99
13:16:23.976 -> C,modifier,15
13:16:23.976 -> C,engage_floor,0
13:16:23.976 -> C,loop_us,298
13:16:24.068 -> C,ts_engage_write,340716394
13:16:24.162 -> C,ts_engage_write,340804381
13:16:24.255 -> C,ts_engage_write,340892371
13:16:24.347 -> C,ts_engage_write,340980370
13:16:24.440 -> C,ts_engage_write,341068369
13:16:24.533 -> C,ts_engage_write,341156392
13:16:24.533 -> C,engage_lvl,97
13:16:24.625 -> C,ts_engage_write,341244382
13:16:24.671 -> C,ts_engage_write,341332372
13:16:24.763 -> C,ts_engage_write,341420372
13:16:24.855 -> C,ts_engage_write,341508372
13:16:24.948 -> C,ts_engage_write,341596372
13:16:25.040 -> [FACE] heartbeat
13:16:25.040 -> C,mood_str,50
13:16:25.040 -> C,ts_engage_write,341684543
13:16:25.040 -> C,engage_lvl,96
13:16:25.040 -> C,modifier,15
13:16:25.040 -> C,engage_floor,0
13:16:25.040 -> C,loop_us,357
13:16:25.134 -> C,ts_engage_write,341772376
13:16:25.228 -> C,ts_engage_write,341860366
13:16:25.321 -> C,ts_engage_write,341948367
13:16:25.415 -> C,ts_engage_write,342036366
13:16:25.462 -> C,ts_engage_write,342124365
13:16:25.557 -> C,ts_engage_write,342212388
13:16:25.557 -> C,engage_lvl,94
13:16:25.650 -> C,ts_engage_write,342300383
13:16:25.744 -> C,ts_engage_write,342388368
13:16:25.838 -> C,ts_engage_write,342476368
13:16:25.930 -> C,ts_engage_write,342564368
13:16:26.024 -> C,ts_engage_write,342652388
13:16:26.115 -> [FACE] heartbeat
13:16:26.115 -> C,mood_str,50
13:16:26.115 -> C,ts_engage_write,342740513
13:16:26.115 -> C,engage_lvl,93
13:16:26.115 -> C,modifier,15
13:16:26.115 -> C,engage_floor,0
13:16:26.115 -> C,loop_us,314
13:16:26.209 -> C,ts_engage_write,342828369
13:16:26.256 -> C,ts_engage_write,342916371
13:16:26.347 -> C,ts_engage_write,343004372
13:16:26.442 -> C,ts_engage_write,343092369
13:16:26.536 -> C,ts_engage_write,343180389
13:16:26.630 -> C,ts_engage_write,343268387
13:16:26.630 -> C,engage_lvl,92
13:16:26.723 -> C,ts_engage_write,343356372
13:16:26.815 -> C,ts_engage_write,343444372
13:16:26.909 -> C,ts_engage_write,343532372
13:16:27.001 -> C,ts_engage_write,343620372
13:16:27.048 -> C,ts_engage_write,343708394
13:16:27.141 -> [FACE] heartbeat
13:16:27.141 -> C,mood_str,50
13:16:27.141 -> C,ts_engage_write,343796501
13:16:27.141 -> C,engage_lvl,90
13:16:27.141 -> C,modifier,15
13:16:27.141 -> C,engage_floor,0
13:16:27.141 -> C,loop_us,310
13:16:27.234 -> C,ts_engage_write,343884369
13:16:27.327 -> C,ts_engage_write,343972371
13:16:27.421 -> C,ts_engage_write,344060369
13:16:27.512 -> C,ts_engage_write,344148394
13:16:27.607 -> C,ts_engage_write,344236382
13:16:27.700 -> C,ts_engage_write,344324372
13:16:27.700 -> C,engage_lvl,89
13:16:27.794 -> C,ts_engage_write,344412372
13:16:27.839 -> C,ts_engage_write,344500372
13:16:27.932 -> C,ts_engage_write,344588372
13:16:28.025 -> C,ts_engage_write,344676393
13:16:28.119 -> C,ts_engage_write,344764383
13:16:28.212 -> [FACE] heartbeat
13:16:28.212 -> C,mood_str,50
13:16:28.212 -> C,ts_engage_write,344852460
13:16:28.212 -> C,engage_lvl,87
13:16:28.212 -> C,modifier,15
13:16:28.212 -> C,engage_floor,0
13:16:28.212 -> C,loop_us,275
13:16:28.306 -> C,ts_engage_write,344940372
13:16:28.398 -> C,ts_engage_write,345028372
13:16:28.491 -> C,ts_engage_write,345116369
13:16:28.584 -> C,ts_engage_write,345204395
13:16:28.631 -> C,ts_engage_write,345292381
13:16:28.725 -> C,ts_engage_write,345380372
13:16:28.725 -> C,engage_lvl,86
13:16:28.818 -> C,ts_engage_write,345468372
13:16:28.910 -> C,ts_engage_write,345556372
13:16:29.003 -> C,ts_engage_write,345644393
13:16:29.095 -> C,ts_engage_write,345732383
13:16:29.187 -> C,ts_engage_write,345820372
13:16:29.279 -> [FACE] heartbeat
13:16:29.279 -> C,mood_str,50
13:16:29.279 -> C,ts_engage_write,345908484
13:16:29.279 -> C,engage_lvl,85
13:16:29.279 -> C,modifier,15
13:16:29.279 -> C,engage_floor,0
13:16:29.279 -> C,loop_us,283
13:16:29.373 -> C,ts_engage_write,345996368
13:16:29.420 -> C,ts_engage_write,346084369
13:16:29.511 -> C,ts_engage_write,346172393
13:16:29.605 -> C,ts_engage_write,346260382
13:16:29.698 -> C,ts_engage_write,346348371
13:16:29.792 -> C,ts_engage_write,346436372
13:16:29.792 -> C,engage_lvl,83
13:16:29.885 -> C,ts_engage_write,346524372
13:16:29.978 -> C,ts_engage_write,346612372
13:16:30.072 -> C,ts_engage_write,346700394
13:16:30.165 -> C,ts_engage_write,346788383
13:16:30.212 -> C,ts_engage_write,346876372
13:16:30.306 -> [FACE] heartbeat
13:16:30.306 -> C,mood_str,50
13:16:30.306 -> C,ts_engage_write,346964476
13:16:30.306 -> C,engage_lvl,82
13:16:30.306 -> C,modifier,15
13:16:30.306 -> C,engage_floor,0
13:16:30.306 -> C,loop_us,275
13:16:30.399 -> C,ts_engage_write,347052371
13:16:30.492 -> C,ts_engage_write,347140369
13:16:30.583 -> C,ts_engage_write,347228395
13:16:30.675 -> C,ts_engage_write,347316381
13:16:30.769 -> C,ts_engage_write,347404371
13:16:30.862 -> C,ts_engage_write,347492372
13:16:30.862 -> C,engage_lvl,80
13:16:30.956 -> C,ts_engage_write,347580372
13:16:31.049 -> C,ts_engage_write,347668393
13:16:31.095 -> C,ts_engage_write,347756383
13:16:31.188 -> C,ts_engage_write,347844372
13:16:31.280 -> C,ts_engage_write,347932372
13:16:31.374 -> [FACE] heartbeat
13:16:31.374 -> C,mood_str,50
13:16:31.374 -> C,ts_engage_write,348020474
13:16:31.374 -> C,engage_lvl,79
13:16:31.374 -> C,modifier,15
13:16:31.374 -> C,engage_floor,0
13:16:31.374 -> C,loop_us,285
13:16:31.465 -> C,ts_engage_write,348108367
13:16:31.557 -> C,ts_engage_write,348196395
13:16:31.649 -> C,ts_engage_write,348284381
13:16:31.741 -> C,ts_engage_write,348372372
13:16:31.833 -> C,ts_engage_write,348460372
13:16:31.927 -> C,ts_engage_write,348548372
13:16:31.927 -> C,engage_lvl,78
13:16:31.972 -> C,ts_engage_write,348636372
13:16:32.066 -> C,ts_engage_write,348724394
13:16:32.160 -> C,ts_engage_write,348812382
13:16:32.254 -> C,ts_engage_write,348900372
13:16:32.346 -> C,ts_engage_write,348988372
13:16:32.440 -> [FACE] heartbeat
13:16:32.440 -> C,mood_str,50
13:16:32.440 -> C,ts_engage_write,349076473
13:16:32.440 -> C,engage_lvl,76
13:16:32.440 -> C,modifier,15
13:16:32.440 -> C,engage_floor,0
13:16:32.440 -> C,loop_us,283
13:16:32.532 -> C,ts_engage_write,349164393
13:16:32.624 -> C,ts_engage_write,349252382
13:16:32.717 -> C,ts_engage_write,349340371
13:16:32.808 -> C,ts_engage_write,349428372
13:16:32.854 -> C,ts_engage_write,349516372
13:16:32.947 -> C,ts_engage_write,349604372
13:16:32.947 -> C,engage_lvl,75
13:16:33.041 -> C,ts_engage_write,349692393
13:16:33.134 -> C,ts_engage_write,349780383
13:16:33.227 -> C,ts_engage_write,349868372
13:16:33.321 -> C,ts_engage_write,349956372
13:16:33.414 -> C,ts_engage_write,350044372
13:16:33.507 -> [FACE] heartbeat
13:16:33.507 -> C,mood_str,50
13:16:33.507 -> C,ts_engage_write,350132485
13:16:33.507 -> C,engage_lvl,73
13:16:33.507 -> C,modifier,15
13:16:33.507 -> C,engage_floor,0
13:16:33.507 -> C,loop_us,286
13:16:33.600 -> C,ts_engage_write,350220395
13:16:33.647 -> C,ts_engage_write,350308381
13:16:33.741 -> C,ts_engage_write,350396372
13:16:33.833 -> C,ts_engage_write,350484372
13:16:33.926 -> C,ts_engage_write,350572372
13:16:34.018 -> C,ts_engage_write,350660392
13:16:34.018 -> C,engage_lvl,72
13:16:34.111 -> C,ts_engage_write,350748386
13:16:34.207 -> C,ts_engage_write,350836376
13:16:34.299 -> C,ts_engage_write,350924373
13:16:34.391 -> C,ts_engage_write,351012373
13:16:34.437 -> C,ts_engage_write,351100369
13:16:34.529 -> [FACE] heartbeat
13:16:34.529 -> C,mood_str,50
13:16:34.529 -> C,ts_engage_write,351188529
13:16:34.529 -> C,engage_lvl,71
13:16:34.529 -> C,modifier,15
13:16:34.529 -> C,engage_floor,0
13:16:34.529 -> C,loop_us,335
13:16:34.622 -> C,ts_engage_write,351276375
13:16:34.714 -> C,ts_engage_write,351364367
13:16:34.807 -> C,ts_engage_write,351452367
13:16:34.898 -> C,ts_engage_write,351540366
13:16:34.990 -> C,ts_engage_write,351628366
13:16:35.085 -> C,ts_engage_write,351716387
13:16:35.085 -> C,engage_lvl,69
13:16:35.177 -> C,ts_engage_write,351804379
13:16:35.270 -> C,ts_engage_write,351892369
13:16:35.318 -> C,ts_engage_write,351980368
13:16:35.412 -> C,ts_engage_write,352068366
13:16:35.505 -> C,ts_engage_write,352156391
13:16:35.598 -> [FACE] heartbeat
13:16:35.598 -> C,mood_str,50
13:16:35.598 -> C,ts_engage_write,352244501
13:16:35.598 -> C,engage_lvl,68
13:16:35.598 -> C,modifier,15
13:16:35.598 -> C,engage_floor,0
13:16:35.598 -> C,loop_us,311
13:16:35.690 -> C,ts_engage_write,352332370
13:16:35.783 -> C,ts_engage_write,352420371
13:16:35.875 -> C,ts_engage_write,352508372
13:16:35.968 -> C,ts_engage_write,352596372
13:16:36.060 -> C,ts_engage_write,352684391
13:16:36.153 -> C,ts_engage_write,352772383
13:16:36.153 -> C,engage_lvl,66
13:16:36.199 -> C,ts_engage_write,352860373
13:16:36.291 -> C,ts_engage_write,352948372
13:16:36.384 -> C,ts_engage_write,353036372
13:16:36.476 -> C,ts_engage_write,353124369
13:16:36.568 -> C,ts_engage_write,353212392
13:16:36.660 -> [FACE] heartbeat
13:16:36.660 -> C,mood_str,50
13:16:36.660 -> C,ts_engage_write,353300500
13:16:36.660 -> C,engage_lvl,65
13:16:36.660 -> C,modifier,15
13:16:36.660 -> C,engage_floor,0
13:16:36.660 -> C,loop_us,299
13:16:36.754 -> C,ts_engage_write,353388370
13:16:36.845 -> C,ts_engage_write,353476371
13:16:36.938 -> C,ts_engage_write,353564372
13:16:37.032 -> C,ts_engage_write,353652391
13:16:37.079 -> C,ts_engage_write,353740383
13:16:37.173 -> C,ts_engage_write,353828373
13:16:37.173 -> C,engage_lvl,63
13:16:37.265 -> C,ts_engage_write,353916372
13:16:37.358 -> C,ts_engage_write,354004372
13:16:37.450 -> C,ts_engage_write,354092369
13:16:37.543 -> C,ts_engage_write,354180391
13:16:37.636 -> C,ts_engage_write,354268382
13:16:37.729 -> [FACE] heartbeat
13:16:37.729 -> C,mood_str,50
13:16:37.729 -> C,ts_engage_write,354356493
13:16:37.729 -> C,engage_lvl,62
13:16:37.729 -> C,modifier,15
13:16:37.729 -> C,engage_floor,0
13:16:37.729 -> C,loop_us,290
13:16:37.822 -> C,ts_engage_write,354444368
13:16:37.868 -> C,ts_engage_write,354532372
13:16:37.961 -> C,ts_engage_write,354620371
13:16:38.055 -> C,ts_engage_write,354708393
13:16:38.147 -> C,ts_engage_write,354796383
13:16:38.241 -> C,ts_engage_write,354884373
13:16:38.241 -> C,engage_lvl,61
13:16:38.334 -> C,ts_engage_write,354972377
13:16:38.428 -> C,ts_engage_write,355060369
13:16:38.522 -> C,ts_engage_write,355148392
13:16:38.614 -> C,ts_engage_write,355236382
13:16:38.661 -> C,ts_engage_write,355324372
13:16:38.752 -> [FACE] heartbeat
13:16:38.752 -> C,mood_str,50
13:16:38.752 -> C,ts_engage_write,355412481
13:16:38.752 -> C,engage_lvl,59
13:16:38.752 -> C,modifier,15
13:16:38.752 -> C,engage_floor,0
13:16:38.752 -> C,loop_us,280
13:16:38.844 -> C,ts_engage_write,355500371
13:16:38.938 -> C,ts_engage_write,355588372
13:16:39.029 -> C,ts_engage_write,355676392
13:16:39.124 -> C,ts_engage_write,355764382
13:16:39.217 -> C,ts_engage_write,355852371
13:16:39.309 -> C,ts_engage_write,355940370
13:16:39.309 -> C,engage_lvl,58
13:16:39.402 -> C,ts_engage_write,356028370
13:16:39.495 -> C,ts_engage_write,356116369
13:16:39.543 -> C,ts_engage_write,356204393
13:16:39.636 -> C,ts_engage_write,356292381
13:16:39.729 -> C,ts_engage_write,356380372
13:16:39.822 -> [FACE] heartbeat
13:16:39.822 -> C,mood_str,50
13:16:39.822 -> C,ts_engage_write,356468480
13:16:39.822 -> C,engage_lvl,56
13:16:39.822 -> C,modifier,15
13:16:39.822 -> C,engage_floor,0
13:16:39.822 -> C,loop_us,279
13:16:39.914 -> C,ts_engage_write,356556371
13:16:40.007 -> C,ts_engage_write,356644393
13:16:40.099 -> C,ts_engage_write,356732383
13:16:40.192 -> C,ts_engage_write,356820372
13:16:40.284 -> C,ts_engage_write,356908372
13:16:40.377 -> C,ts_engage_write,356996372
13:16:40.377 -> C,engage_lvl,55
13:16:40.424 -> C,ts_engage_write,357084369
13:16:40.517 -> C,ts_engage_write,357172392
13:16:40.609 -> C,ts_engage_write,357260382
13:16:40.703 -> C,ts_engage_write,357348372
13:16:40.795 -> C,ts_engage_write,357436372
13:16:40.888 -> [FACE] heartbeat
13:16:40.888 -> C,mood_str,50
13:16:40.888 -> C,ts_engage_write,357524472
13:16:40.888 -> C,engage_lvl,54
13:16:40.888 -> C,modifier,15
13:16:40.888 -> C,engage_floor,0
13:16:40.888 -> C,loop_us,285
13:16:40.981 -> C,ts_engage_write,357612372
13:16:41.075 -> C,ts_engage_write,357700394
13:16:41.167 -> C,ts_engage_write,357788382
13:16:41.213 -> C,ts_engage_write,357876372
13:16:41.307 -> C,ts_engage_write,357964372
13:16:41.400 -> C,ts_engage_write,358052372
13:16:41.400 -> C,engage_lvl,52
13:16:41.493 -> C,ts_engage_write,358140369
13:16:41.586 -> C,ts_engage_write,358228393
13:16:41.678 -> C,ts_engage_write,358316381
13:16:41.769 -> C,ts_engage_write,358404372
13:16:41.862 -> C,ts_engage_write,358492372
13:16:41.954 -> [FACE] heartbeat
13:16:41.954 -> C,mood_str,50
13:16:41.954 -> C,ts_engage_write,358580474
13:16:41.954 -> C,engage_lvl,51
13:16:41.954 -> C,modifier,15
13:16:41.954 -> C,engage_floor,0
13:16:41.954 -> C,loop_us,274
13:16:42.046 -> C,ts_engage_write,358668393
13:16:42.092 -> C,ts_engage_write,358756385
13:16:42.184 -> C,ts_engage_write,358844372
13:16:42.276 -> C,ts_engage_write,358932372
13:16:42.368 -> C,ts_engage_write,359020372
13:16:42.460 -> C,ts_engage_write,359108369
13:16:42.460 -> C,engage_lvl,49
13:16:42.553 -> C,ts_engage_write,359196393
13:16:42.645 -> C,ts_engage_write,359284381
13:16:42.738 -> C,ts_engage_write,359372372
13:16:42.830 -> C,ts_engage_write,359460372
13:16:42.922 -> C,ts_engage_write,359548372
13:16:43.015 -> [FACE] heartbeat
13:16:43.015 -> C,mood_str,50
13:16:43.015 -> C,ts_engage_write,359636477
13:16:43.015 -> C,engage_lvl,48
13:16:43.015 -> C,modifier,15
13:16:43.015 -> C,engage_floor,0
13:16:43.015 -> C,loop_us,274
13:16:43.062 -> C,ts_engage_write,359724390
13:16:43.155 -> C,ts_engage_write,359812382
13:16:43.248 -> C,ts_engage_write,359900372
13:16:43.343 -> C,ts_engage_write,359988372
13:16:43.436 -> C,ts_engage_write,360076369
13:16:43.529 -> C,ts_engage_write,360164392
13:16:43.529 -> C,engage_lvl,47
13:16:43.623 -> C,dom_touch,84
13:16:43.623 -> C,dom_sec,0
13:16:43.623 -> [MEM] tick: records=3 strength=84
13:16:43.623 -> C,rec_count,3
13:16:43.623 -> C,ts_engage_write,360252548
13:16:43.715 -> C,ts_engage_write,360340377
13:16:43.808 -> C,ts_engage_write,360428368
13:16:43.856 -> C,ts_engage_write,360516370
13:16:43.948 -> C,ts_engage_write,360604368
13:16:44.040 -> [FACE] heartbeat
13:16:44.040 -> C,mood_str,50
13:16:44.040 -> C,ts_engage_write,360692519
13:16:44.040 -> C,engage_lvl,45
13:16:44.040 -> C,modifier,15
13:16:44.040 -> C,engage_floor,0
13:16:44.040 -> C,loop_us,338
13:16:44.132 -> C,ts_engage_write,360780375
13:16:44.226 -> C,ts_engage_write,360868366
13:16:44.318 -> C,ts_engage_write,360956367
13:16:44.411 -> C,ts_engage_write,361044366
13:16:44.505 -> C,ts_engage_write,361132365
13:16:44.598 -> C,ts_engage_write,361220387
13:16:44.598 -> C,engage_lvl,44
13:16:44.645 -> C,ts_engage_write,361308377
13:16:44.738 -> C,ts_engage_write,361396366
13:16:44.830 -> C,ts_engage_write,361484366
13:16:44.926 -> C,ts_engage_write,361572366
13:16:45.018 -> C,ts_engage_write,361660393
13:16:45.112 -> [FACE] heartbeat
13:16:45.112 -> C,mood_str,50
13:16:45.112 -> C,ts_engage_write,361748500
13:16:45.112 -> C,engage_lvl,42
13:16:45.112 -> C,modifier,15
13:16:45.112 -> C,engage_floor,0
13:16:45.112 -> C,loop_us,298
13:16:45.205 -> C,ts_engage_write,361836369
13:16:45.299 -> C,ts_engage_write,361924371
13:16:45.391 -> C,ts_engage_write,362012372
13:16:45.438 -> C,ts_engage_write,362100369
13:16:45.532 -> C,ts_engage_write,362188394
13:16:45.625 -> C,ts_engage_write,362276382
13:16:45.625 -> C,engage_lvl,41
13:16:45.718 -> C,ts_engage_write,362364372
13:16:45.810 -> C,ts_engage_write,362452372
13:16:45.904 -> C,ts_engage_write,362540373
13:16:45.997 -> C,ts_engage_write,362628372
13:16:46.090 -> C,ts_engage_write,362719757
13:16:46.184 -> [FACE] heartbeat
13:16:46.184 -> C,mood_str,50
13:16:46.184 -> C,ts_engage_write,362807532
13:16:46.184 -> C,engage_lvl,40
13:16:46.184 -> C,modifier,15
13:16:46.184 -> C,engage_floor,0
13:16:46.184 -> C,loop_us,344
13:16:46.277 -> C,ts_engage_write,362895376
13:16:46.324 -> C,ts_engage_write,362983372
13:16:46.417 -> C,ts_engage_write,363071370
13:16:46.512 -> C,ts_engage_write,363159386
13:16:46.606 -> C,ts_engage_write,363247387
13:16:46.700 -> C,ts_engage_write,363335373
13:16:46.700 -> C,engage_lvl,38
13:16:46.793 -> C,ts_engage_write,363423372
13:16:46.886 -> C,ts_engage_write,363511372
13:16:46.978 -> C,ts_engage_write,363599372
13:16:47.025 -> C,ts_engage_write,363687388
13:16:47.116 -> C,ts_engage_write,363775387
13:16:47.211 -> [FACE] heartbeat
13:16:47.211 -> C,mood_str,50
13:16:47.211 -> C,ts_engage_write,363863482
13:16:47.211 -> C,engage_lvl,37
13:16:47.211 -> C,modifier,15
13:16:47.211 -> C,engage_floor,0
13:16:47.211 -> C,loop_us,279
13:16:47.305 -> C,ts_engage_write,363951372
13:16:47.398 -> C,ts_engage_write,364039372
13:16:47.491 -> C,ts_engage_write,364127370
13:16:47.585 -> C,ts_engage_write,364215394
13:16:47.677 -> C,ts_engage_write,364303381
13:16:47.770 -> C,ts_engage_write,364391373
13:16:47.770 -> C,engage_lvl,35
13:16:47.817 -> C,ts_engage_write,364479372
13:16:47.910 -> C,ts_engage_write,364567372
13:16:48.002 -> C,ts_engage_write,364655391
13:16:48.096 -> C,ts_engage_write,364743383
13:16:48.189 -> C,ts_engage_write,364831372
13:16:48.282 -> [FACE] heartbeat
13:16:48.282 -> C,mood_str,50
13:16:48.282 -> C,ts_engage_write,364919465
13:16:48.282 -> C,engage_lvl,34
13:16:48.282 -> C,modifier,15
13:16:48.282 -> C,engage_floor,0
13:16:48.282 -> C,loop_us,281
13:16:48.376 -> C,ts_engage_write,365007372
13:16:48.467 -> C,ts_engage_write,365095370
13:16:48.560 -> C,ts_engage_write,365183391
13:16:48.607 -> C,ts_engage_write,365271382
13:16:48.699 -> C,ts_engage_write,365359373
13:16:48.793 -> C,ts_engage_write,365447372
13:16:48.793 -> C,engage_lvl,33
13:16:48.886 -> C,ts_engage_write,365535372
13:16:48.978 -> C,ts_engage_write,365623372
13:16:49.069 -> C,ts_engage_write,365711394
13:16:49.162 -> C,ts_engage_write,365799382
13:16:49.254 -> C,ts_engage_write,365887372
13:16:49.344 -> [FACE] heartbeat
13:16:49.344 -> C,mood_str,50
13:16:49.344 -> C,ts_engage_write,365975464
13:16:49.344 -> C,engage_lvl,31
13:16:49.344 -> C,modifier,15
13:16:49.344 -> C,engage_floor,0
13:16:49.344 -> C,loop_us,276
13:16:49.436 -> C,ts_engage_write,366063370
13:16:49.529 -> C,ts_engage_write,366151391
13:16:49.577 -> C,ts_engage_write,366239382
13:16:49.670 -> C,ts_engage_write,366327373
13:16:49.762 -> C,ts_engage_write,366415372
13:16:49.855 -> C,ts_engage_write,366503372
13:16:49.855 -> C,engage_lvl,30
13:16:49.948 -> C,ts_engage_write,366591372
13:16:50.041 -> C,ts_engage_write,366679391
13:16:50.134 -> C,ts_engage_write,366767385
13:16:50.226 -> C,ts_engage_write,366855372
13:16:50.318 -> C,ts_engage_write,366943372
13:16:50.412 -> [FACE] heartbeat
13:16:50.412 -> C,mood_str,50
13:16:50.412 -> C,ts_engage_write,367031479
13:16:50.412 -> C,engage_lvl,28
13:16:50.412 -> C,modifier,15
13:16:50.412 -> C,engage_floor,0
13:16:50.412 -> C,loop_us,289
13:16:50.459 -> C,ts_engage_write,367119375
13:16:50.551 -> C,ts_engage_write,367207394
13:16:50.643 -> C,ts_engage_write,367295381
13:16:50.735 -> C,ts_engage_write,367383373
13:16:50.828 -> C,ts_engage_write,367471372
13:16:50.922 -> C,ts_engage_write,367559372
13:16:50.922 -> C,engage_lvl,27
13:16:51.014 -> C,ts_engage_write,367647391
13:16:51.108 -> C,ts_engage_write,367735383
13:16:51.200 -> C,ts_engage_write,367823372
13:16:51.247 -> C,ts_engage_write,367911372
13:16:51.340 -> C,ts_engage_write,367999372
13:16:51.434 -> [FACE] heartbeat
13:16:51.434 -> C,mood_str,50
13:16:51.434 -> C,ts_engage_write,368087466
13:16:51.434 -> C,engage_lvl,26
13:16:51.434 -> C,modifier,15
13:16:51.434 -> C,engage_floor,0
13:16:51.434 -> C,loop_us,268
13:16:51.525 -> C,ts_engage_write,368175388
13:16:51.619 -> C,ts_engage_write,368263382
13:16:51.712 -> C,ts_engage_write,368351373
13:16:51.805 -> C,ts_engage_write,368439372
13:16:51.898 -> C,ts_engage_write,368527372
13:16:51.991 -> C,ts_engage_write,368615372
13:16:51.991 -> C,engage_lvl,24
13:16:52.084 -> C,ts_engage_write,368703394
13:16:52.130 -> C,ts_engage_write,368791382
13:16:52.222 -> C,ts_engage_write,368879372
13:16:52.316 -> C,ts_engage_write,368967372
13:16:52.410 -> C,ts_engage_write,369055372
13:16:52.504 -> [FACE] heartbeat
13:16:52.504 -> C,mood_str,50
13:16:52.504 -> C,ts_engage_write,369143509
13:16:52.504 -> C,engage_lvl,23
13:16:52.504 -> C,modifier,15
13:16:52.504 -> C,engage_floor,0
13:16:52.504 -> C,loop_us,325
13:16:52.596 -> C,ts_engage_write,369231379
13:16:52.689 -> C,ts_engage_write,369319371
13:16:52.782 -> C,ts_engage_write,369407370
13:16:52.875 -> C,ts_engage_write,369495369
13:16:52.923 -> C,ts_engage_write,369583370
13:16:53.014 -> C,ts_engage_write,369671391
13:16:53.014 -> C,engage_lvl,21
13:16:53.107 -> C,ts_engage_write,369759382
13:16:53.200 -> C,ts_engage_write,369847369
13:16:53.294 -> C,ts_engage_write,369935370
13:16:53.388 -> C,ts_engage_write,370023369
13:16:53.481 -> C,ts_engage_write,370111369
13:16:53.574 -> [FACE] heartbeat
13:16:53.574 -> C,mood_str,50
13:16:53.574 -> C,ts_engage_write,370199503
13:16:53.574 -> C,engage_lvl,20
13:16:53.574 -> C,modifier,15
13:16:53.574 -> C,engage_floor,0
13:16:53.574 -> C,loop_us,321
13:16:53.666 -> C,ts_engage_write,370287377
13:16:53.712 -> C,ts_engage_write,370375371
13:16:53.805 -> C,ts_engage_write,370463370
13:16:53.898 -> C,ts_engage_write,370551369
13:16:53.991 -> C,ts_engage_write,370639370
13:16:54.085 -> C,ts_engage_write,370727392
13:16:54.085 -> C,engage_lvl,18
13:16:54.177 -> C,ts_engage_write,370815382
13:16:54.269 -> C,ts_engage_write,370903369
13:16:54.362 -> C,ts_engage_write,370991370
13:16:54.455 -> C,ts_engage_write,371079369
13:16:54.548 -> C,ts_engage_write,371167390
13:16:54.594 -> [FACE] heartbeat
13:16:54.594 -> C,mood_str,50
13:16:54.594 -> C,ts_engage_write,371255508
13:16:54.594 -> C,engage_lvl,17
13:16:54.594 -> C,modifier,15
13:16:54.594 -> C,engage_floor,0
13:16:54.594 -> C,loop_us,307
13:16:54.688 -> C,ts_engage_write,371343365
13:16:54.780 -> C,ts_engage_write,371431371
13:16:54.874 -> C,ts_engage_write,371519372
13:16:54.967 -> C,ts_engage_write,371607380
13:16:55.060 -> C,ts_engage_write,371695394
13:16:55.154 -> C,ts_engage_write,371783382
13:16:55.154 -> C,engage_lvl,16
13:16:55.247 -> C,ts_engage_write,371871372
13:16:55.294 -> C,ts_engage_write,371959372
13:16:55.388 -> C,ts_engage_write,372047372
13:16:55.481 -> C,ts_engage_write,372135370
13:16:55.574 -> C,ts_engage_write,372223392
13:16:55.667 -> [FACE] heartbeat
13:16:55.667 -> C,mood_str,50
13:16:55.667 -> C,ts_engage_write,372311494
13:16:55.667 -> C,engage_lvl,14
13:16:55.667 -> C,modifier,15
13:16:55.667 -> C,engage_floor,0
13:16:55.667 -> C,loop_us,289
13:16:55.759 -> C,ts_engage_write,372399365
13:16:55.851 -> C,ts_engage_write,372487371
13:16:55.945 -> C,ts_engage_write,372575372
13:16:56.038 -> C,ts_engage_write,372663393
13:16:56.131 -> C,ts_engage_write,372751382
13:16:56.178 -> C,ts_engage_write,372839372
13:16:56.178 -> C,engage_lvl,13
13:16:56.271 -> C,ts_engage_write,372927372
13:16:56.362 -> C,ts_engage_write,373015372
13:16:56.456 -> C,ts_engage_write,373103370
13:16:56.550 -> C,ts_engage_write,373191392
13:16:56.643 -> C,ts_engage_write,373279381
13:16:56.736 -> [FACE] heartbeat
13:16:56.736 -> C,mood_str,50
13:16:56.736 -> C,ts_engage_write,373367488
13:16:56.736 -> C,engage_lvl,11
13:16:56.736 -> C,modifier,15
13:16:56.736 -> C,engage_floor,0
13:16:56.736 -> C,loop_us,265
13:16:56.830 -> C,ts_engage_write,373455365
13:16:56.924 -> C,ts_engage_write,373543372
13:16:56.970 -> C,ts_engage_write,373631371
13:16:57.062 -> C,ts_engage_write,373719394
13:16:57.157 -> C,ts_engage_write,373807382
13:16:57.250 -> C,ts_engage_write,373895372
13:16:57.250 -> C,engage_lvl,10
13:16:57.342 -> C,ts_engage_write,373983372
13:16:57.435 -> C,ts_engage_write,374071370
13:16:57.527 -> C,ts_engage_write,374159392
13:16:57.621 -> C,ts_engage_write,374247381
13:16:57.714 -> C,ts_engage_write,374335373
13:16:57.761 -> [FACE] heartbeat
13:16:57.761 -> C,mood_str,50
13:16:57.761 -> C,ts_engage_write,374423481
13:16:57.761 -> C,engage_lvl,9
13:16:57.761 -> C,modifier,15
13:16:57.761 -> C,engage_floor,0
13:16:57.761 -> C,loop_us,271
13:16:57.854 -> C,ts_engage_write,374511368
13:16:57.947 -> C,ts_engage_write,374599372
13:16:58.039 -> C,ts_engage_write,374687392
13:16:58.132 -> C,ts_engage_write,374775383
13:16:58.225 -> C,ts_engage_write,374863371
13:16:58.318 -> C,ts_engage_write,374951370
13:16:58.318 -> C,engage_lvl,7
13:16:58.411 -> C,ts_engage_write,375039370
13:16:58.504 -> C,ts_engage_write,375127370
13:16:58.550 -> C,ts_engage_write,375215392
13:16:58.645 -> C,ts_engage_write,375303381
13:16:58.738 -> C,ts_engage_write,375391373
13:16:58.831 -> [FACE] heartbeat
13:16:58.831 -> C,mood_str,50
13:16:58.831 -> C,ts_engage_write,375479488
13:16:58.831 -> C,engage_lvl,6
13:16:58.831 -> C,modifier,15
13:16:58.831 -> C,engage_floor,0
13:16:58.831 -> C,loop_us,276
13:16:58.924 -> C,ts_engage_write,375567368
13:16:59.017 -> C,ts_engage_write,375655394
13:16:59.111 -> C,ts_engage_write,375743382
13:16:59.204 -> C,ts_engage_write,375831372
13:16:59.294 -> C,ts_engage_write,375919372
13:16:59.387 -> C,ts_engage_write,376007372
13:16:59.387 -> C,engage_lvl,4
13:16:59.432 -> C,ts_engage_write,376095368
13:16:59.525 -> C,ts_engage_write,376183388
13:16:59.617 -> C,ts_engage_write,376271380
13:16:59.710 -> C,ts_engage_write,376359370
13:16:59.804 -> C,ts_engage_write,376447368
13:16:59.897 -> [FACE] heartbeat
13:16:59.897 -> C,mood_str,50
13:16:59.897 -> C,ts_engage_write,376535473
13:16:59.897 -> C,engage_lvl,3
13:16:59.897 -> C,modifier,15
13:16:59.897 -> C,engage_floor,0
13:16:59.897 -> C,loop_us,262
13:16:59.991 -> C,ts_engage_write,376623368
13:17:00.085 -> C,ts_engage_write,376711387
13:17:00.178 -> C,ts_engage_write,376799380
13:17:00.226 -> C,ts_engage_write,376887369
13:17:00.318 -> C,ts_engage_write,376975368
13:17:00.412 -> C,ts_engage_write,377063367
13:17:00.412 -> C,engage_lvl,2
13:17:00.505 -> C,ts_engage_write,377151388
13:17:00.598 -> C,ts_engage_write,377239379
13:17:00.693 -> C,ts_engage_write,377327369
13:17:00.786 -> C,ts_engage_write,377415369
13:17:00.879 -> C,ts_engage_write,377503369
13:17:00.926 -> [FACE] heartbeat
13:17:00.926 -> C,mood_str,50
13:17:00.973 -> C,ts_engage_write,377591476
13:17:00.973 -> C,engage_lvl,0
13:17:00.973 -> C,modifier,15
13:17:00.973 -> C,engage_floor,0
13:17:00.973 -> C,loop_us,276
13:17:01.019 -> C,ts_engage_write,377679388
13:17:01.113 -> C,ts_engage_write,377767379
13:17:01.206 -> C,ts_engage_write,377855368
13:17:01.299 -> C,ts_engage_write,377943369
13:17:01.391 -> C,ts_engage_write,378031369
13:17:01.484 -> C,ts_engage_write,378119367
13:17:01.484 -> C,engage_lvl,0
13:17:01.578 -> C,ts_engage_write,378207388
13:17:01.671 -> C,ts_engage_write,378295379
13:17:01.763 -> C,ts_engage_write,378383369
13:17:01.809 -> C,ts_engage_write,378471369
13:17:01.903 -> C,ts_engage_write,378559369
13:17:01.995 -> [FACE] heartbeat
13:17:01.995 -> C,mood_str,50
13:17:01.995 -> C,ts_engage_write,378647527
13:17:01.995 -> C,engage_lvl,0
13:17:01.995 -> C,modifier,15
13:17:01.995 -> C,engage_floor,0
13:17:01.995 -> C,loop_us,320
13:17:02.088 -> C,ts_engage_write,378735372
13:17:02.181 -> C,ts_engage_write,378823361
13:17:02.275 -> C,ts_engage_write,378911361
13:17:02.367 -> C,ts_engage_write,378999361
13:17:02.461 -> C,ts_engage_write,379087358
13:17:02.552 -> C,ts_engage_write,379175383
13:17:02.552 -> C,engage_lvl,0
13:17:02.599 -> C,ts_engage_write,379263371
13:17:02.694 -> C,ts_engage_write,379351365
13:17:02.787 -> C,ts_engage_write,379439359
13:17:02.880 -> C,ts_engage_write,379527363
13:17:02.974 -> C,ts_engage_write,379615360
13:17:03.067 -> [FACE] heartbeat
13:17:03.067 -> C,mood_str,50
13:17:03.067 -> C,ts_engage_write,379703511
13:17:03.067 -> C,engage_lvl,0
13:17:03.067 -> C,modifier,15
13:17:03.067 -> C,engage_floor,0
13:17:03.067 -> C,loop_us,304
13:17:03.161 -> C,ts_engage_write,379791371
13:17:03.255 -> C,ts_engage_write,379879365
13:17:03.348 -> C,ts_engage_write,379967362
13:17:03.395 -> C,ts_engage_write,380055365
13:17:03.489 -> C,ts_engage_write,380143383
13:17:03.581 -> C,ts_engage_write,380231381
13:17:03.581 -> C,engage_lvl,0
13:17:03.675 -> C,ts_engage_write,380319369
13:17:03.767 -> C,ts_engage_write,380407368
13:17:03.859 -> C,ts_engage_write,380495368
13:17:03.953 -> C,ts_engage_write,380583369
13:17:04.046 -> C,ts_engage_write,380671389
13:17:04.139 -> [FACE] heartbeat
13:17:04.139 -> C,mood_str,50
13:17:04.139 -> C,ts_engage_write,380759492
13:17:04.139 -> C,engage_lvl,0
13:17:04.139 -> C,modifier,15
13:17:04.139 -> C,engage_floor,0
13:17:04.139 -> C,loop_us,298
13:17:04.186 -> C,ts_engage_write,380847364
13:17:04.278 -> C,ts_engage_write,380935368
13:17:04.371 -> C,ts_engage_write,381023368
13:17:04.464 -> C,ts_engage_write,381111367
13:17:04.557 -> C,ts_engage_write,381199388
13:17:04.650 -> C,ts_engage_write,381287380
13:17:04.650 -> C,engage_lvl,0
13:17:04.743 -> C,ts_engage_write,381375370
13:17:04.836 -> C,ts_engage_write,381463368
13:17:04.931 -> C,ts_engage_write,381551368
13:17:04.978 -> C,ts_engage_write,381639369
13:17:05.072 -> C,ts_engage_write,381727386
13:17:05.167 -> [FACE] heartbeat
13:17:05.167 -> C,mood_str,50
13:17:05.167 -> C,ts_engage_write,381815491
13:17:05.167 -> C,engage_lvl,0
13:17:05.167 -> C,modifier,15
13:17:05.167 -> C,engage_floor,0
13:17:05.167 -> C,loop_us,288
13:17:05.259 -> C,ts_engage_write,381903368
13:17:05.352 -> C,ts_engage_write,381991368
13:17:05.447 -> C,ts_engage_write,382079367
13:17:05.540 -> C,ts_engage_write,382167388
13:17:05.631 -> C,ts_engage_write,382255380
13:17:05.678 -> C,ts_engage_write,382343370
13:17:05.678 -> C,engage_lvl,0
13:17:05.770 -> C,ts_engage_write,382431368
13:17:05.863 -> C,ts_engage_write,382519368
13:17:05.955 -> C,ts_engage_write,382607369
13:17:06.048 -> C,ts_engage_write,382695386
13:17:06.142 -> C,ts_engage_write,382783381
13:17:06.234 -> [FACE] heartbeat
13:17:06.234 -> C,mood_str,50
13:17:06.234 -> C,ts_engage_write,382871473
13:17:06.234 -> C,engage_lvl,0
13:17:06.234 -> C,modifier,15
13:17:06.234 -> C,engage_floor,0
13:17:06.234 -> C,loop_us,274
13:17:06.327 -> C,ts_engage_write,382959364
13:17:06.422 -> C,ts_engage_write,383047368
13:17:06.514 -> C,ts_engage_write,383135367
13:17:06.560 -> C,ts_engage_write,383223388
13:17:06.654 -> C,ts_engage_write,383311380
13:17:06.748 -> C,ts_engage_write,383399370
13:17:06.748 -> C,engage_lvl,0
13:17:06.840 -> C,ts_engage_write,383487368
13:17:06.935 -> C,ts_engage_write,383575368
13:17:07.028 -> C,ts_engage_write,383663386
13:17:07.121 -> C,ts_engage_write,383751379
13:17:07.215 -> C,ts_engage_write,383839368
13:17:07.307 -> [FACE] heartbeat
13:17:07.307 -> C,mood_str,50
13:17:07.307 -> C,ts_engage_write,383927476
13:17:07.307 -> C,engage_lvl,0
13:17:07.307 -> C,modifier,15
13:17:07.307 -> C,engage_floor,0
13:17:07.307 -> C,loop_us,273
13:17:07.352 -> C,ts_engage_write,384015368
13:17:07.444 -> C,ts_engage_write,384103367
13:17:07.537 -> C,ts_engage_write,384191388
13:17:07.631 -> C,ts_engage_write,384279380
13:17:07.726 -> C,ts_engage_write,384367370
13:17:07.819 -> C,ts_engage_write,384455368
13:17:07.819 -> C,engage_lvl,0
13:17:07.914 -> C,ts_engage_write,384543368
13:17:08.007 -> C,ts_engage_write,384631369
13:17:08.099 -> C,ts_engage_write,384719389
13:17:08.146 -> C,ts_engage_write,384807379
13:17:08.241 -> C,ts_engage_write,384895368
13:17:08.334 -> [FACE] heartbeat
13:17:08.334 -> C,mood_str,50
13:17:08.334 -> C,ts_engage_write,384983478
13:17:08.334 -> C,engage_lvl,0
13:17:08.334 -> C,modifier,15
13:17:08.334 -> C,engage_floor,0
13:17:08.334 -> C,loop_us,276
13:17:08.427 -> C,ts_engage_write,385071366
13:17:08.519 -> C,ts_engage_write,385159388
13:17:08.612 -> C,ts_engage_write,385247380
13:17:08.704 -> C,ts_engage_write,385335370
13:17:08.796 -> C,ts_engage_write,385423368
13:17:08.889 -> C,ts_engage_write,385511368
13:17:08.889 -> C,engage_lvl,0
13:17:08.935 -> C,ts_engage_write,385599369
13:17:09.029 -> C,ts_engage_write,385687386
13:17:09.122 -> C,ts_engage_write,385775379
13:17:09.215 -> C,ts_engage_write,385863368
13:17:09.301 -> C,ts_engage_write,385951369
13:17:09.394 -> [FACE] heartbeat
13:17:09.394 -> C,mood_str,50
13:17:09.394 -> C,ts_engage_write,386039477
13:17:09.394 -> C,engage_lvl,0
13:17:09.394 -> C,modifier,15
13:17:09.394 -> C,engage_floor,0
13:17:09.394 -> C,loop_us,274
13:17:09.487 -> C,ts_engage_write,386127366
13:17:09.579 -> C,ts_engage_write,386215389
13:17:09.671 -> C,ts_engage_write,386303380
13:17:09.761 -> C,ts_engage_write,386391369
13:17:09.855 -> C,ts_engage_write,386479368
13:17:09.948 -> C,ts_engage_write,386567369
13:17:09.948 -> C,engage_lvl,0
13:17:09.994 -> C,ts_engage_write,386655386
13:17:10.086 -> C,ts_engage_write,386743381
13:17:10.180 -> C,ts_engage_write,386831368
13:17:10.274 -> C,ts_engage_write,386919369
13:17:10.366 -> C,ts_engage_write,387007369
13:17:10.460 -> [FACE] heartbeat
13:17:10.460 -> C,mood_str,50
13:17:10.460 -> C,ts_engage_write,387095476
13:17:10.460 -> C,engage_lvl,0
13:17:10.460 -> C,modifier,15
13:17:10.460 -> C,engage_floor,0
13:17:10.460 -> C,loop_us,274
13:17:10.553 -> C,ts_engage_write,387183388
13:17:10.646 -> C,ts_engage_write,387271379
13:17:10.738 -> C,ts_engage_write,387359369
13:17:10.783 -> C,ts_engage_write,387447369
13:17:10.876 -> C,ts_engage_write,387535369
13:17:10.968 -> C,ts_engage_write,387623368
13:17:10.968 -> C,engage_lvl,0
13:17:11.060 -> C,ts_engage_write,387711387
13:17:11.152 -> C,ts_engage_write,387799379
13:17:11.245 -> C,ts_engage_write,387887368
13:17:11.337 -> C,ts_engage_write,387975369
13:17:11.430 -> C,ts_engage_write,388063367
13:17:11.524 -> [FACE] heartbeat
13:17:11.524 -> C,mood_str,50
13:17:11.524 -> C,ts_engage_write,388151526
13:17:11.524 -> C,engage_lvl,0
13:17:11.524 -> C,modifier,15
13:17:11.524 -> C,engage_floor,0
13:17:11.524 -> C,loop_us,327
13:17:11.617 -> C,ts_engage_write,388239371
13:17:11.663 -> C,ts_engage_write,388327364
13:17:11.758 -> C,ts_engage_write,388415363
13:17:11.850 -> C,ts_engage_write,388503365
13:17:11.943 -> C,ts_engage_write,388591363
13:17:12.037 -> C,ts_engage_write,388679386
13:17:12.037 -> C,engage_lvl,0
13:17:12.130 -> C,ts_engage_write,388767375
13:17:12.222 -> C,ts_engage_write,388855365
13:17:12.314 -> C,ts_engage_write,388943363
13:17:12.408 -> C,ts_engage_write,389031365
13:17:12.455 -> C,ts_engage_write,389119363
13:17:12.548 -> [FACE] heartbeat
13:17:12.548 -> C,mood_str,50
13:17:12.548 -> C,ts_engage_write,389207515
13:17:12.548 -> C,engage_lvl,0
13:17:12.548 -> C,modifier,15
13:17:12.548 -> C,engage_floor,0
13:17:12.548 -> C,loop_us,316
13:17:12.641 -> C,ts_engage_write,389295369
13:17:12.734 -> C,ts_engage_write,389383364
13:17:12.828 -> C,ts_engage_write,389471362
13:17:12.920 -> C,ts_engage_write,389559363
13:17:13.013 -> C,ts_engage_write,389647386
13:17:13.107 -> C,ts_engage_write,389735380
13:17:13.107 -> C,engage_lvl,0
13:17:13.200 -> C,ts_engage_write,389823369
13:17:13.246 -> C,ts_engage_write,389911368
13:17:13.341 -> C,ts_engage_write,389999368
13:17:13.433 -> C,ts_engage_write,390087368
13:17:13.526 -> C,ts_engage_write,390175388
13:17:13.619 -> [FACE] heartbeat
13:17:13.619 -> C,mood_str,50
13:17:13.619 -> C,ts_engage_write,390263493
13:17:13.619 -> C,engage_lvl,0
13:17:13.619 -> C,modifier,15
13:17:13.619 -> C,engage_floor,0
13:17:13.619 -> C,loop_us,293
13:17:13.713 -> C,ts_engage_write,390351368
13:17:13.808 -> C,ts_engage_write,390439368
13:17:13.900 -> C,ts_engage_write,390527368
13:17:13.993 -> C,ts_engage_write,390615368
13:17:14.040 -> C,ts_engage_write,390703387
13:17:14.134 -> C,ts_engage_write,390791382
13:17:14.134 -> C,engage_lvl,0
13:17:14.228 -> C,ts_engage_write,390879369
13:17:14.319 -> C,ts_engage_write,390967368
13:17:14.412 -> C,ts_engage_write,391055368
13:17:14.504 -> C,ts_engage_write,391143385
13:17:14.598 -> C,ts_engage_write,391231380
13:17:14.691 -> [FACE] heartbeat
13:17:14.691 -> C,mood_str,50
13:17:14.691 -> C,ts_engage_write,391319468
13:17:14.691 -> C,engage_lvl,0
13:17:14.691 -> C,modifier,15
13:17:14.691 -> C,engage_floor,0
13:17:14.691 -> C,loop_us,264
13:17:14.783 -> C,ts_engage_write,391407368
13:17:14.829 -> C,ts_engage_write,391495368
13:17:14.923 -> C,ts_engage_write,391583368
13:17:15.015 -> C,ts_engage_write,391671386
13:17:15.108 -> C,ts_engage_write,391759380
13:17:15.201 -> C,ts_engage_write,391847369
13:17:15.201 -> C,engage_lvl,0
13:17:15.295 -> C,ts_engage_write,391935368
13:17:15.388 -> C,ts_engage_write,392023368
13:17:15.481 -> C,ts_engage_write,392111368
13:17:15.575 -> C,ts_engage_write,392199388
13:17:15.666 -> C,ts_engage_write,392287379
13:17:15.713 -> [FACE] heartbeat
13:17:15.713 -> C,mood_str,50
13:17:15.713 -> C,ts_engage_write,392375477
13:17:15.713 -> C,engage_lvl,0
13:17:15.713 -> C,modifier,15
13:17:15.713 -> C,engage_floor,0
13:17:15.713 -> C,loop_us,274
13:17:15.806 -> C,ts_engage_write,392463364
13:17:15.898 -> C,ts_engage_write,392551368
13:17:15.991 -> C,ts_engage_write,392639368
13:17:16.085 -> C,ts_engage_write,392727389
13:17:16.179 -> C,ts_engage_write,392815380
13:17:16.271 -> C,ts_engage_write,392903369
13:17:16.271 -> C,engage_lvl,0
13:17:16.365 -> C,ts_engage_write,392991368
13:17:16.458 -> C,ts_engage_write,393079367
13:17:16.506 -> C,ts_engage_write,393167388
13:17:16.598 -> C,ts_engage_write,393255379
13:17:16.691 -> C,ts_engage_write,393343369
13:17:16.783 -> [FACE] heartbeat
13:17:16.783 -> C,mood_str,50
13:17:16.783 -> C,ts_engage_write,393431467
13:17:16.783 -> C,engage_lvl,0
13:17:16.783 -> C,modifier,15
13:17:16.783 -> C,engage_floor,0
13:17:16.783 -> C,loop_us,276
13:17:16.875 -> C,ts_engage_write,393519366
13:17:16.969 -> C,ts_engage_write,393607368
13:17:17.061 -> C,ts_engage_write,393695386
13:17:17.155 -> C,ts_engage_write,393783380
13:17:17.248 -> C,ts_engage_write,393871369
13:17:17.295 -> C,ts_engage_write,393959368
13:17:17.295 -> C,engage_lvl,0
13:17:17.388 -> C,ts_engage_write,394047368
13:17:17.481 -> C,ts_engage_write,394135368
13:17:17.576 -> C,ts_engage_write,394223389
13:17:17.668 -> C,ts_engage_write,394311379
13:17:17.760 -> C,ts_engage_write,394399369
13:17:17.855 -> [FACE] heartbeat
13:17:17.855 -> C,mood_str,50
13:17:17.855 -> C,ts_engage_write,394487475
13:17:17.855 -> C,engage_lvl,0
13:17:17.855 -> C,modifier,15
13:17:17.855 -> C,engage_floor,0
13:17:17.855 -> C,loop_us,275
13:17:17.948 -> C,ts_engage_write,394575368
13:17:18.041 -> C,ts_engage_write,394663386
13:17:18.088 -> C,ts_engage_write,394751382
13:17:18.179 -> C,ts_engage_write,394839369
13:17:18.272 -> C,ts_engage_write,394927368
13:17:18.365 -> C,ts_engage_write,395015368
13:17:18.365 -> C,engage_lvl,0
13:17:18.458 -> C,ts_engage_write,395103368
13:17:18.550 -> C,ts_engage_write,395191389
13:17:18.644 -> C,ts_engage_write,395279379
13:17:18.738 -> C,ts_engage_write,395367369
13:17:18.830 -> C,ts_engage_write,395455369
13:17:18.923 -> [FACE] heartbeat
13:17:18.923 -> C,mood_str,50
13:17:18.923 -> C,ts_engage_write,395543452
13:17:18.923 -> C,engage_lvl,0
13:17:18.923 -> C,modifier,15
13:17:18.923 -> C,engage_floor,0
13:17:18.923 -> C,loop_us,260
13:17:18.969 -> C,ts_engage_write,395631367
13:17:19.062 -> C,ts_engage_write,395719387
13:17:19.156 -> C,ts_engage_write,395807380
13:17:19.250 -> C,ts_engage_write,395895368
13:17:19.345 -> C,ts_engage_write,395983368
13:17:19.438 -> C,ts_engage_write,396071368
13:17:19.438 -> C,engage_lvl,0
13:17:19.530 -> C,ts_engage_write,396159389
13:17:19.624 -> C,ts_engage_write,396247379
13:17:19.671 -> C,ts_engage_write,396335369
13:17:19.766 -> C,ts_engage_write,396423369
13:17:19.858 -> C,ts_engage_write,396511369
13:17:19.952 -> [FACE] heartbeat
13:17:19.952 -> C,mood_str,50
13:17:19.952 -> C,ts_engage_write,396599472
13:17:19.952 -> C,engage_lvl,0
13:17:19.952 -> C,modifier,15
13:17:19.952 -> C,engage_floor,0
13:17:19.952 -> C,loop_us,272
13:17:20.044 -> C,ts_engage_write,396687390
13:17:20.136 -> C,ts_engage_write,396775379
13:17:20.229 -> C,ts_engage_write,396863368
13:17:20.322 -> C,ts_engage_write,396951369
13:17:20.415 -> C,ts_engage_write,397039369
13:17:20.461 -> C,ts_engage_write,397127367
13:17:20.461 -> C,engage_lvl,0
13:17:20.555 -> C,ts_engage_write,397215389
13:17:20.648 -> C,ts_engage_write,397303379
13:17:20.741 -> C,ts_engage_write,397391369
13:17:20.833 -> C,ts_engage_write,397479369
13:17:20.926 -> C,ts_engage_write,397567369
13:17:21.019 -> [FACE] heartbeat
13:17:21.019 -> C,mood_str,50
13:17:21.019 -> C,ts_engage_write,397655524
13:17:21.019 -> C,engage_lvl,0
13:17:21.019 -> C,modifier,15
13:17:21.019 -> C,engage_floor,0
13:17:21.019 -> C,loop_us,325
13:17:21.112 -> C,ts_engage_write,397743371
13:17:21.205 -> C,ts_engage_write,397831361
13:17:21.296 -> C,ts_engage_write,397919361
13:17:21.343 -> C,ts_engage_write,398007361
13:17:21.436 -> C,ts_engage_write,398095358
13:17:21.529 -> C,ts_engage_write,398183382
13:17:21.529 -> C,engage_lvl,0
13:17:21.622 -> C,ts_engage_write,398271371
13:17:21.715 -> C,ts_engage_write,398359365
13:17:21.809 -> C,ts_engage_write,398447359
13:17:21.901 -> C,ts_engage_write,398535363
13:17:21.994 -> C,ts_engage_write,398623360
13:17:22.087 -> [FACE] heartbeat
13:17:22.087 -> C,mood_str,50
13:17:22.087 -> C,ts_engage_write,398711510
13:17:22.087 -> C,engage_lvl,0
13:17:22.087 -> C,modifier,15
13:17:22.087 -> C,engage_floor,0
13:17:22.087 -> C,loop_us,323
13:17:22.134 -> C,ts_engage_write,398799374
13:17:22.227 -> C,ts_engage_write,398887365
13:17:22.319 -> C,ts_engage_write,398975362
13:17:22.414 -> C,ts_engage_write,399063363
13:17:22.507 -> C,ts_engage_write,399151386
13:17:22.600 -> C,ts_engage_write,399239380
13:17:22.600 -> C,engage_lvl,0
13:17:22.693 -> C,ts_engage_write,399327370
13:17:22.784 -> C,ts_engage_write,399415368
13:17:22.876 -> C,ts_engage_write,399503368
13:17:22.968 -> C,ts_engage_write,399591369
13:17:23.014 -> C,ts_engage_write,399679386
13:17:23.106 -> [FACE] heartbeat
13:17:23.106 -> C,mood_str,50
13:17:23.106 -> C,ts_engage_write,399767486
13:17:23.106 -> C,engage_lvl,0
13:17:23.106 -> C,modifier,15
13:17:23.106 -> C,engage_floor,0
13:17:23.106 -> C,loop_us,287
13:17:23.198 -> C,ts_engage_write,399855368
13:17:23.292 -> C,ts_engage_write,399943368
13:17:23.385 -> C,ts_engage_write,400031368
13:17:23.478 -> C,ts_engage_write,400119367
13:17:23.570 -> C,ts_engage_write,400207389
13:17:23.663 -> C,ts_engage_write,400295380
13:17:23.663 -> C,engage_lvl,0
13:17:23.755 -> C,ts_engage_write,400383370
13:17:23.848 -> C,ts_engage_write,400471368
13:17:23.894 -> C,ts_engage_write,400559368
13:17:23.986 -> C,ts_engage_write,400647387
13:17:24.080 -> C,ts_engage_write,400735379
13:17:24.174 -> [FACE] heartbeat
13:17:24.174 -> C,mood_str,50
13:17:24.174 -> C,ts_engage_write,400823467
13:17:24.174 -> C,engage_lvl,0
13:17:24.174 -> C,modifier,15
13:17:24.174 -> C,engage_floor,0
13:17:24.174 -> C,loop_us,275
13:17:24.267 -> C,ts_engage_write,400911364
13:17:24.360 -> C,ts_engage_write,400999368
13:17:24.453 -> C,ts_engage_write,401087367
13:17:24.546 -> C,ts_engage_write,401175389
13:17:24.639 -> C,ts_engage_write,401263380
13:17:24.686 -> C,ts_engage_write,401351370
13:17:24.686 -> C,engage_lvl,0
13:17:24.778 -> C,ts_engage_write,401439368
13:17:24.873 -> C,ts_engage_write,401527368
13:17:24.965 -> C,ts_engage_write,401615369
13:17:25.058 -> C,ts_engage_write,401703386
13:17:25.150 -> C,ts_engage_write,401791379
13:17:25.244 -> [FACE] heartbeat
13:17:25.244 -> C,mood_str,50
13:17:25.244 -> C,ts_engage_write,401879476
13:17:25.244 -> C,engage_lvl,0
13:17:25.244 -> C,modifier,15
13:17:25.244 -> C,engage_floor,0
13:17:25.244 -> C,loop_us,273
13:17:25.338 -> C,ts_engage_write,401967364
13:17:25.430 -> C,ts_engage_write,402055368
13:17:25.524 -> C,ts_engage_write,402143385
13:17:25.570 -> C,ts_engage_write,402231381
13:17:25.664 -> C,ts_engage_write,402319370
13:17:25.758 -> C,ts_engage_write,402407368
13:17:25.758 -> C,engage_lvl,0
13:17:25.851 -> C,ts_engage_write,402495368
13:17:25.945 -> C,ts_engage_write,402583369
13:17:26.037 -> C,ts_engage_write,402671387
13:17:26.129 -> C,ts_engage_write,402759381
13:17:26.222 -> C,ts_engage_write,402847368
13:17:26.314 -> [FACE] heartbeat
13:17:26.314 -> C,mood_str,50
13:17:26.314 -> C,ts_engage_write,402935473
13:17:26.314 -> C,engage_lvl,0
13:17:26.314 -> C,modifier,15
13:17:26.314 -> C,engage_floor,0
13:17:26.314 -> C,loop_us,273
13:17:26.360 -> C,ts_engage_write,403023368
13:17:26.453 -> C,ts_engage_write,403111367
13:17:26.545 -> C,ts_engage_write,403199388
13:17:26.636 -> C,ts_engage_write,403287380
13:17:26.729 -> C,ts_engage_write,403375370
13:17:26.822 -> C,ts_engage_write,403463368
13:17:26.822 -> C,engage_lvl,0
13:17:26.914 -> C,ts_engage_write,403551368
13:17:27.007 -> C,ts_engage_write,403639369
13:17:27.098 -> C,ts_engage_write,403727386
13:17:27.191 -> C,ts_engage_write,403815379
13:17:27.237 -> C,ts_engage_write,403903368
13:17:27.331 -> [FACE] heartbeat
13:17:27.331 -> C,mood_str,50
13:17:27.331 -> C,ts_engage_write,403991474
13:17:27.331 -> C,engage_lvl,0
13:17:27.331 -> C,modifier,15
13:17:27.331 -> C,engage_floor,0
13:17:27.331 -> C,loop_us,249
13:17:27.427 -> C,ts_engage_write,404079360
13:17:27.521 -> C,ts_engage_write,404167389
13:17:27.614 -> C,ts_engage_write,404255380
13:17:27.707 -> C,ts_engage_write,404343370
13:17:27.798 -> C,ts_engage_write,404431368
13:17:27.891 -> C,ts_engage_write,404519368
13:17:27.891 -> C,engage_lvl,0
13:17:27.984 -> C,ts_engage_write,404607369
13:17:28.032 -> C,ts_engage_write,404695387
13:17:28.126 -> C,ts_engage_write,404783379
13:17:28.218 -> C,ts_engage_write,404871368
13:17:28.310 -> C,ts_engage_write,404959369
13:17:28.404 -> [FACE] heartbeat
13:17:28.404 -> C,mood_str,50
13:17:28.404 -> C,ts_engage_write,405047473
13:17:28.404 -> C,engage_lvl,0
13:17:28.404 -> C,modifier,15
13:17:28.404 -> C,engage_floor,0
13:17:28.404 -> C,loop_us,270
13:17:28.496 -> C,ts_engage_write,405135366
13:17:28.589 -> C,ts_engage_write,405223389
13:17:28.682 -> C,ts_engage_write,405311380
13:17:28.775 -> C,ts_engage_write,405399369
13:17:28.821 -> C,ts_engage_write,405487368
13:17:28.914 -> C,ts_engage_write,405575369
13:17:28.914 -> C,engage_lvl,0
13:17:29.008 -> C,ts_engage_write,405663386
13:17:29.100 -> C,ts_engage_write,405751379
13:17:29.193 -> C,ts_engage_write,405839368
13:17:29.288 -> C,ts_engage_write,405927369
13:17:29.380 -> C,ts_engage_write,406015369
13:17:29.475 -> [FACE] heartbeat
13:17:29.475 -> C,mood_str,50
13:17:29.475 -> C,ts_engage_write,406103474
13:17:29.475 -> C,engage_lvl,0
13:17:29.475 -> C,modifier,15
13:17:29.475 -> C,engage_floor,0
13:17:29.475 -> C,loop_us,274
13:17:29.568 -> C,ts_engage_write,406191386
13:17:29.614 -> C,ts_engage_write,406279379
13:17:29.706 -> C,ts_engage_write,406367369
13:17:29.799 -> C,ts_engage_write,406455369
13:17:29.894 -> C,ts_engage_write,406543369
13:17:29.986 -> C,ts_engage_write,406631368
13:17:29.986 -> C,engage_lvl,0
13:17:30.079 -> C,ts_engage_write,406719387
13:17:30.174 -> C,ts_engage_write,406807381
13:17:30.267 -> C,ts_engage_write,406895368
13:17:30.358 -> C,ts_engage_write,406983369
13:17:30.450 -> C,ts_engage_write,407071367
13:17:30.496 -> [FACE] heartbeat
13:17:30.496 -> C,mood_str,50
13:17:30.496 -> C,ts_engage_write,407159527
13:17:30.496 -> C,engage_lvl,0
13:17:30.496 -> C,modifier,15
13:17:30.496 -> C,engage_floor,0
13:17:30.496 -> C,loop_us,326
13:17:30.590 -> C,ts_engage_write,407247371
13:17:30.682 -> C,ts_engage_write,407335364
13:17:30.777 -> C,ts_engage_write,407423361
13:17:30.869 -> C,ts_engage_write,407511363
13:17:30.962 -> C,ts_engage_write,407599361
13:17:31.055 -> C,ts_engage_write,407687380
13:17:31.055 -> C,engage_lvl,0
13:17:31.149 -> C,ts_engage_write,407775375
13:17:31.241 -> C,ts_engage_write,407863365
13:17:31.287 -> C,ts_engage_write,407951363
13:17:31.380 -> C,ts_engage_write,408039365
13:17:31.473 -> C,ts_engage_write,408127363
13:17:31.567 -> [FACE] heartbeat
13:17:31.567 -> C,mood_str,50
13:17:31.567 -> C,ts_engage_write,408215516
13:17:31.567 -> C,engage_lvl,0
13:17:31.567 -> C,modifier,15
13:17:31.567 -> C,engage_floor,0
13:17:31.567 -> C,loop_us,317
13:17:31.660 -> C,ts_engage_write,408303369
13:17:31.753 -> C,ts_engage_write,408391364
13:17:31.845 -> C,ts_engage_write,408479364
13:17:31.937 -> C,ts_engage_write,408567365
13:17:32.030 -> C,ts_engage_write,408655389
13:17:32.122 -> C,ts_engage_write,408743380
13:17:32.122 -> C,engage_lvl,0
13:17:32.168 -> C,ts_engage_write,408831369
13:17:32.260 -> C,ts_engage_write,408919368
13:17:32.352 -> C,ts_engage_write,409007368
13:17:32.445 -> C,ts_engage_write,409095368
13:17:32.538 -> C,ts_engage_write,409183389
13:17:32.632 -> [FACE] heartbeat
13:17:32.632 -> C,mood_str,50
13:17:32.632 -> C,ts_engage_write,409271486
13:17:32.632 -> C,engage_lvl,0
13:17:32.632 -> C,modifier,15
13:17:32.632 -> C,engage_floor,0
13:17:32.632 -> C,loop_us,286
13:17:32.725 -> C,ts_engage_write,409359368
13:17:32.818 -> C,ts_engage_write,409447368
13:17:32.910 -> C,ts_engage_write,409535368
13:17:33.001 -> C,ts_engage_write,409623368
13:17:33.048 -> C,ts_engage_write,409711386
13:17:33.141 -> C,ts_engage_write,409799380
13:17:33.141 -> C,engage_lvl,0
13:17:33.234 -> C,ts_engage_write,409887369
13:17:33.328 -> C,ts_engage_write,409975368
13:17:33.421 -> C,ts_engage_write,410063367
13:17:33.515 -> C,ts_engage_write,410151389
13:17:33.607 -> C,ts_engage_write,410239379
13:17:33.700 -> [FACE] heartbeat
13:17:33.700 -> C,mood_str,50
13:17:33.700 -> C,ts_engage_write,410327473
13:17:33.700 -> C,engage_lvl,0
13:17:33.700 -> C,modifier,15
13:17:33.700 -> C,engage_floor,0
13:17:33.700 -> C,loop_us,260
13:17:33.794 -> C,ts_engage_write,410415364
13:17:33.841 -> C,ts_engage_write,410503368
13:17:33.934 -> C,ts_engage_write,410591368
13:17:34.028 -> C,ts_engage_write,410679386
13:17:34.120 -> C,ts_engage_write,410767382
13:17:34.213 -> C,ts_engage_write,410855369
13:17:34.213 -> C,engage_lvl,0
13:17:34.306 -> C,ts_engage_write,410943368
13:17:34.398 -> C,ts_engage_write,411031368
13:17:34.492 -> C,ts_engage_write,411119368
13:17:34.586 -> C,ts_engage_write,411207389
13:17:34.632 -> C,ts_engage_write,411295379
13:17:34.726 -> [FACE] heartbeat
13:17:34.726 -> C,mood_str,50
13:17:34.726 -> C,ts_engage_write,411383468
13:17:34.726 -> C,engage_lvl,0
13:17:34.726 -> C,modifier,15
13:17:34.726 -> C,engage_floor,0
13:17:34.726 -> C,loop_us,275
13:17:34.818 -> C,ts_engage_write,411471368
13:17:34.910 -> C,ts_engage_write,411559368
13:17:35.004 -> C,ts_engage_write,411647386
13:17:35.097 -> C,ts_engage_write,411735380
13:17:35.191 -> C,ts_engage_write,411823369
13:17:35.283 -> C,ts_engage_write,411911368
13:17:35.283 -> C,engage_lvl,0
13:17:35.376 -> C,ts_engage_write,411999368
13:17:35.422 -> C,ts_engage_write,412087368
13:17:35.514 -> C,ts_engage_write,412175389
13:17:35.607 -> C,ts_engage_write,412263379
13:17:35.698 -> C,ts_engage_write,412351369
13:17:35.792 -> [FACE] heartbeat
13:17:35.792 -> C,mood_str,50
13:17:35.792 -> C,ts_engage_write,412439476
13:17:35.792 -> C,engage_lvl,0
13:17:35.792 -> C,modifier,15
13:17:35.792 -> C,engage_floor,0
13:17:35.792 -> C,loop_us,275
13:17:35.883 -> C,ts_engage_write,412527368
13:17:35.976 -> C,ts_engage_write,412615368
13:17:36.068 -> C,ts_engage_write,412703389
13:17:36.160 -> C,ts_engage_write,412791380
13:17:36.253 -> C,ts_engage_write,412879369
13:17:36.345 -> C,ts_engage_write,412967368
13:17:36.345 -> C,engage_lvl,0
13:17:36.391 -> C,ts_engage_write,413055368
13:17:36.483 -> C,ts_engage_write,413143386
13:17:36.576 -> C,ts_engage_write,413231380
13:17:36.668 -> C,ts_engage_write,413319369
13:17:36.761 -> C,ts_engage_write,413407369
13:17:36.854 -> [FACE] heartbeat
13:17:36.854 -> C,mood_str,50
13:17:36.854 -> C,ts_engage_write,413495468
13:17:36.854 -> C,engage_lvl,0
13:17:36.854 -> C,modifier,15
13:17:36.854 -> C,engage_floor,0
13:17:36.854 -> C,loop_us,267
13:17:36.947 -> C,ts_engage_write,413583367
13:17:37.040 -> C,ts_engage_write,413671387
13:17:37.133 -> C,ts_engage_write,413759380
13:17:37.226 -> C,ts_engage_write,413847368
13:17:37.271 -> C,ts_engage_write,413935368
13:17:37.364 -> C,ts_engage_write,414023369
13:17:37.364 -> C,engage_lvl,0
13:17:37.456 -> C,ts_engage_write,414111367
13:17:37.549 -> C,ts_engage_write,414199388
13:17:37.642 -> C,ts_engage_write,414287380
13:17:37.733 -> C,ts_engage_write,414375370
13:17:37.827 -> C,ts_engage_write,414463368
13:17:37.920 -> [FACE] heartbeat
13:17:37.920 -> C,mood_str,50
13:17:37.920 -> C,ts_engage_write,414551475
13:17:37.920 -> C,engage_lvl,0
13:17:37.920 -> C,modifier,15
13:17:37.920 -> C,engage_floor,0
13:17:37.920 -> C,loop_us,272
13:17:38.013 -> C,ts_engage_write,414639368
13:17:38.106 -> C,ts_engage_write,414727386
13:17:38.153 -> C,ts_engage_write,414815382
13:17:38.246 -> C,ts_engage_write,414903369
13:17:38.338 -> C,ts_engage_write,414991368
13:17:38.431 -> C,ts_engage_write,415079367
13:17:38.431 -> C,engage_lvl,0
13:17:38.525 -> C,ts_engage_write,415167389
13:17:38.618 -> C,ts_engage_write,415255379
13:17:38.710 -> C,ts_engage_write,415343369
13:17:38.801 -> C,ts_engage_write,415431369
13:17:38.896 -> C,ts_engage_write,415519369
13:17:38.943 -> [FACE] heartbeat
13:17:38.943 -> C,mood_str,50
13:17:38.943 -> C,ts_engage_write,415607473
13:17:38.943 -> C,engage_lvl,0
13:17:38.943 -> C,modifier,15
13:17:38.943 -> C,engage_floor,0
13:17:38.943 -> C,loop_us,273
13:17:39.037 -> C,ts_engage_write,415695387
13:17:39.130 -> C,ts_engage_write,415783379
13:17:39.223 -> C,ts_engage_write,415871368
13:17:39.315 -> C,ts_engage_write,415959369
13:17:39.408 -> C,ts_engage_write,416047369
13:17:39.501 -> C,ts_engage_write,416135367
13:17:39.501 -> C,engage_lvl,0
13:17:39.595 -> C,ts_engage_write,416223389
13:17:39.689 -> C,ts_engage_write,416311379
13:17:39.735 -> C,ts_engage_write,416399369
13:17:39.827 -> C,ts_engage_write,416487369
13:17:39.920 -> C,ts_engage_write,416575369
13:17:40.012 -> [FACE] heartbeat
13:17:40.012 -> C,mood_str,50
13:17:40.012 -> C,ts_engage_write,416663518
13:17:40.012 -> C,engage_lvl,0
13:17:40.012 -> C,modifier,15
13:17:40.012 -> C,engage_floor,0
13:17:40.012 -> C,loop_us,333
13:17:40.107 -> C,ts_engage_write,416751373
13:17:40.199 -> C,ts_engage_write,416839367
13:17:40.290 -> C,ts_engage_write,416927363
13:17:40.384 -> C,ts_engage_write,417015367
13:17:40.477 -> C,ts_engage_write,417103360
13:17:40.569 -> C,ts_engage_write,417191389
13:17:40.569 -> C,engage_lvl,0
13:17:40.616 -> C,ts_engage_write,417279373
13:17:40.710 -> C,ts_engage_write,417367370
13:17:40.804 -> C,ts_engage_write,417455362
13:17:40.897 -> C,ts_engage_write,417543368
13:17:40.991 -> C,ts_engage_write,417631362
13:17:41.084 -> [FACE] heartbeat
13:17:41.084 -> C,mood_str,50
13:17:41.084 -> C,ts_engage_write,417719513
13:17:41.084 -> C,engage_lvl,0
13:17:41.084 -> C,modifier,15
13:17:41.084 -> C,engage_floor,0
13:17:41.084 -> C,loop_us,324
13:17:41.177 -> C,ts_engage_write,417807369
13:17:41.270 -> C,ts_engage_write,417895363
13:17:41.362 -> C,ts_engage_write,417983360
13:17:41.409 -> C,ts_engage_write,418071362
13:17:41.502 -> C,ts_engage_write,418159386
13:17:41.595 -> C,ts_engage_write,418247380
13:17:41.595 -> C,engage_lvl,0
13:17:41.688 -> C,ts_engage_write,418335370
13:17:41.782 -> C,ts_engage_write,418423368
13:17:41.876 -> C,ts_engage_write,418511368
13:17:41.968 -> C,ts_engage_write,418599369
13:17:42.060 -> C,ts_engage_write,418687386
13:17:42.154 -> [FACE] heartbeat
13:17:42.154 -> C,mood_str,50
13:17:42.154 -> C,ts_engage_write,418775493
13:17:42.154 -> C,engage_lvl,0
13:17:42.154 -> C,modifier,15
13:17:42.154 -> C,engage_floor,0
13:17:42.154 -> C,loop_us,301
13:17:42.200 -> C,ts_engage_write,418863368
13:17:42.294 -> C,ts_engage_write,418951368
13:17:42.386 -> C,ts_engage_write,419039368
13:17:42.479 -> C,ts_engage_write,419127367
13:17:42.573 -> C,ts_engage_write,419215387
13:17:42.667 -> C,ts_engage_write,419303380
13:17:42.667 -> C,engage_lvl,0
13:17:42.759 -> C,ts_engage_write,419391370
13:17:42.852 -> C,ts_engage_write,419479368
13:17:42.945 -> C,ts_engage_write,419567368
13:17:42.992 -> C,ts_engage_write,419655387
13:17:43.085 -> C,ts_engage_write,419743379
13:17:43.177 -> [FACE] heartbeat
13:17:43.177 -> C,mood_str,50
13:17:43.177 -> C,ts_engage_write,419831466
13:17:43.177 -> C,engage_lvl,0
13:17:43.177 -> C,modifier,15
13:17:43.177 -> C,engage_floor,0
13:17:43.177 -> C,loop_us,273
13:17:43.270 -> C,ts_engage_write,419919368
13:17:43.363 -> C,ts_engage_write,420007368
13:17:43.457 -> C,ts_engage_write,420095367
13:17:43.553 -> C,ts_engage_write,420183388
13:17:43.646 -> C,dom_touch,84
13:17:43.646 -> C,dom_sec,0
13:17:43.646 -> [MEM] tick: records=3 strength=84
13:17:43.646 -> C,rec_count,3
13:17:43.646 -> C,ts_engage_write,420271533
13:17:43.738 -> C,ts_engage_write,420359370
13:17:43.738 -> C,engage_lvl,0
13:17:43.785 -> C,ts_engage_write,420447368
13:17:43.878 -> C,ts_engage_write,420535368
13:17:43.973 -> C,ts_engage_write,420623369
13:17:44.065 -> C,ts_engage_write,420711388
13:17:44.159 -> C,ts_engage_write,420799379
13:17:44.252 -> [FACE] heartbeat
13:17:44.252 -> C,mood_str,50
13:17:44.252 -> C,ts_engage_write,420887474
13:17:44.252 -> C,engage_lvl,0
13:17:44.252 -> C,modifier,15
13:17:44.252 -> C,engage_floor,0
13:17:44.252 -> C,loop_us,273
13:17:44.346 -> C,ts_engage_write,420975368
13:17:44.440 -> C,ts_engage_write,421063368
13:17:44.486 -> C,ts_engage_write,421151387
13:17:44.579 -> C,ts_engage_write,421239380
13:17:44.672 -> C,ts_engage_write,421327370
13:17:44.766 -> C,ts_engage_write,421415368
13:17:44.766 -> C,engage_lvl,0
13:17:44.860 -> C,ts_engage_write,421503368
13:17:44.952 -> C,ts_engage_write,421591369
13:17:45.045 -> C,ts_engage_write,421679390
13:17:45.138 -> C,ts_engage_write,421767379
13:17:45.232 -> C,ts_engage_write,421855368
13:17:45.279 -> [FACE] heartbeat
13:17:45.279 -> C,mood_str,50
13:17:45.279 -> C,ts_engage_write,421943473
13:17:45.279 -> C,engage_lvl,0
13:17:45.279 -> C,modifier,15
13:17:45.279 -> C,engage_floor,0
13:17:45.279 -> C,loop_us,273
13:17:45.369 -> C,ts_engage_write,422031368
13:17:45.462 -> C,ts_engage_write,422119367
13:17:45.555 -> C,ts_engage_write,422207388
13:17:45.648 -> C,ts_engage_write,422295380
13:17:45.741 -> C,ts_engage_write,422383370
13:17:45.834 -> C,ts_engage_write,422471368
13:17:45.834 -> C,engage_lvl,0
13:17:45.926 -> C,ts_engage_write,422559369
13:17:46.018 -> C,ts_engage_write,422647386
13:17:46.111 -> C,ts_engage_write,422738759
13:17:46.205 -> C,ts_engage_write,422826386
13:17:46.251 -> C,ts_engage_write,422914369
13:17:46.345 -> [FACE] heartbeat
13:17:46.345 -> C,mood_str,50
13:17:46.345 -> C,ts_engage_write,423002482
13:17:46.345 -> C,engage_lvl,0
13:17:46.345 -> C,modifier,15
13:17:46.345 -> C,engage_floor,0
13:17:46.345 -> C,loop_us,284
13:17:46.439 -> C,ts_engage_write,423090367
13:17:46.531 -> C,ts_engage_write,423178394
13:17:46.625 -> C,ts_engage_write,423266375
13:17:46.719 -> C,ts_engage_write,423354369
13:17:46.811 -> C,ts_engage_write,423442368
13:17:46.905 -> C,ts_engage_write,423530368
13:17:46.905 -> C,engage_lvl,0
13:17:46.997 -> C,ts_engage_write,423618369
13:17:47.044 -> C,ts_engage_write,423706393
13:17:47.139 -> C,ts_engage_write,423794373
13:17:47.232 -> C,ts_engage_write,423882368
13:17:47.325 -> C,ts_engage_write,423970369
13:17:47.418 -> [FACE] heartbeat
13:17:47.418 -> C,mood_str,50
13:17:47.418 -> C,ts_engage_write,424058468
13:17:47.418 -> C,engage_lvl,0
13:17:47.418 -> C,modifier,15
13:17:47.418 -> C,engage_floor,0
13:17:47.418 -> C,loop_us,267
13:17:47.510 -> C,ts_engage_write,424146394
13:17:47.604 -> C,ts_engage_write,424234375
13:17:47.697 -> C,ts_engage_write,424322369
13:17:47.744 -> C,ts_engage_write,424410368
13:17:47.836 -> C,ts_engage_write,424498368
13:17:47.928 -> C,ts_engage_write,424586369
13:17:47.928 -> C,engage_lvl,0
13:17:48.021 -> C,ts_engage_write,424674394
13:17:48.112 -> C,ts_engage_write,424762373
13:17:48.205 -> C,ts_engage_write,424850368
13:17:48.297 -> C,ts_engage_write,424938369
13:17:48.390 -> C,ts_engage_write,425026369
13:17:48.483 -> [FACE] heartbeat
13:17:48.483 -> C,mood_str,50
13:17:48.483 -> C,ts_engage_write,425114476
13:17:48.483 -> C,engage_lvl,0
13:17:48.483 -> C,modifier,15
13:17:48.483 -> C,engage_floor,0
13:17:48.483 -> C,loop_us,278
13:17:48.576 -> C,ts_engage_write,425202394
13:17:48.624 -> C,ts_engage_write,425290374
13:17:48.716 -> C,ts_engage_write,425378368
13:17:48.809 -> C,ts_engage_write,425466370
13:17:48.905 -> C,ts_engage_write,425554369
13:17:48.997 -> C,ts_engage_write,425642395
13:17:48.997 -> C,engage_lvl,0
13:17:49.090 -> C,ts_engage_write,425730374
13:17:49.183 -> C,ts_engage_write,425818369
13:17:49.277 -> C,ts_engage_write,425906368
13:17:49.371 -> C,ts_engage_write,425994368
13:17:49.417 -> C,ts_engage_write,426082368
13:17:49.510 -> [FACE] heartbeat
13:17:49.510 -> C,mood_str,50
13:17:49.510 -> C,ts_engage_write,426170525
13:17:49.510 -> C,engage_lvl,0
13:17:49.510 -> C,modifier,15
13:17:49.510 -> C,engage_floor,0
13:17:49.510 -> C,loop_us,339
13:17:49.604 -> C,ts_engage_write,426258368
13:17:49.697 -> C,ts_engage_write,426346360
13:17:49.791 -> C,ts_engage_write,426434364
13:17:49.885 -> C,ts_engage_write,426522361
13:17:49.978 -> C,ts_engage_write,426610363
13:17:50.071 -> C,ts_engage_write,426698389
13:17:50.071 -> C,engage_lvl,0
13:17:50.162 -> C,ts_engage_write,426786371
13:17:50.209 -> C,ts_engage_write,426874364
13:17:50.302 -> C,ts_engage_write,426962364
13:17:50.395 -> C,ts_engage_write,427050364
13:17:50.487 -> C,ts_engage_write,427138364
13:17:50.581 -> [FACE] heartbeat
13:17:50.581 -> C,mood_str,50
13:17:50.581 -> C,ts_engage_write,427226519
13:17:50.581 -> C,engage_lvl,0
13:17:50.581 -> C,modifier,15
13:17:50.581 -> C,engage_floor,0
13:17:50.581 -> C,loop_us,321
13:17:50.675 -> C,ts_engage_write,427314369
13:17:50.768 -> C,ts_engage_write,427402362
13:17:50.860 -> C,ts_engage_write,427490362
13:17:50.952 -> C,ts_engage_write,427578362
13:17:51.045 -> C,ts_engage_write,427666392
13:17:51.092 -> C,ts_engage_write,427754375
13:17:51.092 -> C,engage_lvl,0
13:17:51.185 -> C,ts_engage_write,427842369
13:17:51.279 -> C,ts_engage_write,427930368
13:17:51.370 -> C,ts_engage_write,428018368
13:17:51.463 -> C,ts_engage_write,428106368
13:17:51.556 -> C,ts_engage_write,428194394
13:17:51.649 -> [FACE] heartbeat
13:17:51.649 -> C,mood_str,50
13:17:51.649 -> C,ts_engage_write,428282481
13:17:51.649 -> C,engage_lvl,0
13:17:51.649 -> C,modifier,15
13:17:51.649 -> C,engage_floor,0
13:17:51.649 -> C,loop_us,283
13:17:51.741 -> C,ts_engage_write,428370368
13:17:51.835 -> C,ts_engage_write,428458368
13:17:51.881 -> C,ts_engage_write,428546368
13:17:51.974 -> C,ts_engage_write,428634368
13:17:52.067 -> C,ts_engage_write,428722392
13:17:52.160 -> C,ts_engage_write,428810375
13:17:52.160 -> C,engage_lvl,0
13:17:52.250 -> C,ts_engage_write,428898369
13:17:52.344 -> C,ts_engage_write,428986368
13:17:52.436 -> C,ts_engage_write,429074367
13:17:52.528 -> C,ts_engage_write,429162394
13:17:52.623 -> C,ts_engage_write,429250377
13:17:52.717 -> [FACE] heartbeat
13:17:52.717 -> C,mood_str,50
13:17:52.717 -> C,ts_engage_write,429338476
13:17:52.717 -> C,engage_lvl,0
13:17:52.717 -> C,modifier,15
13:17:52.717 -> C,engage_floor,0
13:17:52.717 -> C,loop_us,284
13:17:52.764 -> C,ts_engage_write,429426368
13:17:52.857 -> C,ts_engage_write,429514368
13:17:52.950 -> C,ts_engage_write,429602368
13:17:53.043 -> C,ts_engage_write,429690394
13:17:53.136 -> C,ts_engage_write,429778375
13:17:53.229 -> C,ts_engage_write,429866369
13:17:53.229 -> C,engage_lvl,0
13:17:53.322 -> C,ts_engage_write,429954368
13:17:53.415 -> C,ts_engage_write,430042368
13:17:53.507 -> C,ts_engage_write,430130368
13:17:53.554 -> C,ts_engage_write,430218394
13:17:53.646 -> C,ts_engage_write,430306376
13:17:53.739 -> [FACE] heartbeat
13:17:53.739 -> C,mood_str,50
13:17:53.739 -> C,ts_engage_write,430394468
13:17:53.739 -> C,engage_lvl,0
13:17:53.739 -> C,modifier,15
13:17:53.739 -> C,engage_floor,0
13:17:53.739 -> C,loop_us,279
13:17:53.831 -> C,ts_engage_write,430482368
13:17:53.924 -> C,ts_engage_write,430570368
13:17:54.016 -> C,ts_engage_write,430658394
13:17:54.108 -> C,ts_engage_write,430746375
13:17:54.201 -> C,ts_engage_write,430834369
13:17:54.292 -> C,ts_engage_write,430922368
13:17:54.292 -> C,engage_lvl,0
13:17:54.383 -> C,ts_engage_write,431010368
13:17:54.475 -> C,ts_engage_write,431098369
13:17:54.523 -> C,ts_engage_write,431186394
13:17:54.613 -> C,ts_engage_write,431274376
13:17:54.705 -> C,ts_engage_write,431362368
13:17:54.797 -> [FACE] heartbeat
13:17:54.797 -> C,mood_str,50
13:17:54.797 -> C,ts_engage_write,431450473
13:17:54.797 -> C,engage_lvl,0
13:17:54.797 -> C,modifier,15
13:17:54.797 -> C,engage_floor,0
13:17:54.797 -> C,loop_us,271
13:17:54.890 -> C,ts_engage_write,431538368
13:17:54.982 -> C,ts_engage_write,431626368
13:17:55.076 -> C,ts_engage_write,431714392
13:17:55.168 -> C,ts_engage_write,431802375
13:17:55.263 -> C,ts_engage_write,431890369
13:17:55.356 -> C,ts_engage_write,431978368
13:17:55.356 -> C,engage_lvl,0
13:17:55.403 -> C,ts_engage_write,432066367
13:17:55.496 -> C,ts_engage_write,432154394
13:17:55.590 -> C,ts_engage_write,432242376
13:17:55.683 -> C,ts_engage_write,432330368
13:17:55.775 -> C,ts_engage_write,432418369
13:17:55.868 -> [FACE] heartbeat
13:17:55.868 -> C,mood_str,50
13:17:55.868 -> C,ts_engage_write,432506474
13:17:55.868 -> C,engage_lvl,0
13:17:55.868 -> C,modifier,15
13:17:55.868 -> C,engage_floor,0
13:17:55.868 -> C,loop_us,273
13:17:55.961 -> C,ts_engage_write,432594367
13:17:56.055 -> C,ts_engage_write,432682393
13:17:56.149 -> C,ts_engage_write,432770375
13:17:56.196 -> C,ts_engage_write,432858368
13:17:56.289 -> C,ts_engage_write,432946368
13:17:56.381 -> C,ts_engage_write,433034370
13:17:56.381 -> C,engage_lvl,0
13:17:56.475 -> C,ts_engage_write,433122368
13:17:56.568 -> C,ts_engage_write,433210394
13:17:56.662 -> C,ts_engage_write,433298376
13:17:56.755 -> C,ts_engage_write,433386369
13:17:56.848 -> C,ts_engage_write,433474368
13:17:56.942 -> [FACE] heartbeat
13:17:56.942 -> C,mood_str,50
13:17:56.942 -> C,ts_engage_write,433562475
13:17:56.942 -> C,engage_lvl,0
13:17:56.942 -> C,modifier,15
13:17:56.942 -> C,engage_floor,0
13:17:56.942 -> C,loop_us,274
13:17:56.988 -> C,ts_engage_write,433650393
13:17:57.081 -> C,ts_engage_write,433738374
13:17:57.175 -> C,ts_engage_write,433826368
13:17:57.267 -> C,ts_engage_write,433914369
13:17:57.360 -> C,ts_engage_write,434002369
13:17:57.454 -> C,ts_engage_write,434090367
13:17:57.454 -> C,engage_lvl,0
13:17:57.547 -> C,ts_engage_write,434178394
13:17:57.638 -> C,ts_engage_write,434266376
13:17:57.731 -> C,ts_engage_write,434354368
13:17:57.777 -> C,ts_engage_write,434442369
13:17:57.869 -> C,ts_engage_write,434530369
13:17:57.962 -> [FACE] heartbeat
13:17:57.962 -> C,mood_str,50
13:17:57.962 -> C,ts_engage_write,434618474
13:17:57.962 -> C,engage_lvl,0
13:17:57.962 -> C,modifier,15
13:17:57.962 -> C,engage_floor,0
13:17:57.962 -> C,loop_us,274
13:17:58.056 -> C,ts_engage_write,434706395
13:17:58.149 -> C,ts_engage_write,434794374
13:17:58.243 -> C,ts_engage_write,434882368
13:17:58.337 -> C,ts_engage_write,434970369
13:17:58.431 -> C,ts_engage_write,435058367
13:17:58.524 -> C,ts_engage_write,435146393
13:17:58.524 -> C,engage_lvl,0
13:17:58.569 -> C,ts_engage_write,435234376
13:17:58.664 -> C,ts_engage_write,435322369
13:17:58.756 -> C,ts_engage_write,435410368
13:17:58.849 -> C,ts_engage_write,435498368
13:17:58.943 -> C,ts_engage_write,435586369
13:17:59.035 -> [FACE] heartbeat
13:17:59.035 -> C,mood_str,50
13:17:59.035 -> C,ts_engage_write,435674531
13:17:59.035 -> C,engage_lvl,0
13:17:59.035 -> C,modifier,15
13:17:59.035 -> C,engage_floor,0
13:17:59.035 -> C,loop_us,331
13:17:59.128 -> C,ts_engage_write,435762364
13:17:59.221 -> C,ts_engage_write,435850361
13:17:59.314 -> C,ts_engage_write,435938362
13:17:59.360 -> C,ts_engage_write,436026362
13:17:59.454 -> C,ts_engage_write,436114358
13:17:59.547 -> C,ts_engage_write,436202386
13:17:59.547 -> C,engage_lvl,0
13:17:59.640 -> C,ts_engage_write,436290367
13:17:59.734 -> C,ts_engage_write,436378365
13:17:59.827 -> C,ts_engage_write,436466359
13:17:59.921 -> C,ts_engage_write,436554363
13:18:00.014 -> C,ts_engage_write,436642389
13:18:00.107 -> [FACE] heartbeat
13:18:00.107 -> C,mood_str,50
13:18:00.107 -> C,ts_engage_write,436730465
13:18:00.107 -> C,engage_lvl,0
13:18:00.107 -> C,modifier,15
13:18:00.107 -> C,engage_floor,0
13:18:00.107 -> C,loop_us,280
13:18:00.152 -> C,ts_engage_write,436818368
13:18:00.247 -> C,ts_engage_write,436906368
13:18:00.341 -> C,ts_engage_write,436994368
13:18:00.434 -> C,ts_engage_write,437082367
13:18:00.527 -> C,ts_engage_write,437170391
13:18:00.619 -> C,ts_engage_write,437258379
13:18:00.619 -> C,engage_lvl,0
13:18:00.713 -> C,ts_engage_write,437346369
13:18:00.807 -> C,ts_engage_write,437434369
13:18:00.899 -> C,ts_engage_write,437522368
13:18:00.945 -> C,ts_engage_write,437610369
13:18:01.036 -> C,ts_engage_write,437698392
13:18:01.130 -> [FACE] heartbeat
13:18:01.130 -> C,mood_str,50
13:18:01.130 -> C,ts_engage_write,437786479
13:18:01.130 -> C,engage_lvl,0
13:18:01.130 -> C,modifier,15
13:18:01.130 -> C,engage_floor,0
13:18:01.130 -> C,loop_us,285
13:18:01.223 -> C,ts_engage_write,437874364
13:18:01.315 -> C,ts_engage_write,437962368
13:18:01.407 -> C,ts_engage_write,438050368
13:18:01.499 -> C,ts_engage_write,438138367
13:18:01.593 -> C,ts_engage_write,438226391
13:18:01.687 -> C,ts_engage_write,438314379
13:18:01.687 -> C,engage_lvl,0
13:18:01.780 -> C,ts_engage_write,438402369
13:18:01.827 -> C,ts_engage_write,438490368
13:18:01.920 -> C,ts_engage_write,438578368
13:18:02.013 -> C,ts_engage_write,438666392
13:18:02.107 -> C,ts_engage_write,438754377
13:18:02.202 -> [FACE] heartbeat
13:18:02.202 -> C,mood_str,50
13:18:02.202 -> C,ts_engage_write,438842471
13:18:02.202 -> C,engage_lvl,0
13:18:02.202 -> C,modifier,15
13:18:02.202 -> C,engage_floor,0
13:18:02.202 -> C,loop_us,270
13:18:02.295 -> C,ts_engage_write,438930368
13:18:02.390 -> C,ts_engage_write,439018368
13:18:02.484 -> C,ts_engage_write,439106367
13:18:02.530 -> C,ts_engage_write,439194391
13:18:02.623 -> C,ts_engage_write,439282379
13:18:02.716 -> C,ts_engage_write,439370369
13:18:02.716 -> C,engage_lvl,0
13:18:02.809 -> C,ts_engage_write,439458368
13:18:02.902 -> C,ts_engage_write,439546368
13:18:02.997 -> C,ts_engage_write,439634369
13:18:03.089 -> C,ts_engage_write,439722391
13:18:03.181 -> C,ts_engage_write,439810377
13:18:03.276 -> [FACE] heartbeat
13:18:03.276 -> C,mood_str,50
13:18:03.276 -> C,ts_engage_write,439898459
13:18:03.276 -> C,engage_lvl,0
13:18:03.276 -> C,modifier,15
13:18:03.276 -> C,engage_floor,0
13:18:03.276 -> C,loop_us,270
13:18:03.323 -> C,ts_engage_write,439986368
13:18:03.414 -> C,ts_engage_write,440074367
13:18:03.507 -> C,ts_engage_write,440162391
13:18:03.600 -> C,ts_engage_write,440250379
13:18:03.694 -> C,ts_engage_write,440338369
13:18:03.787 -> C,ts_engage_write,440426368
13:18:03.787 -> C,engage_lvl,0
13:18:03.879 -> C,ts_engage_write,440514368
13:18:03.973 -> C,ts_engage_write,440602369
13:18:04.066 -> C,ts_engage_write,440690391
13:18:04.113 -> C,ts_engage_write,440778377
13:18:04.206 -> C,ts_engage_write,440866368
13:18:04.300 -> [FACE] heartbeat
13:18:04.300 -> C,mood_str,50
13:18:04.300 -> C,ts_engage_write,440954461
13:18:04.300 -> C,engage_lvl,0
13:18:04.300 -> C,modifier,15
13:18:04.300 -> C,engage_floor,0
13:18:04.300 -> C,loop_us,265
13:18:04.393 -> C,ts_engage_write,441042364
13:18:04.486 -> C,ts_engage_write,441130367
13:18:04.578 -> C,ts_engage_write,441218391
13:18:04.671 -> C,ts_engage_write,441306379
13:18:04.764 -> C,ts_engage_write,441394369
13:18:04.857 -> C,ts_engage_write,441482368
13:18:04.857 -> C,engage_lvl,0
13:18:04.904 -> C,ts_engage_write,441570368
13:18:04.997 -> C,ts_engage_write,441658391
13:18:05.092 -> C,ts_engage_write,441746377
13:18:05.184 -> C,ts_engage_write,441834368
13:18:05.275 -> C,ts_engage_write,441922369
13:18:05.368 -> [FACE] heartbeat
13:18:05.368 -> C,mood_str,50
13:18:05.368 -> C,ts_engage_write,442010470
13:18:05.368 -> C,engage_lvl,0
13:18:05.368 -> C,modifier,15
13:18:05.368 -> C,engage_floor,0
13:18:05.368 -> C,loop_us,269
13:18:05.460 -> C,ts_engage_write,442098366
13:18:05.553 -> C,ts_engage_write,442186393
13:18:05.646 -> C,ts_engage_write,442274379
13:18:05.739 -> C,ts_engage_write,442362368
13:18:05.785 -> C,ts_engage_write,442450368
13:18:05.876 -> C,ts_engage_write,442538369
13:18:05.876 -> C,engage_lvl,0
13:18:05.969 -> C,ts_engage_write,442626369
13:18:06.063 -> C,ts_engage_write,442714392
13:18:06.156 -> C,ts_engage_write,442802377
13:18:06.249 -> C,ts_engage_write,442890369
13:18:06.342 -> C,ts_engage_write,442978368
13:18:06.434 -> [FACE] heartbeat
13:18:06.434 -> C,mood_str,50
13:18:06.434 -> C,ts_engage_write,443066463
13:18:06.434 -> C,engage_lvl,0
13:18:06.434 -> C,modifier,15
13:18:06.434 -> C,engage_floor,0
13:18:06.434 -> C,loop_us,261
13:18:06.526 -> C,ts_engage_write,443154387
13:18:06.618 -> C,ts_engage_write,443242378
13:18:06.664 -> C,ts_engage_write,443330368
13:18:06.758 -> C,ts_engage_write,443418369
13:18:06.851 -> C,ts_engage_write,443506369
13:18:06.945 -> C,ts_engage_write,443594368
13:18:06.945 -> C,engage_lvl,0
13:18:07.040 -> C,ts_engage_write,443682391
13:18:07.134 -> C,ts_engage_write,443770377
13:18:07.227 -> C,ts_engage_write,443858368
13:18:07.321 -> C,ts_engage_write,443946369
13:18:07.368 -> C,ts_engage_write,444034369
13:18:07.460 -> [FACE] heartbeat
13:18:07.460 -> C,mood_str,50
13:18:07.460 -> C,ts_engage_write,444122473
13:18:07.460 -> C,engage_lvl,0
13:18:07.460 -> C,modifier,15
13:18:07.460 -> C,engage_floor,0
13:18:07.460 -> C,loop_us,273
13:18:07.554 -> C,ts_engage_write,444210390
13:18:07.648 -> C,ts_engage_write,444298378
13:18:07.743 -> C,ts_engage_write,444386368
13:18:07.834 -> C,ts_engage_write,444474369
13:18:07.927 -> C,ts_engage_write,444562369
13:18:08.021 -> C,ts_engage_write,444650390
13:18:08.021 -> C,engage_lvl,0
13:18:08.114 -> C,ts_engage_write,444738377
13:18:08.160 -> C,ts_engage_write,444826369
13:18:08.253 -> C,ts_engage_write,444914368
13:18:08.345 -> C,ts_engage_write,445002368
13:18:08.438 -> C,ts_engage_write,445090368
13:18:08.530 -> [FACE] heartbeat
13:18:08.530 -> C,mood_str,50
13:18:08.530 -> C,ts_engage_write,445178518
13:18:08.530 -> C,engage_lvl,0
13:18:08.530 -> C,modifier,15
13:18:08.530 -> C,engage_floor,0
13:18:08.530 -> C,loop_us,327
13:18:08.623 -> C,ts_engage_write,445266368
13:18:08.716 -> C,ts_engage_write,445354363
13:18:08.809 -> C,ts_engage_write,445442362
13:18:08.904 -> C,ts_engage_write,445530363
13:18:08.997 -> C,ts_engage_write,445618361
13:18:09.044 -> C,ts_engage_write,445706385
13:18:09.044 -> C,engage_lvl,0
13:18:09.137 -> C,ts_engage_write,445794373
13:18:09.229 -> C,ts_engage_write,445882366
13:18:09.323 -> C,ts_engage_write,445970363
13:18:09.418 -> C,ts_engage_write,446058364
13:18:09.512 -> C,ts_engage_write,446146391
13:18:09.605 -> [FACE] heartbeat
13:18:09.605 -> C,mood_str,50
13:18:09.605 -> C,ts_engage_write,446234479
13:18:09.605 -> C,engage_lvl,0
13:18:09.605 -> C,modifier,15
13:18:09.605 -> C,engage_floor,0
13:18:09.605 -> C,loop_us,289
13:18:09.698 -> C,ts_engage_write,446322364
13:18:09.745 -> C,ts_engage_write,446410368
13:18:09.838 -> C,ts_engage_write,446498368
13:18:09.931 -> C,ts_engage_write,446586368
13:18:10.024 -> C,ts_engage_write,446674392
13:18:10.117 -> C,ts_engage_write,446762377
13:18:10.117 -> C,engage_lvl,0
13:18:10.210 -> C,ts_engage_write,446850369
13:18:10.303 -> C,ts_engage_write,446938368
13:18:10.396 -> C,ts_engage_write,447026368
13:18:10.490 -> C,ts_engage_write,447114368
13:18:10.537 -> C,ts_engage_write,447202391
13:18:10.630 -> [FACE] heartbeat
13:18:10.630 -> C,mood_str,50
13:18:10.630 -> C,ts_engage_write,447290479
13:18:10.630 -> C,engage_lvl,0
13:18:10.630 -> C,modifier,15
13:18:10.630 -> C,engage_floor,0
13:18:10.630 -> C,loop_us,276
13:18:10.724 -> C,ts_engage_write,447378368
13:18:10.818 -> C,ts_engage_write,447466368
13:18:10.910 -> C,ts_engage_write,447554368
13:18:11.003 -> C,ts_engage_write,447642390
13:18:11.095 -> C,ts_engage_write,447730377
13:18:11.187 -> C,ts_engage_write,447818369
13:18:11.187 -> C,engage_lvl,0
13:18:11.281 -> C,ts_engage_write,447906368
13:18:11.328 -> C,ts_engage_write,447994368
13:18:11.422 -> C,ts_engage_write,448082368
13:18:11.516 -> C,ts_engage_write,448170391
13:18:11.610 -> C,ts_engage_write,448258378
13:18:11.703 -> [FACE] heartbeat
13:18:11.703 -> C,mood_str,50
13:18:11.703 -> C,ts_engage_write,448346453
13:18:11.703 -> C,engage_lvl,0
13:18:11.703 -> C,modifier,15
13:18:11.703 -> C,engage_floor,0
13:18:11.703 -> C,loop_us,267
13:18:11.796 -> C,ts_engage_write,448434368
13:18:11.889 -> C,ts_engage_write,448522368
13:18:11.982 -> C,ts_engage_write,448610368
13:18:12.075 -> C,ts_engage_write,448698390
13:18:12.121 -> C,ts_engage_write,448786377
13:18:12.213 -> C,ts_engage_write,448874369
13:18:12.213 -> C,engage_lvl,0
13:18:12.306 -> C,ts_engage_write,448962368
13:18:12.398 -> C,ts_engage_write,449050368
13:18:12.491 -> C,ts_engage_write,449138368
13:18:12.584 -> C,ts_engage_write,449226391
13:18:12.678 -> C,ts_engage_write,449314378
13:18:12.771 -> [FACE] heartbeat
13:18:12.771 -> C,mood_str,50
13:18:12.771 -> C,ts_engage_write,449402453
13:18:12.771 -> C,engage_lvl,0
13:18:12.771 -> C,modifier,15
13:18:12.771 -> C,engage_floor,0
13:18:12.771 -> C,loop_us,251
13:18:12.864 -> C,ts_engage_write,449490364
13:18:12.957 -> C,ts_engage_write,449578369
13:18:13.005 -> C,ts_engage_write,449666391
13:18:13.097 -> C,ts_engage_write,449754377
13:18:13.190 -> C,ts_engage_write,449842369
13:18:13.282 -> C,ts_engage_write,449930368
13:18:13.282 -> C,engage_lvl,0
13:18:13.375 -> C,ts_engage_write,450018368
13:18:13.469 -> C,ts_engage_write,450106368
13:18:13.562 -> C,ts_engage_write,450194391
13:18:13.654 -> C,ts_engage_write,450282378
13:18:13.746 -> C,ts_engage_write,450370368
13:18:13.837 -> [FACE] heartbeat
13:18:13.837 -> C,mood_str,50
13:18:13.837 -> C,ts_engage_write,450458459
13:18:13.837 -> C,engage_lvl,0
13:18:13.837 -> C,modifier,15
13:18:13.837 -> C,engage_floor,0
13:18:13.837 -> C,loop_us,259
13:18:13.883 -> C,ts_engage_write,450546362
13:18:13.975 -> C,ts_engage_write,450634368
13:18:14.067 -> C,ts_engage_write,450722392
13:18:14.161 -> C,ts_engage_write,450810377
13:18:14.254 -> C,ts_engage_write,450898369
13:18:14.347 -> C,ts_engage_write,450986368
13:18:14.347 -> C,engage_lvl,0
13:18:14.440 -> C,ts_engage_write,451074367
13:18:14.533 -> C,ts_engage_write,451162391
13:18:14.627 -> C,ts_engage_write,451250378
13:18:14.674 -> C,ts_engage_write,451338368
13:18:14.766 -> C,ts_engage_write,451426369
13:18:14.859 -> [FACE] heartbeat
13:18:14.859 -> C,mood_str,50
13:18:14.859 -> C,ts_engage_write,451514451
13:18:14.859 -> C,engage_lvl,0
13:18:14.859 -> C,modifier,15
13:18:14.859 -> C,engage_floor,0
13:18:14.859 -> C,loop_us,251
13:18:14.953 -> C,ts_engage_write,451602362
13:18:15.045 -> C,ts_engage_write,451690391
13:18:15.138 -> C,ts_engage_write,451778375
13:18:15.231 -> C,ts_engage_write,451866368
13:18:15.323 -> C,ts_engage_write,451954368
13:18:15.416 -> C,ts_engage_write,452042369
13:18:15.416 -> C,engage_lvl,0
13:18:15.463 -> C,ts_engage_write,452130366
13:18:15.554 -> C,ts_engage_write,452218391
13:18:15.646 -> C,ts_engage_write,452306377
13:18:15.740 -> C,ts_engage_write,452394368
13:18:15.834 -> C,ts_engage_write,452482368
13:18:15.926 -> [FACE] heartbeat
13:18:15.926 -> C,mood_str,50
13:18:15.926 -> C,ts_engage_write,452570463
13:18:15.926 -> C,engage_lvl,0
13:18:15.926 -> C,modifier,15
13:18:15.926 -> C,engage_floor,0
13:18:15.926 -> C,loop_us,255
13:18:16.018 -> C,ts_engage_write,452658384
13:18:16.110 -> C,ts_engage_write,452746377
13:18:16.204 -> C,ts_engage_write,452834369
13:18:16.296 -> C,ts_engage_write,452922368
13:18:16.344 -> C,ts_engage_write,453010368
13:18:16.438 -> C,ts_engage_write,453098368
13:18:16.438 -> C,engage_lvl,0
13:18:16.529 -> C,ts_engage_write,453186391
13:18:16.623 -> C,ts_engage_write,453274378
13:18:16.716 -> C,ts_engage_write,453362369
13:18:16.810 -> C,ts_engage_write,453450369
13:18:16.902 -> C,ts_engage_write,453538369
13:18:16.997 -> [FACE] heartbeat
13:18:16.997 -> C,mood_str,50
13:18:16.997 -> C,ts_engage_write,453626473
13:18:16.997 -> C,engage_lvl,0
13:18:16.997 -> C,modifier,15
13:18:16.997 -> C,engage_floor,0
13:18:16.997 -> C,loop_us,265
13:18:17.089 -> C,ts_engage_write,453714387
13:18:17.135 -> C,ts_engage_write,453802377
13:18:17.227 -> C,ts_engage_write,453890368
13:18:17.319 -> C,ts_engage_write,453978369
13:18:17.412 -> C,ts_engage_write,454066367
13:18:17.508 -> C,ts_engage_write,454154391
13:18:17.508 -> C,engage_lvl,0
13:18:17.600 -> C,ts_engage_write,454242379
13:18:17.694 -> C,ts_engage_write,454330369
13:18:17.786 -> C,ts_engage_write,454418368
13:18:17.879 -> C,ts_engage_write,454506368
13:18:17.972 -> C,ts_engage_write,454594369
13:18:18.019 -> [FACE] heartbeat
13:18:18.019 -> C,mood_str,50
13:18:18.019 -> C,ts_engage_write,454682524
13:18:18.019 -> C,engage_lvl,0
13:18:18.019 -> C,modifier,15
13:18:18.019 -> C,engage_floor,0
13:18:18.019 -> C,loop_us,333
13:18:18.112 -> C,ts_engage_write,454770366
13:18:18.205 -> C,ts_engage_write,454858365
13:18:18.298 -> C,ts_engage_write,454946362
13:18:18.391 -> C,ts_engage_write,455034366
13:18:18.484 -> C,ts_engage_write,455122358
13:18:18.577 -> C,ts_engage_write,455210389
13:18:18.577 -> C,engage_lvl,0
13:18:18.670 -> C,ts_engage_write,455298370
13:18:18.763 -> C,ts_engage_write,455386366
13:18:18.810 -> C,ts_engage_write,455474359
13:18:18.904 -> C,ts_engage_write,455562367
13:18:18.996 -> C,ts_engage_write,455650389
13:18:19.090 -> [FACE] heartbeat
13:18:19.090 -> C,mood_str,50
13:18:19.090 -> C,ts_engage_write,455738482
13:18:19.090 -> C,engage_lvl,0
13:18:19.090 -> C,modifier,15
13:18:19.090 -> C,engage_floor,0
13:18:19.090 -> C,loop_us,257
13:18:19.184 -> C,ts_engage_write,455826362
13:18:19.278 -> C,ts_engage_write,455914368
13:18:19.372 -> C,ts_engage_write,456002368
13:18:19.464 -> C,ts_engage_write,456090367
13:18:19.556 -> C,ts_engage_write,456178391
13:18:19.602 -> C,ts_engage_write,456266379
13:18:19.602 -> C,engage_lvl,0
13:18:19.694 -> C,ts_engage_write,456354369
13:18:19.787 -> C,ts_engage_write,456442368
13:18:19.879 -> C,ts_engage_write,456530368
13:18:19.973 -> C,ts_engage_write,456618369
13:18:20.066 -> C,ts_engage_write,456706391
13:18:20.160 -> [FACE] heartbeat
13:18:20.160 -> C,mood_str,50
13:18:20.160 -> C,ts_engage_write,456794481
13:18:20.160 -> C,engage_lvl,0
13:18:20.160 -> C,modifier,15
13:18:20.160 -> C,engage_floor,0
13:18:20.160 -> C,loop_us,255
13:18:20.252 -> C,ts_engage_write,456882362
13:18:20.345 -> C,ts_engage_write,456970368
13:18:20.391 -> C,ts_engage_write,457058367
13:18:20.485 -> C,ts_engage_write,457146393
13:18:20.578 -> C,ts_engage_write,457234379
13:18:20.670 -> C,ts_engage_write,457322369
13:18:20.670 -> C,engage_lvl,0
13:18:20.763 -> C,ts_engage_write,457410368
13:18:20.857 -> C,ts_engage_write,457498368
13:18:20.950 -> C,ts_engage_write,457586369
13:18:21.044 -> C,ts_engage_write,457674391
13:18:21.137 -> C,ts_engage_write,457762377
13:18:21.183 -> [FACE] heartbeat
13:18:21.183 -> C,mood_str,50
13:18:21.183 -> C,ts_engage_write,457850474
13:18:21.183 -> C,engage_lvl,0
13:18:21.183 -> C,modifier,15
13:18:21.183 -> C,engage_floor,0
13:18:21.183 -> C,loop_us,263
13:18:21.276 -> C,ts_engage_write,457938368
13:18:21.370 -> C,ts_engage_write,458026368
13:18:21.462 -> C,ts_engage_write,458114367
13:18:21.556 -> C,ts_engage_write,458202391
13:18:21.649 -> C,ts_engage_write,458290379
13:18:21.743 -> C,ts_engage_write,458378369
13:18:21.743 -> C,engage_lvl,0
13:18:21.838 -> C,ts_engage_write,458466368
13:18:21.931 -> C,ts_engage_write,458554368
13:18:21.977 -> C,ts_engage_write,458642392
13:18:22.069 -> C,ts_engage_write,458730377
13:18:22.161 -> C,ts_engage_write,458818368
13:18:22.255 -> [FACE] heartbeat
13:18:22.255 -> C,mood_str,50
13:18:22.255 -> C,ts_engage_write,458906468
13:18:22.255 -> C,engage_lvl,0
13:18:22.255 -> C,modifier,15
13:18:22.255 -> C,engage_floor,0
13:18:22.255 -> C,loop_us,263
13:18:22.348 -> C,ts_engage_write,458994367
13:18:22.440 -> C,ts_engage_write,459082367
13:18:22.534 -> C,ts_engage_write,459170391
13:18:22.628 -> C,ts_engage_write,459258379
13:18:22.721 -> C,ts_engage_write,459346369
13:18:22.767 -> C,ts_engage_write,459434368
13:18:22.767 -> C,engage_lvl,0
13:18:22.860 -> C,ts_engage_write,459522368
13:18:22.951 -> C,ts_engage_write,459610369
13:18:23.044 -> C,ts_engage_write,459698391
13:18:23.137 -> C,ts_engage_write,459786377
13:18:23.230 -> C,ts_engage_write,459874368
13:18:23.324 -> [FACE] heartbeat
13:18:23.324 -> C,mood_str,50
13:18:23.324 -> C,ts_engage_write,459962474
13:18:23.324 -> C,engage_lvl,0
13:18:23.324 -> C,modifier,15
13:18:23.324 -> C,engage_floor,0
13:18:23.324 -> C,loop_us,262
13:18:23.324 -> [TOUCH] transition raw=1 pressed=1 ms=459962
13:18:23.324 -> [TOUCH] START raw=1 ms=459962
13:18:23.418 -> C,ts_engage_write,460050376
13:18:23.511 -> C,ts_engage_write,460138368
13:18:23.511 -> [TOUCH] transition raw=0 pressed=0 ms=460138
13:18:23.511 -> [TOUCH] RELEASE raw=0 duration=176 ms=460138
13:18:23.511 -> [TOUCH] TAP
13:18:23.511 -> [EMOTION] IDLE -> HAPPY
13:18:23.511 -> EVT:{"type":"timeline","text":"User tap interaction","tag":"touch"}
13:18:23.605 -> C,ts_engage_write,460230445
13:18:23.698 -> C,ts_engage_write,460319384
13:18:23.745 -> C,ts_engage_write,460407388
13:18:23.840 -> C,ts_engage_write,460495383
13:18:23.840 -> C,engage_lvl,0
13:18:23.931 -> C,ts_engage_write,460583384
13:18:24.024 -> C,ts_engage_write,460671388
13:18:24.116 -> C,ts_engage_write,460760404
13:18:24.209 -> C,ts_engage_write,460848388
13:18:24.302 -> C,ts_engage_write,460936386
13:18:24.397 -> [FACE] heartbeat
13:18:24.397 -> C,mood_str,50
13:18:24.397 -> C,ts_engage_write,461024513
13:18:24.397 -> C,engage_lvl,0
13:18:24.397 -> C,modifier,15
13:18:24.397 -> C,engage_floor,0
13:18:24.397 -> C,loop_us,287
13:18:24.489 -> C,ts_engage_write,461113382
13:18:24.537 -> C,ts_engage_write,461201392
13:18:24.630 -> C,ts_engage_write,461290405
13:18:24.722 -> C,ts_engage_write,461378387
13:18:24.815 -> C,ts_engage_write,461466387
13:18:24.909 -> C,ts_engage_write,461554391
13:18:24.909 -> C,engage_lvl,0
13:18:25.000 -> C,ts_engage_write,461642390
13:18:25.095 -> C,ts_engage_write,461731405
13:18:25.188 -> C,ts_engage_write,461819388
13:18:25.281 -> C,ts_engage_write,461907386
13:18:25.372 -> C,ts_engage_write,461995382
13:18:25.418 -> [FACE] heartbeat
13:18:25.418 -> C,mood_str,50
13:18:25.418 -> C,ts_engage_write,462083501
13:18:25.418 -> C,engage_lvl,0
13:18:25.418 -> C,modifier,15
13:18:25.418 -> C,engage_floor,0
13:18:25.418 -> C,loop_us,291
13:18:25.512 -> C,ts_engage_write,462172394
13:18:25.605 -> C,ts_engage_write,462260401
13:18:25.698 -> C,ts_engage_write,462348381
13:18:25.791 -> C,ts_engage_write,462436382
13:18:25.884 -> C,ts_engage_write,462524384
13:18:25.975 -> C,ts_engage_write,462612382
13:18:25.975 -> C,engage_lvl,0
13:18:26.069 -> C,ts_engage_write,462700396
13:18:26.162 -> C,ts_engage_write,462788397
13:18:26.209 -> C,ts_engage_write,462876381
13:18:26.302 -> C,ts_engage_write,462964384
13:18:26.395 -> C,ts_engage_write,463052382
13:18:26.488 -> [FACE] heartbeat
13:18:26.488 -> C,mood_str,50
13:18:26.488 -> C,ts_engage_write,463140501
13:18:26.488 -> C,engage_lvl,0
13:18:26.488 -> C,modifier,15
13:18:26.488 -> C,engage_floor,0
13:18:26.488 -> C,loop_us,299
13:18:26.581 -> C,ts_engage_write,463229397
13:18:26.676 -> C,ts_engage_write,463317397
13:18:26.769 -> C,ts_engage_write,463405381
13:18:26.862 -> C,ts_engage_write,463493382
13:18:26.955 -> C,ts_engage_write,463581382
13:18:27.002 -> C,ts_engage_write,463669395
13:18:27.002 -> C,engage_lvl,0
13:18:27.095 -> C,ts_engage_write,463757398
13:18:27.188 -> C,ts_engage_write,463845382
13:18:27.280 -> C,ts_engage_write,463933384
13:18:27.374 -> C,ts_engage_write,464021384
13:18:27.467 -> C,ts_engage_write,464109381
13:18:27.560 -> [FACE] heartbeat
13:18:27.560 -> C,mood_str,50
13:18:27.560 -> C,ts_engage_write,464197535
13:18:27.560 -> C,engage_lvl,0
13:18:27.560 -> C,modifier,15
13:18:27.560 -> C,engage_floor,0
13:18:27.560 -> C,loop_us,321
13:18:27.653 -> C,ts_engage_write,464286391
13:18:27.747 -> C,ts_engage_write,464374380
13:18:27.839 -> C,ts_engage_write,464462381
13:18:27.885 -> C,ts_engage_write,464550379
13:18:27.978 -> C,ts_engage_write,464638383
13:18:28.072 -> C,ts_engage_write,464726392
13:18:28.072 -> C,engage_lvl,0
13:18:28.165 -> C,ts_engage_write,464814396
13:18:28.258 -> C,ts_engage_write,464902378
13:18:28.352 -> C,ts_engage_write,464990382
13:18:28.446 -> C,ts_engage_write,465078377
13:18:28.539 -> [EMOTION] HAPPY -> IDLE (timeout)
13:18:28.539 -> C,ts_engage_write,465166503
13:18:28.632 -> [FACE] heartbeat
13:18:28.632 -> C,mood_str,50
13:18:28.632 -> C,ts_engage_write,465254500
13:18:28.632 -> C,engage_lvl,0
13:18:28.632 -> C,modifier,15
13:18:28.632 -> C,engage_floor,0
13:18:28.632 -> C,loop_us,299
13:18:28.679 -> C,ts_engage_write,465342363
13:18:28.772 -> C,ts_engage_write,465430365
13:18:28.867 -> C,ts_engage_write,465518364
13:18:28.961 -> C,ts_engage_write,465606365
13:18:29.055 -> C,ts_engage_write,465694389
13:18:29.148 -> C,ts_engage_write,465782378
13:18:29.148 -> C,engage_lvl,0
13:18:29.240 -> C,ts_engage_write,465870367
13:18:29.332 -> C,ts_engage_write,465958367
13:18:29.379 -> C,ts_engage_write,466046366
13:18:29.472 -> C,ts_engage_write,466134367
13:18:29.565 -> C,ts_engage_write,466222388
13:18:29.659 -> [FACE] heartbeat
13:18:29.659 -> C,mood_str,50
13:18:29.659 -> C,ts_engage_write,466310482
13:18:29.659 -> C,engage_lvl,0
13:18:29.659 -> C,modifier,15
13:18:29.659 -> C,engage_floor,0
13:18:29.659 -> C,loop_us,292
13:18:29.752 -> C,ts_engage_write,466398365
13:18:29.845 -> C,ts_engage_write,466486367
13:18:29.937 -> C,ts_engage_write,466574366
13:18:30.029 -> C,ts_engage_write,466662390
13:18:30.122 -> C,ts_engage_write,466750380
13:18:30.215 -> C,ts_engage_write,466838369
13:18:30.215 -> C,engage_lvl,0
13:18:30.262 -> C,ts_engage_write,466926367
13:18:30.356 -> C,ts_engage_write,467014368
13:18:30.449 -> C,ts_engage_write,467102367
13:18:30.542 -> C,ts_engage_write,467190391
13:18:30.635 -> C,ts_engage_write,467278378
13:18:30.727 -> [FACE] heartbeat
13:18:30.727 -> C,mood_str,50
13:18:30.727 -> C,ts_engage_write,467366469
13:18:30.727 -> C,engage_lvl,0
13:18:30.727 -> C,modifier,15
13:18:30.727 -> C,engage_floor,0
13:18:30.727 -> C,loop_us,267
13:18:30.820 -> C,ts_engage_write,467454367
13:18:30.912 -> C,ts_engage_write,467542368
13:18:31.004 -> C,ts_engage_write,467630367
13:18:31.051 -> C,ts_engage_write,467718390
13:18:31.145 -> C,ts_engage_write,467806378
13:18:31.238 -> C,ts_engage_write,467894369
13:18:31.238 -> C,engage_lvl,0
13:18:31.330 -> C,ts_engage_write,467982367
13:18:31.423 -> C,ts_engage_write,468070367
13:18:31.516 -> C,ts_engage_write,468158390
13:18:31.609 -> C,ts_engage_write,468246379
13:18:31.702 -> C,ts_engage_write,468334367
13:18:31.797 -> [FACE] heartbeat
13:18:31.797 -> C,mood_str,50
13:18:31.797 -> C,ts_engage_write,468422451
13:18:31.797 -> C,engage_lvl,0
13:18:31.797 -> C,modifier,15
13:18:31.797 -> C,engage_floor,0
13:18:31.797 -> C,loop_us,266
13:18:31.843 -> C,ts_engage_write,468510367
13:18:31.936 -> C,ts_engage_write,468598368
13:18:32.029 -> C,ts_engage_write,468686389
13:18:32.123 -> C,ts_engage_write,468774379
13:18:32.217 -> C,ts_engage_write,468862368
13:18:32.310 -> C,ts_engage_write,468950368
13:18:32.310 -> C,engage_lvl,0
13:18:32.402 -> C,ts_engage_write,469038367
13:18:32.495 -> C,ts_engage_write,469126368
13:18:32.590 -> C,ts_engage_write,469214391
13:18:32.637 -> C,ts_engage_write,469302379
13:18:32.731 -> C,ts_engage_write,469390366
13:18:32.824 -> [FACE] heartbeat
13:18:32.824 -> C,mood_str,50
13:18:32.824 -> C,ts_engage_write,469478468
13:18:32.824 -> C,engage_lvl,0
13:18:32.824 -> C,modifier,15
13:18:32.824 -> C,engage_floor,0
13:18:32.824 -> C,loop_us,269
13:18:32.918 -> C,ts_engage_write,469566365
13:18:33.010 -> C,ts_engage_write,469654391
13:18:33.104 -> C,ts_engage_write,469742378
13:18:33.197 -> C,ts_engage_write,469830369
13:18:33.290 -> C,ts_engage_write,469918367
13:18:33.384 -> C,ts_engage_write,470006368
13:18:33.384 -> C,engage_lvl,0
13:18:33.431 -> C,ts_engage_write,470094367
13:18:33.524 -> C,ts_engage_write,470182391
13:18:33.617 -> C,ts_engage_write,470270378
13:18:33.710 -> C,ts_engage_write,470358368
13:18:33.802 -> C,ts_engage_write,470446368
13:18:33.896 -> [FACE] heartbeat
13:18:33.896 -> C,mood_str,50
13:18:33.896 -> C,ts_engage_write,470534470
13:18:33.896 -> C,engage_lvl,0
13:18:33.896 -> C,modifier,15
13:18:33.896 -> C,engage_floor,0
13:18:33.896 -> C,loop_us,271
13:18:33.989 -> C,ts_engage_write,470622366
13:18:34.082 -> C,ts_engage_write,470710391
13:18:34.176 -> C,ts_engage_write,470798379
13:18:34.222 -> C,ts_engage_write,470886368
13:18:34.316 -> C,ts_engage_write,470974367
13:18:34.408 -> C,ts_engage_write,471062368
13:18:34.408 -> C,engage_lvl,0
13:18:34.501 -> C,ts_engage_write,471150390
13:18:34.595 -> C,ts_engage_write,471238379
13:18:34.689 -> C,ts_engage_write,471326367
13:18:34.781 -> C,ts_engage_write,471414369
13:18:34.872 -> C,ts_engage_write,471502368
13:18:34.966 -> [FACE] heartbeat
13:18:34.966 -> C,mood_str,50
13:18:34.966 -> C,ts_engage_write,471590462
13:18:34.966 -> C,engage_lvl,0
13:18:34.966 -> C,modifier,15
13:18:34.966 -> C,engage_floor,0
13:18:34.966 -> C,loop_us,273
13:18:35.012 -> C,ts_engage_write,471678386
13:18:35.105 -> C,ts_engage_write,471766378
13:18:35.198 -> C,ts_engage_write,471854367
13:18:35.291 -> C,ts_engage_write,471942369
13:18:35.385 -> C,ts_engage_write,472030368
13:18:35.478 -> C,ts_engage_write,472118367
13:18:35.478 -> C,engage_lvl,0
13:18:35.571 -> C,ts_engage_write,472206390
13:18:35.664 -> C,ts_engage_write,472294379
13:18:35.757 -> C,ts_engage_write,472382367
13:18:35.803 -> C,ts_engage_write,472470369
13:18:35.898 -> C,ts_engage_write,472558368
13:18:35.990 -> [FACE] heartbeat
13:18:35.990 -> C,mood_str,50
13:18:35.990 -> C,ts_engage_write,472646521
13:18:35.990 -> C,engage_lvl,0
13:18:35.990 -> C,modifier,15
13:18:35.990 -> C,engage_floor,0
13:18:35.990 -> C,loop_us,320
13:18:36.084 -> C,ts_engage_write,472734369
13:18:36.177 -> C,ts_engage_write,472822361
13:18:36.271 -> C,ts_engage_write,472910365
13:18:36.365 -> C,ts_engage_write,472998363
13:18:36.459 -> C,ts_engage_write,473086360
13:18:36.551 -> C,ts_engage_write,473174384
13:18:36.551 -> C,engage_lvl,0
13:18:36.597 -> C,ts_engage_write,473262375
13:18:36.691 -> C,ts_engage_write,473350364
13:18:36.783 -> C,ts_engage_write,473438362
13:18:36.876 -> C,ts_engage_write,473526364
13:18:36.967 -> C,ts_engage_write,473614362
13:18:37.060 -> [FACE] heartbeat
13:18:37.060 -> C,mood_str,50
13:18:37.060 -> C,ts_engage_write,473702511
13:18:37.060 -> C,engage_lvl,0
13:18:37.060 -> C,modifier,15
13:18:37.060 -> C,engage_floor,0
13:18:37.060 -> C,loop_us,318
13:18:37.153 -> C,ts_engage_write,473790368
13:18:37.246 -> C,ts_engage_write,473878362
13:18:37.340 -> C,ts_engage_write,473966360
13:18:37.433 -> C,ts_engage_write,474054362
13:18:37.478 -> C,ts_engage_write,474142381
13:18:37.571 -> C,ts_engage_write,474230382
13:18:37.571 -> C,engage_lvl,0
13:18:37.663 -> C,ts_engage_write,474318368
13:18:37.753 -> C,ts_engage_write,474406368
13:18:37.845 -> C,ts_engage_write,474494367
13:18:37.937 -> C,ts_engage_write,474582369
13:18:38.030 -> C,ts_engage_write,474670388
13:18:38.122 -> [FACE] heartbeat
13:18:38.122 -> C,mood_str,50
13:18:38.122 -> C,ts_engage_write,474758488
13:18:38.122 -> C,engage_lvl,0
13:18:38.122 -> C,modifier,15
13:18:38.122 -> C,engage_floor,0
13:18:38.122 -> C,loop_us,299
13:18:38.214 -> C,ts_engage_write,474846367
13:18:38.306 -> C,ts_engage_write,474934368
13:18:38.399 -> C,ts_engage_write,475022367
13:18:38.445 -> C,ts_engage_write,475110367
13:18:38.538 -> C,ts_engage_write,475198389
13:18:38.631 -> C,ts_engage_write,475286380
13:18:38.631 -> C,engage_lvl,0
13:18:38.723 -> C,ts_engage_write,475374368
13:18:38.817 -> C,ts_engage_write,475462368
13:18:38.910 -> C,ts_engage_write,475550367
13:18:39.001 -> C,ts_engage_write,475638369
13:18:39.095 -> C,ts_engage_write,475726390
13:18:39.189 -> [FACE] heartbeat
13:18:39.189 -> C,mood_str,50
13:18:39.189 -> C,ts_engage_write,475814482
13:18:39.189 -> C,engage_lvl,0
13:18:39.189 -> C,modifier,15
13:18:39.189 -> C,engage_floor,0
13:18:39.189 -> C,loop_us,283
13:18:39.236 -> C,ts_engage_write,475902367
13:18:39.330 -> C,ts_engage_write,475990368
13:18:39.423 -> C,ts_engage_write,476078366
13:18:39.518 -> C,ts_engage_write,476166390
13:18:39.612 -> C,ts_engage_write,476254378
13:18:39.704 -> C,ts_engage_write,476342369
13:18:39.704 -> C,engage_lvl,0
13:18:39.798 -> C,ts_engage_write,476430367
13:18:39.891 -> C,ts_engage_write,476518368
13:18:39.985 -> C,ts_engage_write,476606368
13:18:40.032 -> C,ts_engage_write,476694390
13:18:40.125 -> C,ts_engage_write,476782376
13:18:40.218 -> [FACE] heartbeat
13:18:40.218 -> C,mood_str,50
13:18:40.218 -> C,ts_engage_write,476870479
13:18:40.218 -> C,engage_lvl,0
13:18:40.218 -> C,modifier,15
13:18:40.218 -> C,engage_floor,0
13:18:40.218 -> C,loop_us,279
13:18:40.311 -> C,ts_engage_write,476958367
13:18:40.405 -> C,ts_engage_write,477046368
13:18:40.498 -> C,ts_engage_write,477134366
13:18:40.592 -> C,ts_engage_write,477222391
13:18:40.685 -> C,ts_engage_write,477310378
13:18:40.731 -> C,ts_engage_write,477398369
13:18:40.731 -> C,engage_lvl,0
13:18:40.824 -> C,ts_engage_write,477486367
13:18:40.918 -> C,ts_engage_write,477574368
13:18:41.010 -> C,ts_engage_write,477662390
13:18:41.103 -> C,ts_engage_write,477750378
13:18:41.196 -> C,ts_engage_write,477838367
13:18:41.289 -> [FACE] heartbeat
13:18:41.289 -> C,mood_str,50
13:18:41.289 -> C,ts_engage_write,477926462
13:18:41.289 -> C,engage_lvl,0
13:18:41.289 -> C,modifier,15
13:18:41.289 -> C,engage_floor,0
13:18:41.289 -> C,loop_us,273
13:18:41.382 -> C,ts_engage_write,478014367
13:18:41.476 -> C,ts_engage_write,478102367
13:18:41.568 -> C,ts_engage_write,478190389
13:18:41.615 -> C,ts_engage_write,478278380
13:18:41.709 -> C,ts_engage_write,478366368
13:18:41.803 -> C,ts_engage_write,478454368
13:18:41.803 -> C,engage_lvl,0
13:18:41.898 -> C,ts_engage_write,478542367
13:18:41.991 -> C,ts_engage_write,478630369
13:18:42.084 -> C,ts_engage_write,478718390
13:18:42.177 -> C,ts_engage_write,478806380
13:18:42.270 -> C,ts_engage_write,478894367
13:18:42.317 -> [FACE] heartbeat
13:18:42.317 -> C,mood_str,50
13:18:42.317 -> C,ts_engage_write,478982451
13:18:42.317 -> C,engage_lvl,0
13:18:42.317 -> C,modifier,15
13:18:42.317 -> C,engage_floor,0
13:18:42.317 -> C,loop_us,226
13:18:42.411 -> C,ts_engage_write,479070359
13:18:42.502 -> C,ts_engage_write,479158389
13:18:42.595 -> C,ts_engage_write,479246377
13:18:42.688 -> C,ts_engage_write,479334369
13:18:42.782 -> C,ts_engage_write,479422366
13:18:42.875 -> C,ts_engage_write,479510368
13:18:42.875 -> C,engage_lvl,0
13:18:42.968 -> C,ts_engage_write,479598367
13:18:43.062 -> C,ts_engage_write,479686391
13:18:43.109 -> C,ts_engage_write,479774376
13:18:43.202 -> C,ts_engage_write,479862368
13:18:43.293 -> C,ts_engage_write,479950367
13:18:43.388 -> [FACE] heartbeat
13:18:43.388 -> C,mood_str,50
13:18:43.388 -> C,ts_engage_write,480038469
13:18:43.388 -> C,engage_lvl,0
13:18:43.388 -> C,modifier,15
13:18:43.388 -> C,engage_floor,0
13:18:43.388 -> C,loop_us,267
13:18:43.480 -> C,ts_engage_write,480126365
13:18:43.572 -> C,ts_engage_write,480214391
13:18:43.666 -> C,dom_touch,83
13:18:43.666 -> C,dom_sec,0
13:18:43.666 -> [MEM] tick: records=4 strength=83
13:18:43.666 -> C,rec_count,4
13:18:43.666 -> C,ts_engage_write,480302528
13:18:43.760 -> C,ts_engage_write,480390369
13:18:43.853 -> C,ts_engage_write,480478366
13:18:43.899 -> C,ts_engage_write,480566376
13:18:43.899 -> C,engage_lvl,0
13:18:43.991 -> C,ts_engage_write,480654390
13:18:44.084 -> C,ts_engage_write,480742378
13:18:44.176 -> C,ts_engage_write,480830367
13:18:44.267 -> C,ts_engage_write,480918369
13:18:44.361 -> C,ts_engage_write,481006368
13:18:44.455 -> [FACE] heartbeat
13:18:44.455 -> C,mood_str,50
13:18:44.455 -> C,ts_engage_write,481094473
13:18:44.455 -> C,engage_lvl,0
13:18:44.455 -> C,modifier,15
13:18:44.455 -> C,engage_floor,0
13:18:44.455 -> C,loop_us,273
13:18:44.548 -> C,ts_engage_write,481182388
13:18:44.641 -> C,ts_engage_write,481270379
13:18:44.735 -> C,ts_engage_write,481358367
13:18:44.782 -> C,ts_engage_write,481446369
13:18:44.876 -> C,ts_engage_write,481534368
13:18:44.969 -> C,ts_engage_write,481622368
13:18:44.969 -> C,engage_lvl,0
13:18:45.063 -> C,ts_engage_write,481710390
13:18:45.156 -> C,ts_engage_write,481798378
13:18:45.250 -> C,ts_engage_write,481886367
13:18:45.344 -> C,ts_engage_write,481974369
13:18:45.439 -> C,ts_engage_write,482062366
13:18:45.486 -> [FACE] heartbeat
13:18:45.486 -> C,mood_str,50
13:18:45.486 -> C,ts_engage_write,482150515
13:18:45.486 -> C,engage_lvl,0
13:18:45.486 -> C,modifier,15
13:18:45.486 -> C,engage_floor,0
13:18:45.486 -> C,loop_us,317
13:18:45.581 -> C,ts_engage_write,482238369
13:18:45.674 -> C,ts_engage_write,482326363
13:18:45.767 -> C,ts_engage_write,482414360
13:18:45.859 -> C,ts_engage_write,482502364
13:18:45.953 -> C,ts_engage_write,482590360
13:18:46.047 -> C,ts_engage_write,482678385
13:18:46.047 -> C,engage_lvl,0
13:18:46.139 -> C,ts_engage_write,482769769
13:18:46.232 -> C,ts_engage_write,482857380
13:18:46.279 -> C,ts_engage_write,482945367
13:18:46.373 -> C,ts_engage_write,483033369
13:18:46.467 -> C,ts_engage_write,483121367
13:18:46.561 -> [FACE] heartbeat
13:18:46.561 -> C,mood_str,50
13:18:46.561 -> C,ts_engage_write,483209535
13:18:46.561 -> C,engage_lvl,0
13:18:46.561 -> C,modifier,15
13:18:46.561 -> C,engage_floor,0
13:18:46.561 -> C,loop_us,341
13:18:46.654 -> C,ts_engage_write,483297366
13:18:46.748 -> C,ts_engage_write,483385365
13:18:46.841 -> C,ts_engage_write,483473362
13:18:46.934 -> C,ts_engage_write,483561365
13:18:46.981 -> C,ts_engage_write,483649393
13:18:47.075 -> C,ts_engage_write,483737373
13:18:47.075 -> C,engage_lvl,0
13:18:47.168 -> C,ts_engage_write,483825368
13:18:47.260 -> C,ts_engage_write,483913367
13:18:47.354 -> C,ts_engage_write,484001367
13:18:47.447 -> C,ts_engage_write,484089367
13:18:47.540 -> C,ts_engage_write,484177394
13:18:47.635 -> [FACE] heartbeat
13:18:47.635 -> C,mood_str,50
13:18:47.635 -> C,ts_engage_write,484265481
13:18:47.635 -> C,engage_lvl,0
13:18:47.635 -> C,modifier,15
13:18:47.635 -> C,engage_floor,0
13:18:47.635 -> C,loop_us,279
13:18:47.726 -> C,ts_engage_write,484353367
13:18:47.774 -> C,ts_engage_write,484441367
13:18:47.868 -> C,ts_engage_write,484529367
13:18:47.961 -> C,ts_engage_write,484617367
13:18:48.055 -> C,ts_engage_write,484705393
13:18:48.148 -> C,ts_engage_write,484793375
13:18:48.148 -> C,engage_lvl,0
13:18:48.242 -> C,ts_engage_write,484881368
13:18:48.335 -> C,ts_engage_write,484969367
13:18:48.429 -> C,ts_engage_write,485057367
13:18:48.522 -> C,ts_engage_write,485145394
13:18:48.567 -> C,ts_engage_write,485233375
13:18:48.659 -> [FACE] heartbeat
13:18:48.659 -> C,mood_str,50
13:18:48.659 -> C,ts_engage_write,485321477
13:18:48.659 -> C,engage_lvl,0
13:18:48.659 -> C,modifier,15
13:18:48.659 -> C,engage_floor,0
13:18:48.659 -> C,loop_us,278
13:18:48.752 -> C,ts_engage_write,485409368
13:18:48.845 -> C,ts_engage_write,485497368
13:18:48.938 -> C,ts_engage_write,485585368
13:18:49.033 -> C,ts_engage_write,485673394
13:18:49.124 -> C,ts_engage_write,485761374
13:18:49.217 -> C,ts_engage_write,485849369
13:18:49.217 -> C,engage_lvl,0
13:18:49.310 -> C,ts_engage_write,485937368
13:18:49.404 -> C,ts_engage_write,486025368
13:18:49.450 -> C,ts_engage_write,486113368
13:18:49.543 -> C,ts_engage_write,486201395
13:18:49.636 -> C,ts_engage_write,486289374
13:18:49.730 -> [FACE] heartbeat
13:18:49.730 -> C,mood_str,50
13:18:49.730 -> C,ts_engage_write,486377478
13:18:49.730 -> C,engage_lvl,0
13:18:49.730 -> C,modifier,15
13:18:49.730 -> C,engage_floor,0
13:18:49.730 -> C,loop_us,288
13:18:49.824 -> C,ts_engage_write,486465368
13:18:49.917 -> C,ts_engage_write,486553368
13:18:50.010 -> C,ts_engage_write,486641368
13:18:50.102 -> C,ts_engage_write,486729392
13:18:50.194 -> C,ts_engage_write,486817374
13:18:50.242 -> C,ts_engage_write,486905368
13:18:50.242 -> C,engage_lvl,0
13:18:50.335 -> C,ts_engage_write,486993368
13:18:50.429 -> C,ts_engage_write,487081367
13:18:50.523 -> C,ts_engage_write,487169388
13:18:50.615 -> C,ts_engage_write,487257380
13:18:50.709 -> C,ts_engage_write,487345370
13:18:50.801 -> [FACE] heartbeat
13:18:50.801 -> C,mood_str,50
13:18:50.801 -> C,ts_engage_write,487433475
13:18:50.801 -> C,engage_lvl,0
13:18:50.801 -> C,modifier,15
13:18:50.801 -> C,engage_floor,0
13:18:50.801 -> C,loop_us,277
13:18:50.895 -> C,ts_engage_write,487521368
13:18:50.941 -> C,ts_engage_write,487609368
13:18:51.033 -> C,ts_engage_write,487697390
13:18:51.127 -> C,ts_engage_write,487785376
13:18:51.219 -> C,ts_engage_write,487873369
13:18:51.311 -> C,ts_engage_write,487961368
13:18:51.311 -> C,engage_lvl,0
13:18:51.404 -> C,ts_engage_write,488049368
13:18:51.498 -> C,ts_engage_write,488137368
13:18:51.591 -> C,ts_engage_write,488225392
13:18:51.683 -> C,ts_engage_write,488313377
13:18:51.776 -> C,ts_engage_write,488401368
13:18:51.822 -> [FACE] heartbeat
13:18:51.822 -> C,mood_str,50
13:18:51.822 -> C,ts_engage_write,488489477
13:18:51.822 -> C,engage_lvl,0
13:18:51.822 -> C,modifier,15
13:18:51.822 -> C,engage_floor,0
13:18:51.822 -> C,loop_us,274
13:18:51.914 -> C,ts_engage_write,488577368
13:18:52.009 -> C,ts_engage_write,488665390
13:18:52.100 -> C,ts_engage_write,488753376
13:18:52.194 -> C,ts_engage_write,488841369
13:18:52.287 -> C,ts_engage_write,488929368
13:18:52.379 -> C,ts_engage_write,489017371
13:18:52.379 -> C,engage_lvl,0
13:18:52.472 -> C,ts_engage_write,489105368
13:18:52.566 -> C,ts_engage_write,489193392
13:18:52.658 -> C,ts_engage_write,489281377
13:18:52.705 -> C,ts_engage_write,489369368
13:18:52.798 -> C,ts_engage_write,489457369
13:18:52.890 -> [FACE] heartbeat
13:18:52.890 -> C,mood_str,50
13:18:52.890 -> C,ts_engage_write,489545470
13:18:52.890 -> C,engage_lvl,0
13:18:52.890 -> C,modifier,15
13:18:52.890 -> C,engage_floor,0
13:18:52.890 -> C,loop_us,281
13:18:52.984 -> C,ts_engage_write,489633367
13:18:53.077 -> C,ts_engage_write,489721391
13:18:53.171 -> C,ts_engage_write,489809375
13:18:53.263 -> C,ts_engage_write,489897368
13:18:53.357 -> C,ts_engage_write,489985369
13:18:53.450 -> C,ts_engage_write,490073367
13:18:53.450 -> C,engage_lvl,0
13:18:53.498 -> C,ts_engage_write,490161391
13:18:53.591 -> C,ts_engage_write,490249377
13:18:53.684 -> C,ts_engage_write,490337369
13:18:53.778 -> C,ts_engage_write,490425368
13:18:53.871 -> C,ts_engage_write,490513368
13:18:53.964 -> [FACE] heartbeat
13:18:53.964 -> C,mood_str,50
13:18:53.964 -> C,ts_engage_write,490601479
13:18:53.964 -> C,engage_lvl,0
13:18:53.964 -> C,modifier,15
13:18:53.964 -> C,engage_floor,0
13:18:53.964 -> C,loop_us,278
13:18:54.058 -> C,ts_engage_write,490689393
13:18:54.151 -> C,ts_engage_write,490777375
13:18:54.199 -> C,ts_engage_write,490865368
13:18:54.294 -> C,ts_engage_write,490953369
13:18:54.388 -> C,ts_engage_write,491041369
13:18:54.479 -> C,ts_engage_write,491129367
13:18:54.479 -> C,engage_lvl,0
13:18:54.573 -> C,ts_engage_write,491217392
13:18:54.665 -> C,ts_engage_write,491305377
13:18:54.759 -> C,ts_engage_write,491393368
13:18:54.854 -> C,ts_engage_write,491481369
13:18:54.945 -> C,ts_engage_write,491569369
13:18:54.993 -> [FACE] heartbeat
13:18:54.993 -> C,mood_str,50
13:18:54.993 -> C,ts_engage_write,491657534
13:18:54.993 -> C,engage_lvl,0
13:18:54.993 -> C,modifier,15
13:18:54.993 -> C,engage_floor,0
13:18:54.993 -> C,loop_us,346
13:18:55.084 -> C,ts_engage_write,491745368
13:18:55.177 -> C,ts_engage_write,491833361
13:18:55.270 -> C,ts_engage_write,491921362
13:18:55.363 -> C,ts_engage_write,492009361
13:18:55.456 -> C,ts_engage_write,492097359
13:18:55.549 -> C,ts_engage_write,492185383
13:18:55.549 -> C,engage_lvl,0
13:18:55.642 -> C,ts_engage_write,492273370
13:18:55.735 -> C,ts_engage_write,492361362
13:18:55.782 -> C,ts_engage_write,492449360
13:18:55.875 -> C,ts_engage_write,492537362
13:18:55.968 -> C,ts_engage_write,492625361
13:18:56.062 -> [FACE] heartbeat
13:18:56.062 -> C,mood_str,50
13:18:56.062 -> C,ts_engage_write,492713513
13:18:56.062 -> C,engage_lvl,0
13:18:56.062 -> C,modifier,15
13:18:56.062 -> C,engage_floor,0
13:18:56.062 -> C,loop_us,314
13:18:56.155 -> C,ts_engage_write,492801369
13:18:56.248 -> C,ts_engage_write,492889364
13:18:56.341 -> C,ts_engage_write,492977364
13:18:56.433 -> C,ts_engage_write,493065363
13:18:56.526 -> C,ts_engage_write,493153387
13:18:56.573 -> C,ts_engage_write,493241381
13:18:56.573 -> C,engage_lvl,0
13:18:56.665 -> C,ts_engage_write,493329369
13:18:56.758 -> C,ts_engage_write,493417368
13:18:56.852 -> C,ts_engage_write,493505368
13:18:56.946 -> C,ts_engage_write,493593369
13:18:57.039 -> C,ts_engage_write,493681390
13:18:57.132 -> [FACE] heartbeat
13:18:57.132 -> C,mood_str,50
13:18:57.132 -> C,ts_engage_write,493769486
13:18:57.132 -> C,engage_lvl,0
13:18:57.132 -> C,modifier,15
13:18:57.132 -> C,engage_floor,0
13:18:57.132 -> C,loop_us,286
13:18:57.226 -> C,ts_engage_write,493857368
13:18:57.319 -> C,ts_engage_write,493945368
13:18:57.366 -> C,ts_engage_write,494033368
13:18:57.458 -> C,ts_engage_write,494121367
13:18:57.550 -> C,ts_engage_write,494209391
13:18:57.643 -> C,ts_engage_write,494297377
13:18:57.643 -> C,engage_lvl,0
13:18:57.738 -> C,ts_engage_write,494385369
13:18:57.832 -> C,ts_engage_write,494473368
13:18:57.923 -> C,ts_engage_write,494561368
13:18:58.017 -> C,ts_engage_write,494649393
13:18:58.108 -> C,ts_engage_write,494737375
13:18:58.200 -> [FACE] heartbeat
13:18:58.200 -> C,mood_str,50
13:18:58.200 -> C,ts_engage_write,494825474
13:18:58.200 -> C,engage_lvl,0
13:18:58.200 -> C,modifier,15
13:18:58.200 -> C,engage_floor,0
13:18:58.200 -> C,loop_us,273
13:18:58.247 -> C,ts_engage_write,494913368
13:18:58.341 -> C,ts_engage_write,495001368
13:18:58.433 -> C,ts_engage_write,495089367
13:18:58.526 -> C,ts_engage_write,495177391
13:18:58.618 -> C,ts_engage_write,495265377
13:18:58.711 -> C,ts_engage_write,495353369
13:18:58.711 -> C,engage_lvl,0
13:18:58.804 -> C,ts_engage_write,495441368
13:18:58.896 -> C,ts_engage_write,495529368
13:18:58.988 -> C,ts_engage_write,495617369
13:18:59.080 -> C,ts_engage_write,495705390
13:18:59.127 -> C,ts_engage_write,495793375
13:18:59.219 -> [FACE] heartbeat
13:18:59.219 -> C,mood_str,50
13:18:59.219 -> C,ts_engage_write,495881476
13:18:59.219 -> C,engage_lvl,0
13:18:59.219 -> C,modifier,15
13:18:59.219 -> C,engage_floor,0
13:18:59.219 -> C,loop_us,274
13:18:59.312 -> C,ts_engage_write,495969368
13:18:59.404 -> C,ts_engage_write,496057368
13:18:59.498 -> C,ts_engage_write,496145391
13:18:59.591 -> C,ts_engage_write,496233379
13:18:59.684 -> C,ts_engage_write,496321368
13:18:59.778 -> C,ts_engage_write,496409368
13:18:59.778 -> C,engage_lvl,0
13:18:59.871 -> C,ts_engage_write,496497369
13:18:59.919 -> C,ts_engage_write,496585369
13:19:00.011 -> C,ts_engage_write,496673390
13:19:00.104 -> C,ts_engage_write,496761376
13:19:00.199 -> C,ts_engage_write,496849370
13:19:00.291 -> [FACE] heartbeat
13:19:00.291 -> C,mood_str,50
13:19:00.291 -> C,ts_engage_write,496937473
13:19:00.291 -> C,engage_lvl,0
13:19:00.291 -> C,modifier,15
13:19:00.291 -> C,engage_floor,0
13:19:00.291 -> C,loop_us,280
13:19:00.385 -> C,ts_engage_write,497025368
13:19:00.476 -> C,ts_engage_write,497113368
13:19:00.571 -> C,ts_engage_write,497201391
13:19:00.664 -> C,ts_engage_write,497289377
13:19:00.710 -> C,ts_engage_write,497377369
13:19:00.803 -> C,ts_engage_write,497465368
13:19:00.803 -> C,engage_lvl,0
13:19:00.895 -> C,ts_engage_write,497553368
13:19:00.989 -> C,ts_engage_write,497641369
13:19:01.082 -> C,ts_engage_write,497729391
13:19:01.176 -> C,ts_engage_write,497817372
13:19:01.268 -> C,ts_engage_write,497905368
13:19:01.360 -> [FACE] heartbeat
13:19:01.360 -> C,mood_str,50
13:19:01.360 -> C,ts_engage_write,497993465
13:19:01.360 -> C,engage_lvl,0
13:19:01.360 -> C,modifier,15
13:19:01.360 -> C,engage_floor,0
13:19:01.360 -> C,loop_us,265
13:19:01.454 -> C,ts_engage_write,498081366
13:19:01.548 -> C,ts_engage_write,498169389
13:19:01.594 -> C,ts_engage_write,498257379
13:19:01.688 -> C,ts_engage_write,498345368
13:19:01.780 -> C,ts_engage_write,498433369
13:19:01.874 -> C,ts_engage_write,498521369
13:19:01.874 -> C,engage_lvl,0
13:19:01.967 -> C,ts_engage_write,498609368
13:19:02.062 -> C,ts_engage_write,498697393
13:19:02.155 -> C,ts_engage_write,498785376
13:19:02.249 -> C,ts_engage_write,498873368
13:19:02.295 -> C,ts_engage_write,498961368
13:19:02.389 -> [FACE] heartbeat
13:19:02.389 -> C,mood_str,50
13:19:02.389 -> C,ts_engage_write,499049472
13:19:02.389 -> C,engage_lvl,0
13:19:02.389 -> C,modifier,15
13:19:02.389 -> C,engage_floor,0
13:19:02.389 -> C,loop_us,269
13:19:02.481 -> C,ts_engage_write,499137367
13:19:02.576 -> C,ts_engage_write,499225391
13:19:02.668 -> C,ts_engage_write,499313377
13:19:02.760 -> C,ts_engage_write,499401369
13:19:02.853 -> C,ts_engage_write,499489368
13:19:02.945 -> C,ts_engage_write,499577368
13:19:02.945 -> C,engage_lvl,0
13:19:03.038 -> C,ts_engage_write,499665390
13:19:03.129 -> C,ts_engage_write,499753375
13:19:03.175 -> C,ts_engage_write,499841368
13:19:03.268 -> C,ts_engage_write,499929369
13:19:03.361 -> C,ts_engage_write,500017369
13:19:03.455 -> [FACE] heartbeat
13:19:03.455 -> C,mood_str,50
13:19:03.455 -> C,ts_engage_write,500105477
13:19:03.455 -> C,engage_lvl,0
13:19:03.455 -> C,modifier,15
13:19:03.455 -> C,engage_floor,0
13:19:03.455 -> C,loop_us,278
13:19:03.550 -> C,ts_engage_write,500193390
13:19:03.644 -> C,ts_engage_write,500281377
13:19:03.738 -> C,ts_engage_write,500369368
13:19:03.832 -> C,ts_engage_write,500457369
13:19:03.878 -> C,ts_engage_write,500545369
13:19:03.972 -> C,ts_engage_write,500633368
13:19:03.972 -> C,engage_lvl,0
13:19:04.064 -> C,ts_engage_write,500721391
13:19:04.156 -> C,ts_engage_write,500809375
13:19:04.249 -> C,ts_engage_write,500897368
13:19:04.341 -> C,ts_engage_write,500985369
13:19:04.434 -> C,ts_engage_write,501073367
13:19:04.526 -> [FACE] heartbeat
13:19:04.526 -> C,mood_str,50
13:19:04.526 -> C,ts_engage_write,501161531
13:19:04.526 -> C,engage_lvl,0
13:19:04.526 -> C,modifier,15
13:19:04.526 -> C,engage_floor,0
13:19:04.526 -> C,loop_us,332
13:19:04.618 -> C,ts_engage_write,501249374
13:19:04.711 -> C,ts_engage_write,501337365
13:19:04.757 -> C,ts_engage_write,501425364
13:19:04.849 -> C,ts_engage_write,501513365
13:19:04.945 -> C,ts_engage_write,501601364
13:19:05.038 -> C,ts_engage_write,501689387
13:19:05.038 -> C,engage_lvl,0
13:19:05.129 -> C,ts_engage_write,501777371
13:19:05.221 -> C,ts_engage_write,501865366
13:19:05.314 -> C,ts_engage_write,501953364
13:19:05.408 -> C,ts_engage_write,502041365
13:19:05.500 -> C,ts_engage_write,502129363
13:19:05.594 -> [FACE] heartbeat
13:19:05.594 -> C,mood_str,50
13:19:05.594 -> C,ts_engage_write,502217495
13:19:05.594 -> C,engage_lvl,0
13:19:05.594 -> C,modifier,15
13:19:05.594 -> C,engage_floor,0
13:19:05.594 -> C,loop_us,289
13:19:05.639 -> C,ts_engage_write,502305370
13:19:05.733 -> C,ts_engage_write,502393365
13:19:05.825 -> C,ts_engage_write,502481364
13:19:05.918 -> C,ts_engage_write,502569366
13:19:06.012 -> C,ts_engage_write,502657392
13:19:06.106 -> C,ts_engage_write,502745376
13:19:06.106 -> C,engage_lvl,0
13:19:06.199 -> C,ts_engage_write,502833369
13:19:06.290 -> C,ts_engage_write,502921368
13:19:06.385 -> C,ts_engage_write,503009368
13:19:06.431 -> C,ts_engage_write,503097368
13:19:06.524 -> C,ts_engage_write,503185392
13:19:06.618 -> [FACE] heartbeat
13:19:06.618 -> C,mood_str,50
13:19:06.618 -> C,ts_engage_write,503273487
13:19:06.618 -> C,engage_lvl,0
13:19:06.618 -> C,modifier,15
13:19:06.618 -> C,engage_floor,0
13:19:06.618 -> C,loop_us,289
13:19:06.710 -> C,ts_engage_write,503361368
13:19:06.803 -> C,ts_engage_write,503449368
13:19:06.895 -> C,ts_engage_write,503537368
13:19:06.988 -> C,ts_engage_write,503625368
13:19:07.079 -> C,ts_engage_write,503713390
13:19:07.172 -> C,ts_engage_write,503801376
13:19:07.172 -> C,engage_lvl,0
13:19:07.266 -> C,ts_engage_write,503889369
13:19:07.312 -> C,ts_engage_write,503977368
13:19:07.406 -> C,ts_engage_write,504065367
13:19:07.499 -> C,ts_engage_write,504153392
13:19:07.594 -> C,ts_engage_write,504241377
13:19:07.685 -> [FACE] heartbeat
13:19:07.685 -> C,mood_str,50
13:19:07.685 -> C,ts_engage_write,504329470
13:19:07.685 -> C,engage_lvl,0
13:19:07.685 -> C,modifier,15
13:19:07.685 -> C,engage_floor,0
13:19:07.685 -> C,loop_us,276
13:19:07.778 -> C,ts_engage_write,504417368
13:19:07.871 -> C,ts_engage_write,504505368
13:19:07.963 -> C,ts_engage_write,504593368
13:19:08.056 -> C,ts_engage_write,504681390
13:19:08.103 -> C,ts_engage_write,504769376
13:19:08.195 -> C,ts_engage_write,504857369
13:19:08.195 -> C,engage_lvl,0
13:19:08.288 -> C,ts_engage_write,504945368
13:19:08.382 -> C,ts_engage_write,505033368
13:19:08.476 -> C,ts_engage_write,505121368
13:19:08.570 -> C,ts_engage_write,505209392
13:19:08.662 -> C,ts_engage_write,505297377
13:19:08.755 -> [FACE] heartbeat
13:19:08.755 -> C,mood_str,50
13:19:08.755 -> C,ts_engage_write,505385471
13:19:08.755 -> C,engage_lvl,0
13:19:08.755 -> C,modifier,15
13:19:08.755 -> C,engage_floor,0
13:19:08.755 -> C,loop_us,270
13:19:08.849 -> C,ts_engage_write,505473366
13:19:08.895 -> C,ts_engage_write,505561368
13:19:08.988 -> C,ts_engage_write,505649390
13:19:09.080 -> C,ts_engage_write,505737379
13:19:09.173 -> C,ts_engage_write,505825369
13:19:09.266 -> C,ts_engage_write,505913368
13:19:09.266 -> C,engage_lvl,0
13:19:09.358 -> C,ts_engage_write,506001368
13:19:09.452 -> C,ts_engage_write,506089368
13:19:09.544 -> C,ts_engage_write,506177392
13:19:09.638 -> C,ts_engage_write,506265377
13:19:09.684 -> C,ts_engage_write,506353368
13:19:09.778 -> [FACE] heartbeat
13:19:09.778 -> C,mood_str,50
13:19:09.778 -> C,ts_engage_write,506441478
13:19:09.778 -> C,engage_lvl,0
13:19:09.778 -> C,modifier,15
13:19:09.778 -> C,engage_floor,0
13:19:09.778 -> C,loop_us,275
13:19:09.872 -> C,ts_engage_write,506529368
13:19:09.963 -> C,ts_engage_write,506617368
13:19:10.057 -> C,ts_engage_write,506705392
13:19:10.150 -> C,ts_engage_write,506793376
13:19:10.244 -> C,ts_engage_write,506881369
13:19:10.336 -> C,ts_engage_write,506969368
13:19:10.336 -> C,engage_lvl,0
13:19:10.429 -> C,ts_engage_write,507057368
13:19:10.522 -> C,ts_engage_write,507145390
13:19:10.568 -> C,ts_engage_write,507233378
13:19:10.662 -> C,ts_engage_write,507321368
13:19:10.754 -> C,ts_engage_write,507409369
13:19:10.848 -> [FACE] heartbeat
13:19:10.848 -> C,mood_str,50
13:19:10.848 -> C,ts_engage_write,507497475
13:19:10.848 -> C,engage_lvl,0
13:19:10.848 -> C,modifier,15
13:19:10.848 -> C,engage_floor,0
13:19:10.848 -> C,loop_us,275
13:19:10.941 -> C,ts_engage_write,507585367
13:19:11.035 -> C,ts_engage_write,507673391
13:19:11.127 -> C,ts_engage_write,507761376
13:19:11.219 -> C,ts_engage_write,507849368
13:19:11.312 -> C,ts_engage_write,507937368
13:19:11.359 -> C,ts_engage_write,508025369
13:19:11.359 -> C,engage_lvl,0
13:19:11.452 -> C,ts_engage_write,508113368
13:19:11.545 -> C,ts_engage_write,508201391
13:19:11.636 -> C,ts_engage_write,508289377
13:19:11.729 -> C,ts_engage_write,508377369
13:19:11.822 -> C,ts_engage_write,508465368
13:19:11.914 -> [FACE] heartbeat
13:19:11.914 -> C,mood_str,50
13:19:11.914 -> C,ts_engage_write,508553478
13:19:11.914 -> C,engage_lvl,0
13:19:11.914 -> C,modifier,15
13:19:11.914 -> C,engage_floor,0
13:19:11.914 -> C,loop_us,276
13:19:12.006 -> C,ts_engage_write,508641368
13:19:12.099 -> C,ts_engage_write,508729391
13:19:12.192 -> C,ts_engage_write,508817372
13:19:12.238 -> C,ts_engage_write,508905368
13:19:12.332 -> C,ts_engage_write,508993368
13:19:12.425 -> C,ts_engage_write,509081367
13:19:12.425 -> C,engage_lvl,0
13:19:12.518 -> C,ts_engage_write,509169388
13:19:12.611 -> C,ts_engage_write,509257380
13:19:12.703 -> C,ts_engage_write,509345369
13:19:12.794 -> C,ts_engage_write,509433368
13:19:12.888 -> C,ts_engage_write,509521368
13:19:12.981 -> [FACE] heartbeat
13:19:12.981 -> C,mood_str,50
13:19:12.981 -> C,ts_engage_write,509609478
13:19:12.981 -> C,engage_lvl,0
13:19:12.981 -> C,modifier,15
13:19:12.981 -> C,engage_floor,0
13:19:12.981 -> C,loop_us,286
13:19:13.073 -> C,ts_engage_write,509697391
13:19:13.119 -> C,ts_engage_write,509785375
13:19:13.212 -> C,ts_engage_write,509873368
13:19:13.305 -> C,ts_engage_write,509961369
13:19:13.398 -> C,ts_engage_write,510049369
13:19:13.491 -> C,ts_engage_write,510137367
13:19:13.491 -> C,engage_lvl,0
13:19:13.584 -> C,ts_engage_write,510225392
13:19:13.678 -> C,ts_engage_write,510313379
13:19:13.771 -> C,ts_engage_write,510401368
13:19:13.863 -> C,ts_engage_write,510489369
13:19:13.910 -> C,ts_engage_write,510577369
13:19:14.003 -> [FACE] heartbeat
13:19:14.003 -> C,mood_str,50
13:19:14.003 -> C,ts_engage_write,510665533
13:19:14.003 -> C,engage_lvl,0
13:19:14.003 -> C,modifier,15
13:19:14.003 -> C,engage_floor,0
13:19:14.003 -> C,loop_us,345
13:19:14.097 -> C,ts_engage_write,510753367
13:19:14.190 -> C,ts_engage_write,510841362
13:19:14.284 -> C,ts_engage_write,510929361
13:19:14.376 -> C,ts_engage_write,511017362
13:19:14.469 -> C,ts_engage_write,511105358
13:19:14.563 -> C,ts_engage_write,511193386
13:19:14.563 -> C,engage_lvl,0
13:19:14.656 -> C,ts_engage_write,511281368
13:19:14.703 -> C,ts_engage_write,511369364
13:19:14.796 -> C,ts_engage_write,511457359
13:19:14.889 -> C,ts_engage_write,511545363
13:19:14.984 -> C,ts_engage_write,511633360
13:19:15.076 -> [FACE] heartbeat
13:19:15.076 -> C,mood_str,50
13:19:15.076 -> C,ts_engage_write,511721516
13:19:15.076 -> C,engage_lvl,0
13:19:15.076 -> C,modifier,15
13:19:15.076 -> C,engage_floor,0
13:19:15.076 -> C,loop_us,317
13:19:15.169 -> C,ts_engage_write,511809367
13:19:15.262 -> C,ts_engage_write,511897365
13:19:15.355 -> C,ts_engage_write,511985363
13:19:15.449 -> C,ts_engage_write,512073364
13:19:15.496 -> C,ts_engage_write,512161388
13:19:15.590 -> C,ts_engage_write,512249377
13:19:15.590 -> C,engage_lvl,0
13:19:15.682 -> C,ts_engage_write,512337369
13:19:15.773 -> C,ts_engage_write,512425368
13:19:15.868 -> C,ts_engage_write,512513368
13:19:15.962 -> C,ts_engage_write,512601369
13:19:16.055 -> C,ts_engage_write,512689390
13:19:16.148 -> [FACE] heartbeat
13:19:16.148 -> C,mood_str,50
13:19:16.148 -> C,ts_engage_write,512777487
13:19:16.148 -> C,engage_lvl,0
13:19:16.148 -> C,modifier,15
13:19:16.148 -> C,engage_floor,0
13:19:16.148 -> C,loop_us,285
13:19:16.242 -> C,ts_engage_write,512865368
13:19:16.289 -> C,ts_engage_write,512953368
13:19:16.383 -> C,ts_engage_write,513041368
13:19:16.475 -> C,ts_engage_write,513129367
13:19:16.569 -> C,ts_engage_write,513217391
13:19:16.663 -> C,ts_engage_write,513305376
13:19:16.663 -> C,engage_lvl,0
13:19:16.755 -> C,ts_engage_write,513393370
13:19:16.847 -> C,ts_engage_write,513481368
13:19:16.941 -> C,ts_engage_write,513569368
13:19:17.034 -> C,ts_engage_write,513657391
13:19:17.081 -> C,ts_engage_write,513745375
13:19:17.174 -> [FACE] heartbeat
13:19:17.174 -> C,mood_str,50
13:19:17.174 -> C,ts_engage_write,513833466
13:19:17.174 -> C,engage_lvl,0
13:19:17.174 -> C,modifier,15
13:19:17.174 -> C,engage_floor,0
13:19:17.174 -> C,loop_us,264
13:19:17.267 -> C,ts_engage_write,513921368
13:19:17.360 -> C,ts_engage_write,514009368
13:19:17.454 -> C,ts_engage_write,514097367
13:19:17.547 -> C,ts_engage_write,514185391
13:19:17.641 -> C,ts_engage_write,514273377
13:19:17.733 -> C,ts_engage_write,514361369
13:19:17.733 -> C,engage_lvl,0
13:19:17.780 -> C,ts_engage_write,514449368
13:19:17.875 -> C,ts_engage_write,514537371
13:19:17.967 -> C,ts_engage_write,514625369
13:19:18.059 -> C,ts_engage_write,514713392
13:19:18.152 -> C,ts_engage_write,514801375
13:19:18.245 -> [FACE] heartbeat
13:19:18.245 -> C,mood_str,50
13:19:18.245 -> C,ts_engage_write,514889476
13:19:18.245 -> C,engage_lvl,0
13:19:18.245 -> C,modifier,15
13:19:18.245 -> C,engage_floor,0
13:19:18.245 -> C,loop_us,274
13:19:18.337 -> C,ts_engage_write,514977368
13:19:18.430 -> C,ts_engage_write,515065367
13:19:18.524 -> C,ts_engage_write,515153391
13:19:18.617 -> C,ts_engage_write,515241377
13:19:18.663 -> C,ts_engage_write,515329369
13:19:18.757 -> C,ts_engage_write,515417368
13:19:18.757 -> C,engage_lvl,0
13:19:18.850 -> C,ts_engage_write,515505368
13:19:18.944 -> C,ts_engage_write,515593369
13:19:19.038 -> C,ts_engage_write,515681391
13:19:19.130 -> C,ts_engage_write,515769375
13:19:19.225 -> C,ts_engage_write,515857368
13:19:19.318 -> [FACE] heartbeat
13:19:19.318 -> C,mood_str,50
13:19:19.318 -> C,ts_engage_write,515945466
13:19:19.318 -> C,engage_lvl,0
13:19:19.318 -> C,modifier,15
13:19:19.318 -> C,engage_floor,0
13:19:19.318 -> C,loop_us,265
13:19:19.366 -> C,ts_engage_write,516033368
13:19:19.458 -> C,ts_engage_write,516121367
13:19:19.551 -> C,ts_engage_write,516209391
13:19:19.644 -> C,ts_engage_write,516297377
13:19:19.736 -> C,ts_engage_write,516385369
13:19:19.829 -> C,ts_engage_write,516473368
13:19:19.829 -> C,engage_lvl,0
13:19:19.922 -> C,ts_engage_write,516561368
13:19:20.015 -> C,ts_engage_write,516649390
13:19:20.109 -> C,ts_engage_write,516737375
13:19:20.156 -> C,ts_engage_write,516825368
13:19:20.250 -> C,ts_engage_write,516913369
13:19:20.343 -> [FACE] heartbeat
13:19:20.343 -> C,mood_str,50
13:19:20.343 -> C,ts_engage_write,517001479
13:19:20.343 -> C,engage_lvl,0
13:19:20.343 -> C,modifier,15
13:19:20.343 -> C,engage_floor,0
13:19:20.343 -> C,loop_us,277
13:19:20.436 -> C,ts_engage_write,517089366
13:19:20.530 -> C,ts_engage_write,517177392
13:19:20.625 -> C,ts_engage_write,517265377
13:19:20.718 -> C,ts_engage_write,517353368
13:19:20.810 -> C,ts_engage_write,517441369
13:19:20.903 -> C,ts_engage_write,517529369
13:19:20.903 -> C,engage_lvl,0
13:19:20.949 -> C,ts_engage_write,517617368
13:19:21.043 -> C,ts_engage_write,517705391
13:19:21.136 -> C,ts_engage_write,517793376
13:19:21.229 -> C,ts_engage_write,517886050
13:19:21.322 -> C,ts_engage_write,517974401
13:19:21.415 -> [FACE] heartbeat
13:19:21.415 -> C,mood_str,50
13:19:21.415 -> C,ts_engage_write,518062481
13:19:21.415 -> C,engage_lvl,0
13:19:21.415 -> C,modifier,15
13:19:21.415 -> C,engage_floor,0
13:19:21.415 -> C,loop_us,279
13:19:21.508 -> C,ts_engage_write,518150384
13:19:21.600 -> C,ts_engage_write,518238382
13:19:21.693 -> C,ts_engage_write,518326368
13:19:21.787 -> C,ts_engage_write,518414366
13:19:21.833 -> C,ts_engage_write,518502368
13:19:21.927 -> C,ts_engage_write,518590367
13:19:21.927 -> C,engage_lvl,0
13:19:22.019 -> C,ts_engage_write,518678384
13:19:22.112 -> C,ts_engage_write,518766385
13:19:22.205 -> C,ts_engage_write,518854368
13:19:22.297 -> C,ts_engage_write,518942368
13:19:22.390 -> C,ts_engage_write,519030369
13:19:22.485 -> [FACE] heartbeat
13:19:22.485 -> C,mood_str,50
13:19:22.485 -> C,ts_engage_write,519118486
13:19:22.485 -> C,engage_lvl,0
13:19:22.485 -> C,modifier,15
13:19:22.485 -> C,engage_floor,0
13:19:22.485 -> C,loop_us,284
13:19:22.577 -> C,ts_engage_write,519206384
13:19:22.670 -> C,ts_engage_write,519294381
13:19:22.717 -> C,ts_engage_write,519382368
13:19:22.809 -> C,ts_engage_write,519470368
13:19:22.903 -> C,ts_engage_write,519558369
13:19:22.996 -> C,ts_engage_write,519646384
13:19:22.996 -> C,engage_lvl,0
13:19:23.089 -> C,ts_engage_write,519734385
13:19:23.183 -> C,ts_engage_write,519822368
13:19:23.274 -> C,ts_engage_write,519910368
13:19:23.366 -> C,ts_engage_write,519998367
13:19:23.458 -> C,ts_engage_write,520086368
13:19:23.550 -> [FACE] heartbeat
13:19:23.550 -> C,mood_str,50
13:19:23.550 -> C,ts_engage_write,520174517
13:19:23.550 -> C,engage_lvl,0
13:19:23.550 -> C,modifier,15
13:19:23.550 -> C,engage_floor,0
13:19:23.550 -> C,loop_us,321
13:19:23.596 -> C,ts_engage_write,520262373
13:19:23.692 -> C,ts_engage_write,520350362
13:19:23.784 -> C,ts_engage_write,520438362
13:19:23.878 -> C,ts_engage_write,520526362
13:19:23.972 -> C,ts_engage_write,520614361
13:19:24.065 -> C,ts_engage_write,520702378
13:19:24.065 -> C,engage_lvl,0
13:19:24.157 -> C,ts_engage_write,520790380
13:19:24.250 -> C,ts_engage_write,520878364
13:19:24.297 -> C,ts_engage_write,520966364
13:19:24.390 -> C,ts_engage_write,521054364
13:19:24.483 -> C,ts_engage_write,521142382
13:19:24.575 -> [FACE] heartbeat
13:19:24.575 -> C,mood_str,50
13:19:24.575 -> C,ts_engage_write,521230486
13:19:24.575 -> C,engage_lvl,0
13:19:24.575 -> C,modifier,15
13:19:24.575 -> C,engage_floor,0
13:19:24.575 -> C,loop_us,294
13:19:24.668 -> C,ts_engage_write,521318368
13:19:24.760 -> C,ts_engage_write,521406367
13:19:24.853 -> C,ts_engage_write,521494368
13:19:24.947 -> C,ts_engage_write,521582367
13:19:25.040 -> C,ts_engage_write,521670385
13:19:25.133 -> C,ts_engage_write,521758384
13:19:25.133 -> C,engage_lvl,0
13:19:25.181 -> C,ts_engage_write,521846369
13:19:25.274 -> C,ts_engage_write,521934367
13:19:25.367 -> C,ts_engage_write,522022368
13:19:25.461 -> C,ts_engage_write,522110367
13:19:25.555 -> C,ts_engage_write,522198386
13:19:25.648 -> [FACE] heartbeat
13:19:25.648 -> C,mood_str,50
13:19:25.648 -> C,ts_engage_write,522286484
13:19:25.648 -> C,engage_lvl,0
13:19:25.648 -> C,modifier,15
13:19:25.648 -> C,engage_floor,0
13:19:25.648 -> C,loop_us,293
13:19:25.741 -> C,ts_engage_write,522374368
13:19:25.833 -> C,ts_engage_write,522462367
13:19:25.926 -> C,ts_engage_write,522550368
13:19:25.973 -> C,ts_engage_write,522638367
13:19:26.066 -> C,ts_engage_write,522726385
13:19:26.159 -> C,ts_engage_write,522814386
13:19:26.159 -> C,engage_lvl,0
13:19:26.252 -> C,ts_engage_write,522902369
13:19:26.345 -> C,ts_engage_write,522990367
13:19:26.438 -> C,ts_engage_write,523078367
13:19:26.532 -> C,ts_engage_write,523166386
13:19:26.623 -> C,ts_engage_write,523254383
13:19:26.715 -> [FACE] heartbeat
13:19:26.715 -> C,mood_str,50
13:19:26.715 -> C,ts_engage_write,523342463
13:19:26.715 -> C,engage_lvl,0
13:19:26.715 -> C,modifier,15
13:19:26.715 -> C,engage_floor,0
13:19:26.715 -> C,loop_us,270
13:19:26.763 -> C,ts_engage_write,523430364
13:19:26.854 -> C,ts_engage_write,523518367
13:19:26.947 -> C,ts_engage_write,523606368
13:19:27.041 -> C,ts_engage_write,523694385
13:19:27.133 -> C,ts_engage_write,523782385
13:19:27.226 -> C,ts_engage_write,523870368
13:19:27.226 -> C,engage_lvl,0
13:19:27.319 -> C,ts_engage_write,523958368
13:19:27.413 -> C,ts_engage_write,524046367
13:19:27.505 -> C,ts_engage_write,524134368
13:19:27.599 -> C,ts_engage_write,524222384
13:19:27.646 -> C,ts_engage_write,524310382
13:19:27.739 -> [FACE] heartbeat
13:19:27.739 -> C,mood_str,50
13:19:27.739 -> C,ts_engage_write,524398465
13:19:27.739 -> C,engage_lvl,0
13:19:27.739 -> C,modifier,15
13:19:27.739 -> C,engage_floor,0
13:19:27.739 -> C,loop_us,264
13:19:27.832 -> C,ts_engage_write,524486367
13:19:27.926 -> C,ts_engage_write,524574367
13:19:28.019 -> C,ts_engage_write,524662385
13:19:28.112 -> C,ts_engage_write,524750384
13:19:28.206 -> C,ts_engage_write,524838369
13:19:28.299 -> C,ts_engage_write,524926367
13:19:28.299 -> C,engage_lvl,0
13:19:28.345 -> C,ts_engage_write,525014368
13:19:28.437 -> C,ts_engage_write,525102367
13:19:28.529 -> C,ts_engage_write,525190387
13:19:28.623 -> C,ts_engage_write,525278381
13:19:28.715 -> C,ts_engage_write,525366368
13:19:28.808 -> [FACE] heartbeat
13:19:28.808 -> C,mood_str,50
13:19:28.808 -> C,ts_engage_write,525454456
13:19:28.808 -> C,engage_lvl,0
13:19:28.808 -> C,modifier,15
13:19:28.808 -> C,engage_floor,0
13:19:28.808 -> C,loop_us,258
13:19:28.901 -> C,ts_engage_write,525542368
13:19:28.994 -> C,ts_engage_write,525630367
13:19:29.089 -> C,ts_engage_write,525718384
13:19:29.184 -> C,ts_engage_write,525806384
13:19:29.230 -> C,ts_engage_write,525894369
13:19:29.322 -> C,ts_engage_write,525982367
13:19:29.322 -> C,engage_lvl,0
13:19:29.416 -> C,ts_engage_write,526070367
13:19:29.507 -> C,ts_engage_write,526158386
13:19:29.600 -> C,ts_engage_write,526246383
13:19:29.693 -> C,ts_engage_write,526334367
13:19:29.784 -> C,ts_engage_write,526422369
13:19:29.877 -> [FACE] heartbeat
13:19:29.877 -> C,mood_str,50
13:19:29.877 -> C,ts_engage_write,526510457
13:19:29.877 -> C,engage_lvl,0
13:19:29.877 -> C,modifier,15
13:19:29.877 -> C,engage_floor,0
13:19:29.877 -> C,loop_us,262
13:19:29.970 -> C,ts_engage_write,526598364
13:19:30.017 -> C,ts_engage_write,526686383
13:19:30.110 -> C,ts_engage_write,526774387
13:19:30.203 -> C,ts_engage_write,526862367
13:19:30.297 -> C,ts_engage_write,526950368
13:19:30.390 -> C,ts_engage_write,527038368
13:19:30.390 -> C,engage_lvl,0
13:19:30.483 -> C,ts_engage_write,527126368
13:19:30.575 -> C,ts_engage_write,527214384
13:19:30.668 -> C,ts_engage_write,527302383
13:19:30.761 -> C,ts_engage_write,527390370
13:19:30.853 -> C,ts_engage_write,527478368
13:19:30.899 -> [FACE] heartbeat
13:19:30.899 -> C,mood_str,50
13:19:30.899 -> C,ts_engage_write,527566460
13:19:30.899 -> C,engage_lvl,0
13:19:30.899 -> C,modifier,15
13:19:30.899 -> C,engage_floor,0
13:19:30.899 -> C,loop_us,260
13:19:30.994 -> C,ts_engage_write,527654382
13:19:31.086 -> C,ts_engage_write,527742383
13:19:31.181 -> C,ts_engage_write,527830368
13:19:31.273 -> C,ts_engage_write,527918368
13:19:31.367 -> C,ts_engage_write,528006369
13:19:31.460 -> C,ts_engage_write,528094366
13:19:31.460 -> C,engage_lvl,0
13:19:31.552 -> C,ts_engage_write,528182387
13:19:31.646 -> C,ts_engage_write,528270381
13:19:31.694 -> C,ts_engage_write,528358368
13:19:31.788 -> C,ts_engage_write,528446368
13:19:31.880 -> C,ts_engage_write,528534369
13:19:31.972 -> [FACE] heartbeat
13:19:31.972 -> C,mood_str,50
13:19:31.972 -> C,ts_engage_write,528622459
13:19:31.972 -> C,engage_lvl,0
13:19:31.972 -> C,modifier,15
13:19:31.972 -> C,engage_floor,0
13:19:31.972 -> C,loop_us,248
13:19:32.064 -> C,ts_engage_write,528710380
13:19:32.156 -> C,ts_engage_write,528798383
13:19:32.248 -> C,ts_engage_write,528886368
13:19:32.343 -> C,ts_engage_write,528974368
13:19:32.436 -> C,ts_engage_write,529062367
13:19:32.482 -> C,ts_engage_write,529150385
13:19:32.482 -> C,engage_lvl,0
13:19:32.577 -> C,ts_engage_write,529238383
13:19:32.669 -> C,ts_engage_write,529326368
13:19:32.761 -> C,ts_engage_write,529414368
13:19:32.854 -> C,ts_engage_write,529502367
13:19:32.947 -> C,ts_engage_write,529590369
13:19:33.039 -> [FACE] heartbeat
13:19:33.039 -> C,mood_str,50
13:19:33.039 -> C,ts_engage_write,529678503
13:19:33.039 -> C,engage_lvl,0
13:19:33.039 -> C,modifier,15
13:19:33.039 -> C,engage_floor,0
13:19:33.039 -> C,loop_us,312
13:19:33.132 -> C,ts_engage_write,529766373
13:19:33.225 -> C,ts_engage_write,529854360
13:19:33.318 -> C,ts_engage_write,529942362
13:19:33.365 -> C,ts_engage_write,530030361
13:19:33.458 -> C,ts_engage_write,530118358
13:19:33.551 -> C,ts_engage_write,530206378
13:19:33.551 -> C,engage_lvl,0
13:19:33.645 -> C,ts_engage_write,530294375
13:19:33.738 -> C,ts_engage_write,530382363
13:19:33.831 -> C,ts_engage_write,530470359
13:19:33.925 -> C,ts_engage_write,530558362
13:19:34.018 -> C,ts_engage_write,530646383
13:19:34.065 -> [FACE] heartbeat
13:19:34.065 -> C,mood_str,50
13:19:34.065 -> C,ts_engage_write,530734492
13:19:34.065 -> C,engage_lvl,0
13:19:34.065 -> C,modifier,15
13:19:34.065 -> C,engage_floor,0
13:19:34.065 -> C,loop_us,292
13:19:34.157 -> C,ts_engage_write,530822368
13:19:34.250 -> C,ts_engage_write,530910367
13:19:34.345 -> C,ts_engage_write,530998368
13:19:34.437 -> C,ts_engage_write,531086366
13:19:34.529 -> C,ts_engage_write,531174385
13:19:34.621 -> C,ts_engage_write,531262382
13:19:34.621 -> C,engage_lvl,0
13:19:34.715 -> C,ts_engage_write,531350370
13:19:34.808 -> C,ts_engage_write,531438367
13:19:34.902 -> C,ts_engage_write,531526368
13:19:34.949 -> C,ts_engage_write,531614368
13:19:35.043 -> C,ts_engage_write,531702383
13:19:35.137 -> [FACE] heartbeat
13:19:35.137 -> C,mood_str,50
13:19:35.137 -> C,ts_engage_write,531790481
13:19:35.137 -> C,engage_lvl,0
13:19:35.137 -> C,modifier,15
13:19:35.137 -> C,engage_floor,0
13:19:35.137 -> C,loop_us,288
13:19:35.229 -> C,ts_engage_write,531878371
13:19:35.323 -> C,ts_engage_write,531966367
13:19:35.417 -> C,ts_engage_write,532054368
13:19:35.510 -> C,ts_engage_write,532142380
13:19:35.602 -> C,ts_engage_write,532230385
13:19:35.649 -> C,ts_engage_write,532318369
13:19:35.649 -> C,engage_lvl,0
13:19:35.744 -> C,ts_engage_write,532406368
13:19:35.869 -> C,ts_engage_write,532494367
13:19:35.915 -> C,ts_engage_write,532582369
13:19:36.008 -> C,ts_engage_write,532670383
13:19:36.100 -> C,ts_engage_write,532758386
13:19:36.193 -> [FACE] heartbeat
13:19:36.193 -> C,mood_str,50
13:19:36.193 -> C,ts_engage_write,532846452
13:19:36.193 -> C,engage_lvl,0
13:19:36.193 -> C,modifier,15
13:19:36.193 -> C,engage_floor,0
13:19:36.193 -> C,loop_us,264
13:19:36.286 -> C,ts_engage_write,532934364
13:19:36.380 -> C,ts_engage_write,533022367
13:19:36.474 -> C,ts_engage_write,533110367
13:19:36.566 -> C,ts_engage_write,533198382
13:19:36.660 -> C,ts_engage_write,533286385
13:19:36.706 -> C,ts_engage_write,533374368
13:19:36.706 -> C,engage_lvl,0
13:19:36.799 -> C,ts_engage_write,533462368
13:19:36.893 -> C,ts_engage_write,533550367
13:19:36.986 -> C,ts_engage_write,533638369
13:19:37.078 -> C,ts_engage_write,533726383
13:19:37.170 -> C,ts_engage_write,533814386
13:19:37.263 -> [FACE] heartbeat
13:19:37.263 -> C,mood_str,50
13:19:37.263 -> C,ts_engage_write,533902452
13:19:37.263 -> C,engage_lvl,0
13:19:37.263 -> C,modifier,15
13:19:37.263 -> C,engage_floor,0
13:19:37.263 -> C,loop_us,258
13:19:37.357 -> C,ts_engage_write,533990368
13:19:37.451 -> C,ts_engage_write,534078366
13:19:37.498 -> C,ts_engage_write,534166385
13:19:37.591 -> C,ts_engage_write,534254383
13:19:37.684 -> C,ts_engage_write,534342369
13:19:37.777 -> C,ts_engage_write,534430367
13:19:37.777 -> C,engage_lvl,0
13:19:37.871 -> C,ts_engage_write,534518368
13:19:37.964 -> C,ts_engage_write,534606368
13:19:38.059 -> C,ts_engage_write,534694383
13:19:38.152 -> C,ts_engage_write,534782386
13:19:38.246 -> C,ts_engage_write,534870368
13:19:38.293 -> [FACE] heartbeat
13:19:38.293 -> C,mood_str,50
13:19:38.293 -> C,ts_engage_write,534958453
13:19:38.293 -> C,engage_lvl,0
13:19:38.293 -> C,modifier,15
13:19:38.293 -> C,engage_floor,0
13:19:38.293 -> C,loop_us,260
13:19:38.385 -> C,ts_engage_write,535046364
13:19:38.479 -> C,ts_engage_write,535134366
13:19:38.573 -> C,ts_engage_write,535222384
13:19:38.666 -> C,ts_engage_write,535310383
13:19:38.758 -> C,ts_engage_write,535398369
13:19:38.852 -> C,ts_engage_write,535486367
13:19:38.852 -> C,engage_lvl,0
13:19:38.946 -> C,ts_engage_write,535574368
13:19:38.993 -> C,ts_engage_write,535662383
13:19:39.086 -> C,ts_engage_write,535750386
13:19:39.179 -> C,ts_engage_write,535838367
13:19:39.273 -> C,ts_engage_write,535926369
13:19:39.366 -> [FACE] heartbeat
13:19:39.366 -> C,mood_str,50
13:19:39.366 -> C,ts_engage_write,536014452
13:19:39.366 -> C,engage_lvl,0
13:19:39.366 -> C,modifier,15
13:19:39.366 -> C,engage_floor,0
13:19:39.366 -> C,loop_us,251
13:19:39.461 -> C,ts_engage_write,536102362
13:19:39.554 -> C,ts_engage_write,536190386
13:19:39.647 -> C,ts_engage_write,536278384
13:19:39.740 -> C,ts_engage_write,536366367
13:19:39.786 -> C,ts_engage_write,536454368
13:19:39.879 -> C,ts_engage_write,536542368
13:19:39.879 -> C,engage_lvl,0
13:19:39.972 -> C,ts_engage_write,536630367
13:19:40.066 -> C,ts_engage_write,536718382
13:19:40.159 -> C,ts_engage_write,536806384
13:19:40.252 -> C,ts_engage_write,536894367
13:19:40.345 -> C,ts_engage_write,536982368
13:19:40.439 -> [FACE] heartbeat
13:19:40.439 -> C,mood_str,50
13:19:40.439 -> C,ts_engage_write,537070452
13:19:40.439 -> C,engage_lvl,0
13:19:40.439 -> C,modifier,15
13:19:40.439 -> C,engage_floor,0
13:19:40.439 -> C,loop_us,248
13:19:40.534 -> C,ts_engage_write,537158378
13:19:40.580 -> C,ts_engage_write,537246383
13:19:40.675 -> C,ts_engage_write,537334369
13:19:40.768 -> C,ts_engage_write,537422367
13:19:40.861 -> C,ts_engage_write,537510368
13:19:40.954 -> C,ts_engage_write,537598368
13:19:40.954 -> C,engage_lvl,0
13:19:41.047 -> C,ts_engage_write,537686383
13:19:41.139 -> C,ts_engage_write,537774384
13:19:41.232 -> C,ts_engage_write,537862368
13:19:41.323 -> C,ts_engage_write,537950368
13:19:41.371 -> C,ts_engage_write,538038369
13:19:41.464 -> [FACE] heartbeat
13:19:41.464 -> C,mood_str,50
13:19:41.464 -> C,ts_engage_write,538126466
13:19:41.464 -> C,engage_lvl,0
13:19:41.464 -> C,modifier,15
13:19:41.464 -> C,engage_floor,0
13:19:41.464 -> C,loop_us,258
13:19:41.555 -> C,ts_engage_write,538214378
13:19:41.648 -> C,ts_engage_write,538302383
13:19:41.741 -> C,ts_engage_write,538390368
13:19:41.833 -> C,ts_engage_write,538478368
13:19:41.927 -> C,ts_engage_write,538566369
13:19:42.020 -> C,ts_engage_write,538654383
13:19:42.020 -> C,engage_lvl,0
13:19:42.112 -> C,ts_engage_write,538742388
13:19:42.207 -> C,ts_engage_write,538830368
13:19:42.253 -> C,ts_engage_write,538918368
13:19:42.346 -> C,ts_engage_write,539006367
13:19:42.440 -> C,ts_engage_write,539094368
13:19:42.534 -> [FACE] heartbeat
13:19:42.534 -> C,mood_str,50
13:19:42.534 -> C,ts_engage_write,539182510
13:19:42.534 -> C,engage_lvl,0
13:19:42.534 -> C,modifier,15
13:19:42.534 -> C,engage_floor,0
13:19:42.534 -> C,loop_us,307
13:19:42.627 -> C,ts_engage_write,539270375
13:19:42.718 -> C,ts_engage_write,539358365
13:19:42.811 -> C,ts_engage_write,539446362
13:19:42.905 -> C,ts_engage_write,539534366
13:19:42.998 -> C,ts_engage_write,539622361
13:19:43.045 -> C,ts_engage_write,539710380
13:19:43.045 -> C,engage_lvl,0
13:19:43.137 -> C,ts_engage_write,539798382
13:19:43.231 -> C,ts_engage_write,539886367
13:19:43.324 -> C,ts_engage_write,539974364
13:19:43.417 -> C,ts_engage_write,540062367
13:19:43.511 -> C,ts_engage_write,540150387
13:19:43.603 -> [FACE] heartbeat
13:19:43.603 -> C,mood_str,50
13:19:43.603 -> C,ts_engage_write,540238492
13:19:43.603 -> C,engage_lvl,0
13:19:43.603 -> C,modifier,15
13:19:43.603 -> C,engage_floor,0
13:19:43.603 -> C,loop_us,283
13:19:43.695 -> C,dom_touch,83
13:19:43.695 -> C,dom_sec,0
13:19:43.695 -> [MEM] tick: records=4 strength=83
13:19:43.695 -> C,rec_count,4
13:19:43.695 -> C,ts_engage_write,540326511
13:19:43.788 -> C,ts_engage_write,540414369
13:19:43.835 -> C,ts_engage_write,540502367
13:19:43.928 -> C,ts_engage_write,540590369
13:19:44.021 -> C,ts_engage_write,540678383
13:19:44.114 -> C,ts_engage_write,540766386
13:19:44.114 -> C,engage_lvl,0
13:19:44.208 -> C,ts_engage_write,540854368
13:19:44.299 -> C,ts_engage_write,540942368
13:19:44.392 -> C,ts_engage_write,541030369
13:19:44.485 -> C,ts_engage_write,541118366
13:19:44.579 -> C,ts_engage_write,541206384
13:19:44.625 -> [FACE] heartbeat
13:19:44.625 -> C,mood_str,50
13:19:44.625 -> C,ts_engage_write,541294487
13:19:44.625 -> C,engage_lvl,0
13:19:44.625 -> C,modifier,15
13:19:44.625 -> C,engage_floor,0
13:19:44.625 -> C,loop_us,280
13:19:44.719 -> C,ts_engage_write,541382362
13:19:44.813 -> C,ts_engage_write,541470367
13:19:44.908 -> C,ts_engage_write,541558369
13:19:45.001 -> C,ts_engage_write,541646383
13:19:45.094 -> C,ts_engage_write,541734386
13:19:45.187 -> C,ts_engage_write,541822367
13:19:45.187 -> C,engage_lvl,0
13:19:45.281 -> C,ts_engage_write,541910369
13:19:45.374 -> C,ts_engage_write,541998368
13:19:45.420 -> C,ts_engage_write,542086367
13:19:45.512 -> C,ts_engage_write,542174385
13:19:45.606 -> C,ts_engage_write,542262384
13:19:45.700 -> [FACE] heartbeat
13:19:45.700 -> C,mood_str,50
13:19:45.700 -> C,ts_engage_write,542350472
13:19:45.700 -> C,engage_lvl,0
13:19:45.700 -> C,modifier,15
13:19:45.700 -> C,engage_floor,0
13:19:45.700 -> C,loop_us,246
13:19:45.795 -> C,ts_engage_write,542438363
13:19:45.888 -> C,ts_engage_write,542526368
13:19:45.981 -> C,ts_engage_write,542614368
13:19:46.074 -> C,ts_engage_write,542702381
13:19:46.213 -> C,ts_engage_write,542848900
13:19:46.307 -> C,ts_engage_write,542937384
13:19:46.307 -> C,engage_lvl,0
13:19:46.401 -> C,ts_engage_write,543025369
13:19:46.448 -> C,ts_engage_write,543113367
13:19:46.541 -> C,ts_engage_write,543201396
13:19:46.635 -> C,ts_engage_write,543289372
13:19:46.729 -> [FACE] heartbeat
13:19:46.729 -> C,mood_str,50
13:19:46.729 -> C,ts_engage_write,543377479
13:19:46.729 -> C,modifier,15
13:19:46.729 -> C,engage_floor,0
13:19:46.729 -> C,loop_us,252
13:19:46.823 -> C,ts_engage_write,543465365
13:19:46.823 -> C,engage_lvl,0
13:19:46.915 -> C,ts_engage_write,543553368
13:19:47.008 -> C,ts_engage_write,543641367
13:19:47.099 -> C,ts_engage_write,543729390
13:19:47.194 -> C,ts_engage_write,543817372
13:19:47.240 -> C,ts_engage_write,543905372
13:19:47.334 -> C,ts_engage_write,543993367
13:19:47.334 -> C,engage_lvl,0
13:19:47.428 -> C,ts_engage_write,544081367
13:19:47.520 -> C,ts_engage_write,544169390
13:19:47.613 -> C,ts_engage_write,544257378
13:19:47.709 -> C,ts_engage_write,544345369
13:19:47.802 -> [FACE] heartbeat
13:19:47.802 -> C,mood_str,50
13:19:47.802 -> C,ts_engage_write,544433470
13:19:47.802 -> C,modifier,15
13:19:47.802 -> C,engage_floor,0
13:19:47.802 -> C,loop_us,248
13:19:47.896 -> C,ts_engage_write,544521367
13:19:47.896 -> C,engage_lvl,0
13:19:47.943 -> C,ts_engage_write,544609368
13:19:48.037 -> C,ts_engage_write,544697390
13:19:48.129 -> C,ts_engage_write,544785376
13:19:48.223 -> C,ts_engage_write,544873369
13:19:48.317 -> C,ts_engage_write,544961368
13:19:48.412 -> C,ts_engage_write,545049367
13:19:48.412 -> C,engage_lvl,0
13:19:48.505 -> C,ts_engage_write,545137368
13:19:48.598 -> C,ts_engage_write,545225393
13:19:48.645 -> C,ts_engage_write,545313375
13:19:48.738 -> C,ts_engage_write,545401367
13:19:48.831 -> [FACE] heartbeat
13:19:48.831 -> C,mood_str,50
13:19:48.831 -> C,ts_engage_write,545489474
13:19:48.831 -> C,modifier,15
13:19:48.831 -> C,engage_floor,0
13:19:48.831 -> C,loop_us,251
13:19:48.926 -> C,ts_engage_write,545577367
13:19:48.926 -> C,engage_lvl,0
13:19:49.018 -> C,ts_engage_write,545665392
13:19:49.112 -> C,ts_engage_write,545753375
13:19:49.205 -> C,ts_engage_write,545841370
13:19:49.298 -> C,ts_engage_write,545929367
13:19:49.390 -> C,ts_engage_write,546017368
13:19:49.436 -> C,ts_engage_write,546105367
13:19:49.436 -> C,engage_lvl,0
13:19:49.530 -> C,ts_engage_write,546193394
13:19:49.623 -> C,ts_engage_write,546281374
13:19:49.714 -> C,ts_engage_write,546369368
13:19:49.806 -> C,ts_engage_write,546457368
13:19:49.899 -> [FACE] heartbeat
13:19:49.899 -> C,mood_str,50
13:19:49.899 -> C,ts_engage_write,546545467
13:19:49.899 -> C,modifier,15
13:19:49.899 -> C,engage_floor,0
13:19:49.899 -> C,loop_us,252
13:19:49.992 -> C,ts_engage_write,546633366
13:19:49.992 -> C,engage_lvl,0
13:19:50.085 -> C,ts_engage_write,546721394
13:19:50.180 -> C,ts_engage_write,546809374
13:19:50.272 -> C,ts_engage_write,546897369
13:19:50.319 -> C,ts_engage_write,546985368
13:19:50.413 -> C,ts_engage_write,547073367
13:19:50.508 -> C,ts_engage_write,547161392
13:19:50.508 -> C,engage_lvl,0
13:19:50.601 -> C,ts_engage_write,547249376
13:19:50.695 -> C,ts_engage_write,547337368
13:19:50.790 -> C,ts_engage_write,547425368
13:19:50.884 -> C,ts_engage_write,547513367
13:19:50.978 -> [FACE] heartbeat
13:19:50.978 -> C,mood_str,50
13:19:50.978 -> C,ts_engage_write,547601452
13:19:50.978 -> C,modifier,15
13:19:50.978 -> C,engage_floor,0
13:19:50.978 -> C,loop_us,247
13:19:51.025 -> C,ts_engage_write,547689390
13:19:51.025 -> C,engage_lvl,0
13:19:51.118 -> C,ts_engage_write,547777375
13:19:51.212 -> C,ts_engage_write,547865368
13:19:51.305 -> C,ts_engage_write,547953369
13:19:51.398 -> C,ts_engage_write,548041368
13:19:51.491 -> C,ts_engage_write,548129367
13:19:51.583 -> C,ts_engage_write,548217393
13:19:51.583 -> C,engage_lvl,0
13:19:51.677 -> C,ts_engage_write,548305376
13:19:51.723 -> C,ts_engage_write,548393369
13:19:51.815 -> C,ts_engage_write,548481368
13:19:51.909 -> C,ts_engage_write,548569368
13:19:52.004 -> [FACE] heartbeat
13:19:52.004 -> C,mood_str,50
13:19:52.004 -> C,ts_engage_write,548657530
13:19:52.004 -> C,modifier,15
13:19:52.004 -> C,engage_floor,0
13:19:52.004 -> C,loop_us,309
13:19:52.096 -> C,ts_engage_write,548745365
13:19:52.096 -> C,engage_lvl,0
13:19:52.190 -> C,ts_engage_write,548833361
13:19:52.283 -> C,ts_engage_write,548921363
13:19:52.376 -> C,ts_engage_write,549009361
13:19:52.468 -> C,ts_engage_write,549097360
13:19:52.515 -> C,ts_engage_write,549185385
13:19:52.607 -> C,ts_engage_write,549273370
13:19:52.607 -> C,engage_lvl,0
13:19:52.700 -> C,ts_engage_write,549361362
13:19:52.792 -> C,ts_engage_write,549449361
13:19:52.885 -> C,ts_engage_write,549537363
13:19:52.977 -> C,ts_engage_write,549625362
13:19:53.071 -> [FACE] heartbeat
13:19:53.071 -> C,mood_str,50
13:19:53.071 -> C,ts_engage_write,549713509
13:19:53.071 -> C,modifier,15
13:19:53.071 -> C,engage_floor,0
13:19:53.071 -> C,loop_us,296
13:19:53.165 -> C,ts_engage_write,549801371
13:19:53.165 -> C,engage_lvl,0
13:19:53.258 -> C,ts_engage_write,549889365
13:19:53.351 -> C,ts_engage_write,549977363
13:19:53.398 -> C,ts_engage_write,550065363
13:19:53.493 -> C,ts_engage_write,550153390
13:19:53.584 -> C,ts_engage_write,550241377
13:19:53.680 -> C,ts_engage_write,550329368
13:19:53.680 -> C,engage_lvl,0
13:19:53.774 -> C,ts_engage_write,550417368
13:19:53.868 -> C,ts_engage_write,550505367
13:19:53.964 -> C,ts_engage_write,550593369
13:19:54.055 -> C,ts_engage_write,550681391
13:19:54.103 -> [FACE] heartbeat
13:19:54.103 -> C,mood_str,50
13:19:54.103 -> C,ts_engage_write,550769482
13:19:54.103 -> C,modifier,15
13:19:54.103 -> C,engage_floor,0
13:19:54.103 -> C,loop_us,257
13:19:54.195 -> C,ts_engage_write,550857361
13:19:54.195 -> C,engage_lvl,0
13:19:54.289 -> C,ts_engage_write,550945368
13:19:54.382 -> C,ts_engage_write,551033367
13:19:54.460 -> C,ts_engage_write,551121367
13:19:54.553 -> C,ts_engage_write,551209391
13:19:54.645 -> C,ts_engage_write,551297377
13:19:54.738 -> C,ts_engage_write,551385368
13:19:54.738 -> C,engage_lvl,0
13:19:54.830 -> C,ts_engage_write,551473368
13:19:54.924 -> C,ts_engage_write,551561367
13:19:55.018 -> C,ts_engage_write,551649391
13:19:55.111 -> C,ts_engage_write,551737375
13:19:55.156 -> [FACE] heartbeat
13:19:55.156 -> C,mood_str,50
13:19:55.156 -> C,ts_engage_write,551825467
13:19:55.156 -> C,modifier,15
13:19:55.156 -> C,engage_floor,0
13:19:55.156 -> C,loop_us,249
13:19:55.248 -> C,ts_engage_write,551913365
13:19:55.248 -> C,engage_lvl,0
13:19:55.341 -> C,ts_engage_write,552001368
13:19:55.433 -> C,ts_engage_write,552089366
13:19:55.527 -> C,ts_engage_write,552177392
13:19:55.621 -> C,ts_engage_write,552265379
13:19:55.715 -> C,ts_engage_write,552353369
13:19:55.808 -> C,ts_engage_write,552441367
13:19:55.808 -> C,engage_lvl,0
13:19:55.901 -> C,ts_engage_write,552529368
13:19:55.948 -> C,ts_engage_write,552617368
13:19:56.043 -> C,ts_engage_write,552705390
13:19:56.135 -> C,ts_engage_write,552793375
13:19:56.229 -> [FACE] heartbeat
13:19:56.229 -> C,mood_str,50
13:19:56.229 -> C,ts_engage_write,552881473
13:19:56.229 -> C,modifier,15
13:19:56.229 -> C,engage_floor,0
13:19:56.229 -> C,loop_us,248
13:19:56.322 -> C,ts_engage_write,552969367
13:19:56.322 -> C,engage_lvl,0
13:19:56.415 -> C,ts_engage_write,553057368
13:19:56.508 -> C,ts_engage_write,553145391
13:19:56.601 -> C,ts_engage_write,553233379
13:19:56.695 -> C,ts_engage_write,553321367
13:19:56.743 -> C,ts_engage_write,553409368
13:19:56.834 -> C,ts_engage_write,553497368
13:19:56.834 -> C,engage_lvl,0
13:19:56.927 -> C,ts_engage_write,553585369
13:19:57.019 -> C,ts_engage_write,553673389
13:19:57.111 -> C,ts_engage_write,553761377
13:19:57.205 -> C,ts_engage_write,553849369
13:19:57.297 -> [FACE] heartbeat
13:19:57.297 -> C,mood_str,50
13:19:57.297 -> C,ts_engage_write,553937472
13:19:57.297 -> C,modifier,15
13:19:57.297 -> C,engage_floor,0
13:19:57.297 -> C,loop_us,258
13:19:57.391 -> C,ts_engage_write,554025367
13:19:57.391 -> C,engage_lvl,0
13:19:57.485 -> C,ts_engage_write,554113367
13:19:57.532 -> C,ts_engage_write,554201391
13:19:57.627 -> C,ts_engage_write,554289377
13:19:57.721 -> C,ts_engage_write,554377368
13:19:57.814 -> C,ts_engage_write,554465368
13:19:57.907 -> C,ts_engage_write,554553367
13:19:57.907 -> C,engage_lvl,0
13:19:57.999 -> C,ts_engage_write,554641369
13:19:58.091 -> C,ts_engage_write,554729390
13:19:58.183 -> C,ts_engage_write,554817374
13:19:58.277 -> C,ts_engage_write,554905367
13:19:58.324 -> [FACE] heartbeat
13:19:58.324 -> C,mood_str,50
13:19:58.324 -> C,ts_engage_write,554993462
13:19:58.324 -> C,modifier,15
13:19:58.324 -> C,engage_floor,0
13:19:58.324 -> C,loop_us,237
13:19:58.416 -> C,ts_engage_write,555081359
13:19:58.416 -> C,engage_lvl,0
13:19:58.509 -> C,ts_engage_write,555169389
13:19:58.602 -> C,ts_engage_write,555257380
13:19:58.695 -> C,ts_engage_write,555345369
13:19:58.788 -> C,ts_engage_write,555433367
13:19:58.881 -> C,ts_engage_write,555521368
13:19:58.974 -> C,ts_engage_write,555609368
13:19:58.974 -> C,engage_lvl,0
13:19:59.067 -> C,ts_engage_write,555697390
13:19:59.160 -> C,ts_engage_write,555785375
13:19:59.206 -> C,ts_engage_write,555873369
13:19:59.299 -> C,ts_engage_write,555961368
13:19:59.393 -> [FACE] heartbeat
13:19:59.393 -> C,mood_str,50
13:19:59.393 -> C,ts_engage_write,556049472
13:19:59.393 -> C,modifier,15
13:19:59.393 -> C,engage_floor,0
13:19:59.393 -> C,loop_us,256
13:19:59.486 -> C,ts_engage_write,556137365
13:19:59.486 -> C,engage_lvl,0
13:19:59.578 -> C,ts_engage_write,556225392
13:19:59.672 -> C,ts_engage_write,556313375
13:19:59.765 -> C,ts_engage_write,556401368
13:19:59.856 -> C,ts_engage_write,556489368
13:19:59.950 -> C,ts_engage_write,556577369
13:19:59.996 -> C,ts_engage_write,556665387
13:19:59.996 -> C,engage_lvl,0
13:20:00.089 -> C,ts_engage_write,556753379
13:20:00.182 -> C,ts_engage_write,556841368
13:20:00.275 -> C,ts_engage_write,556929368
13:20:00.367 -> C,ts_engage_write,557017367
13:20:00.459 -> [FACE] heartbeat
13:20:00.459 -> C,mood_str,50
13:20:00.459 -> C,ts_engage_write,557105474
13:20:00.459 -> C,modifier,15
13:20:00.459 -> C,engage_floor,0
13:20:00.459 -> C,loop_us,257
13:20:00.551 -> C,ts_engage_write,557193389
13:20:00.551 -> C,engage_lvl,0
13:20:00.644 -> C,ts_engage_write,557281377
13:20:00.736 -> C,ts_engage_write,557369367
13:20:00.828 -> C,ts_engage_write,557457369
13:20:00.875 -> C,ts_engage_write,557545368
13:20:00.968 -> C,ts_engage_write,557633368
13:20:01.061 -> C,ts_engage_write,557721389
13:20:01.061 -> C,engage_lvl,0
13:20:01.155 -> C,ts_engage_write,557809377
13:20:01.248 -> C,ts_engage_write,557897368
13:20:01.341 -> C,ts_engage_write,557985368
13:20:01.435 -> C,ts_engage_write,558073367
13:20:01.529 -> [FACE] heartbeat
13:20:01.529 -> C,mood_str,50
13:20:01.529 -> C,ts_engage_write,558161521
13:20:01.529 -> C,modifier,15
13:20:01.529 -> C,engage_floor,0
13:20:01.529 -> C,loop_us,312
13:20:01.622 -> C,ts_engage_write,558249365
13:20:01.622 -> C,engage_lvl,0
13:20:01.668 -> C,ts_engage_write,558337363
13:20:01.760 -> C,ts_engage_write,558425361
13:20:01.854 -> C,ts_engage_write,558513364
13:20:01.946 -> C,ts_engage_write,558601360
13:20:02.039 -> C,ts_engage_write,558689386
13:20:02.133 -> C,ts_engage_write,558777371
13:20:02.133 -> C,engage_lvl,0
13:20:02.226 -> C,ts_engage_write,558865366
13:20:02.318 -> C,ts_engage_write,558953362
13:20:02.412 -> C,ts_engage_write,559041366
13:20:02.460 -> C,ts_engage_write,559129362
13:20:02.551 -> [FACE] heartbeat
13:20:02.551 -> C,mood_str,50
13:20:02.551 -> C,ts_engage_write,559217516
13:20:02.551 -> C,modifier,15
13:20:02.551 -> C,engage_floor,0
13:20:02.551 -> C,loop_us,302
13:20:02.645 -> C,ts_engage_write,559305367
13:20:02.645 -> C,engage_lvl,0
13:20:02.738 -> C,ts_engage_write,559393363
13:20:02.832 -> C,ts_engage_write,559481360
13:20:02.925 -> C,ts_engage_write,559569363
13:20:03.019 -> C,ts_engage_write,559657388
13:20:03.111 -> C,ts_engage_write,559745377
13:20:03.205 -> C,ts_engage_write,559833369
13:20:03.205 -> C,engage_lvl,0
13:20:03.251 -> C,ts_engage_write,559921368
13:20:03.345 -> C,ts_engage_write,560009367
13:20:03.439 -> C,ts_engage_write,560097368
13:20:03.531 -> C,ts_engage_write,560185391
13:20:03.625 -> [FACE] heartbeat
13:20:03.625 -> C,mood_str,50
13:20:03.625 -> C,ts_engage_write,560273481
13:20:03.625 -> C,modifier,15
13:20:03.625 -> C,engage_floor,0
13:20:03.625 -> C,loop_us,269
13:20:03.716 -> C,ts_engage_write,560361367
13:20:03.716 -> C,engage_lvl,0
13:20:03.809 -> C,ts_engage_write,560449368
13:20:03.902 -> C,ts_engage_write,560537367
13:20:03.996 -> C,ts_engage_write,560625368
13:20:04.043 -> C,ts_engage_write,560713388
13:20:04.136 -> C,ts_engage_write,560801377
13:20:04.229 -> C,ts_engage_write,560889371
13:20:04.229 -> C,engage_lvl,0
13:20:04.322 -> C,ts_engage_write,560977368
13:20:04.417 -> C,ts_engage_write,561065366
13:20:04.510 -> C,ts_engage_write,561153392
13:20:04.603 -> C,ts_engage_write,561241375
13:20:04.698 -> [FACE] heartbeat
13:20:04.698 -> C,mood_str,50
13:20:04.698 -> C,ts_engage_write,561329473
13:20:04.698 -> C,modifier,15
13:20:04.698 -> C,engage_floor,0
13:20:04.698 -> C,loop_us,249
13:20:04.790 -> C,ts_engage_write,561417367
13:20:04.790 -> C,engage_lvl,0
13:20:04.836 -> C,ts_engage_write,561505368
13:20:04.928 -> C,ts_engage_write,561593367
13:20:05.021 -> C,ts_engage_write,561681389
13:20:05.113 -> C,ts_engage_write,561769376
13:20:05.207 -> C,ts_engage_write,561857370
13:20:05.299 -> C,ts_engage_write,561945367
13:20:05.299 -> C,engage_lvl,0
13:20:05.392 -> C,ts_engage_write,562033368
13:20:05.485 -> C,ts_engage_write,562121367
13:20:05.579 -> C,ts_engage_write,562209392
13:20:05.627 -> C,ts_engage_write,562297375
13:20:05.720 -> [FACE] heartbeat
13:20:05.720 -> C,mood_str,50
13:20:05.720 -> C,ts_engage_write,562385465
13:20:05.720 -> C,modifier,15
13:20:05.720 -> C,engage_floor,0
13:20:05.720 -> C,loop_us,248
13:20:05.815 -> C,ts_engage_write,562473367
13:20:05.815 -> C,engage_lvl,0
13:20:05.910 -> C,ts_engage_write,562561368
13:20:06.003 -> C,ts_engage_write,562649390
13:20:06.096 -> C,ts_engage_write,562737377
13:20:06.189 -> C,ts_engage_write,562825369
13:20:06.283 -> C,ts_engage_write,562913368
13:20:06.376 -> C,ts_engage_write,563001367
13:20:06.376 -> C,engage_lvl,0
13:20:06.423 -> C,ts_engage_write,563089368
13:20:06.517 -> C,ts_engage_write,563177391
13:20:06.612 -> C,ts_engage_write,563265377
13:20:06.705 -> C,ts_engage_write,563353367
13:20:06.798 -> [FACE] heartbeat
13:20:06.798 -> C,mood_str,50
13:20:06.798 -> C,ts_engage_write,563441473
13:20:06.798 -> C,modifier,15
13:20:06.798 -> C,engage_floor,0
13:20:06.798 -> C,loop_us,259
13:20:06.893 -> C,ts_engage_write,563529367
13:20:06.893 -> C,engage_lvl,0
13:20:06.984 -> C,ts_engage_write,563617368
13:20:07.077 -> C,ts_engage_write,563705388
13:20:07.123 -> C,ts_engage_write,563793377
13:20:07.217 -> C,ts_engage_write,563881369
13:20:07.309 -> C,ts_engage_write,563969368
13:20:07.404 -> C,ts_engage_write,564057367
13:20:07.404 -> C,engage_lvl,0
13:20:07.496 -> C,ts_engage_write,564145390
13:20:07.590 -> C,ts_engage_write,564233377
13:20:07.683 -> C,ts_engage_write,564321368
13:20:07.775 -> C,ts_engage_write,564409368
13:20:07.869 -> [FACE] heartbeat
13:20:07.869 -> C,mood_str,50
13:20:07.869 -> C,ts_engage_write,564497473
13:20:07.869 -> C,modifier,15
13:20:07.869 -> C,engage_floor,0
13:20:07.869 -> C,loop_us,247
13:20:07.916 -> C,ts_engage_write,564585366
13:20:07.916 -> C,engage_lvl,0
13:20:08.008 -> C,ts_engage_write,564673390
13:20:08.101 -> C,ts_engage_write,564761375
13:20:08.195 -> C,ts_engage_write,564849369
13:20:08.288 -> C,ts_engage_write,564937368
13:20:08.381 -> C,ts_engage_write,565025369
13:20:08.474 -> C,ts_engage_write,565113366
13:20:08.474 -> C,engage_lvl,0
13:20:08.567 -> C,ts_engage_write,565201392
13:20:08.660 -> C,ts_engage_write,565289375
13:20:08.708 -> C,ts_engage_write,565377368
13:20:08.801 -> C,ts_engage_write,565465370
13:20:08.895 -> [FACE] heartbeat
13:20:08.895 -> C,mood_str,50
13:20:08.895 -> C,ts_engage_write,565553479
13:20:08.895 -> C,modifier,15
13:20:08.895 -> C,engage_floor,0
13:20:08.895 -> C,loop_us,264
13:20:08.987 -> C,ts_engage_write,565641363
13:20:08.987 -> C,engage_lvl,0
13:20:09.080 -> C,ts_engage_write,565729390
13:20:09.175 -> C,ts_engage_write,565817372
13:20:09.268 -> C,ts_engage_write,565905369
13:20:09.361 -> C,ts_engage_write,565993367
13:20:09.455 -> C,ts_engage_write,566081367
13:20:09.501 -> C,ts_engage_write,566169387
13:20:09.501 -> C,engage_lvl,0
13:20:09.594 -> C,ts_engage_write,566257380
13:20:09.688 -> C,ts_engage_write,566345368
13:20:09.782 -> C,ts_engage_write,566433368
13:20:09.874 -> C,ts_engage_write,566521367
13:20:09.968 -> [FACE] heartbeat
13:20:09.968 -> C,mood_str,50
13:20:09.968 -> C,ts_engage_write,566609466
13:20:09.968 -> C,modifier,15
13:20:09.968 -> C,engage_floor,0
13:20:09.968 -> C,loop_us,249
13:20:10.060 -> C,ts_engage_write,566697390
13:20:10.060 -> C,engage_lvl,0
13:20:10.153 -> C,ts_engage_write,566785377
13:20:10.245 -> C,ts_engage_write,566873368
13:20:10.291 -> C,ts_engage_write,566961369
13:20:10.385 -> C,ts_engage_write,567049368
13:20:10.478 -> C,ts_engage_write,567137367
13:20:10.570 -> C,ts_engage_write,567225391
13:20:10.570 -> C,engage_lvl,0
13:20:10.663 -> C,ts_engage_write,567313377
13:20:10.759 -> C,ts_engage_write,567401367
13:20:10.852 -> C,ts_engage_write,567489368
13:20:10.945 -> C,ts_engage_write,567577368
13:20:11.037 -> [FACE] heartbeat
13:20:11.037 -> C,mood_str,50
13:20:11.037 -> C,ts_engage_write,567665527
13:20:11.037 -> C,modifier,15
13:20:11.037 -> C,engage_floor,0
13:20:11.037 -> C,loop_us,306
13:20:11.084 -> C,ts_engage_write,567753365
13:20:11.084 -> C,engage_lvl,0
13:20:11.177 -> C,ts_engage_write,567841362
13:20:11.269 -> C,ts_engage_write,567929362
13:20:11.363 -> C,ts_engage_write,568017362
13:20:11.456 -> C,ts_engage_write,568105359
13:20:11.549 -> C,ts_engage_write,568193386
13:20:11.643 -> C,ts_engage_write,568281369
13:20:11.643 -> C,engage_lvl,0
13:20:11.737 -> C,ts_engage_write,568369363
13:20:11.829 -> C,ts_engage_write,568457360
13:20:11.876 -> C,ts_engage_write,568545364
13:20:11.968 -> C,ts_engage_write,568633361
13:20:12.061 -> [FACE] heartbeat
13:20:12.061 -> C,mood_str,50
13:20:12.061 -> C,ts_engage_write,568721509
13:20:12.061 -> C,modifier,15
13:20:12.061 -> C,engage_floor,0
13:20:12.061 -> C,loop_us,297
13:20:12.155 -> C,ts_engage_write,568809370
13:20:12.155 -> C,engage_lvl,0
13:20:12.250 -> C,ts_engage_write,568897366
13:20:12.342 -> C,ts_engage_write,568985362
13:20:12.435 -> C,ts_engage_write,569073364
13:20:12.528 -> C,ts_engage_write,569161389
13:20:12.622 -> C,ts_engage_write,569249377
13:20:12.668 -> C,ts_engage_write,569337370
13:20:12.668 -> C,engage_lvl,0
13:20:12.761 -> C,ts_engage_write,569425368
13:20:12.854 -> C,ts_engage_write,569513367
13:20:12.948 -> C,ts_engage_write,569601369
13:20:13.041 -> C,ts_engage_write,569689388
13:20:13.135 -> [FACE] heartbeat
13:20:13.135 -> C,mood_str,50
13:20:13.135 -> C,ts_engage_write,569777491
13:20:13.135 -> C,modifier,15
13:20:13.135 -> C,engage_floor,0
13:20:13.135 -> C,loop_us,263
13:20:13.228 -> C,ts_engage_write,569865361
13:20:13.228 -> C,engage_lvl,0
13:20:13.321 -> C,ts_engage_write,569953368
13:20:13.414 -> C,ts_engage_write,570041367
13:20:13.460 -> C,ts_engage_write,570129367
13:20:13.553 -> C,ts_engage_write,570217390
13:20:13.645 -> C,ts_engage_write,570305376
13:20:13.737 -> C,ts_engage_write,570393369
13:20:13.737 -> C,engage_lvl,0
13:20:13.830 -> C,ts_engage_write,570481368
13:20:13.923 -> C,ts_engage_write,570569367
13:20:14.016 -> C,ts_engage_write,570657392
13:20:14.110 -> C,ts_engage_write,570745375
13:20:14.203 -> [FACE] heartbeat
13:20:14.203 -> C,mood_str,50
13:20:14.203 -> C,ts_engage_write,570833470
13:20:14.203 -> C,modifier,15
13:20:14.203 -> C,engage_floor,0
13:20:14.203 -> C,loop_us,244
13:20:14.295 -> C,ts_engage_write,570921363
13:20:14.295 -> C,engage_lvl,0
13:20:14.343 -> C,ts_engage_write,571009368
13:20:14.435 -> C,ts_engage_write,571097366
13:20:14.528 -> C,ts_engage_write,571185391
13:20:14.620 -> C,ts_engage_write,571273376
13:20:14.713 -> C,ts_engage_write,571361369
13:20:14.807 -> C,ts_engage_write,571449367
13:20:14.807 -> C,engage_lvl,0
13:20:14.900 -> C,ts_engage_write,571537368
13:20:14.994 -> C,ts_engage_write,571625368
13:20:15.087 -> C,ts_engage_write,571713389
13:20:15.134 -> C,ts_engage_write,571801375
13:20:15.228 -> [FACE] heartbeat
13:20:15.228 -> C,mood_str,50
13:20:15.228 -> C,ts_engage_write,571889475
13:20:15.228 -> C,modifier,15
13:20:15.228 -> C,engage_floor,0
13:20:15.228 -> C,loop_us,258
13:20:15.322 -> C,ts_engage_write,571977367
13:20:15.322 -> C,engage_lvl,0
13:20:15.413 -> C,ts_engage_write,572065367
13:20:15.507 -> C,ts_engage_write,572153390
13:20:15.601 -> C,ts_engage_write,572241377
13:20:15.695 -> C,ts_engage_write,572329368
13:20:15.788 -> C,ts_engage_write,572417368
13:20:15.880 -> C,ts_engage_write,572505367
13:20:15.880 -> C,engage_lvl,0
13:20:15.927 -> C,ts_engage_write,572593369
13:20:16.019 -> C,ts_engage_write,572681389
13:20:16.113 -> C,ts_engage_write,572769377
13:20:16.207 -> C,ts_engage_write,572857368
13:20:16.299 -> [FACE] heartbeat
13:20:16.299 -> C,mood_str,50
13:20:16.299 -> C,ts_engage_write,572945465
13:20:16.299 -> C,modifier,15
13:20:16.299 -> C,engage_floor,0
13:20:16.299 -> C,loop_us,248
13:20:16.393 -> C,ts_engage_write,573033365
13:20:16.393 -> C,engage_lvl,0
13:20:16.485 -> C,ts_engage_write,573121367
13:20:16.579 -> C,ts_engage_write,573209390
13:20:16.671 -> C,ts_engage_write,573297377
13:20:16.719 -> C,ts_engage_write,573385368
13:20:16.812 -> C,ts_engage_write,573473368
13:20:16.905 -> C,ts_engage_write,573561369
13:20:16.905 -> C,engage_lvl,0
13:20:16.998 -> C,ts_engage_write,573649389
13:20:17.092 -> C,ts_engage_write,573737375
13:20:17.186 -> C,ts_engage_write,573825368
13:20:17.278 -> C,ts_engage_write,573913368
13:20:17.372 -> [FACE] heartbeat
13:20:17.372 -> C,mood_str,50
13:20:17.372 -> C,ts_engage_write,574001465
13:20:17.372 -> C,modifier,15
13:20:17.372 -> C,engage_floor,0
13:20:17.372 -> C,loop_us,249
13:20:17.464 -> C,ts_engage_write,574089365
13:20:17.464 -> C,engage_lvl,0
13:20:17.511 -> C,ts_engage_write,574177392
13:20:17.604 -> C,ts_engage_write,574265375
13:20:17.696 -> C,ts_engage_write,574353368
13:20:17.789 -> C,ts_engage_write,574441368
13:20:17.882 -> C,ts_engage_write,574529369
13:20:17.975 -> C,ts_engage_write,574617367
13:20:17.975 -> C,engage_lvl,0
13:20:18.067 -> C,ts_engage_write,574705392
13:20:18.159 -> C,ts_engage_write,574793375
13:20:18.253 -> C,ts_engage_write,574881369
13:20:18.300 -> C,ts_engage_write,574969368
13:20:18.392 -> [FACE] heartbeat
13:20:18.392 -> C,mood_str,50
13:20:18.392 -> C,ts_engage_write,575057473
13:20:18.392 -> C,modifier,15
13:20:18.392 -> C,engage_floor,0
13:20:18.392 -> C,loop_us,256
13:20:18.485 -> C,ts_engage_write,575145387
13:20:18.485 -> C,engage_lvl,0
13:20:18.579 -> C,ts_engage_write,575233379
13:20:18.673 -> C,ts_engage_write,575321368
13:20:18.766 -> C,ts_engage_write,575409368
13:20:18.859 -> C,ts_engage_write,575497367
13:20:18.952 -> C,ts_engage_write,575585369
13:20:19.046 -> C,ts_engage_write,575673388
13:20:19.046 -> C,engage_lvl,0
13:20:19.093 -> C,ts_engage_write,575761377
13:20:19.185 -> C,ts_engage_write,575849367
13:20:19.278 -> C,ts_engage_write,575937369
13:20:19.372 -> C,ts_engage_write,576025368
13:20:19.464 -> [FACE] heartbeat
13:20:19.464 -> C,mood_str,50
13:20:19.464 -> C,ts_engage_write,576113466
13:20:19.464 -> C,modifier,15
13:20:19.464 -> C,engage_floor,0
13:20:19.464 -> C,loop_us,250
13:20:19.557 -> C,ts_engage_write,576201389
13:20:19.557 -> C,engage_lvl,0
13:20:19.650 -> C,ts_engage_write,576289377
13:20:19.743 -> C,ts_engage_write,576377367
13:20:19.836 -> C,ts_engage_write,576465369
13:20:19.883 -> C,ts_engage_write,576553368
13:20:19.976 -> C,ts_engage_write,576641368
13:20:20.070 -> C,ts_engage_write,576729388
13:20:20.070 -> C,engage_lvl,0
13:20:20.161 -> C,ts_engage_write,576817373
13:20:20.253 -> C,ts_engage_write,576905368
13:20:20.346 -> C,ts_engage_write,576993368
13:20:20.439 -> C,ts_engage_write,577081366
13:20:20.532 -> [FACE] heartbeat
13:20:20.532 -> C,mood_str,50
13:20:20.532 -> C,ts_engage_write,577169519
13:20:20.532 -> C,modifier,15
13:20:20.532 -> C,engage_floor,0
13:20:20.532 -> C,loop_us,309
13:20:20.626 -> C,ts_engage_write,577257368
13:20:20.626 -> C,engage_lvl,0
13:20:20.718 -> C,ts_engage_write,577345363
13:20:20.765 -> C,ts_engage_write,577433360
13:20:20.858 -> C,ts_engage_write,577521366
13:20:20.951 -> C,ts_engage_write,577609361
13:20:21.045 -> C,ts_engage_write,577697384
13:20:21.138 -> C,ts_engage_write,577785371
13:20:21.138 -> C,engage_lvl,0
13:20:21.231 -> C,ts_engage_write,577873367
13:20:21.324 -> C,ts_engage_write,577961362
13:20:21.418 -> C,ts_engage_write,578049365
13:20:21.510 -> C,ts_engage_write,578137362
13:20:21.557 -> [FACE] heartbeat
13:20:21.557 -> C,mood_str,50
13:20:21.557 -> C,ts_engage_write,578225516
13:20:21.557 -> C,modifier,15
13:20:21.557 -> C,engage_floor,0
13:20:21.557 -> C,loop_us,294
13:20:21.650 -> C,ts_engage_write,578313365
13:20:21.650 -> C,engage_lvl,0
13:20:21.745 -> C,ts_engage_write,578401363
13:20:21.835 -> C,ts_engage_write,578489361
13:20:21.928 -> C,ts_engage_write,578577364
13:20:22.020 -> C,ts_engage_write,578665390
13:20:22.114 -> C,ts_engage_write,578753377
13:20:22.207 -> C,ts_engage_write,578841369
13:20:22.207 -> C,engage_lvl,0
13:20:22.300 -> C,ts_engage_write,578929368
13:20:22.393 -> C,ts_engage_write,579017367
13:20:22.439 -> C,ts_engage_write,579105368
13:20:22.531 -> C,ts_engage_write,579193391
13:20:22.624 -> [FACE] heartbeat
13:20:22.624 -> C,mood_str,50
13:20:22.624 -> C,ts_engage_write,579281474
13:20:22.624 -> C,modifier,15
13:20:22.624 -> C,engage_floor,0
13:20:22.624 -> C,loop_us,248
13:20:22.716 -> C,ts_engage_write,579369361
13:20:22.716 -> C,engage_lvl,0
13:20:22.809 -> C,ts_engage_write,579457368
13:20:22.900 -> C,ts_engage_write,579545367
13:20:22.993 -> C,ts_engage_write,579633368
13:20:23.083 -> C,ts_engage_write,579721388
13:20:23.175 -> C,ts_engage_write,579809377
13:20:23.268 -> C,ts_engage_write,579897369
13:20:23.268 -> C,engage_lvl,0
13:20:23.316 -> C,ts_engage_write,579985368
13:20:23.409 -> C,ts_engage_write,580073366
13:20:23.501 -> C,ts_engage_write,580161392
13:20:23.594 -> C,ts_engage_write,580249375
13:20:23.685 -> [FACE] heartbeat
13:20:23.685 -> C,mood_str,50
13:20:23.685 -> C,ts_engage_write,580337473
13:20:23.685 -> C,modifier,15
13:20:23.685 -> C,engage_floor,0
13:20:23.685 -> C,loop_us,257
13:20:23.778 -> C,ts_engage_write,580425367
13:20:23.778 -> C,engage_lvl,0
13:20:23.871 -> C,ts_engage_write,580513368
13:20:23.963 -> C,ts_engage_write,580601367
13:20:24.056 -> C,ts_engage_write,580689389
13:20:24.150 -> C,ts_engage_write,580777376
13:20:24.196 -> C,ts_engage_write,580865370
13:20:24.290 -> C,ts_engage_write,580953367
13:20:24.290 -> C,engage_lvl,0
13:20:24.382 -> C,ts_engage_write,581041368
13:20:24.474 -> C,ts_engage_write,581129367
13:20:24.567 -> C,ts_engage_write,581217392
13:20:24.662 -> C,ts_engage_write,581305375
13:20:24.756 -> [FACE] heartbeat
13:20:24.756 -> C,mood_str,50
13:20:24.756 -> C,ts_engage_write,581393472
13:20:24.756 -> C,modifier,15
13:20:24.756 -> C,engage_floor,0
13:20:24.756 -> C,loop_us,247
13:20:24.849 -> C,ts_engage_write,581481367
13:20:24.849 -> C,engage_lvl,0
13:20:24.941 -> C,ts_engage_write,581569368
13:20:24.988 -> C,ts_engage_write,581657390
13:20:25.082 -> C,ts_engage_write,581745377
13:20:25.175 -> C,ts_engage_write,581833369
13:20:25.269 -> C,ts_engage_write,581921368
13:20:25.362 -> C,ts_engage_write,582009367
13:20:25.362 -> C,engage_lvl,0
13:20:25.457 -> C,ts_engage_write,582097368
13:20:25.550 -> C,ts_engage_write,582185391
13:20:25.643 -> C,ts_engage_write,582273377
13:20:25.736 -> C,ts_engage_write,582361367
13:20:25.782 -> [FACE] heartbeat
13:20:25.782 -> C,mood_str,50
13:20:25.782 -> C,ts_engage_write,582449472
13:20:25.782 -> C,modifier,15
13:20:25.782 -> C,engage_floor,0
13:20:25.782 -> C,loop_us,257
13:20:25.875 -> C,ts_engage_write,582537367
13:20:25.875 -> C,engage_lvl,0
13:20:25.969 -> C,ts_engage_write,582625369
13:20:26.062 -> C,ts_engage_write,582713390
13:20:26.154 -> C,ts_engage_write,582801377
13:20:26.246 -> C,ts_engage_write,582889369
13:20:26.340 -> C,ts_engage_write,582977368
13:20:26.435 -> C,ts_engage_write,583065366
13:20:26.435 -> C,engage_lvl,0
13:20:26.528 -> C,ts_engage_write,583153392
13:20:26.575 -> C,ts_engage_write,583241375
13:20:26.666 -> C,ts_engage_write,583329368
13:20:26.758 -> C,ts_engage_write,583417368
13:20:26.850 -> [FACE] heartbeat
13:20:26.850 -> C,mood_str,50
13:20:26.850 -> C,ts_engage_write,583505472
13:20:26.850 -> C,modifier,15
13:20:26.850 -> C,engage_floor,0
13:20:26.850 -> C,loop_us,247
13:20:26.945 -> C,ts_engage_write,583593366
13:20:26.945 -> C,engage_lvl,0
13:20:27.038 -> C,ts_engage_write,583681390
13:20:27.131 -> C,ts_engage_write,583769375
13:20:27.225 -> C,ts_engage_write,583857369
13:20:27.318 -> C,ts_engage_write,583945368
13:20:27.366 -> C,ts_engage_write,584033369
13:20:27.459 -> C,ts_engage_write,584121366
13:20:27.459 -> C,engage_lvl,0
13:20:27.552 -> C,ts_engage_write,584209392
13:20:27.644 -> C,ts_engage_write,584297375
13:20:27.737 -> C,ts_engage_write,584385368
13:20:27.831 -> C,ts_engage_write,584473368
13:20:27.924 -> [FACE] heartbeat
13:20:27.924 -> C,mood_str,50
13:20:27.924 -> C,ts_engage_write,584561473
13:20:27.924 -> C,modifier,15
13:20:27.924 -> C,engage_floor,0
13:20:27.924 -> C,loop_us,259
13:20:28.019 -> C,ts_engage_write,584649388
13:20:28.019 -> C,engage_lvl,0
13:20:28.067 -> C,ts_engage_write,584737377
13:20:28.160 -> C,ts_engage_write,584825369
13:20:28.255 -> C,ts_engage_write,584913368
13:20:28.348 -> C,ts_engage_write,585001367
13:20:28.441 -> C,ts_engage_write,585089368
13:20:28.535 -> C,ts_engage_write,585177391
13:20:28.535 -> C,engage_lvl,0
13:20:28.628 -> C,ts_engage_write,585265377
13:20:28.723 -> C,ts_engage_write,585353367
13:20:28.770 -> C,ts_engage_write,585441369
13:20:28.864 -> C,ts_engage_write,585529368
13:20:28.957 -> [FACE] heartbeat
13:20:28.957 -> C,mood_str,50
13:20:28.957 -> C,ts_engage_write,585617472
13:20:28.957 -> C,modifier,15
13:20:28.957 -> C,engage_floor,0
13:20:28.957 -> C,loop_us,248
13:20:29.050 -> C,ts_engage_write,585705389
13:20:29.050 -> C,engage_lvl,0
13:20:29.144 -> C,ts_engage_write,585793377
13:20:29.237 -> C,ts_engage_write,585881368
13:20:29.329 -> C,ts_engage_write,585969369
13:20:29.422 -> C,ts_engage_write,586057368
13:20:29.515 -> C,ts_engage_write,586145390
13:20:29.607 -> C,ts_engage_write,586233379
13:20:29.607 -> C,engage_lvl,0
13:20:29.653 -> C,ts_engage_write,586321369
13:20:29.746 -> C,ts_engage_write,586409367
13:20:29.838 -> C,ts_engage_write,586497368
13:20:29.931 -> C,ts_engage_write,586585368
13:20:30.025 -> [FACE] heartbeat
13:20:30.025 -> C,mood_str,50
13:20:30.025 -> C,ts_engage_write,586673523
13:20:30.025 -> C,modifier,15
13:20:30.025 -> C,engage_floor,0
13:20:30.025 -> C,loop_us,310
13:20:30.119 -> C,ts_engage_write,586761365
13:20:30.119 -> C,engage_lvl,0
13:20:30.214 -> C,ts_engage_write,586849362
13:20:30.308 -> C,ts_engage_write,586937362
13:20:30.355 -> C,ts_engage_write,587025362
13:20:30.447 -> C,ts_engage_write,587113359
13:20:30.540 -> C,ts_engage_write,587201386
13:20:30.632 -> C,ts_engage_write,587289369
13:20:30.632 -> C,engage_lvl,0
13:20:30.726 -> C,ts_engage_write,587377363
13:20:30.820 -> C,ts_engage_write,587465360
13:20:30.913 -> C,ts_engage_write,587553364
13:20:31.007 -> C,ts_engage_write,587641361
13:20:31.099 -> [FACE] heartbeat
13:20:31.099 -> C,mood_str,50
13:20:31.099 -> C,ts_engage_write,587729495
13:20:31.099 -> C,modifier,15
13:20:31.099 -> C,engage_floor,0
13:20:31.099 -> C,loop_us,285
13:20:31.146 -> C,ts_engage_write,587817365
13:20:31.146 -> C,engage_lvl,0
13:20:31.240 -> C,ts_engage_write,587905367
13:20:31.334 -> C,ts_engage_write,587993363
13:20:31.426 -> C,ts_engage_write,588081364
13:20:31.518 -> C,ts_engage_write,588169386
13:20:31.611 -> C,ts_engage_write,588257379
13:20:31.704 -> C,ts_engage_write,588345367
13:20:31.704 -> C,engage_lvl,0
13:20:31.797 -> C,ts_engage_write,588433368
13:20:31.890 -> C,ts_engage_write,588521367
13:20:31.984 -> C,ts_engage_write,588609369
13:20:32.031 -> C,ts_engage_write,588697386
13:20:32.125 -> [FACE] heartbeat
13:20:32.125 -> C,mood_str,50
13:20:32.125 -> C,ts_engage_write,588785486
13:20:32.125 -> C,modifier,15
13:20:32.125 -> C,engage_floor,0
13:20:32.125 -> C,loop_us,270
13:20:32.218 -> C,ts_engage_write,588873365
13:20:32.218 -> C,engage_lvl,0
13:20:32.312 -> C,ts_engage_write,588961368
13:20:32.404 -> C,ts_engage_write,589049366
13:20:32.497 -> C,ts_engage_write,589137367
13:20:32.590 -> C,ts_engage_write,589225389
13:20:32.684 -> C,ts_engage_write,589313376
13:20:32.730 -> C,ts_engage_write,589401368
13:20:32.730 -> C,engage_lvl,0
13:20:32.822 -> C,ts_engage_write,589489368
13:20:32.914 -> C,ts_engage_write,589577366
13:20:33.007 -> C,ts_engage_write,589665390
13:20:33.100 -> C,ts_engage_write,589753374
13:20:33.195 -> [FACE] heartbeat
13:20:33.195 -> C,mood_str,50
13:20:33.195 -> C,ts_engage_write,589841464
13:20:33.195 -> C,modifier,15
13:20:33.195 -> C,engage_floor,0
13:20:33.195 -> C,loop_us,248
13:20:33.287 -> C,ts_engage_write,589929365
13:20:33.287 -> C,engage_lvl,0
13:20:33.381 -> C,ts_engage_write,590017370
13:20:33.475 -> C,ts_engage_write,590105365
13:20:33.569 -> C,ts_engage_write,590193391
13:20:33.616 -> C,ts_engage_write,590281375
13:20:33.712 -> C,ts_engage_write,590369369
13:20:33.805 -> C,ts_engage_write,590457366
13:20:33.805 -> C,engage_lvl,0
13:20:33.897 -> C,ts_engage_write,590545368
13:20:33.990 -> C,ts_engage_write,590633367
13:20:34.085 -> C,ts_engage_write,590721391
13:20:34.177 -> C,ts_engage_write,590809375
13:20:34.269 -> [FACE] heartbeat
13:20:34.269 -> C,mood_str,50
13:20:34.269 -> C,ts_engage_write,590897474
13:20:34.269 -> C,modifier,15
13:20:34.269 -> C,engage_floor,0
13:20:34.269 -> C,loop_us,257
13:20:34.315 -> C,ts_engage_write,590985367
13:20:34.315 -> C,engage_lvl,0
13:20:34.409 -> C,ts_engage_write,591073367
13:20:34.502 -> C,ts_engage_write,591161390
13:20:34.597 -> C,ts_engage_write,591249377
13:20:34.691 -> C,ts_engage_write,591337368
13:20:34.783 -> C,ts_engage_write,591425368
13:20:34.876 -> C,ts_engage_write,591513367
13:20:34.876 -> C,engage_lvl,0
13:20:34.968 -> C,ts_engage_write,591601369
13:20:35.061 -> C,ts_engage_write,591689389
13:20:35.108 -> C,ts_engage_write,591777377
13:20:35.201 -> C,ts_engage_write,591865368
13:20:35.293 -> [FACE] heartbeat
13:20:35.293 -> C,mood_str,50
13:20:35.293 -> C,ts_engage_write,591953465
13:20:35.293 -> C,modifier,15
13:20:35.293 -> C,engage_floor,0
13:20:35.293 -> C,loop_us,249
13:20:35.388 -> C,ts_engage_write,592041367
13:20:35.388 -> C,engage_lvl,0
13:20:35.480 -> C,ts_engage_write,592129367
13:20:35.573 -> C,ts_engage_write,592217390
13:20:35.667 -> C,ts_engage_write,592305377
13:20:35.760 -> C,ts_engage_write,592393368
13:20:35.852 -> C,ts_engage_write,592481368
13:20:35.898 -> C,ts_engage_write,592569367
13:20:35.898 -> C,engage_lvl,0
13:20:35.994 -> C,ts_engage_write,592657389
13:20:36.088 -> C,ts_engage_write,592745375
13:20:36.182 -> C,ts_engage_write,592833368
13:20:36.276 -> C,ts_engage_write,592921368
13:20:36.368 -> [FACE] heartbeat
13:20:36.368 -> C,mood_str,50
13:20:36.368 -> C,ts_engage_write,593009473
13:20:36.368 -> C,modifier,15
13:20:36.368 -> C,engage_floor,0
13:20:36.368 -> C,loop_us,260
13:20:36.461 -> C,ts_engage_write,593097365
13:20:36.461 -> C,engage_lvl,0
13:20:36.554 -> C,ts_engage_write,593185392
13:20:36.647 -> C,ts_engage_write,593273375
13:20:36.694 -> C,ts_engage_write,593361368
13:20:36.788 -> C,ts_engage_write,593449368
13:20:36.881 -> C,ts_engage_write,593537369
13:20:36.975 -> C,ts_engage_write,593625367
13:20:36.975 -> C,engage_lvl,0
13:20:37.070 -> C,ts_engage_write,593713390
13:20:37.162 -> C,ts_engage_write,593801375
13:20:37.255 -> C,ts_engage_write,593889369
13:20:37.348 -> C,ts_engage_write,593977368
13:20:37.394 -> [FACE] heartbeat
13:20:37.394 -> C,mood_str,50
13:20:37.394 -> C,ts_engage_write,594065473
13:20:37.394 -> C,modifier,15
13:20:37.394 -> C,engage_floor,0
13:20:37.394 -> C,loop_us,248
13:20:37.489 -> C,ts_engage_write,594153389
13:20:37.489 -> C,engage_lvl,0
13:20:37.582 -> C,ts_engage_write,594241377
13:20:37.676 -> C,ts_engage_write,594329368
13:20:37.770 -> C,ts_engage_write,594417371
13:20:37.864 -> C,ts_engage_write,594505367
13:20:37.957 -> C,ts_engage_write,594593369
13:20:38.049 -> C,ts_engage_write,594681390
13:20:38.049 -> C,engage_lvl,0
13:20:38.143 -> C,ts_engage_write,594769377
13:20:38.189 -> C,ts_engage_write,594857367
13:20:38.282 -> C,ts_engage_write,594945369
13:20:38.376 -> C,ts_engage_write,595033368
13:20:38.468 -> [FACE] heartbeat
13:20:38.468 -> C,mood_str,50
13:20:38.468 -> C,ts_engage_write,595121473
13:20:38.468 -> C,modifier,15
13:20:38.468 -> C,engage_floor,0
13:20:38.468 -> C,loop_us,257
13:20:38.561 -> C,ts_engage_write,595209389
13:20:38.561 -> C,engage_lvl,0
13:20:38.655 -> C,ts_engage_write,595297377
13:20:38.747 -> C,ts_engage_write,595385367
13:20:38.841 -> C,ts_engage_write,595473369
13:20:38.933 -> C,ts_engage_write,595561368
13:20:38.979 -> C,ts_engage_write,595649389
13:20:39.071 -> C,ts_engage_write,595737376
13:20:39.071 -> C,engage_lvl,0
13:20:39.164 -> C,ts_engage_write,595825370
13:20:39.259 -> C,ts_engage_write,595913367
13:20:39.351 -> C,ts_engage_write,596001368
13:20:39.443 -> C,ts_engage_write,596089367
13:20:39.537 -> [FACE] heartbeat
13:20:39.537 -> C,mood_str,50
13:20:39.537 -> C,ts_engage_write,596177519
13:20:39.537 -> C,modifier,15
13:20:39.537 -> C,engage_floor,0
13:20:39.537 -> C,loop_us,306
13:20:39.630 -> C,ts_engage_write,596265365
13:20:39.630 -> C,engage_lvl,0
13:20:39.723 -> C,ts_engage_write,596353363
13:20:39.771 -> C,ts_engage_write,596441361
13:20:39.864 -> C,ts_engage_write,596529364
13:20:39.958 -> C,ts_engage_write,596617360
13:20:40.051 -> C,ts_engage_write,596705385
13:20:40.143 -> C,ts_engage_write,596793371
13:20:40.143 -> C,engage_lvl,0
13:20:40.235 -> C,ts_engage_write,596881366
13:20:40.327 -> C,ts_engage_write,596969362
13:20:40.420 -> C,ts_engage_write,597057366
13:20:40.514 -> C,ts_engage_write,597145388
13:20:40.608 -> [FACE] heartbeat
13:20:40.608 -> C,mood_str,50
13:20:40.608 -> C,ts_engage_write,597233487
13:20:40.608 -> C,modifier,15
13:20:40.608 -> C,engage_floor,0
13:20:40.608 -> C,loop_us,271
13:20:40.654 -> C,ts_engage_write,597321367
13:20:40.654 -> C,engage_lvl,0
13:20:40.746 -> C,ts_engage_write,597409368
13:20:40.840 -> C,ts_engage_write,597497367
13:20:40.934 -> C,ts_engage_write,597585368
13:20:41.028 -> C,ts_engage_write,597673388
13:20:41.121 -> C,ts_engage_write,597761377
13:20:41.213 -> C,ts_engage_write,597849369
13:20:41.213 -> C,engage_lvl,0
13:20:41.306 -> C,ts_engage_write,597937368
13:20:41.398 -> C,ts_engage_write,598025367
13:20:41.446 -> C,ts_engage_write,598113370
13:20:41.541 -> C,ts_engage_write,598201391
13:20:41.635 -> [FACE] heartbeat
13:20:41.635 -> C,mood_str,50
13:20:41.635 -> C,ts_engage_write,598289479
13:20:41.635 -> C,modifier,15
13:20:41.635 -> C,engage_floor,0
13:20:41.635 -> C,loop_us,260
13:20:41.728 -> C,ts_engage_write,598377361
13:20:41.728 -> C,engage_lvl,0
13:20:41.822 -> C,ts_engage_write,598465368
13:20:41.915 -> C,ts_engage_write,598553367
13:20:42.007 -> C,ts_engage_write,598641368
13:20:42.099 -> C,ts_engage_write,598729392
13:20:42.192 -> C,ts_engage_write,598817373
13:20:42.238 -> C,ts_engage_write,598905368
13:20:42.238 -> C,engage_lvl,0
13:20:42.331 -> C,ts_engage_write,598993368
13:20:42.423 -> C,ts_engage_write,599081366
13:20:42.517 -> C,ts_engage_write,599169389
13:20:42.611 -> C,ts_engage_write,599257379
13:20:42.703 -> [FACE] heartbeat
13:20:42.703 -> C,mood_str,50
13:20:42.703 -> C,ts_engage_write,599345474
13:20:42.703 -> C,modifier,15
13:20:42.703 -> C,engage_floor,0
13:20:42.703 -> C,loop_us,249
13:20:42.797 -> C,ts_engage_write,599433366
13:20:42.797 -> C,engage_lvl,0
13:20:42.889 -> C,ts_engage_write,599521368
13:20:42.980 -> C,ts_engage_write,599609368
13:20:43.027 -> C,ts_engage_write,599697390
13:20:43.122 -> C,ts_engage_write,599785375
13:20:43.215 -> C,ts_engage_write,599873369
13:20:43.308 -> C,ts_engage_write,599961368
13:20:43.308 -> C,engage_lvl,0
13:20:43.402 -> C,ts_engage_write,600049369
13:20:43.495 -> C,ts_engage_write,600137366
13:20:43.588 -> C,ts_engage_write,600225392
13:20:43.679 -> C,ts_engage_write,600313376
13:20:43.774 -> [FACE] heartbeat
13:20:43.774 -> C,mood_str,50
13:20:43.774 -> C,dom_touch,83
13:20:43.774 -> C,dom_sec,0
13:20:43.774 -> [MEM] tick: records=4 strength=83
13:20:43.774 -> C,rec_count,4
13:20:43.774 -> C,ts_engage_write,600401586
13:20:43.774 -> C,modifier,15
13:20:43.774 -> C,engage_floor,0
13:20:43.774 -> C,loop_us,357
13:20:43.821 -> C,ts_engage_write,600489369
13:20:43.821 -> C,engage_lvl,0
13:20:43.913 -> C,ts_engage_write,600577368
13:20:44.008 -> C,ts_engage_write,600665388
13:20:44.100 -> C,ts_engage_write,600753377
13:20:44.195 -> C,ts_engage_write,600841369
13:20:44.289 -> C,ts_engage_write,600929368
13:20:44.383 -> C,ts_engage_write,601017367
13:20:44.383 -> C,engage_lvl,0
13:20:44.477 -> C,ts_engage_write,601105368
13:20:44.524 -> C,ts_engage_write,601193391
13:20:44.617 -> C,ts_engage_write,601281377
13:20:44.709 -> C,ts_engage_write,601369367
13:20:44.801 -> [FACE] heartbeat
13:20:44.801 -> C,mood_str,50
13:20:44.801 -> C,ts_engage_write,601457467
13:20:44.801 -> C,modifier,15
13:20:44.801 -> C,engage_floor,0
13:20:44.801 -> C,loop_us,251
13:20:44.895 -> C,ts_engage_write,601545367
13:20:44.895 -> C,engage_lvl,0
13:20:44.987 -> C,ts_engage_write,601633368
13:20:45.080 -> C,ts_engage_write,601721388
13:20:45.173 -> C,ts_engage_write,601809377
13:20:45.266 -> C,ts_engage_write,601897369
13:20:45.314 -> C,ts_engage_write,601985368
13:20:45.406 -> C,ts_engage_write,602073368
13:20:45.406 -> C,engage_lvl,0
13:20:45.499 -> C,ts_engage_write,602161392
13:20:45.592 -> C,ts_engage_write,602249375
13:20:45.686 -> C,ts_engage_write,602337368
13:20:45.779 -> C,ts_engage_write,602425368
13:20:45.873 -> [FACE] heartbeat
13:20:45.873 -> C,mood_str,50
13:20:45.873 -> C,ts_engage_write,602513476
13:20:45.873 -> C,modifier,15
13:20:45.873 -> C,engage_floor,0
13:20:45.873 -> C,loop_us,262
13:20:45.966 -> C,ts_engage_write,602601366
13:20:45.966 -> C,engage_lvl,0
13:20:46.060 -> C,ts_engage_write,602689392
13:20:46.107 -> C,ts_engage_write,602777375
13:20:46.201 -> C,ts_engage_write,602868753
13:20:46.295 -> C,ts_engage_write,602956385
13:20:46.387 -> C,ts_engage_write,603044368
13:20:46.481 -> C,ts_engage_write,603132367
13:20:46.481 -> C,engage_lvl,0
13:20:46.573 -> C,ts_engage_write,603220394
13:20:46.665 -> C,ts_engage_write,603308375
13:20:46.759 -> C,ts_engage_write,603396369
13:20:46.851 -> C,ts_engage_write,603484368
13:20:46.946 -> [FACE] heartbeat
13:20:46.946 -> C,mood_str,50
13:20:46.946 -> C,ts_engage_write,603572481
13:20:46.946 -> C,modifier,15
13:20:46.946 -> C,engage_floor,0
13:20:46.946 -> C,loop_us,264
13:20:46.991 -> C,ts_engage_write,603660389
13:20:46.991 -> C,engage_lvl,0
13:20:47.084 -> C,ts_engage_write,603748377
13:20:47.178 -> C,ts_engage_write,603836369
13:20:47.273 -> C,ts_engage_write,603924368
13:20:47.364 -> C,ts_engage_write,604012367
13:20:47.457 -> C,ts_engage_write,604100368
13:20:47.549 -> C,ts_engage_write,604188392
13:20:47.549 -> C,engage_lvl,0
13:20:47.641 -> C,ts_engage_write,604276377
13:20:47.734 -> C,ts_engage_write,604364367
13:20:47.781 -> C,ts_engage_write,604452369
13:20:47.874 -> C,ts_engage_write,604540368
13:20:47.967 -> [FACE] heartbeat
13:20:47.967 -> C,mood_str,50
13:20:47.967 -> C,ts_engage_write,604628472
13:20:47.967 -> C,modifier,15
13:20:47.967 -> C,engage_floor,0
13:20:47.967 -> C,loop_us,261
13:20:48.061 -> C,ts_engage_write,604716390
13:20:48.061 -> C,engage_lvl,0
13:20:48.154 -> C,ts_engage_write,604804377
13:20:48.246 -> C,ts_engage_write,604892368
13:20:48.340 -> C,ts_engage_write,604980369
13:20:48.433 -> C,ts_engage_write,605068366
13:20:48.523 -> C,ts_engage_write,605156392
13:20:48.616 -> C,ts_engage_write,605244376
13:20:48.616 -> C,engage_lvl,0
13:20:48.662 -> C,ts_engage_write,605332369
13:20:48.755 -> C,ts_engage_write,605420367
13:20:48.848 -> C,ts_engage_write,605508368
13:20:48.941 -> C,ts_engage_write,605596368
13:20:49.035 -> [FACE] heartbeat
13:20:49.035 -> C,mood_str,50
13:20:49.035 -> C,ts_engage_write,605684531
13:20:49.035 -> C,modifier,15
13:20:49.035 -> C,engage_floor,0
13:20:49.035 -> C,loop_us,320
13:20:49.128 -> C,ts_engage_write,605772366
13:20:49.128 -> C,engage_lvl,0
13:20:49.222 -> C,ts_engage_write,605860361
13:20:49.315 -> C,ts_engage_write,605948363
13:20:49.408 -> C,ts_engage_write,606036361
13:20:49.454 -> C,ts_engage_write,606124360
13:20:49.548 -> C,ts_engage_write,606212385
13:20:49.641 -> C,ts_engage_write,606300375
13:20:49.641 -> C,engage_lvl,0
13:20:49.734 -> C,ts_engage_write,606388364
13:20:49.828 -> C,ts_engage_write,606476363
13:20:49.920 -> C,ts_engage_write,606564365
13:20:50.014 -> C,ts_engage_write,606652392
13:20:50.108 -> [FACE] heartbeat
13:20:50.108 -> C,mood_str,50
13:20:50.108 -> C,ts_engage_write,606740478
13:20:50.108 -> C,modifier,15
13:20:50.108 -> C,engage_floor,0
13:20:50.108 -> C,loop_us,261
13:20:50.202 -> C,ts_engage_write,606828366
13:20:50.202 -> C,engage_lvl,0
13:20:50.248 -> C,ts_engage_write,606916368
13:20:50.341 -> C,ts_engage_write,607004367
13:20:50.434 -> C,ts_engage_write,607092367
13:20:50.528 -> C,ts_engage_write,607180391
13:20:50.620 -> C,ts_engage_write,607268376
13:20:50.715 -> C,ts_engage_write,607356369
13:20:50.715 -> C,engage_lvl,0
13:20:50.810 -> C,ts_engage_write,607444368
13:20:50.904 -> C,ts_engage_write,607532367
13:20:50.949 -> C,ts_engage_write,607620369
13:20:51.042 -> C,ts_engage_write,607708389
13:20:51.134 -> [FACE] heartbeat
13:20:51.134 -> C,mood_str,50
13:20:51.134 -> C,ts_engage_write,607796484
13:20:51.134 -> C,modifier,15
13:20:51.134 -> C,engage_floor,0
13:20:51.134 -> C,loop_us,260
13:20:51.231 -> C,ts_engage_write,607884367
13:20:51.231 -> C,engage_lvl,0
13:20:51.324 -> C,ts_engage_write,607972368
13:20:51.417 -> C,ts_engage_write,608060366
13:20:51.510 -> C,ts_engage_write,608148392
13:20:51.601 -> C,ts_engage_write,608236375
13:20:51.693 -> C,ts_engage_write,608324370
13:20:51.786 -> C,ts_engage_write,608412367
13:20:51.786 -> C,engage_lvl,0
13:20:51.832 -> C,ts_engage_write,608500368
13:20:51.926 -> C,ts_engage_write,608588368
13:20:52.019 -> C,ts_engage_write,608676391
13:20:52.113 -> C,ts_engage_write,608764375
13:20:52.207 -> [FACE] heartbeat
13:20:52.207 -> C,mood_str,50
13:20:52.207 -> C,ts_engage_write,608852473
13:20:52.207 -> C,modifier,15
13:20:52.207 -> C,engage_floor,0
13:20:52.207 -> C,loop_us,256
13:20:52.299 -> C,ts_engage_write,608940367
13:20:52.299 -> C,engage_lvl,0
13:20:52.393 -> C,ts_engage_write,609028368
13:20:52.485 -> C,ts_engage_write,609116366
13:20:52.580 -> C,ts_engage_write,609204392
13:20:52.627 -> C,ts_engage_write,609292376
13:20:52.719 -> C,ts_engage_write,609380369
13:20:52.811 -> C,ts_engage_write,609468367
13:20:52.811 -> C,engage_lvl,0
13:20:52.904 -> C,ts_engage_write,609556368
13:20:52.998 -> C,ts_engage_write,609644389
13:20:53.092 -> C,ts_engage_write,609732377
13:20:53.184 -> C,ts_engage_write,609820367
13:20:53.277 -> [FACE] heartbeat
13:20:53.277 -> C,mood_str,50
13:20:53.277 -> C,ts_engage_write,609908476
13:20:53.277 -> C,modifier,15
13:20:53.277 -> C,engage_floor,0
13:20:53.277 -> C,loop_us,250
13:20:53.324 -> C,ts_engage_write,609996367
13:20:53.324 -> C,engage_lvl,0
13:20:53.418 -> C,ts_engage_write,610084370
13:20:53.511 -> C,ts_engage_write,610172391
13:20:53.603 -> C,ts_engage_write,610260377
13:20:53.695 -> C,ts_engage_write,610348368
13:20:53.791 -> C,ts_engage_write,610436368
13:20:53.885 -> C,ts_engage_write,610524367
13:20:53.885 -> C,engage_lvl,0
13:20:53.978 -> C,ts_engage_write,610612369
13:20:54.072 -> C,ts_engage_write,610700392
13:20:54.119 -> C,ts_engage_write,610788377
13:20:54.213 -> C,ts_engage_write,610876368
13:20:54.307 -> [FACE] heartbeat
13:20:54.307 -> C,mood_str,50
13:20:54.307 -> C,ts_engage_write,610964467
13:20:54.307 -> C,modifier,15
13:20:54.307 -> C,engage_floor,0
13:20:54.307 -> C,loop_us,251
13:20:54.399 -> C,ts_engage_write,611052367
13:20:54.399 -> C,engage_lvl,0
13:20:54.491 -> C,ts_engage_write,611140367
13:20:54.584 -> C,ts_engage_write,611228391
13:20:54.678 -> C,ts_engage_write,611316377
13:20:54.773 -> C,ts_engage_write,611404368
13:20:54.867 -> C,ts_engage_write,611492368
13:20:54.913 -> C,ts_engage_write,611580367
13:20:54.913 -> C,engage_lvl,0
13:20:55.005 -> C,ts_engage_write,611668391
13:20:55.099 -> C,ts_engage_write,611756375
13:20:55.193 -> C,ts_engage_write,611844369
13:20:55.285 -> C,ts_engage_write,611932368
13:20:55.379 -> [FACE] heartbeat
13:20:55.379 -> C,mood_str,50
13:20:55.379 -> C,ts_engage_write,612020457
13:20:55.379 -> C,modifier,15
13:20:55.379 -> C,engage_floor,0
13:20:55.379 -> C,loop_us,243
13:20:55.472 -> C,ts_engage_write,612108365
13:20:55.472 -> C,engage_lvl,0
13:20:55.564 -> C,ts_engage_write,612196393
13:20:55.656 -> C,ts_engage_write,612284375
13:20:55.704 -> C,ts_engage_write,612372368
13:20:55.798 -> C,ts_engage_write,612460368
13:20:55.892 -> C,ts_engage_write,612548369
13:20:55.985 -> C,ts_engage_write,612636367
13:20:55.985 -> C,engage_lvl,0
13:20:56.079 -> C,ts_engage_write,612724391
13:20:56.171 -> C,ts_engage_write,612812375
13:20:56.266 -> C,ts_engage_write,612900369
13:20:56.361 -> C,ts_engage_write,612988368
13:20:56.407 -> [FACE] heartbeat
13:20:56.407 -> C,mood_str,50
13:20:56.407 -> C,ts_engage_write,613076459
13:20:56.407 -> C,modifier,15
13:20:56.407 -> C,engage_floor,0
13:20:56.407 -> C,loop_us,248
13:20:56.502 -> C,ts_engage_write,613164390
13:20:56.502 -> C,engage_lvl,0
13:20:56.595 -> C,ts_engage_write,613252377
13:20:56.688 -> C,ts_engage_write,613340368
13:20:56.782 -> C,ts_engage_write,613428368
13:20:56.875 -> C,ts_engage_write,613516367
13:20:56.968 -> C,ts_engage_write,613604369
13:20:57.060 -> C,ts_engage_write,613692390
13:20:57.060 -> C,engage_lvl,0
13:20:57.154 -> C,ts_engage_write,613780377
13:20:57.200 -> C,ts_engage_write,613868371
13:20:57.293 -> C,ts_engage_write,613956369
13:20:57.385 -> C,ts_engage_write,614044368
13:20:57.479 -> [FACE] heartbeat
13:20:57.479 -> C,mood_str,50
13:20:57.479 -> C,ts_engage_write,614132461
13:20:57.479 -> C,modifier,15
13:20:57.479 -> C,engage_floor,0
13:20:57.479 -> C,loop_us,236
13:20:57.571 -> C,ts_engage_write,614220386
13:20:57.571 -> C,engage_lvl,0
13:20:57.665 -> C,ts_engage_write,614308377
13:20:57.759 -> C,ts_engage_write,614396367
13:20:57.852 -> C,ts_engage_write,614484369
13:20:57.947 -> C,ts_engage_write,614572368
13:20:57.993 -> C,ts_engage_write,614660392
13:20:58.086 -> C,ts_engage_write,614748376
13:20:58.086 -> C,engage_lvl,0
13:20:58.179 -> C,ts_engage_write,614836370
13:20:58.272 -> C,ts_engage_write,614924367
13:20:58.365 -> C,ts_engage_write,615012368
13:20:58.459 -> C,ts_engage_write,615100367
13:20:58.553 -> [FACE] heartbeat
13:20:58.553 -> C,mood_str,50
13:20:58.553 -> C,ts_engage_write,615188510
13:20:58.553 -> C,modifier,15
13:20:58.553 -> C,engage_floor,0
13:20:58.553 -> C,loop_us,297
13:20:58.646 -> C,ts_engage_write,615276366
13:20:58.646 -> C,engage_lvl,0
13:20:58.738 -> C,ts_engage_write,615364363
13:20:58.786 -> C,ts_engage_write,615452361
13:20:58.879 -> C,ts_engage_write,615540364
13:20:58.972 -> C,ts_engage_write,615628360
13:20:59.067 -> C,ts_engage_write,615716386
13:20:59.160 -> C,ts_engage_write,615804371
13:20:59.160 -> C,engage_lvl,0
13:20:59.253 -> C,ts_engage_write,615892366
13:20:59.348 -> C,ts_engage_write,615980362
13:20:59.442 -> C,ts_engage_write,616068364
13:20:59.488 -> C,ts_engage_write,616156391
13:20:59.582 -> [FACE] heartbeat
13:20:59.582 -> C,mood_str,50
13:20:59.582 -> C,ts_engage_write,616244484
13:20:59.582 -> C,modifier,15
13:20:59.582 -> C,engage_floor,0
13:20:59.582 -> C,loop_us,260
13:20:59.677 -> C,ts_engage_write,616332367
13:20:59.677 -> C,engage_lvl,0
13:20:59.769 -> C,ts_engage_write,616420368
13:20:59.864 -> C,ts_engage_write,616508367
13:20:59.956 -> C,ts_engage_write,616596368
13:21:00.051 -> C,ts_engage_write,616684389
13:21:00.144 -> C,ts_engage_write,616772377
13:21:00.191 -> C,ts_engage_write,616860369
13:21:00.191 -> C,engage_lvl,0
13:21:00.284 -> C,ts_engage_write,616948368
13:21:00.378 -> C,ts_engage_write,617036367
13:21:00.470 -> C,ts_engage_write,617124368
13:21:00.564 -> C,ts_engage_write,617212392
13:21:00.658 -> [FACE] heartbeat
13:21:00.658 -> C,mood_str,50
13:21:00.658 -> C,ts_engage_write,617300483
13:21:00.658 -> C,modifier,15
13:21:00.658 -> C,engage_floor,0
13:21:00.658 -> C,loop_us,271
13:21:00.752 -> C,ts_engage_write,617388367
13:21:00.752 -> C,engage_lvl,0
13:21:00.845 -> C,ts_engage_write,617476368
13:21:00.939 -> C,ts_engage_write,617564367
13:21:00.986 -> C,ts_engage_write,617652390
13:21:01.079 -> C,ts_engage_write,617740376
13:21:01.173 -> C,ts_engage_write,617828370
13:21:01.267 -> C,ts_engage_write,617916367
13:21:01.267 -> C,engage_lvl,0
13:21:01.361 -> C,ts_engage_write,618004368
13:21:01.454 -> C,ts_engage_write,618092367
13:21:01.547 -> C,ts_engage_write,618180393
13:21:01.639 -> C,ts_engage_write,618268378
13:21:01.684 -> [FACE] heartbeat
13:21:01.684 -> C,mood_str,50
13:21:01.684 -> C,ts_engage_write,618356473
13:21:01.684 -> C,modifier,15
13:21:01.684 -> C,engage_floor,0
13:21:01.684 -> C,loop_us,253
13:21:01.777 -> C,ts_engage_write,618444364
13:21:01.777 -> C,engage_lvl,0
13:21:01.871 -> C,ts_engage_write,618532368
13:21:01.967 -> C,ts_engage_write,618620367
13:21:02.061 -> C,ts_engage_write,618708392
13:21:02.155 -> C,ts_engage_write,618796376
13:21:02.250 -> C,ts_engage_write,618884370
13:21:02.345 -> C,ts_engage_write,618972367
13:21:02.345 -> C,engage_lvl,0
13:21:02.392 -> C,ts_engage_write,619060367
13:21:02.485 -> C,ts_engage_write,619148392
